uniqueId,date,name,school,type,rating,tuition_fee,acceptance_rate
140525962630800,2024-03-20,CS401,Caltech,Stem,5,15240,95.59
140525185435472,2024-12-06,CS501,Caltech,Stem,5,20488,86.45
140525136263248,2024-04-16,CS501,Caltech,Stem,5,21475,65.41
140525182460432,2024-09-13,CS501,Caltech,Stem,5,20057,74.51
140525183011536,2024-09-29,CS501,Caltech,Stem,5,,
140525183013520,2024-08-23,CS401,Caltech,Stem,3,15145,94.81
140525183010832,2024-11-04,CS501,Caltech,Stem,4,20266,92.61
140525183013584,2024-11-30,CS501,Caltech,Stem,4,,
140525183018384,2024-07-07,CS401,Caltech,Stem,4,17194,83.17
140525183009424,2024-04-20,CS501,Caltech,Stem,4,21675,74.56
140525183015376,2024-11-08,CS501,Caltech,Stem,5,20300,73.56
140525183018576,2024-11-27,CS501,Caltech,Stem,5,20049,90.43
140525183013136,2024-12-02,CS401,Caltech,Stem,5,15233,75.15
140525183009936,2024-12-03,CS401,Caltech,Stem,3,15342,93.22
140525183016912,2024-08-21,CS501,Caltech,Stem,4,22996,88.53
140525183014736,2024-10-01,CS401,Caltech,Stem,4,17302,89.15
140525183018064,2024-09-28,CS401,Caltech,Stem,4,15008,87.36
140525183013776,2024-12-08,CS401,Caltech,Stem,2,15104,82.62
140525137114640,2024-09-21,CS401,Caltech,Stem,4,15189,80.12
140525137112400,2024-10-04,CS401,Caltech,Stem,,16989,63.61
140525137107984,2024-11-09,CS501,Caltech,Stem,4,20176,57.0
140525137105936,2024-08-31,CS501,Caltech,Stem,5,20263,86.38
140525137108496,2024-09-20,CS601,Caltech,Stem,4,25577,64.4
140525137111888,2024-11-30,CS401,Caltech,Stem,3,16277,88.66
140525137102096,,CS501,Caltech,Stem,4,21031,76.43
140525137113424,2024-09-06,CS501,Caltech,Stem,3,20150,96.29
140525137101328,2024-10-06,CS401,Caltech,Stem,4,16612,92.29
140525137102864,2024-06-02,CS401,Caltech,Stem,5,16600,91.47
140525137104912,2024-12-17,CS401,Caltech,Stem,4,16850,98.62
140525137106960,2024-12-16,CS601,Caltech,Stem,4,27384,92.33
140525137115920,2024-09-28,CS501,Caltech,Stem,3,20016,81.4
140525137101840,2024-09-22,CS501,Caltech,Stem,4,20091,95.23
140525137113168,2024-05-02,CS401,Caltech,Stem,5,15284,96.42
140525137113680,2024-12-19,CS401,Caltech,Stem,4,15436,61.75
140525137114128,2024-11-16,CS401,Caltech,Stem,4,16481,92.76
140525137107472,2024-11-12,CS401,Caltech,Stem,5,15590,98.78
140525137111120,2024-09-13,CS501,Caltech,Stem,4,20980,95.98
140525137105168,2024-11-26,CS401,Caltech,Stem,3,16073,95.59
140525137103376,2024-12-10,CS601,Caltech,Stem,4,25199,96.51
140525137107728,2024-12-24,CS501,Caltech,Stem,4,22925,67.68
140525137109200,2024-08-30,CS401,Caltech,Stem,5,16708,89.37
140525137109712,2024-11-19,CS501,Caltech,Stem,4,,
140525137103120,2024-10-31,CS401,Caltech,Stem,3,15002,81.7
140525137105680,2024-09-10,CS501,Caltech,Stem,5,22025,79.24
140525137113872,2024-10-24,CS501,Caltech,Stem,5,20318,58.92
140525137108240,2024-09-29,CS401,Caltech,Stem,4,16524,66.06
140526244023760,2024-12-17,CS401,Caltech,Stem,3,15366,74.06
140526244026832,2024-12-24,CS501,Caltech,Stem,3,22771,66.59
140526244023504,2024-08-14,CS401,Caltech,Stem,4,15164,58.15
140526244021904,2024-02-18,CS401,Caltech,Stem,5,17455,83.11
140526244028112,2024-07-19,CS501,Caltech,Stem,4,20929,96.76
140526244028560,2024-08-30,CS501,Caltech,Stem,4,21879,85.53
140526244025168,2024-05-24,CS401,Caltech,Stem,4,15167,79.85
140526244023952,2024-11-03,CS401,Caltech,Stem,3,16533,81.37
140526244023056,2024-12-07,CS501,Caltech,Stem,2,21242,77.2
140526244026960,2024-08-26,CS401,Caltech,Stem,4,18027,64.48
140526244024912,2024-12-25,CS401,Caltech,Stem,5,16437,94.65
140526244021520,2024-10-19,CS401,Caltech,Stem,5,15732,80.69
140526244021456,2024-10-27,CS401,Caltech,Stem,5,16457,93.29
140526244023440,,CS401,Caltech,Stem,4,15875,76.12
140526244028176,2024-10-01,CS501,Caltech,Stem,3,20612,65.03
140526244023184,2024-08-06,CS401,Caltech,Stem,4,15289,65.95
140526244027024,2024-10-09,CS501,Caltech,Stem,4,21319,79.09
140526244022096,2024-06-04,CS401,Caltech,Stem,4,16667,71.28
140526244027408,2024-11-07,CS501,Caltech,Stem,3,20507,95.62
140526244026448,2024-11-05,CS501,Caltech,Stem,3,24361,97.61
140526244023376,2024-06-14,CS401,Caltech,Stem,5,17399,80.08
140526244020304,2024-12-23,CS501,Caltech,Stem,3,23363,74.61
140526244022352,2024-08-24,CS501,Caltech,Stem,5,20050,86.59
140526244025104,2024-10-26,CS501,Caltech,Stem,3,21047,94.54
140526244028432,2024-06-02,CS401,Caltech,Stem,3,15927,92.46
140526244024976,2024-11-01,CS501,Caltech,Stem,4,20608,67.05
140526244021392,2024-11-18,CS501,Caltech,Stem,3,21082,82.7
140526244020624,2024-12-01,CS601,Caltech,Stem,5,26456,80.42
140526244028688,2024-07-09,CS401,Caltech,Stem,5,15379,93.43
140526244024336,,CS401,Caltech,Stem,4,17015,93.84
140526244027536,2024-09-26,CS601,Caltech,Stem,5,25054,97.95
140526244024656,2024-08-26,CS501,Caltech,Stem,3,20890,90.2
140526244028944,2024-10-04,CS401,Caltech,Stem,3,16052,75.32
140526244027216,2024-11-08,CS501,Caltech,Stem,5,22401,87.38
140526244024208,2024-07-17,CS401,Caltech,Stem,3,16209,85.25
140526244022736,,CS501,Caltech,Stem,4,24035,96.83
140526244022800,2024-08-20,CS601,Caltech,Stem,4,25428,85.22
140526244029136,2024-06-23,CS401,Caltech,Stem,5,15616,97.87
140526244029264,2024-12-15,CS501,Caltech,Stem,5,22977,90.22
140526244027280,2024-06-01,CS501,Caltech,Stem,3,,
140526244022032,2024-12-07,CS401,Caltech,Stem,4,15455,92.62
140526244023568,2024-07-12,CS501,Caltech,Stem,4,20291,86.24
140525123516880,2024-07-28,CS501,Caltech,Stem,4,21502,72.55
140525123504528,2024-11-09,CS501,Caltech,Stem,4,21579,90.45
140525123512464,2024-04-09,CS501,Caltech,Stem,5,20394,95.63
140525123508304,2024-08-20,CS401,Caltech,Stem,3,15032,81.07
140525123515024,2024-11-30,CS501,Caltech,Stem,5,22264,95.26
140525123515152,2024-07-31,CS501,Caltech,Stem,3,20542,82.16
140525123512208,2024-12-21,CS501,Caltech,Stem,5,20734,93.78
140525123505552,2024-11-21,CS401,Caltech,Stem,5,16015,94.05
140525123510928,2024-08-25,CS501,Caltech,Stem,4,,
140525123513680,2024-09-14,CS501,Caltech,Stem,3,,
140525123514000,2024-12-23,CS501,Caltech,Stem,3,22082,87.73
140525123516624,2024-12-28,CS401,Caltech,Stem,4,15378,78.58
140525123512784,2024-06-07,CS401,Caltech,Stem,4,16871,74.72
140525123502160,2024-10-28,CS501,Caltech,Stem,4,,
140525123507216,2024-12-23,CS501,Caltech,Stem,5,23136,80.85
140525123511824,2024-09-30,CS501,Caltech,Stem,4,20448,54.45
140525123517264,2024-11-25,CS501,Caltech,Stem,5,22927,87.43
140525123505040,2024-07-14,CS501,Caltech,Stem,4,20549,78.53
140525123516048,2024-10-07,CS501,Caltech,Stem,3,,
140525123515408,2024-11-12,CS501,Caltech,Stem,4,20119,77.26
140525123514512,2024-12-15,CS401,Caltech,Stem,5,15027,89.16
140525123516496,2024-11-17,CS401,Caltech,Stem,5,17375,81.94
140525123509968,2024-08-28,CS401,Caltech,Stem,4,16013,49.49
140525123504720,2024-03-16,CS401,Caltech,Stem,4,18059,93.26
140525123510096,2024-12-23,CS501,Caltech,Stem,4,20190,71.96
140525123517520,2024-08-17,CS501,Caltech,Stem,2,20867,92.15
140525123510416,2024-08-17,CS401,Caltech,Stem,5,15006,73.18
140525123507024,2024-11-20,CS401,Caltech,Stem,4,15217,84.96
140525123503120,2024-08-23,CS401,Caltech,Stem,3,15380,95.96
140525123518224,2024-11-12,CS401,Caltech,Stem,3,15977,96.96
140525123516240,2024-09-25,CS401,Caltech,Stem,2,17236,88.17
140525123502544,2024-04-16,CS501,Caltech,Stem,5,23036,96.16
140525123510672,2024-12-12,CS401,Caltech,Stem,3,16489,98.38
140525123507920,2024-08-08,CS401,Caltech,Stem,4,16695,98.23
140525123507792,2024-08-17,CS501,Caltech,Stem,2,21786,81.18
140525123507088,,CS501,Caltech,Stem,3,23332,97.86
140525123515792,2024-08-04,CS401,Caltech,Stem,4,15964,76.75
140525123508176,2024-12-01,CS401,Caltech,Stem,5,,
140525123511312,2024-08-15,CS401,Caltech,Stem,5,16817,76.31
140525123510288,2024-06-16,CS501,Caltech,Stem,3,20322,85.15
140525123510992,2024-08-19,CS501,Caltech,Stem,4,20311,93.66
140525123514384,2024-09-29,CS501,Caltech,Stem,4,20099,91.16
140525123510864,2024-07-16,CS601,Caltech,Stem,5,25819,78.15
140525123504848,2024-09-11,CS501,Caltech,Stem,4,21290,73.32
140525123509136,2024-12-20,CS501,Caltech,Stem,3,,
140525123508880,2024-09-26,CS501,Caltech,Stem,5,20973,95.68
140525123515728,2024-08-18,CS501,Caltech,Stem,5,20380,74.45
140525123508560,2024-11-07,CS601,Caltech,Stem,4,27001,89.34
140525123509840,2024-07-14,CS401,Caltech,Stem,4,16342,92.63
140525123516752,2024-11-08,CS501,Caltech,Stem,5,23299,95.16
140525123509520,2024-11-23,CS601,Caltech,Stem,,25294,63.27
140525123517712,2024-11-12,CS501,Caltech,Stem,,20966,90.66
140525123509392,2024-12-16,CS401,Caltech,Stem,3,16086,68.04
140525123507856,2024-12-13,CS401,Caltech,Stem,5,15067,95.0
140525123516944,2024-11-28,CS501,Caltech,Stem,3,20748,71.73
140525123510352,2024-05-12,CS401,Caltech,Stem,5,15885,72.82
140525123512528,2024-10-17,CS401,Caltech,Stem,3,18459,95.68
140525123515600,2024-09-21,CS501,Caltech,Stem,5,21909,61.93
140525123510032,2024-11-22,CS401,Caltech,Stem,5,15445,82.79
140525123507984,2024-11-19,CS501,Caltech,Stem,,22390,68.48
140525123518288,2024-06-25,CS401,Caltech,Stem,5,15524,85.71
140525123509456,2024-10-14,CS401,Caltech,Stem,4,16186,91.55
140525123502928,2024-08-25,CS401,Caltech,Stem,2,,
140525123503056,2024-11-07,CS401,Caltech,Stem,5,16431,89.81
140525123511440,2024-08-11,CS501,Caltech,Stem,4,20542,81.38
140525123507280,2024-09-07,CS401,Caltech,Stem,4,16722,98.69
140525123508432,2024-06-11,CS401,Caltech,Stem,5,15225,94.62
140525123513104,2024-11-29,CS401,Caltech,Stem,5,15187,62.72
140525123506384,2024-10-27,CS401,Caltech,Stem,,15432,67.88
140525123518416,2024-11-14,CS401,Caltech,Stem,4,,
140525123516112,2024-12-22,CS501,Caltech,Stem,5,20834,69.06
140525123513296,2024-11-15,CS401,Caltech,Stem,4,15862,67.24
140525123513168,2024-11-08,CS401,Caltech,Stem,4,15999,94.15
140525123511568,2024-12-30,CS501,Caltech,Stem,4,21339,97.66
140525123511248,2024-09-23,CS401,Caltech,Stem,3,15057,76.2
140525123513616,2024-11-13,CS401,Caltech,Stem,3,16702,78.31
140525123509200,2024-04-23,CS501,Caltech,Stem,3,20837,51.79
140525123517200,2024-11-02,CS501,Caltech,Stem,3,23067,72.46
140525123507344,2024-07-10,CS501,Caltech,Stem,3,21772,62.41
140525123502416,2024-09-06,CS501,Caltech,Stem,,22847,77.72
140525123505744,,CS501,Caltech,Stem,4,,
140525123513744,2024-10-17,CS401,Caltech,Stem,4,18575,95.32
140525123514320,2024-10-22,CS401,Caltech,Stem,3,16527,70.24
140525123511952,,CS401,Caltech,Stem,2,15224,66.89
140525123514192,2024-09-08,CS501,Caltech,Stem,5,20835,91.98
140525123514640,2024-11-27,CS401,Caltech,Stem,5,15655,87.5
140525123506192,2024-10-27,CS501,Caltech,Stem,4,21872,85.43
140525123505168,2024-06-28,CS401,Caltech,Stem,3,16109,78.95
140525123512016,2024-10-08,CS501,Caltech,Stem,4,22044,84.17
140525123510544,2024-12-29,CS501,Caltech,Stem,4,22716,85.36
140525123506448,2024-12-08,CS401,Caltech,Stem,5,16613,93.86
140525123512144,2024-02-28,CS401,Caltech,Stem,4,15353,81.4
140525123503504,2024-12-24,CS501,Caltech,Stem,4,22031,53.36
140525123513040,2024-07-07,CS501,Caltech,Stem,3,20270,82.5
140525123505424,2024-11-28,CS501,Caltech,Stem,,21747,81.86
140525123508624,2024-09-12,CS401,Caltech,Stem,4,17550,98.08
140525123505104,2024-09-12,CS401,Caltech,Stem,4,,
140525123503184,2024-11-25,CS601,Caltech,Stem,5,25134,86.98
140525123504656,2024-07-30,CS401,Caltech,Stem,4,16426,71.36
140525123515664,2024-06-22,CS401,Caltech,Stem,3,17497,84.23
140525123517584,2024-12-04,CS601,Caltech,Stem,4,26861,86.18
140525123512592,2024-07-28,CS401,Caltech,Stem,4,15707,91.27
140525123514896,2024-09-03,CS401,Caltech,Stem,4,,
140525123504208,2024-12-16,CS401,Caltech,Stem,5,,
140525123513360,2024-11-25,CS401,Caltech,Stem,3,16313,73.17
140525123511120,2024-11-06,CS401,Caltech,Stem,5,16467,85.09
140525123510480,2024-09-15,CS401,Caltech,Stem,4,15621,94.32
140525123515280,2024-05-15,CS401,Caltech,Stem,5,15986,86.6
140525123515088,2024-08-03,CS501,Caltech,Stem,5,20848,55.52
140525123515472,2024-12-24,CS401,Caltech,Stem,2,15529,98.33
140525123514448,2024-11-17,CS401,Caltech,Stem,2,15314,86.64
140525123506768,,CS401,Caltech,Stem,4,16785,79.44
140525123513808,2024-06-12,CS401,Caltech,Stem,4,15073,73.56
140525123515216,2024-05-06,CS401,Caltech,Stem,4,15002,84.85
140525123503696,2024-05-24,CS501,Caltech,Stem,3,20642,93.5
140525123507472,2024-10-12,CS401,Caltech,Stem,,15671,73.12
140525123511632,2024-11-09,CS501,Caltech,Stem,4,21233,87.18
140525123509264,2024-10-20,CS401,Caltech,Stem,2,17391,94.72
140525123504080,2024-11-19,CS401,Caltech,Stem,3,15639,89.56
140525123518160,2024-12-21,CS401,Caltech,Stem,5,15746,82.29
140525123507408,2024-05-12,CS401,Caltech,Stem,4,15491,95.11
140525123517968,2024-08-11,CS401,Caltech,Stem,4,15560,78.1
140525123515344,2024-06-25,CS401,Caltech,Stem,,16634,68.86
140525123504464,2024-11-15,CS401,Caltech,Stem,5,,
140525123517008,2024-12-25,CS501,Caltech,Stem,3,,
140525123503952,2024-11-09,CS501,Caltech,Stem,5,20943,92.38
140525123506704,2024-10-19,CS501,Caltech,Stem,4,20604,87.42
140525123506960,2024-12-24,CS401,Caltech,Stem,5,,
140525123511888,2024-12-05,CS401,Caltech,Stem,5,15341,84.34
140525123514768,2024-12-19,CS401,Caltech,Stem,3,15294,92.51
140525123507600,2024-11-26,CS501,Caltech,Stem,5,20597,84.47
140525123504912,2024-12-02,CS401,Caltech,Stem,5,,
140525123514832,2024-12-13,CS501,Caltech,Stem,5,21126,87.62
140525123504272,2024-11-01,CS501,Caltech,Stem,4,23152,86.52
140525123502992,,CS501,Caltech,Stem,5,21223,85.9
140525185477648,2024-12-29,CS501,Caltech,Stem,5,23274,89.04
140525185479760,2024-11-20,CS501,Caltech,Stem,3,21334,71.69
140525185478864,2024-05-15,CS501,Caltech,Stem,4,21862,82.14
140525185481936,2024-10-23,CS501,Caltech,Stem,4,20094,69.76
140525185481744,2024-12-07,CS601,Caltech,Stem,4,27257,86.37
140525185473808,2024-09-11,CS401,Caltech,Stem,5,15753,75.83
140525185480976,2024-10-08,CS601,Caltech,Stem,4,25887,97.5
140525185479376,2024-02-20,CS501,Caltech,Stem,4,24509,86.9
140525185467984,2024-09-04,CS501,Caltech,Stem,3,20497,96.79
140525185475280,2024-11-04,CS401,Caltech,Stem,5,15253,82.01
140525185477328,2024-12-05,CS501,Caltech,Stem,4,21207,93.69
140525185482128,2024-09-18,CS401,Caltech,Stem,4,16881,87.73
140525185475984,2024-12-02,CS401,Caltech,Stem,,16726,53.4
140525185478608,2024-09-06,CS501,Caltech,Stem,4,21805,86.28
140525185473168,2024-12-11,CS401,Caltech,Stem,4,15594,76.79
140525185476624,,CS401,Caltech,Stem,5,,
140525185471632,2024-12-24,CS401,Caltech,Stem,3,17326,83.77
140525185478800,2024-10-29,CS501,Caltech,Stem,2,20421,57.78
140525185467728,2024-08-21,CS401,Caltech,Stem,,15132,62.78
140525185471952,2024-12-20,CS501,Caltech,Stem,4,20495,56.33
140525185480336,,CS401,Caltech,Stem,4,15089,86.08
140525185477072,2024-09-20,CS601,Caltech,Stem,3,,
140525185479696,2024-09-15,CS401,Caltech,Stem,4,15122,74.53
140525185482448,2024-12-05,CS501,Caltech,Stem,4,21586,94.61
140525185480720,2024-04-25,CS401,Caltech,Stem,5,16336,52.88
140525185467088,2024-08-30,CS501,Caltech,Stem,4,22207,86.55
140525185472656,2024-09-16,CS401,Caltech,Stem,3,17581,96.89
140525185468944,2024-06-30,CS501,Caltech,Stem,4,22508,80.23
140525185478928,2024-10-31,CS501,Caltech,Stem,5,20128,85.4
140525185477520,2024-11-05,CS601,Caltech,Stem,3,27143,93.73
140525185472848,2024-07-11,CS501,Caltech,Stem,4,20140,55.21
140525185477776,2024-12-18,CS501,Caltech,Stem,4,20223,88.43
140525185469776,2024-09-26,CS401,Caltech,Stem,4,16470,86.01
140525185481232,2024-09-07,CS501,Caltech,Stem,5,20570,74.6
140525185480592,,CS501,Caltech,Stem,5,,
140525185480464,2024-08-21,CS401,Caltech,Stem,5,16562,81.52
140525185471312,2024-10-01,CS501,Caltech,Stem,3,20003,97.92
140525185479312,2024-11-13,CS401,Caltech,Stem,4,18720,98.77
140525185473872,2024-07-14,CS501,Caltech,Stem,5,21519,70.14
140525185473680,2024-12-11,CS401,Caltech,Stem,5,16435,97.58
140525185479440,2024-11-24,CS401,Caltech,Stem,4,16595,76.93
140525185471696,,CS401,Caltech,Stem,5,16700,95.8
140525185479952,2024-12-02,CS401,Caltech,Stem,4,16906,95.75
140525185471760,2024-11-30,CS401,Caltech,Stem,5,17467,77.62
140525185474384,2024-11-06,CS401,Caltech,Stem,4,15176,96.99
140525185477904,2024-12-08,CS401,Caltech,Stem,4,15463,87.22
140525185467024,2024-09-19,CS501,Caltech,Stem,5,20218,54.71
140525185467920,2024-12-31,CS501,Caltech,Stem,3,20556,68.8
140525185477136,,CS401,Caltech,Stem,4,15392,80.82
140525185468112,2024-11-20,CS401,Caltech,Stem,5,17702,96.84
140525185475600,2024-08-05,CS401,Caltech,Stem,4,15421,98.91
140525185468560,2024-10-10,CS401,Caltech,Stem,4,16034,97.11
140525185482000,2024-12-24,CS501,Caltech,Stem,4,22283,87.06
140525185472464,2024-03-24,CS401,Caltech,Stem,5,15052,93.66
140525185475472,2024-05-01,CS401,Caltech,Stem,4,16172,90.99
140525185471056,2024-10-09,CS401,Caltech,Stem,5,15427,85.53
140525185468176,2024-09-02,CS501,Caltech,Stem,5,,
140525185466896,2024-12-13,CS501,Caltech,Stem,4,20241,81.17
140525185476560,2024-10-29,CS401,Caltech,Stem,3,15413,88.75
140525185481296,2024-12-07,CS401,Caltech,Stem,4,16413,84.87
140525185482704,2024-12-29,CS501,Caltech,Stem,5,21915,84.95
140525185473936,2024-12-15,CS501,Caltech,Stem,3,20278,96.87
140525185474448,2024-06-07,CS501,Caltech,Stem,3,20912,82.04
140525185480912,2024-09-09,CS501,Caltech,Stem,3,20250,83.36
140525185468432,2024-11-14,CS401,Caltech,Stem,4,15571,88.79
140525185481168,2024-07-03,CS401,Caltech,Stem,4,18115,84.78
140525185480848,2024-12-29,CS401,Caltech,Stem,5,15009,80.78
140525185466448,2024-05-01,CS401,Caltech,Stem,5,15037,86.88
140525185468880,2024-10-31,CS501,Caltech,Stem,5,20298,72.31
140525185470416,2024-12-29,CS401,Caltech,Stem,5,15548,85.68
140525185474512,2024-09-18,CS501,Caltech,Stem,3,21829,83.67
140525185469968,2024-09-18,CS501,Caltech,Stem,4,21925,97.0
140525185471248,2024-10-16,CS501,Caltech,Stem,5,21797,94.38
140525185475088,2024-09-09,CS501,Caltech,Stem,3,20378,98.72
140525185473296,2024-10-10,CS501,Caltech,Stem,4,20350,86.52
140525185474064,2024-08-29,CS401,Caltech,Stem,4,17735,95.7
140525185473232,2024-11-12,CS501,Caltech,Stem,5,20632,90.42
140525185473360,2024-09-25,CS401,Caltech,Stem,5,15137,80.04
140525185468688,2024-09-29,CS401,Caltech,Stem,4,15850,89.92
140525185476496,2024-12-19,CS501,Caltech,Stem,5,20818,96.93
140525185472784,2024-07-03,CS501,Caltech,Stem,4,20162,87.86
140525185470928,2024-12-23,CS401,Caltech,Stem,,19072,81.0
140525185472144,2024-11-28,CS601,Caltech,Stem,4,27532,62.64
140525142113552,2024-11-17,CS601,Caltech,Stem,3,25703,81.68
140525142114064,,CS401,Caltech,Stem,3,15143,98.18
140525142112016,2024-10-13,CS401,Caltech,Stem,4,15970,89.73
140525142109200,2024-09-02,CS401,Caltech,Stem,3,17035,63.74
140525142101328,2024-10-22,CS501,Caltech,Stem,5,20703,61.42
140525142107152,2024-09-28,CS401,Caltech,Stem,5,17797,98.79
140525142113808,2024-10-07,CS401,Caltech,Stem,5,16246,95.66
140525142104592,2024-12-05,CS501,Caltech,Stem,4,22140,93.27
140525142106640,2024-04-27,CS401,Caltech,Stem,,,
140525142112272,2024-10-30,CS401,Caltech,Stem,4,16153,92.06
140525142112528,,CS401,Caltech,Stem,4,16924,98.5
140525142108688,2024-11-19,CS501,Caltech,Stem,5,21144,84.17
140525142102864,2024-12-15,CS401,Caltech,Stem,2,15624,94.31
140525142105104,2024-08-27,CS401,Caltech,Stem,4,16716,79.01
140525142101072,2024-09-23,CS501,Caltech,Stem,3,20739,89.95
140525142103888,2024-11-27,CS501,Caltech,Stem,3,20272,94.78
140525142103120,2024-12-05,CS401,Caltech,Stem,4,15406,85.41
140525142104400,2024-11-07,CS501,Caltech,Stem,4,,
140525142113040,2024-12-23,CS401,Caltech,Stem,3,16344,87.29
140525142106384,2024-10-22,CS401,Caltech,Stem,4,15779,75.76
140525142102096,2024-10-20,CS401,Caltech,Stem,3,,
140525142099536,2024-05-14,CS401,Caltech,Stem,4,15434,55.36
140525142110992,2024-11-04,CS401,Caltech,Stem,5,16150,83.73
140525142100816,2024-12-09,CS401,Caltech,Stem,3,15924,54.25
140525142111504,2024-12-26,CS501,Caltech,Stem,4,21079,80.89
140525142109456,2024-07-09,CS501,Caltech,Stem,4,21684,87.34
140525142099280,2024-09-12,CS401,Caltech,Stem,4,15096,89.5
140525142109712,2024-12-13,CS501,Caltech,Stem,4,20395,68.11
140525142113296,2024-10-12,CS501,Caltech,Stem,3,20651,95.98
140525142101584,2024-12-16,CS401,Caltech,Stem,5,15327,86.78
140525142111760,2024-12-18,CS501,Caltech,Stem,3,21704,87.46
140525142109968,2024-09-25,CS501,Caltech,Stem,4,20262,60.4
140525142098768,2024-06-27,CS501,Caltech,Stem,3,20295,62.9
140525138457232,2024-08-01,CS401,Caltech,Stem,4,15426,98.45
140525138459216,2024-09-06,CS601,Caltech,Stem,5,25736,78.31
140525138451920,2024-08-30,CS501,Caltech,Stem,5,20150,84.19
140525138445264,2024-05-12,CS401,Caltech,Stem,5,16140,91.19
140525138453200,2024-10-09,CS501,Caltech,Stem,5,20780,64.31
140525138449360,2024-12-19,CS401,Caltech,Stem,4,16517,94.71
140525138448336,2024-12-22,CS601,Caltech,Stem,,26091,96.91
140525138458512,2024-07-26,CS401,Caltech,Stem,4,18478,68.81
140525138456720,2024-12-24,CS401,Caltech,Stem,4,16191,96.6
140525138446544,2024-11-21,CS401,Caltech,Stem,4,15830,90.56
140525138445520,2024-07-01,CS401,Caltech,Stem,5,,
140525138450384,2024-11-05,CS401,Caltech,Stem,5,16479,77.69
140525138458256,2024-11-25,CS501,Caltech,Stem,4,20296,89.52
140525138451664,2024-12-05,CS401,Caltech,Stem,5,15687,98.16
140525138447312,2024-09-29,CS501,Caltech,Stem,5,20385,89.46
140525138450640,2024-09-03,CS501,Caltech,Stem,4,,
140525138458960,2024-10-18,CS401,Caltech,Stem,4,15631,96.12
140525138453456,2024-11-24,CS401,Caltech,Stem,3,15424,67.05
140525138453968,,CS601,Caltech,Stem,5,27482,70.9
140525138455952,2024-10-08,CS501,Caltech,Stem,4,21289,61.56
140525138448080,2024-11-13,CS401,Caltech,Stem,3,15464,54.3
140525138459984,2024-06-21,CS401,Caltech,Stem,5,15630,71.44
140525138452944,,CS501,Caltech,Stem,4,,
140525138449616,2024-11-11,CS501,Caltech,Stem,4,20939,84.58
140525138453712,2024-09-27,CS501,Caltech,Stem,2,20643,74.84
140525138455440,2024-11-21,CS401,Caltech,Stem,4,,
140525138447568,2024-07-14,CS401,Caltech,Stem,4,15188,80.77
140525138449872,2024-08-23,CS501,Caltech,Stem,5,21083,49.92
140525138451408,2024-10-01,CS401,Caltech,Stem,4,15016,97.94
140525138448592,2024-07-24,CS401,Caltech,Stem,5,15079,89.65
140525138448848,2024-08-22,CS501,Caltech,Stem,5,20531,80.89
140525138450128,2024-11-06,CS501,Caltech,Stem,5,,
140525138460496,2024-09-25,CS501,Caltech,Stem,5,20888,97.02
140525138454736,2024-08-05,CS401,Caltech,Stem,4,17767,84.73
140525138452176,2024-11-17,CS501,Caltech,Stem,4,20921,97.25
140525181031760,2024-11-15,CS501,Caltech,Stem,3,20623,76.61
140525181042640,2024-12-07,CS501,Caltech,Stem,4,21318,87.11
140525181031120,2024-11-22,CS501,Caltech,Stem,3,20345,96.9
140525181029136,2024-11-12,CS401,Caltech,Stem,5,15363,98.75
140525181027728,2024-10-22,CS501,Caltech,Stem,5,20524,95.0
140525181036304,2024-10-17,CS601,Caltech,Stem,3,26438,74.47
140525181027984,2024-11-27,CS401,Caltech,Stem,5,15624,87.77
140525181032912,2024-11-18,CS401,Caltech,Stem,4,16146,92.49
140525181038480,2024-12-18,CS401,Caltech,Stem,4,15150,97.11
140525181038032,2024-09-08,CS401,Caltech,Stem,3,16600,81.84
140525181035536,2024-12-07,CS401,Caltech,Stem,,,
140525181041936,2024-11-07,CS501,Caltech,Stem,3,22410,98.96
140525181027408,2024-12-18,CS501,Caltech,Stem,4,20051,79.29
140525181035472,2024-11-17,CS401,Caltech,Stem,4,,
140525181030224,2024-12-09,CS401,Caltech,Stem,3,,
140525181040016,,CS401,Caltech,Stem,3,15320,66.54
140525181034192,2024-09-09,CS401,Caltech,Stem,4,15000,40
140525181034064,2024-12-15,CS401,Caltech,Stem,3,18266,78.73
140525181037712,2024-06-08,CS401,Caltech,Stem,5,15927,94.97
140525181036240,2024-12-30,CS501,Caltech,Stem,3,20499,89.77
140525181037328,2024-06-20,CS401,Caltech,Stem,3,15691,91.47
140525181038800,2024-11-02,CS501,Caltech,Stem,3,21361,74.33
140525181027920,2024-11-02,CS401,Caltech,Stem,3,16701,75.2
140525181032208,2024-11-25,CS501,Caltech,Stem,5,21635,98.23
140525181026896,2024-08-29,CS501,Caltech,Stem,5,20929,84.05
140525181026640,2024-12-08,CS501,Caltech,Stem,4,21931,97.78
140525181037200,2024-12-26,CS401,Caltech,Stem,,15068,84.18
140525181034384,,CS401,Caltech,Stem,3,16647,88.17
140525181029904,,CS401,Caltech,Stem,4,18140,97.32
140525181040912,2024-12-09,CS501,Caltech,Stem,3,21793,62.2
140525181027536,2024-06-10,CS401,Caltech,Stem,4,,
140525181033104,2024-06-21,CS501,Caltech,Stem,4,20281,94.64
140525181039824,2024-11-06,CS401,Caltech,Stem,4,17799,72.89
140525181036496,2024-09-24,CS501,Caltech,Stem,3,20812,89.65
140525181030096,2024-10-04,CS401,Caltech,Stem,2,15961,85.35
140525181031952,2024-07-13,CS401,Caltech,Stem,4,15103,84.76
140525181033168,2024-12-04,CS401,Caltech,Stem,4,15677,96.16
140525181028304,2024-10-27,CS501,Caltech,Stem,4,20208,96.73
140525181039504,,CS401,Caltech,Stem,5,15374,92.87
140525181035024,2024-09-27,CS501,Caltech,Stem,4,20995,75.6
140525181028176,2024-05-13,CS401,Caltech,Stem,4,18116,93.18
140525181034768,2024-10-25,CS401,Caltech,Stem,4,15762,89.16
140525181036752,2024-12-13,CS401,Caltech,Stem,5,,
140525181030480,2024-09-22,CS501,Caltech,Stem,4,20368,95.76
140525181027472,2024-12-28,CS401,Caltech,Stem,4,15140,87.46
140525181029392,2024-09-27,CS501,Caltech,Stem,5,20770,67.14
140525181034512,2024-07-01,CS501,Caltech,Stem,3,20186,90.79
140525181034256,2024-10-11,CS501,Caltech,Stem,5,21198,62.71
140525181028688,2024-02-26,CS401,Caltech,Stem,4,,
140525181031504,2024-12-17,CS401,Caltech,Stem,5,15667,83.22
140525181040784,2024-12-13,CS401,Caltech,Stem,3,15888,96.71
140525181031248,2024-08-14,CS501,Caltech,Stem,4,22500,84.5
140525181036560,2024-09-11,CS401,Caltech,Stem,4,16420,85.58
140525181032272,2024-12-31,CS501,Caltech,Stem,5,20673,97.51
140525181034640,2024-11-19,CS401,Caltech,Stem,5,15064,83.26
140525181040336,2024-03-21,CS401,Caltech,Stem,5,15480,61.63
140525181027664,2024-09-26,CS401,Caltech,Stem,4,18941,85.3
140525181041360,2024-07-26,CS401,Caltech,Stem,5,16318,97.88
140525181042320,2024-08-01,CS501,Caltech,Stem,4,21487,83.57
140525181032528,2024-12-08,CS501,Caltech,Stem,5,21039,86.36
140525181036432,2024-12-30,CS401,Caltech,Stem,4,16507,94.53
140525181033680,2024-10-20,CS401,Caltech,Stem,5,16234,67.5
140525181032656,2024-10-07,CS501,Caltech,Stem,3,23340,96.47
140525181037584,2024-09-11,CS401,Caltech,Stem,4,16521,97.95
140525181041552,2024-12-03,CS501,Caltech,Stem,5,20209,88.15
140525181039312,2024-12-26,CS501,Caltech,Stem,5,22815,86.4
140525181042576,2024-09-23,CS401,Caltech,Stem,4,16667,98.74
140525181031312,2024-09-10,CS401,Caltech,Stem,5,15031,96.56
140525181029968,2024-08-02,CS501,Caltech,Stem,4,22007,77.23
140525181041040,2024-12-08,CS501,Caltech,Stem,4,20494,97.18
140525181035920,2024-09-14,CS401,Caltech,Stem,3,16126,94.89
140525181028368,2024-11-29,CS401,Caltech,Stem,4,18393,72.66
140525181032720,2024-12-17,CS401,Caltech,Stem,4,16958,80.17
140525181038992,2024-06-19,CS401,Caltech,Stem,5,15910,90.37
140525181035088,2024-06-17,CS401,Caltech,Stem,3,17566,97.9
140525181037008,,CS401,Caltech,Stem,5,19248,92.15
140525181034000,2024-06-18,CS401,Caltech,Stem,4,16341,91.74
140525181027792,2024-09-15,CS401,Caltech,Stem,2,17920,78.56
140525181039568,2024-12-30,CS401,Caltech,Stem,2,16740,78.1
140525181038608,2024-12-30,CS401,Caltech,Stem,4,16082,84.35
140525181040400,2024-11-03,CS501,Caltech,Stem,5,20414,94.85
140525181040848,2024-08-22,CS501,Caltech,Stem,4,21710,98.75
140525181037136,2024-12-05,CS401,Caltech,Stem,4,,
140525181038224,2024-09-12,CS501,Caltech,Stem,2,20451,55.9
140525181029008,2024-12-26,CS401,Caltech,Stem,4,15942,90.78
140525181032976,2024-10-23,CS601,Caltech,Stem,4,25359,70.65
140525181033872,2024-09-17,CS401,Caltech,Stem,3,15065,82.39
140525181032080,2024-10-12,CS401,Caltech,Stem,3,15283,67.01
140525181026768,2024-11-27,CS501,Caltech,Stem,2,20520,89.94
140525181027216,2024-09-20,CS501,Caltech,Stem,4,21064,97.03
140525181038288,2024-08-21,CS501,Caltech,Stem,3,20328,94.24
140525181026960,2024-09-01,CS501,Caltech,Stem,4,,
140525181030736,2024-12-18,CS401,Caltech,Stem,2,17429,88.34
140525181039376,2024-12-29,CS401,Caltech,Stem,4,17002,96.74
140525181033936,2024-12-22,CS501,Caltech,Stem,4,21290,97.31
140525181040144,2024-08-01,CS501,Caltech,Stem,5,19999,80.06
140525181041808,2024-11-10,CS501,Caltech,Stem,4,21053,74.29
140525181041616,2024-10-29,CS401,Caltech,Stem,5,16440,78.09
140525181036944,2024-11-05,CS401,Caltech,Stem,3,16361,75.51
140525181035280,2024-07-22,CS501,Caltech,Stem,5,23118,92.74
140525181041424,2024-11-06,CS501,Caltech,Stem,4,21136,95.01
140525181027344,,CS501,Caltech,Stem,4,24100,56.97
140525181032784,2024-09-29,CS501,Caltech,Stem,3,20468,53.11
140525181028624,2024-12-11,CS401,Caltech,Stem,4,15763,95.72
140525181028432,2024-11-02,CS401,Caltech,Stem,4,,
140525181031056,2024-05-18,CS501,Caltech,Stem,3,20552,69.39
140525184673616,2024-11-01,CS601,Caltech,Stem,5,27263,83.81
140525184666576,2024-09-09,CS501,Caltech,Stem,4,20148,72.5
140525184678288,2024-11-26,CS401,Caltech,Stem,4,16327,97.11
140525184665168,2024-10-01,CS501,Caltech,Stem,5,20226,89.29
140525184665104,2024-11-06,CS401,Caltech,Stem,5,15148,90.35
140525184664976,2024-10-31,CS601,Caltech,Stem,5,25081,98.13
140525184677328,2024-07-23,CS601,Caltech,Stem,4,,
140525184679632,,CS401,Caltech,Stem,3,,
140525184669456,2024-11-14,CS401,Caltech,Stem,2,15628,98.78
140525184666768,2024-08-22,CS501,Caltech,Stem,4,20507,73.03
140525184669200,2024-11-14,CS401,Caltech,Stem,4,15861,95.02
140525184676176,2024-11-13,CS601,Caltech,Stem,5,26559,84.65
140525184670736,2024-09-08,CS401,Caltech,Stem,4,15750,77.8
140525184666128,2024-11-27,CS401,Caltech,Stem,5,16127,70.07
140525184664528,2024-12-06,CS501,Caltech,Stem,4,21792,53.95
140525184671888,2024-12-11,CS501,Caltech,Stem,5,20439,77.12
140525184670224,2024-10-20,CS501,Caltech,Stem,2,20531,97.0
140525184678544,2024-11-28,CS401,Caltech,Stem,4,17144,53.97
140525184669584,2024-07-11,CS401,Caltech,Stem,,15550,59.12
140525184670160,2024-09-27,CS501,Caltech,Stem,4,21033,96.4
140525184666960,2024-10-31,CS401,Caltech,Stem,4,15692,72.72
140525184678352,2024-08-30,CS501,Caltech,Stem,4,21880,93.78
140525184672400,2024-05-31,CS401,Caltech,Stem,5,,
140525184679504,2024-09-20,CS401,Caltech,Stem,2,15433,94.72
140525184666832,2024-10-30,CS401,Caltech,Stem,4,15321,72.21
140525184678480,2024-09-11,CS601,Caltech,Stem,4,25498,94.76
140525184664208,2024-11-19,CS401,Caltech,Stem,3,15633,85.59
140525184664720,2024-10-31,CS601,Caltech,Stem,5,25141,79.86
140525184665552,2024-09-20,CS601,Caltech,Stem,4,29023,63.72
140525184677264,2024-08-17,CS501,Caltech,Stem,5,20078,56.19
140525184669904,2024-12-30,CS601,Caltech,Stem,4,25409,83.35
140525184670992,2024-11-26,CS401,Caltech,Stem,5,18887,82.02
140525184674704,2024-11-29,CS501,Caltech,Stem,3,22166,69.88
140525184675984,2024-05-22,CS501,Caltech,Stem,,20793,87.93
140525184674512,2024-10-30,CS601,Caltech,Stem,5,,
140525184670480,2024-09-23,CS501,Caltech,Stem,3,21133,94.87
140525184676752,2024-11-06,CS401,Caltech,Stem,3,18245,95.07
140525184666000,2024-08-20,CS401,Caltech,Stem,4,16861,86.64
140525184674256,2024-11-28,CS501,Caltech,Stem,4,20112,78.31
140525184669712,2024-09-29,CS501,Caltech,Stem,4,21133,93.89
140525184665296,2024-09-01,CS601,Caltech,Stem,3,26237,50.46
140525184667536,2024-09-26,CS501,Caltech,Stem,4,20822,87.54
140525184672784,2024-07-14,CS501,Caltech,Stem,4,,
140525184667728,2024-10-11,CS401,Caltech,Stem,5,16647,94.39
140525184676432,2024-06-27,CS401,Caltech,Stem,2,16462,89.89
140525184671440,2024-10-26,CS501,Caltech,Stem,,20283,87.32
140525184679888,2024-11-04,CS501,Caltech,Stem,5,20738,84.48
140525184665808,2024-10-14,CS501,Caltech,Stem,5,21899,92.02
140525184671696,2024-10-21,CS401,Caltech,Stem,5,16701,84.28
140525184674960,2024-10-01,CS601,Caltech,Stem,4,26799,84.38
140525184676240,2024-10-01,CS501,Caltech,Stem,3,21401,72.53
140525184674192,2024-11-26,CS501,Caltech,Stem,4,21137,92.01
140525184669648,2024-12-21,CS401,Caltech,Stem,3,15576,86.99
140525184666384,2024-11-07,CS401,Caltech,Stem,5,17078,88.01
140525184678992,2024-05-28,CS501,Caltech,Stem,4,20972,95.8
140525184667856,2024-12-28,CS501,Caltech,Stem,3,22157,69.21
140525184672976,2024-12-22,CS601,Caltech,Stem,4,26046,85.96
140525184670416,2024-12-08,CS401,Caltech,Stem,5,15054,91.43
140525184665488,2024-12-14,CS501,Caltech,Stem,2,21262,80.65
140525184666640,2024-10-26,CS401,Caltech,Stem,4,15818,84.09
140525184679120,2024-04-29,CS501,Caltech,Stem,5,22821,96.22
140525184665744,2024-09-22,CS501,Caltech,Stem,4,22410,92.18
140525184671120,2024-11-24,CS501,Caltech,Stem,3,22771,64.45
140525184676560,,CS501,Caltech,Stem,5,20355,73.83
140525184665232,2024-04-30,CS501,Caltech,Stem,4,20740,88.93
140525184674768,2024-07-15,CS601,Caltech,Stem,4,28847,62.41
140525184668112,2024-08-17,CS501,Caltech,Stem,5,21055,98.29
140525184667152,2024-09-18,CS601,Caltech,Stem,4,26924,95.18
140525184669072,2024-12-30,CS501,Caltech,Stem,1,22086,75.97
140525184679696,2024-09-13,CS401,Caltech,Stem,5,16349,82.77
140525184675792,2024-10-21,CS501,Caltech,Stem,5,20475,73.69
140525184667664,2024-10-24,CS501,Caltech,Stem,5,20115,86.4
140525184667344,2024-10-23,CS401,Caltech,Stem,4,15317,85.87
140525184679312,2024-12-30,CS401,Caltech,Stem,4,15152,87.17
140525184667408,2024-10-23,CS501,Caltech,Stem,4,20077,82.73
140525184671504,2024-08-30,CS501,Caltech,Stem,3,24556,91.84
140525184673744,2024-10-16,CS501,Caltech,Stem,4,20535,60.63
140525184666256,2024-11-17,CS501,Caltech,Stem,4,21068,94.59
140525184664848,2024-09-04,CS501,Caltech,Stem,4,20524,54.17
140525184675088,2024-09-16,CS601,Caltech,Stem,4,26657,74.6
140525184673296,2024-07-29,CS601,Caltech,Stem,5,25000,96.47
140525184675536,2024-12-06,CS401,Caltech,Stem,5,15970,73.72
140525184675280,2024-10-27,CS501,Caltech,Stem,4,20573,94.63
140525184670672,2024-10-10,CS401,Caltech,Stem,3,15991,70.64
140525184669392,2024-09-11,CS501,Caltech,Stem,5,20386,96.86
140525184666064,2024-12-16,CS501,Caltech,Stem,5,20679,73.03
140525184673232,2024-10-31,CS401,Caltech,Stem,2,16920,81.46
140525184676688,2024-11-27,CS401,Caltech,Stem,4,15088,83.88
140525184667792,2024-06-19,CS401,Caltech,Stem,2,17027,94.05
140525184678608,2024-11-03,CS401,Caltech,Stem,4,17969,79.33
140525184667088,2024-11-16,CS401,Caltech,Stem,4,15197,98.21
140525184678224,2024-09-10,CS501,Caltech,Stem,4,20449,91.32
140525184679056,2024-05-13,CS401,Caltech,Stem,4,15867,69.07
140525184677840,2024-07-15,CS501,Caltech,Stem,5,21702,73.01
140525184664272,2024-04-30,CS401,Caltech,Stem,4,17905,85.69
140525184671632,2024-11-17,CS401,Caltech,Stem,5,16637,76.33
140525184668048,2024-10-14,CS401,Caltech,Stem,3,16687,93.59
140525184677456,2024-07-03,CS401,Caltech,Stem,3,15095,93.06
140525184666512,2024-03-12,CS401,Caltech,Stem,5,16245,97.34
140525184675216,2024-12-21,CS401,Caltech,Stem,5,15706,98.11
140525184678096,2024-11-28,CS401,Caltech,Stem,5,,
140525184669264,2024-11-07,CS401,Caltech,Stem,3,15527,58.44
140525184668880,2024-06-29,CS401,Caltech,Stem,3,18169,64.17
140525184677968,2024-11-04,CS401,Caltech,Stem,4,15211,85.12
140525138714000,2024-12-30,CS401,Caltech,Stem,4,19078,76.71
140525138707408,2024-10-13,CS501,Caltech,Stem,5,20527,94.05
140525138706896,2024-10-13,CS501,Caltech,Stem,4,21430,82.91
140525138716816,2024-10-29,CS501,Caltech,Stem,5,21007,90.95
140525138708944,2024-03-15,CS401,Caltech,Stem,4,16821,84.31
140525138709712,2024-10-01,CS501,Caltech,Stem,5,23041,94.01
140525138715792,2024-11-06,CS401,Caltech,Stem,4,17324,96.52
140525138717584,2024-04-01,CS601,Caltech,Stem,4,25110,72.38
140525138712720,2024-08-18,CS501,Caltech,Stem,4,21277,89.89
140525138722448,,CS401,Caltech,Stem,5,16224,88.41
140525138707152,2024-10-10,CS401,Caltech,Stem,4,18106,89.76
140525138718352,2024-06-16,CS501,Caltech,Stem,5,,
140525138719888,2024-11-29,CS501,Caltech,Stem,4,24613,87.85
140525138709200,,CS501,Caltech,Stem,5,22298,78.06
140525138715024,2024-09-26,CS501,Caltech,Stem,5,20464,82.76
140525138710992,2024-11-26,CS401,Caltech,Stem,2,15407,87.85
140525138714768,2024-12-07,CS501,Caltech,Stem,5,21413,86.43
140525138710480,2024-12-08,CS501,Caltech,Stem,3,20989,91.34
140525138716560,2024-11-25,CS501,Caltech,Stem,5,20292,68.19
140525138714512,2024-07-25,CS401,Caltech,Stem,2,16389,82.52
140525138721936,2024-12-10,CS501,Caltech,Stem,2,20626,69.93
140525138707920,2024-11-16,CS501,Caltech,Stem,4,21594,88.47
140525138718864,2024-09-07,CS401,Caltech,Stem,4,15164,80.84
140525138720144,2024-08-15,CS501,Caltech,Stem,4,20912,82.77
140525138708688,2024-07-23,CS501,Caltech,Stem,4,20601,73.66
140525138712208,2024-12-06,CS501,Caltech,Stem,3,21058,51.05
140525138720912,2024-07-30,CS501,Caltech,Stem,4,21099,86.23
140525138712464,2024-07-22,CS401,Caltech,Stem,5,15257,62.99
140525138708176,2024-12-08,CS601,Caltech,Stem,5,25307,84.37
140525138722192,2024-11-16,CS501,Caltech,Stem,4,21119,40
140525138716304,2024-05-21,CS501,Caltech,Stem,,21781,81.74
140525138711696,2024-08-02,CS401,Caltech,Stem,4,15547,86.45
140525138706640,2024-09-20,CS401,Caltech,Stem,5,,
140525137182288,2024-11-22,CS501,Caltech,Stem,4,20185,81.62
140525137175696,2024-10-03,CS401,Caltech,Stem,4,16303,98.3
140525137174416,2024-12-14,CS401,Caltech,Stem,5,16075,89.24
140525137181328,2024-12-07,CS401,Caltech,Stem,5,16188,87.06
140525137180560,2024-11-22,CS401,Caltech,Stem,5,15233,83.67
140525137168912,2024-04-30,CS501,Caltech,Stem,5,21134,73.56
140525137174160,2024-11-08,CS501,Caltech,Stem,2,21593,92.79
140525137179792,2024-09-15,CS401,Caltech,Stem,4,16654,62.78
140525137173392,2024-06-15,CS401,Caltech,Stem,4,16066,67.63
140525137173648,2024-07-18,CS501,Caltech,Stem,3,21141,89.03
140525137171152,2024-08-23,CS501,Caltech,Stem,3,22022,98.6
140525137176976,2024-12-28,CS401,Caltech,Stem,5,15904,88.0
140525137171664,2024-05-28,CS401,Caltech,Stem,3,15539,87.5
140525137181584,2024-10-07,CS401,Caltech,Stem,4,17785,94.12
140525137166672,2024-11-07,CS501,Caltech,Stem,,21291,50.21
140525137182544,2024-11-23,CS501,Caltech,Stem,4,20878,80.79
140525137170640,2024-09-14,CS401,Caltech,Stem,5,15111,57.51
140525137181072,2024-07-25,CS401,Caltech,Stem,5,15192,80.52
140525137169680,2024-09-02,CS501,Caltech,Stem,2,20235,83.41
140525137179536,2024-12-27,CS401,Caltech,Stem,4,15210,98.4
140525137167376,2024-10-05,CS501,Caltech,Stem,5,,
140525137175440,2024-12-28,CS401,Caltech,Stem,4,16365,88.36
140525137177232,2024-07-29,CS401,Caltech,Stem,4,17441,79.26
140525137168656,2024-12-31,CS401,Caltech,Stem,,16498,98.68
140525137178000,2024-12-29,CS401,Caltech,Stem,3,18155,87.66
140525137166416,2024-09-05,CS401,Caltech,Stem,4,,
140525137167888,,CS501,Caltech,Stem,3,23696,98.47
140525137174928,2024-12-09,CS401,Caltech,Stem,5,15214,98.21
140525137172880,2024-10-14,CS401,Caltech,Stem,5,15232,81.3
140525137174672,2024-10-08,CS401,Caltech,Stem,5,15625,76.18
140525137167632,2024-10-08,CS401,Caltech,Stem,4,15570,64.03
140525137172176,2024-07-30,CS401,Caltech,Stem,5,16780,90.03
140525137385168,2024-12-24,CS401,Caltech,Stem,4,15045,79.54
140525137392592,2024-09-28,CS501,Caltech,Stem,2,20292,90.45
140525137387728,2024-08-29,CS501,Caltech,Stem,5,20819,89.02
140525137381072,2024-11-16,CS501,Caltech,Stem,5,,
140525137395152,2024-12-13,CS501,Caltech,Stem,5,22149,92.83
140525137395664,2024-10-14,CS501,Caltech,Stem,3,21993,63.52
140525137381840,2024-08-21,CS401,Caltech,Stem,5,15449,87.49
140525137388240,2024-12-12,CS601,Caltech,Stem,3,25531,90.85
140525137383632,2024-10-13,CS501,Caltech,Stem,5,21515,88.83
140525137390800,2024-10-23,CS501,Caltech,Stem,2,21225,93.27
140525137379536,2024-07-15,CS401,Caltech,Stem,5,16704,97.13
140525137389264,2024-12-30,CS401,Caltech,Stem,2,15039,95.72
140525137391056,2024-08-15,CS601,Caltech,Stem,5,26423,91.01
140525137387216,2024-09-07,CS401,Caltech,Stem,3,16976,95.89
140525137395408,2024-08-28,CS401,Caltech,Stem,4,16784,91.69
140525137384912,2024-08-06,CS501,Caltech,Stem,5,21451,86.89
140525137392848,2024-07-31,CS501,Caltech,Stem,5,20684,87.1
140525137384144,2024-06-12,CS501,Caltech,Stem,4,22810,94.19
140525137381328,2024-11-12,CS401,Caltech,Stem,4,17637,73.83
140525137391312,2024-11-20,CS401,Caltech,Stem,4,18978,88.69
140525137382608,2024-07-14,CS401,Caltech,Stem,5,15763,96.28
140525137393616,2024-08-06,CS401,Caltech,Stem,5,,
140525137391824,2024-05-28,CS601,Caltech,Stem,3,27675,66.63
140525137393104,2024-12-13,CS601,Caltech,Stem,,25792,86.8
140525137385936,2024-08-29,CS501,Caltech,Stem,3,,
140525137389776,2024-05-09,CS401,Caltech,Stem,4,16458,84.54
140525137387984,2024-07-09,CS501,Caltech,Stem,4,20253,78.34
140525137382864,2024-12-19,CS601,Caltech,Stem,2,26659,64.69
140525137386704,2024-07-23,CS401,Caltech,Stem,3,15836,76.31
140525137394640,2024-08-31,CS401,Caltech,Stem,5,17062,69.94
140525137384400,2024-06-30,CS501,Caltech,Stem,5,20694,95.27
140525137380048,2024-12-10,CS401,Caltech,Stem,4,15883,75.57
140525180674896,2024-06-21,CS501,Caltech,Stem,3,21400,90.28
140525180675536,2024-10-30,CS401,Caltech,Stem,3,16225,72.6
140525180674448,2024-11-09,CS401,Caltech,Stem,5,15011,88.02
140525180677072,2024-09-21,CS501,Caltech,Stem,4,20063,98.5
140525180666000,2024-12-10,CS401,Caltech,Stem,5,15695,93.83
140525180669328,2024-11-03,CS401,Caltech,Stem,4,15414,64.17
140525180680400,2024-07-21,CS401,Caltech,Stem,4,18185,96.41
140525180675728,2024-12-11,CS401,Caltech,Stem,4,15343,88.8
140525180669392,2024-07-08,CS501,Caltech,Stem,3,21498,86.07
140525180666832,2024-12-30,CS401,Caltech,Stem,4,16607,94.77
140525180681296,2024-09-13,CS501,Caltech,Stem,4,20714,57.32
140525180670864,2024-11-28,CS501,Caltech,Stem,4,20675,94.57
140525180672208,2024-12-15,CS401,Caltech,Stem,4,15629,61.74
140525180677264,,CS401,Caltech,Stem,4,15287,62.25
140525180680528,2024-08-03,CS401,Caltech,Stem,3,15236,98.86
140525180678864,2024-12-16,CS401,Caltech,Stem,5,16306,87.46
140525180674000,2024-12-25,CS401,Caltech,Stem,5,15635,98.65
140525180679504,2024-11-21,CS501,Caltech,Stem,4,20349,68.7
140525180679568,2024-10-22,CS401,Caltech,Stem,5,18120,58.01
140525180676048,2024-10-10,CS401,Caltech,Stem,,15416,98.38
140525180681552,2024-07-07,CS501,Caltech,Stem,4,23456,86.35
140525180671824,2024-10-08,CS601,Caltech,Stem,3,27961,82.61
140525180670096,2024-07-09,CS501,Caltech,Stem,4,21150,82.03
140525180669264,2024-12-13,CS601,Caltech,Stem,4,25743,96.47
140525180668560,2024-12-08,CS401,Caltech,Stem,5,15097,85.91
140525180666704,2024-12-08,CS401,Caltech,Stem,4,16917,73.92
140525180676304,2024-10-25,CS401,Caltech,Stem,3,17286,86.12
140525180668880,2024-11-25,CS401,Caltech,Stem,3,15094,98.63
140525180672720,2024-06-12,CS501,Caltech,Stem,5,20750,93.2
140525180679056,2024-11-26,CS501,Caltech,Stem,4,20422,98.97
140525180666064,2024-10-03,CS401,Caltech,Stem,5,15777,65.44
140525180672656,2024-06-18,CS601,Caltech,Stem,4,26679,68.1
140525180675152,2024-11-13,CS401,Caltech,Stem,4,15025,98.61
140525180666256,2024-06-28,CS401,Caltech,Stem,4,16982,96.91
140525180668240,2024-09-16,CS401,Caltech,Stem,5,16246,90.49
140525180666320,2024-08-20,CS501,Caltech,Stem,4,22435,89.32
140525180669904,2024-11-04,CS501,Caltech,Stem,4,20491,80.88
140525180667088,2024-12-15,CS501,Caltech,Stem,4,,
140525180668304,2024-11-15,CS401,Caltech,Stem,5,18216,94.67
140525180681936,2024-08-16,CS501,Caltech,Stem,5,20709,93.8
140525180666512,2024-08-28,CS401,Caltech,Stem,5,18461,62.72
140525180674960,2024-04-18,CS501,Caltech,Stem,4,22337,91.59
140525180675472,2024-12-28,CS501,Caltech,Stem,2,21819,69.67
140525180680144,2024-09-26,CS401,Caltech,Stem,5,15623,93.13
140525180670608,2024-11-15,CS401,Caltech,Stem,5,15922,79.8
140525180666448,2024-04-09,CS501,Caltech,Stem,5,20611,80.01
140525180672144,2024-08-08,CS401,Caltech,Stem,4,,
140525180671376,,CS501,Caltech,Stem,3,,
140525180670352,,CS601,Caltech,Stem,4,26060,74.73
140525180666192,2024-07-21,CS501,Caltech,Stem,,22717,93.13
140525180673616,2024-10-31,CS401,Caltech,Stem,4,17101,92.72
140525180681360,2024-08-14,CS501,Caltech,Stem,4,22187,87.9
140525180670544,2024-09-24,CS501,Caltech,Stem,5,,
140525180672912,2024-11-27,CS601,Caltech,Stem,4,27524,94.1
140525180676944,2024-12-24,CS501,Caltech,Stem,5,23483,78.71
140525180667216,2024-08-03,CS401,Caltech,Stem,4,15193,73.9
140525180680784,2024-12-02,CS401,Caltech,Stem,3,15522,98.08
140525180681104,2024-10-03,CS501,Caltech,Stem,4,20696,73.15
140525180671056,2024-11-26,CS401,Caltech,Stem,3,17226,68.57
140525180676432,2024-06-17,CS501,Caltech,Stem,4,21562,81.29
140525180673744,2024-11-14,CS401,Caltech,Stem,4,15468,94.99
140525180674512,,CS501,Caltech,Stem,5,20997,83.0
140525180677456,2024-12-07,CS601,Caltech,Stem,4,26747,69.46
140525180677584,2024-11-08,CS501,Caltech,Stem,4,20047,98.91
140525180672592,2024-11-15,CS501,Caltech,Stem,3,21257,73.37
140525180673232,2024-10-11,CS401,Caltech,Stem,4,17215,67.79
140525180680848,2024-10-03,CS601,Caltech,Stem,5,26521,95.22
140525180678480,2024-08-05,CS401,Caltech,Stem,5,16225,81.27
140525180668048,2024-05-15,CS601,Caltech,Stem,3,,
140525180669648,2024-12-22,CS401,Caltech,Stem,5,18242,96.88
140525180680592,,CS501,Caltech,Stem,4,20615,86.22
140525180674640,2024-11-06,CS601,Caltech,Stem,5,26161,92.21
140525180675216,,CS401,Caltech,Stem,4,15262,90.72
140525180679632,2024-04-27,CS501,Caltech,Stem,4,22499,75.16
140525180668624,2024-06-29,CS401,Caltech,Stem,4,17201,83.25
140525180678096,2024-12-26,CS401,Caltech,Stem,5,15610,60.87
140525180669712,2024-09-09,CS401,Caltech,Stem,2,,
140525180681872,2024-08-03,CS401,Caltech,Stem,4,17174,91.4
140525180676752,,CS401,Caltech,Stem,3,18149,73.24
140525180680016,2024-05-03,CS501,Caltech,Stem,2,20094,96.75
140525180673872,2024-12-03,CS501,Caltech,Stem,5,20371,61.6
140525180668112,2024-07-01,CS401,Caltech,Stem,4,16543,97.59
140525180675792,2024-10-31,CS401,Caltech,Stem,3,15011,97.97
140525180679824,2024-10-27,CS401,Caltech,Stem,5,15330,51.5
140525180678992,2024-12-29,CS501,Caltech,Stem,5,21174,92.01
140525180667280,2024-11-16,CS501,Caltech,Stem,5,21976,95.0
140525180667792,2024-12-14,CS401,Caltech,Stem,4,,
140525180667024,2024-08-27,CS401,Caltech,Stem,3,15438,95.29
140525180676688,2024-06-15,CS401,Caltech,Stem,4,16588,43.37
140525180674704,2024-11-05,CS401,Caltech,Stem,3,16011,80.76
140525180678288,2024-12-05,CS501,Caltech,Stem,3,20949,87.45
140525180679120,2024-07-17,CS401,Caltech,Stem,5,15358,93.23
140525180667600,2024-12-18,CS401,Caltech,Stem,4,17416,81.7
140525180670288,2024-09-24,CS401,Caltech,Stem,5,15522,74.69
140525180669008,2024-11-26,CS501,Caltech,Stem,4,20025,77.12
140525180680272,2024-11-11,CS501,Caltech,Stem,4,21082,80.76
140525180669776,2024-07-25,CS401,Caltech,Stem,4,15482,97.89
140525180674192,2024-10-11,CS501,Caltech,Stem,4,20287,96.92
140525180674384,2024-02-13,CS401,Caltech,Stem,3,15059,92.32
140525180679760,2024-12-16,CS501,Caltech,Stem,3,20584,96.32
140525180671888,2024-08-08,CS401,Caltech,Stem,5,16615,89.85
140525180675408,2024-12-26,CS501,Caltech,Stem,4,20222,94.48
140525180668368,2024-08-29,CS501,Caltech,Stem,3,20305,90.24
140525184152592,2024-05-03,CS501,Caltech,Stem,4,20457,86.24
140525184140368,2024-12-03,CS401,Caltech,Stem,5,17630,87.77
140525184148240,2024-08-06,CS401,Caltech,Stem,4,16092,88.11
140525184152848,2024-11-29,CS401,Caltech,Stem,4,16114,68.42
140525184151824,2024-06-01,CS401,Caltech,Stem,4,15091,64.14
140525184142288,2024-10-06,CS501,Caltech,Stem,5,22308,81.07
140525184154448,2024-12-25,CS501,Caltech,Stem,4,21028,79.3
140525184149584,2024-10-27,CS401,Caltech,Stem,5,15656,51.27
140525184141776,2024-10-24,CS601,Caltech,Stem,5,25760,89.26
140525184148880,2024-08-29,CS401,Caltech,Stem,5,,
140525184151376,2024-10-02,CS501,Caltech,Stem,,21482,83.0
140525184140880,2024-10-26,CS401,Caltech,Stem,3,17164,86.18
140525184144336,2024-11-23,CS501,Caltech,Stem,3,20370,40
140525184147216,2024-07-28,CS501,Caltech,Stem,2,20667,82.68
140525184154128,2024-11-20,CS401,Caltech,Stem,4,15074,94.56
140525184139856,2024-11-15,CS401,Caltech,Stem,4,15827,50.16
140525184141456,2024-11-18,CS601,Caltech,Stem,4,25002,73.54
140525184150288,2024-11-24,CS501,Caltech,Stem,4,21633,75.16
140525184142928,2024-07-25,CS401,Caltech,Stem,4,15113,72.81
140525184149392,2024-09-08,CS501,Caltech,Stem,4,20801,96.53
140525184143760,2024-08-01,CS401,Caltech,Stem,3,16272,98.25
140525184154064,2024-03-10,CS501,Caltech,Stem,5,21120,90.84
140525184149008,2024-05-09,CS501,Caltech,Stem,4,22621,81.67
140525184147024,2024-08-24,CS401,Caltech,Stem,5,15951,87.27
140525184153168,2024-06-25,CS401,Caltech,Stem,4,16264,82.88
140525184139920,2024-11-08,CS401,Caltech,Stem,3,16236,77.46
140525184155216,2024-12-05,CS501,Caltech,Stem,5,20463,90.66
140525184146960,2024-11-17,CS401,Caltech,Stem,4,15752,88.7
140525184146000,2024-08-23,CS601,Caltech,Stem,4,26195,92.63
140525184144720,2024-12-04,CS401,Caltech,Stem,4,15338,76.89
140525184153872,2024-12-13,CS501,Caltech,Stem,4,20403,82.22
140525184150608,2024-12-05,CS401,Caltech,Stem,4,15411,91.53
140525184143184,2024-10-26,CS401,Caltech,Stem,5,18320,93.79
140525184143952,2024-12-23,CS501,Caltech,Stem,4,21976,97.2
140525184149648,2024-11-26,CS401,Caltech,Stem,3,17017,93.95
140525184152144,2024-12-08,CS601,Caltech,Stem,5,25357,98.88
140525184143568,2024-10-30,CS401,Caltech,Stem,5,18313,71.34
140525184140176,2024-10-29,CS401,Caltech,Stem,5,16207,95.86
140525184140752,2024-10-08,CS501,Caltech,Stem,4,20119,93.73
140525184149904,2024-09-29,CS401,Caltech,Stem,4,15177,78.01
140525184153360,2024-05-13,CS501,Caltech,Stem,3,21862,95.96
140525184139984,2024-12-12,CS501,Caltech,Stem,4,20123,58.63
140525184153552,2024-09-19,CS601,Caltech,Stem,2,,
140525184148560,2024-03-20,CS501,Caltech,Stem,,21977,62.16
140525184147728,2024-10-07,CS501,Caltech,Stem,5,21110,94.88
140525184146512,2024-10-30,CS401,Caltech,Stem,5,15792,95.8
140525184152528,2024-09-07,CS401,Caltech,Stem,4,,
140525184153680,2024-10-10,CS501,Caltech,Stem,,20290,95.91
140525184154896,2024-03-28,CS501,Caltech,Stem,4,20648,91.44
140525184145936,2024-09-20,CS501,Caltech,Stem,5,20700,91.0
140525184155408,2024-05-02,CS401,Caltech,Stem,4,15040,83.8
140525184141712,2024-09-05,CS401,Caltech,Stem,3,15023,58.25
140525184149328,2024-09-20,CS501,Caltech,Stem,4,20301,58.63
140525184148816,2024-08-02,CS501,Caltech,Stem,4,,
140525184142224,2024-10-24,CS401,Caltech,Stem,4,16436,84.55
140525184144528,2024-11-28,CS401,Caltech,Stem,5,16780,98.87
140525184149840,2024-12-08,CS401,Caltech,Stem,4,15720,92.17
140525184151632,2024-11-17,CS401,Caltech,Stem,5,16505,68.45
140525184154576,,CS401,Caltech,Stem,4,17328,87.92
140525184150416,2024-08-12,CS501,Caltech,Stem,3,20336,69.83
140525184148496,2024-12-27,CS501,Caltech,Stem,3,20967,69.27
140525184148304,2024-10-20,CS401,Caltech,Stem,5,16089,75.56
140525184151952,2024-10-11,CS401,Caltech,Stem,3,15834,87.71
140525184152080,2024-11-20,CS401,Caltech,Stem,3,15008,82.05
140525184145808,2024-09-28,CS501,Caltech,Stem,5,20155,98.83
140525184145552,2024-08-24,CS501,Caltech,Stem,4,22427,79.93
140525184145680,2024-09-11,CS501,Caltech,Stem,,20402,87.09
140525184145488,,CS401,Caltech,Stem,3,15158,79.69
140525184141392,2024-06-15,CS501,Caltech,Stem,3,,
140525184148112,2024-08-23,CS501,Caltech,Stem,5,20749,91.47
140525184153424,2024-11-19,CS401,Caltech,Stem,5,15334,85.46
140525184144464,2024-07-04,CS401,Caltech,Stem,,,
140525184143440,2024-11-28,CS401,Caltech,Stem,4,15155,84.8
140525184142736,2024-12-30,CS401,Caltech,Stem,4,15125,45.44
140525184151056,2024-07-13,CS401,Caltech,Stem,5,16220,93.14
140525184145296,2024-10-15,CS601,Caltech,Stem,4,25614,74.91
140525184146192,2024-11-02,CS501,Caltech,Stem,5,20525,98.54
140525184142480,2024-10-31,CS501,Caltech,Stem,4,23527,71.51
140525184141968,2024-10-11,CS501,Caltech,Stem,4,20906,87.39
140525184150928,2024-12-20,CS401,Caltech,Stem,4,16344,95.06
140525184144784,,CS501,Caltech,Stem,3,,
140525184144016,2024-06-22,CS501,Caltech,Stem,4,22528,74.84
140525184143696,2024-10-14,CS501,Caltech,Stem,5,21903,96.63
140525184147536,2024-12-15,CS501,Caltech,Stem,5,20136,90.04
140525184144272,2024-11-03,CS401,Caltech,Stem,5,15903,85.13
140525184153296,2024-10-18,CS401,Caltech,Stem,5,17419,65.06
140525184151568,2024-11-24,CS501,Caltech,Stem,4,,
140525184154640,2024-10-19,CS401,Caltech,Stem,4,15906,94.53
140525184153040,2024-04-06,CS501,Caltech,Stem,3,20402,71.34
140525184144208,2024-10-02,CS401,Caltech,Stem,2,17035,90.69
140525184140944,2024-03-21,CS501,Caltech,Stem,3,22491,85.31
140525184150864,2024-10-10,CS501,Caltech,Stem,5,20714,74.05
140525184149776,2024-12-06,CS401,Caltech,Stem,5,18359,81.99
140525184148368,2024-09-19,CS501,Caltech,Stem,4,20399,92.63
140525184144976,2024-12-14,CS501,Caltech,Stem,2,20214,93.6
140525184145040,2024-05-01,CS501,Caltech,Stem,4,20719,85.87
140525184154320,2024-10-11,CS401,Caltech,Stem,4,15209,86.2
140525184146576,2024-12-19,CS401,Caltech,Stem,4,15012,83.23
140525184150352,2024-08-29,CS401,Caltech,Stem,4,16471,71.2
140525121718800,2024-12-22,CS401,Caltech,Stem,4,17040,83.06
140525121719312,2024-09-23,CS501,Caltech,Stem,4,22463,86.24
140525121730768,2024-07-11,CS501,Caltech,Stem,5,20802,86.02
140525121723856,2024-11-20,CS501,Caltech,Stem,4,20460,95.19
140525121718480,2024-11-24,CS401,Caltech,Stem,,16271,83.11
140525121718288,2024-06-04,CS401,Caltech,Stem,3,16064,94.24
140525121729744,2024-11-12,CS501,Caltech,Stem,3,20799,88.94
140525121722960,2024-11-09,CS401,Caltech,Stem,5,18142,86.4
140525121731984,2024-09-02,CS401,Caltech,Stem,5,15535,94.24
140525121725712,2024-11-13,CS401,Caltech,Stem,,15682,96.75
140525121726096,2024-10-17,CS501,Caltech,Stem,3,20157,88.14
140525121724496,2024-07-09,CS501,Caltech,Stem,4,20064,94.18
140525121730512,2024-08-18,CS401,Caltech,Stem,5,15225,71.58
140525121725072,2024-08-19,CS401,Caltech,Stem,5,15193,86.68
140525121722000,2024-07-23,CS501,Caltech,Stem,4,21054,78.17
140525121725904,2024-08-17,CS401,Caltech,Stem,5,15131,89.29
140525121727568,2024-07-03,CS501,Caltech,Stem,4,20005,52.63
140525121727632,2024-11-17,CS501,Caltech,Stem,4,,
140525121717968,,CS501,Caltech,Stem,4,21344,81.48
140525121722448,2024-07-18,CS401,Caltech,Stem,5,15636,72.47
140525121724752,2024-12-24,CS501,Caltech,Stem,3,22298,98.74
140525121728272,2024-08-11,CS501,Caltech,Stem,5,23217,85.41
140525121719120,2024-12-19,CS401,Caltech,Stem,5,16279,95.86
140525121723088,2024-08-04,CS501,Caltech,Stem,3,,
140525121721616,2024-07-02,CS501,Caltech,Stem,5,23060,83.64
140525121727888,2024-07-06,CS501,Caltech,Stem,5,21157,74.45
140525121729936,2024-12-28,CS501,Caltech,Stem,3,22297,98.6
140525121729680,2024-06-15,CS501,Caltech,Stem,3,20022,73.96
140525121719056,2024-11-09,CS401,Caltech,Stem,4,15401,91.85
140525121729552,2024-06-12,CS401,Caltech,Stem,3,16633,82.73
140525121730128,2024-07-16,CS401,Caltech,Stem,,,
140525121721808,2024-11-12,CS401,Caltech,Stem,4,15414,95.48
140525121722128,2024-07-18,CS501,Caltech,Stem,4,21308,95.48
140525121720848,2024-03-29,CS501,Caltech,Stem,5,22154,64.0
140525121723984,2024-12-07,CS501,Caltech,Stem,4,21288,87.2
140525121718928,2024-10-25,CS501,Caltech,Stem,4,21408,92.97
140525121722256,2024-12-24,CS401,Caltech,Stem,5,17742,68.74
140525121724880,2024-11-04,CS501,Caltech,Stem,3,22720,81.88
140525121730384,2024-05-23,CS401,Caltech,Stem,5,15714,97.83
140525121728912,2024-11-21,CS501,Caltech,Stem,3,22191,61.48
140525121716944,2024-09-03,CS501,Caltech,Stem,4,21369,94.58
140525121723408,2024-11-15,CS401,Caltech,Stem,5,15467,97.14
140525121721104,2024-11-05,CS401,Caltech,Stem,4,15950,70.78
140525121716304,2024-12-02,CS501,Caltech,Stem,4,20950,85.63
140525121717712,2024-11-29,CS401,Caltech,Stem,5,15379,95.76
140525121727504,2024-10-18,CS501,Caltech,Stem,4,20147,81.18
140525121728016,2024-09-23,CS401,Caltech,Stem,5,16127,81.63
140525121720592,2024-12-30,CS401,Caltech,Stem,4,17826,89.9
140525121731536,2024-09-03,CS401,Caltech,Stem,4,17146,85.68
140525121718096,2024-12-23,CS401,Caltech,Stem,5,15599,74.75
140525121724304,2024-12-30,CS401,Caltech,Stem,2,15840,66.0
140525121725456,2024-12-15,CS401,Caltech,Stem,5,16111,96.66
140525121716432,2024-07-05,CS501,Caltech,Stem,5,21364,66.98
140525121719760,2024-11-22,CS501,Caltech,Stem,4,20737,93.28
140525121731600,2024-09-04,CS501,Caltech,Stem,4,20987,81.78
140525121732240,2024-12-21,CS501,Caltech,Stem,4,22329,97.47
140525121731472,2024-12-28,CS501,Caltech,Stem,5,20243,79.97
140525121727760,2024-05-28,CS401,Caltech,Stem,4,16325,80.41
140525121718608,2024-12-14,CS501,Caltech,Stem,4,23026,90.38
140525121718544,2024-10-09,CS401,Caltech,Stem,3,16820,93.59
140525121729232,2024-06-12,CS401,Caltech,Stem,2,19456,78.97
140525121727312,2024-08-23,CS401,Caltech,Stem,3,15989,74.93
140525121724368,2024-10-23,CS401,Caltech,Stem,4,16216,90.78
140525121729808,2024-09-04,CS401,Caltech,Stem,5,16438,87.06
140525121728720,2024-07-04,CS501,Caltech,Stem,4,22017,73.5
140525121717840,2024-10-12,CS401,Caltech,Stem,4,16289,88.48
140525121725840,2024-11-02,CS601,Caltech,Stem,3,27585,91.81
140525121726800,2024-10-25,CS501,Caltech,Stem,2,20606,88.45
140525121718864,2024-09-24,CS501,Caltech,Stem,3,21696,98.01
140525121716496,2024-12-03,CS501,Caltech,Stem,4,20391,98.52
140525121720272,2024-11-10,CS401,Caltech,Stem,4,17268,61.96
140525121727184,2024-10-26,CS501,Caltech,Stem,2,20642,93.59
140525121724240,2024-12-05,CS601,Caltech,Stem,2,29320,75.49
140525121719632,2024-06-20,CS401,Caltech,Stem,5,16419,69.12
140525121722576,2024-09-27,CS401,Caltech,Stem,4,15256,92.74
140525121726480,2024-04-12,CS401,Caltech,Stem,3,16467,92.22
140525121717520,2024-10-13,CS401,Caltech,Stem,5,15579,75.73
140525121720528,2024-09-12,CS501,Caltech,Stem,4,20838,63.32
140525121717904,2024-12-10,CS401,Caltech,Stem,3,15690,89.58
140525121727696,2024-11-08,CS501,Caltech,Stem,5,22187,90.24
140525121721872,2024-12-08,CS501,Caltech,Stem,3,20013,91.69
140525121726544,2024-12-26,CS501,Caltech,Stem,2,22196,96.75
140525121732496,2024-09-16,CS601,Caltech,Stem,4,25328,70.19
140525121723024,2024-11-25,CS401,Caltech,Stem,4,17536,89.43
140525121732560,2024-09-07,CS501,Caltech,Stem,5,,
140525121720976,2024-08-15,CS401,Caltech,Stem,5,17182,97.04
140525121725584,2024-10-06,CS401,Caltech,Stem,2,15451,98.74
140525121720336,2024-12-28,CS501,Caltech,Stem,4,23168,81.86
140525121723600,2024-12-12,CS501,Caltech,Stem,5,20889,83.63
140525121732304,2024-12-21,CS401,Caltech,Stem,4,15835,84.31
140525121720656,2024-12-20,CS501,Caltech,Stem,3,21244,96.27
140525121722768,2024-12-21,CS401,Caltech,Stem,5,16709,97.99
140525121716688,2024-11-11,CS401,Caltech,Stem,5,16599,75.77
140525121730320,2024-12-18,CS401,Caltech,Stem,5,18009,97.44
140525121731152,2024-12-21,CS501,Caltech,Stem,4,20121,86.51
140525121719952,2024-09-11,CS401,Caltech,Stem,4,16642,86.97
140525121723728,2024-08-14,CS401,Caltech,Stem,5,16098,94.1
140525121731344,,CS501,Caltech,Stem,5,20164,57.97
140525121717200,2024-12-27,CS401,Caltech,Stem,5,,
140525121724048,2024-06-16,CS501,Caltech,Stem,3,21782,96.66
140525121728656,2024-12-07,CS601,Caltech,Stem,5,26355,98.16
140525121716752,2024-12-20,CS501,Caltech,Stem,5,20299,84.92
140525121721424,2024-08-23,CS401,Caltech,Stem,3,17618,94.17
140525121730704,2024-12-02,CS401,Caltech,Stem,5,15278,97.81
140525121717264,2024-09-14,CS501,Caltech,Stem,3,21711,79.09
140525121727824,2024-05-31,CS501,Caltech,Stem,4,20910,91.61
140525121730256,2024-05-27,CS501,Caltech,Stem,3,21554,78.02
140525121722640,2024-06-07,CS501,Caltech,Stem,4,20121,89.07
140525121728336,2024-05-05,CS401,Caltech,Stem,4,15137,63.23
140525121726608,2024-08-31,CS401,Caltech,Stem,5,16241,68.24
140525121720784,2024-03-29,CS401,Caltech,Stem,5,16607,81.41
140525121719504,2024-05-18,CS401,Caltech,Stem,4,16766,92.52
140525121731408,2024-12-24,CS401,Caltech,Stem,4,16900,92.74
140525121729872,2024-04-17,CS501,Caltech,Stem,5,20754,54.84
140525121726224,2024-10-22,CS501,Caltech,Stem,2,21848,93.59
140525121725200,2024-08-15,CS401,Caltech,Stem,4,16435,91.12
140525121727120,2024-12-04,CS501,Caltech,Stem,5,20084,73.3
140525121716816,2024-05-05,CS501,Caltech,Stem,3,,
140525121718032,2024-10-25,CS401,Caltech,Stem,4,16895,90.55
140525121729424,2024-12-26,CS401,Caltech,Stem,5,17462,79.71
140525136709776,2024-11-01,CS501,Caltech,Stem,4,21969,92.95
140525136717456,2024-10-26,CS401,Caltech,Stem,2,18509,92.38
140525136709264,2024-09-06,CS601,Caltech,Stem,,,
140525136718160,2024-12-15,CS501,Caltech,Stem,3,21201,93.57
140525136708752,2024-10-03,CS501,Caltech,Stem,4,22726,95.71
140525136716176,2024-12-13,CS401,Caltech,Stem,4,16414,82.97
140525136719696,2024-09-12,CS501,Caltech,Stem,5,22765,95.03
140525136714128,2024-11-14,CS401,Caltech,Stem,4,15651,81.48
140525136718416,2024-05-23,CS501,Caltech,Stem,2,20836,78.89
140525136709520,2024-09-24,CS401,Caltech,Stem,3,15609,63.69
140525136711056,2024-12-07,CS401,Caltech,Stem,4,15248,89.88
140525136722512,2024-07-14,CS501,Caltech,Stem,3,20207,88.64
140525136716944,2024-09-05,CS501,Caltech,Stem,4,20543,96.15
140525136709008,2024-05-22,CS401,Caltech,Stem,4,17541,98.81
140525136716432,2024-11-06,CS601,Caltech,Stem,4,25285,79.44
140525136720720,2024-05-09,CS401,Caltech,Stem,5,15192,83.32
140525136720464,2024-09-27,CS501,Caltech,Stem,3,21566,95.07
140525136719952,2024-11-25,CS401,Caltech,Stem,4,15591,71.9
140525136707792,2024-09-14,CS401,Caltech,Stem,4,16624,87.25
140525136710800,2024-07-01,CS501,Caltech,Stem,5,20945,95.2
140525136721232,2024-11-11,CS501,Caltech,Stem,4,21873,87.91
140525136710288,2024-04-19,CS401,Caltech,Stem,3,16414,63.15
140525136712336,2024-12-01,CS501,Caltech,Stem,3,20119,79.22
140525136722000,2024-07-10,CS401,Caltech,Stem,3,16465,90.48
140525136717200,2024-09-06,CS401,Caltech,Stem,3,18346,91.07
140525136715152,2024-07-22,CS501,Caltech,Stem,4,23548,89.51
140525136717904,2024-11-14,CS501,Caltech,Stem,4,21332,87.94
140525136712848,2024-08-07,CS401,Caltech,Stem,4,16365,89.1
140525136711312,2024-11-19,CS501,Caltech,Stem,3,21883,90.37
140525136722768,2024-11-30,CS401,Caltech,Stem,5,15609,64.16
140525136714384,2024-08-05,CS501,Caltech,Stem,2,20078,97.19
140525136720976,2024-11-08,CS501,Caltech,Stem,5,20665,86.43
140525136713872,2024-11-03,CS401,Caltech,Stem,5,15692,92.64
140525136712592,2024-06-07,CS401,Caltech,Stem,5,15429,60.98
140525136710544,2024-09-06,CS501,Caltech,Stem,5,21585,71.25
140525136712080,2024-08-26,CS401,Caltech,Stem,4,15299,79.29
140525138655952,2024-07-26,CS501,Caltech,Stem,3,20622,75.69
140525138652624,2024-04-26,CS401,Caltech,Stem,,16835,91.86
140525138645520,2024-03-13,CS501,Caltech,Stem,5,20715,69.91
140525138650576,2024-10-17,CS401,Caltech,Stem,5,16541,83.77
140525138644048,2024-10-24,CS401,Caltech,Stem,2,15086,98.48
140525138656208,2024-10-28,CS401,Caltech,Stem,5,15719,98.24
140525138641232,2024-10-06,CS501,Caltech,Stem,4,20699,85.33
140525138646544,2024-11-02,CS401,Caltech,Stem,4,15949,85.86
140525138649808,2024-10-09,CS401,Caltech,Stem,3,17207,88.79
140525138649552,2024-12-05,CS401,Caltech,Stem,4,,
140525138646032,2024-12-28,CS501,Caltech,Stem,4,22623,80.49
140525138652880,2024-12-05,CS501,Caltech,Stem,5,20869,90.55
140525138642512,2024-09-19,CS501,Caltech,Stem,4,20639,74.16
140525138654416,2024-10-15,CS401,Caltech,Stem,4,,
140525138655184,2024-07-03,CS401,Caltech,Stem,4,16948,79.34
140525138643536,2024-05-31,CS401,Caltech,Stem,,16126,70.93
140525138642256,2024-08-30,CS401,Caltech,Stem,5,19323,53.18
140525138643024,,CS401,Caltech,Stem,4,15073,89.25
140525138655696,2024-10-25,CS401,Caltech,Stem,3,17055,62.63
140525138646288,,CS401,Caltech,Stem,5,16432,98.68
140525138643792,2024-10-22,CS401,Caltech,Stem,4,15913,94.88
140525138654928,2024-12-28,CS501,Caltech,Stem,4,20177,98.08
140525138654672,2024-09-02,CS501,Caltech,Stem,3,22679,97.68
140525138654160,,CS501,Caltech,Stem,4,20490,97.38
140525138644816,2024-11-21,CS401,Caltech,Stem,5,16562,77.17
140525138649296,2024-07-06,CS501,Caltech,Stem,5,21066,75.18
140525138651600,2024-12-12,CS401,Caltech,Stem,4,16275,90.81
140525138651088,2024-06-19,CS401,Caltech,Stem,4,16185,93.13
140525138655440,2024-05-17,CS501,Caltech,Stem,4,20715,95.12
140525138641744,,CS501,Caltech,Stem,4,20896,74.68
140525138650320,2024-12-14,CS501,Caltech,Stem,4,22569,94.6
140525138650064,2024-09-09,CS401,Caltech,Stem,4,15558,80.47
140525138657232,2024-10-19,CS501,Caltech,Stem,2,20252,76.12
140525180539216,2024-06-29,CS501,Caltech,Stem,2,21554,98.43
140525180546320,2024-11-15,CS601,Caltech,Stem,4,26138,93.48
140525180538704,2024-09-14,CS401,Caltech,Stem,3,16277,82.63
140525180541584,2024-11-29,CS401,Caltech,Stem,3,16973,93.33
140525180545168,2024-06-23,CS501,Caltech,Stem,5,22535,88.51
140525180550864,2024-11-29,CS401,Caltech,Stem,5,15436,73.24
140525180541072,2024-12-01,CS501,Caltech,Stem,5,21889,88.93
140525180541200,2024-11-24,CS401,Caltech,Stem,5,15283,90.9
140525180535440,2024-10-17,CS401,Caltech,Stem,4,15809,95.97
140525180542992,2024-07-28,CS401,Caltech,Stem,5,18933,51.99
140525180542928,2024-07-07,CS401,Caltech,Stem,4,16596,89.1
140525180536464,2024-09-25,CS401,Caltech,Stem,3,15227,92.99
140525180539472,2024-04-26,CS401,Caltech,Stem,4,15325,88.3
140525180535632,2024-08-03,CS601,Caltech,Stem,5,26873,79.36
140525180541968,2024-06-17,CS501,Caltech,Stem,3,20696,85.26
140525180547920,2024-09-16,CS401,Caltech,Stem,5,15163,90.96
140525180536592,2024-10-03,CS501,Caltech,Stem,4,21402,92.04
140525180548688,2024-12-20,CS401,Caltech,Stem,4,15630,61.56
140525180538896,2024-08-03,CS401,Caltech,Stem,5,16820,91.95
140525180547344,2024-12-03,CS501,Caltech,Stem,4,21849,94.62
140525180534928,2024-12-18,CS501,Caltech,Stem,4,21532,74.1
140525180548880,2024-11-11,CS501,Caltech,Stem,3,20014,83.51
140525180550096,2024-09-05,CS401,Caltech,Stem,3,18145,98.57
140525180541712,2024-12-19,CS501,Caltech,Stem,3,22301,87.77
140525180539664,2024-06-24,CS401,Caltech,Stem,4,16048,91.72
140525180545936,2024-08-21,CS501,Caltech,Stem,5,20797,92.42
140525180546896,2024-10-16,CS501,Caltech,Stem,4,20227,88.98
140525180538256,2024-12-04,CS401,Caltech,Stem,4,15297,67.48
140525180544528,2024-05-14,CS501,Caltech,Stem,5,21991,96.57
140525180537616,2024-09-06,CS501,Caltech,Stem,2,20144,95.62
140525180540240,2024-10-09,CS401,Caltech,Stem,4,17017,98.97
140525180547152,2024-09-22,CS501,Caltech,Stem,4,20358,87.89
140525180543056,2024-09-10,CS501,Caltech,Stem,4,21327,82.02
140525180542416,2024-08-19,CS401,Caltech,Stem,5,16701,89.89
140525180537552,2024-11-23,CS501,Caltech,Stem,5,21606,78.98
140525180535056,2024-08-23,CS401,Caltech,Stem,4,17629,86.48
140525180548048,2024-11-11,CS401,Caltech,Stem,3,16315,73.28
140525180537744,2024-06-03,CS401,Caltech,Stem,4,15330,71.31
140525180548944,2024-12-20,CS401,Caltech,Stem,3,17271,83.14
140525180542672,2024-09-15,CS501,Caltech,Stem,3,21804,98.22
140525180540112,2024-11-15,CS401,Caltech,Stem,5,16736,98.54
140525180550992,2024-11-27,CS401,Caltech,Stem,5,16545,87.41
140525180539600,2024-08-23,CS501,Caltech,Stem,,20190,95.6
140525180539408,2024-08-21,CS601,Caltech,Stem,5,27193,96.32
140525180543888,2024-11-03,CS401,Caltech,Stem,5,,
140525180536208,2024-06-15,CS501,Caltech,Stem,4,20654,95.65
140525180537104,2024-10-18,CS501,Caltech,Stem,4,,
140525180542864,2024-07-22,CS601,Caltech,Stem,5,26366,92.58
140525180549840,2024-12-14,CS401,Caltech,Stem,4,15350,91.18
140525180540176,2024-06-30,CS401,Caltech,Stem,4,15155,96.2
140525180546128,2024-09-17,CS501,Caltech,Stem,4,21482,78.23
140525180547408,2024-08-03,CS501,Caltech,Stem,4,23189,82.57
140525180547088,2024-08-05,CS401,Caltech,Stem,4,15046,82.23
140525180536144,2024-05-10,CS401,Caltech,Stem,3,19046,95.84
140525180539856,2024-12-15,CS401,Caltech,Stem,3,17134,95.51
140525180540304,2024-08-04,CS501,Caltech,Stem,5,22982,59.81
140525180540432,2024-12-04,CS501,Caltech,Stem,4,22253,89.02
140525180543440,2024-12-30,CS501,Caltech,Stem,5,20230,76.01
140525180544912,2024-12-08,CS501,Caltech,Stem,4,,
140525180546064,2024-11-23,CS401,Caltech,Stem,4,16424,91.89
140525180544144,2024-07-14,CS401,Caltech,Stem,4,16155,69.74
140525180536400,2024-11-19,CS401,Caltech,Stem,4,18117,97.08
140525180549200,2024-08-05,CS501,Caltech,Stem,5,20797,75.84
140525180537424,2024-12-30,CS401,Caltech,Stem,3,15558,87.97
140525180536976,2024-07-13,CS401,Caltech,Stem,4,15172,69.35
140525180542032,2024-07-09,CS401,Caltech,Stem,3,16011,93.86
140525180543120,2024-12-17,CS401,Caltech,Stem,4,15689,86.45
140525180544272,2024-12-31,CS401,Caltech,Stem,3,15239,98.13
140525180538000,2024-11-24,CS401,Caltech,Stem,5,,
140525180547856,2024-12-20,CS501,Caltech,Stem,4,23701,96.77
140525180542480,2024-12-13,CS401,Caltech,Stem,4,17098,84.83
140525180541648,2024-08-04,CS401,Caltech,Stem,3,16010,95.61
140525180546448,2024-12-21,CS401,Caltech,Stem,3,17201,92.24
140525180542160,2024-08-30,CS401,Caltech,Stem,5,17892,74.56
140525180536848,2024-10-14,CS401,Caltech,Stem,4,15225,97.21
140525180541392,2024-11-24,CS501,Caltech,Stem,4,22745,84.43
140525180538128,2024-11-01,CS401,Caltech,Stem,5,15068,79.46
140525180535824,2024-04-26,CS401,Caltech,Stem,5,16106,62.02
140525180545552,2024-10-28,CS401,Caltech,Stem,5,15910,90.77
140525180547472,2024-12-26,CS501,Caltech,Stem,5,20183,89.53
140525180539536,2024-11-05,CS401,Caltech,Stem,3,15753,76.65
140525180547664,2024-09-02,CS401,Caltech,Stem,4,16099,86.82
140525180545424,2024-05-01,CS601,Caltech,Stem,4,25091,92.37
140525180535312,2024-06-30,CS501,Caltech,Stem,5,22681,88.17
140525180538384,2024-07-22,CS501,Caltech,Stem,4,20050,76.93
140525180536656,2024-12-23,CS401,Caltech,Stem,4,15754,92.91
140525180547600,2024-10-23,CS401,Caltech,Stem,4,15354,97.46
140525180549648,2024-10-09,CS401,Caltech,Stem,5,16517,92.18
140525180548304,2024-08-09,CS501,Caltech,Stem,5,,
140525180535376,2024-09-30,CS401,Caltech,Stem,3,15217,78.4
140525180548240,,CS501,Caltech,Stem,4,21698,73.37
140525180539920,2024-12-22,CS501,Caltech,Stem,4,20991,95.51
140525180544784,2024-11-10,CS501,Caltech,Stem,5,20406,98.03
140525180545296,2024-11-04,CS401,Caltech,Stem,2,16460,82.4
140525180538832,2024-11-17,CS501,Caltech,Stem,5,20977,70.88
140525180542096,2024-07-12,CS601,Caltech,Stem,4,26949,96.59
140525180546192,2024-06-30,CS401,Caltech,Stem,4,18319,77.94
140525180541456,2024-10-02,CS401,Caltech,Stem,5,15198,81.91
140525180544656,2024-11-03,CS501,Caltech,Stem,4,22678,55.6
140525180550800,2024-12-17,CS501,Caltech,Stem,4,21547,84.58
140525180549904,2024-08-06,CS401,Caltech,Stem,,16163,98.78
140525180543568,2024-09-19,CS401,Caltech,Stem,5,,
140525180997328,2024-08-20,CS501,Caltech,Stem,2,21179,98.01
140525181009040,2024-12-24,CS501,Caltech,Stem,4,21591,54.95
140525181000080,2024-08-15,CS501,Caltech,Stem,5,20801,59.26
140525181003728,2024-07-11,CS401,Caltech,Stem,5,15966,68.22
140525181007888,2024-11-11,CS501,Caltech,Stem,4,22924,52.18
140525181007184,2024-12-01,CS501,Caltech,Stem,4,20169,71.84
140525181001360,2024-05-18,CS501,Caltech,Stem,3,20896,93.33
140525181008976,2024-09-08,CS401,Caltech,Stem,4,17403,90.03
140525180998416,2024-12-24,CS501,Caltech,Stem,4,21062,87.58
140525181008464,2024-05-02,CS401,Caltech,Stem,5,15647,67.46
140525180999888,2024-09-25,CS501,Caltech,Stem,3,21079,99
140525181009552,2024-12-06,CS501,Caltech,Stem,4,21249,54.12
140525180997712,2024-11-14,CS501,Caltech,Stem,3,21183,87.26
140525180997904,2024-11-17,CS501,Caltech,Stem,3,21470,91.66
140525181001744,2024-07-11,CS401,Caltech,Stem,5,,
140525181008848,2024-10-07,CS401,Caltech,Stem,3,15702,86.75
140525180996880,2024-09-05,CS501,Caltech,Stem,3,22851,89.58
140525181005648,2024-09-19,CS401,Caltech,Stem,5,15355,90.93
140525181008080,2024-10-10,CS501,Caltech,Stem,3,21947,87.77
140525181002960,2024-11-03,CS501,Caltech,Stem,5,20725,85.36
140525181009232,2024-10-05,CS601,Caltech,Stem,5,25870,94.01
140525180997648,2024-07-15,CS501,Caltech,Stem,4,20347,71.71
140525181008336,2024-08-23,CS401,Caltech,Stem,3,17437,83.33
140525180994320,2024-07-11,CS401,Caltech,Stem,5,15789,83.41
140525181006480,2024-08-15,CS401,Caltech,Stem,4,18543,70.52
140525180996624,2024-06-14,CS401,Caltech,Stem,3,16198,81.27
140525181003344,2024-10-31,CS401,Caltech,Stem,5,16064,98.26
140525180996816,2024-09-22,CS501,Caltech,Stem,4,20953,90.83
140525181008720,2024-02-28,CS401,Caltech,Stem,5,18359,63.02
140525180995792,2024-12-10,CS401,Caltech,Stem,4,15366,72.81
140525181002448,2024-12-26,CS501,Caltech,Stem,3,23120,60.3
140525181006672,2024-08-15,CS401,Caltech,Stem,4,16868,95.5
140525181007248,2024-07-20,CS401,Caltech,Stem,4,16184,89.36
140525180999824,2024-09-13,CS401,Caltech,Stem,5,15182,97.3
140525181009488,2024-09-29,CS501,Caltech,Stem,5,,
140525180999376,2024-08-17,CS401,Caltech,Stem,4,16357,86.52
140525181001808,2024-09-08,CS501,Caltech,Stem,4,23937,54.81
140525181001680,,CS401,Caltech,Stem,4,18355,76.47
140525180996240,2024-11-12,CS401,Caltech,Stem,,16427,81.48
140525180997776,2024-10-12,CS401,Caltech,Stem,5,15646,91.75
140525180999696,2024-12-30,CS501,Caltech,Stem,5,20286,67.29
140525180996496,2024-12-07,CS401,Caltech,Stem,5,16997,89.45
140525181005776,2024-08-16,CS401,Caltech,Stem,3,15409,70.0
140525180994704,2024-07-26,CS401,Caltech,Stem,5,15356,90.07
140525181001936,2024-12-06,CS501,Caltech,Stem,4,20537,96.0
140525181006928,2024-10-11,CS501,Caltech,Stem,4,21059,97.55
140525181005904,2024-11-03,CS401,Caltech,Stem,4,17197,73.63
140525180996368,2024-12-21,CS501,Caltech,Stem,4,23948,97.32
140525181008528,2024-07-26,CS401,Caltech,Stem,4,18555,68.02
140525181001040,2024-12-27,CS501,Caltech,Stem,2,20736,54.28
140525181003664,2024-06-08,CS401,Caltech,Stem,4,15269,88.66
140525181003216,2024-06-19,CS501,Caltech,Stem,4,23473,95.21
140525181002832,2024-06-23,CS601,Caltech,Stem,4,27200,85.27
140525181001616,2024-09-27,CS401,Caltech,Stem,5,15859,79.96
140525180997520,2024-12-23,CS501,Caltech,Stem,5,20331,94.03
140525181001552,2024-06-30,CS501,Caltech,Stem,,21662,90.35
140525181009744,2024-12-10,CS501,Caltech,Stem,4,20783,88.97
140525180995728,2024-12-03,CS501,Caltech,Stem,2,20577,76.25
140525180994768,2024-10-13,CS501,Caltech,Stem,5,23234,90.98
140525181001104,2024-12-25,CS501,Caltech,Stem,4,22427,81.81
140525181002064,2024-11-12,CS501,Caltech,Stem,3,21301,97.38
140525181002640,2024-10-01,CS501,Caltech,Stem,5,20414,93.56
140525180998288,2024-12-06,CS401,Caltech,Stem,4,16929,98.24
140525181003152,2024-12-16,CS501,Caltech,Stem,4,20566,96.38
140525180993872,2024-10-16,CS501,Caltech,Stem,5,20392,93.32
140525181000144,2024-10-14,CS401,Caltech,Stem,4,15735,72.56
140525181002384,2024-10-19,CS501,Caltech,Stem,4,20085,79.7
140525181006544,2024-11-23,CS501,Caltech,Stem,4,20076,91.52
140525181006992,2024-12-28,CS601,Caltech,Stem,4,,
140525180995536,2024-07-25,CS501,Caltech,Stem,5,21011,96.38
140525181003984,2024-12-28,CS401,Caltech,Stem,5,15807,83.88
140525180999312,2024-08-27,CS401,Caltech,Stem,4,16581,76.31
140525180999120,2024-06-22,CS501,Caltech,Stem,5,22773,68.3
140525180995856,2024-06-17,CS401,Caltech,Stem,4,17512,85.42
140525180999568,2024-10-01,CS501,Caltech,Stem,5,20359,95.56
140525181007824,2024-09-15,CS501,Caltech,Stem,2,,
140525180998352,2024-11-12,CS401,Caltech,Stem,5,15021,62.04
140525181000208,2024-11-12,CS501,Caltech,Stem,4,21040,90.31
140525180998096,2024-12-25,CS501,Caltech,Stem,3,21749,56.12
140525180993744,2024-12-07,CS401,Caltech,Stem,4,15103,85.13
140525181006032,2024-11-30,CS401,Caltech,Stem,5,16986,77.98
140525181004176,2024-11-23,CS401,Caltech,Stem,4,17035,71.31
140525180998608,2024-10-27,CS401,Caltech,Stem,4,17349,93.76
140525181009296,2024-06-22,CS401,Caltech,Stem,4,17946,93.63
140525181008912,2024-12-30,CS501,Caltech,Stem,5,20256,96.94
140525181000720,2024-07-18,CS401,Caltech,Stem,4,,
140525181007312,2024-11-18,CS401,Caltech,Stem,4,16483,97.63
140525181001296,,CS501,Caltech,Stem,2,20025,86.06
140525181003856,2024-07-18,CS401,Caltech,Stem,4,15996,92.5
140525180994576,2024-06-11,CS601,Caltech,Stem,5,26097,74.52
140525180996048,2024-12-05,CS501,Caltech,Stem,5,20992,78.21
140525181004240,2024-11-10,CS501,Caltech,Stem,5,20576,66.31
140525181008208,2024-11-21,CS401,Caltech,Stem,4,17709,93.35
140525180995408,2024-07-27,CS401,Caltech,Stem,4,15450,77.64
140525181000912,2024-04-22,CS501,Caltech,Stem,5,21753,77.53
140525181003408,2024-09-16,CS401,Caltech,Stem,4,16545,89.43
140525181002768,2024-11-28,CS501,Caltech,Stem,4,20005,97.18
140525181002192,2024-12-09,CS501,Caltech,Stem,4,22453,91.98
140525181003792,2024-10-28,CS401,Caltech,Stem,4,16565,98.76
140525181005712,2024-12-03,CS501,Caltech,Stem,,22302,71.94
140525181006416,2024-10-23,CS501,Caltech,Stem,5,22797,95.53
140525181007696,2024-12-30,CS501,Caltech,Stem,2,21960,88.71
140525181008272,2024-10-11,CS401,Caltech,Stem,5,16116,90.76
140525181003600,2024-11-17,CS401,Caltech,Stem,5,16480,67.12
140525181005392,2024-08-24,CS401,Caltech,Stem,4,17956,95.33
140525181009104,2024-08-23,CS601,Caltech,Stem,5,25135,96.36
140525137487120,2024-08-27,CS401,Caltech,Stem,4,15173,71.58
140525137480144,2024-11-15,CS601,Caltech,Stem,4,27400,84.57
140525137486864,2024-11-19,CS401,Caltech,Stem,5,15632,93.1
140525137484176,2024-06-14,CS401,Caltech,Stem,4,15454,76.7
140525137490384,2024-11-29,CS501,Caltech,Stem,4,20252,78.91
140525137480400,2024-05-12,CS401,Caltech,Stem,5,15632,89.17
140525137482704,2024-10-29,CS401,Caltech,Stem,5,17700,71.8
140525137491088,2024-04-03,CS401,Caltech,Stem,4,15745,75.17
140525137488080,2024-12-19,CS501,Caltech,Stem,2,20422,91.17
140525137478608,2024-06-28,CS401,Caltech,Stem,4,15669,90.21
140525137480656,2024-11-22,CS401,Caltech,Stem,4,15249,55.16
140525137482192,2024-11-28,CS501,Caltech,Stem,4,20037,94.9
140525137479888,2024-08-10,CS401,Caltech,Stem,4,15058,93.58
140525137486160,2024-12-06,CS501,Caltech,Stem,4,20065,79.53
140525137483920,2024-10-04,CS401,Caltech,Stem,4,16112,95.7
140525137489104,2024-11-06,CS401,Caltech,Stem,4,18335,94.84
140525137489872,2024-11-03,CS501,Caltech,Stem,3,22573,79.01
140525137491344,2024-06-24,CS601,Caltech,Stem,3,26234,95.8
140525137487568,2024-11-06,CS401,Caltech,Stem,4,18710,82.06
140525137478352,2024-04-13,CS401,Caltech,Stem,5,,
140525137487824,2024-08-17,CS401,Caltech,Stem,5,16452,88.95
140525137489360,2024-12-22,CS501,Caltech,Stem,2,20264,86.11
140525137482960,2024-07-13,CS401,Caltech,Stem,3,15289,91.48
140525137490128,2024-12-23,CS501,Caltech,Stem,2,20154,71.1
140525137488592,2024-12-13,CS401,Caltech,Stem,5,15305,76.05
140525137493904,2024-09-08,CS501,Caltech,Stem,4,21926,80.77
140525137479376,2024-12-05,CS601,Caltech,Stem,4,25654,98.61
140525137484880,2024-10-14,CS501,Caltech,Stem,4,22133,92.56
140525137493136,2024-07-24,CS501,Caltech,Stem,3,21630,98.76
140525137492368,2024-11-18,CS401,Caltech,Stem,4,,
140525137484624,2024-10-28,CS401,Caltech,Stem,5,15134,96.92
140525137485904,2024-08-27,CS501,Caltech,Stem,4,21452,92.77
140525137487312,2024-07-06,CS401,Caltech,Stem,4,17706,83.76
140525137485392,2024-11-27,CS501,Caltech,Stem,4,,
140525137488848,2024-05-06,CS401,Caltech,Stem,3,17443,89.07
140525142584592,2024-10-01,CS501,Caltech,Stem,4,23937,92.86
140525142587920,2024-12-01,CS501,Caltech,Stem,5,22187,94.73
140525142580560,2024-08-25,CS401,Caltech,Stem,2,16132,84.41
140525142581008,2024-10-04,CS401,Caltech,Stem,4,17379,93.12
140525142582544,2024-11-02,CS401,Caltech,Stem,4,15103,86.95
140525142582032,,CS601,Caltech,Stem,3,,
140525142582288,2024-07-21,CS501,Caltech,Stem,5,21873,85.57
140525142577040,2024-12-13,CS401,Caltech,Stem,4,16288,80.88
140525142589200,2024-12-22,CS501,Caltech,Stem,3,23007,86.53
140525142587152,2024-10-16,CS401,Caltech,Stem,3,,
140525142579024,,CS401,Caltech,Stem,4,,
140525142582800,2024-11-23,CS401,Caltech,Stem,4,17501,71.98
140525142581520,2024-05-23,CS501,Caltech,Stem,5,20425,88.65
140525142576784,2024-09-03,CS501,Caltech,Stem,3,20920,72.44
140525142577744,2024-10-24,CS501,Caltech,Stem,5,20544,74.61
140525142588176,,CS501,Caltech,Stem,3,22250,68.11
140525142573328,2024-12-15,CS501,Caltech,Stem,3,21328,79.25
140525142576528,2024-11-22,CS501,Caltech,Stem,4,20601,94.69
140525142576016,2024-07-24,CS401,Caltech,Stem,3,15784,92.11
140525142573776,2024-08-02,CS401,Caltech,Stem,5,15048,98.75
140525142573520,2024-08-23,CS501,Caltech,Stem,5,20049,75.78
140525142575248,2024-06-26,CS401,Caltech,Stem,3,15091,92.98
140525142583056,2024-12-18,CS401,Caltech,Stem,5,16218,89.86
140525142578256,2024-05-29,CS401,Caltech,Stem,4,,
140525142579792,2024-11-25,CS501,Caltech,Stem,4,22372,79.26
140525142575760,2024-12-03,CS401,Caltech,Stem,4,16308,95.69
140525142584848,2024-12-14,CS401,Caltech,Stem,3,15543,94.97
140525142574288,2024-10-26,CS501,Caltech,Stem,4,20215,72.34
140525142585872,2024-09-09,CS601,Caltech,Stem,4,26950,88.29
140525142581264,2024-07-12,CS501,Caltech,Stem,4,20269,88.12
140525142586640,,CS401,Caltech,Stem,5,15257,79.53
140525142585104,2024-11-08,CS401,Caltech,Stem,4,15292,95.31
140525142581776,2024-11-13,CS501,Caltech,Stem,4,20839,91.63
140525142578768,2024-12-17,CS501,Caltech,Stem,3,20305,47.75
140525178986704,2024-12-07,CS501,Caltech,Stem,3,21945,96.58
140525178980048,2024-11-03,CS401,Caltech,Stem,3,16834,98.49
140525178989200,2024-09-30,CS401,Caltech,Stem,3,15177,97.92
140525178990800,2024-10-26,CS601,Caltech,Stem,4,25434,95.6
140525178979088,2024-11-24,CS501,Caltech,Stem,4,20763,97.23
140525178987792,2024-10-04,CS501,Caltech,Stem,4,20487,96.05
140525178984400,2024-11-09,CS501,Caltech,Stem,4,21938,81.9
140525178981712,2024-12-25,CS401,Caltech,Stem,4,15620,76.55
140525178994064,2024-12-05,CS401,Caltech,Stem,4,17033,82.28
140525178983056,2024-11-27,CS401,Caltech,Stem,4,16355,90.34
140525178990480,2024-06-26,CS401,Caltech,Stem,,15833,98.52
140525178984272,2024-10-08,CS501,Caltech,Stem,5,,
140525178989840,2024-09-19,CS501,Caltech,Stem,4,22434,83.51
140525178983184,2024-07-26,CS501,Caltech,Stem,3,20388,89.04
140525178981008,2024-10-26,CS501,Caltech,Stem,4,21993,98.25
140525178981328,,CS401,Caltech,Stem,5,16483,79.17
140525178989264,2024-09-12,CS401,Caltech,Stem,3,15477,89.95
140525178982608,2024-05-16,CS401,Caltech,Stem,2,15125,98.52
140525178986896,2024-11-19,CS501,Caltech,Stem,4,22897,67.85
140525178982352,2024-11-21,CS401,Caltech,Stem,2,16170,76.21
140525178988368,2024-08-05,CS501,Caltech,Stem,5,20414,97.94
140525178980304,2024-06-12,CS601,Caltech,Stem,5,25336,92.65
140525178983312,2024-10-24,CS401,Caltech,Stem,4,15471,63.54
140525178990416,2024-10-05,CS401,Caltech,Stem,3,15475,83.89
140525178985424,2024-09-30,CS501,Caltech,Stem,3,20240,88.52
140525178984720,2024-06-30,CS501,Caltech,Stem,4,20426,86.28
140525178984592,2024-10-01,CS401,Caltech,Stem,4,15013,92.71
140525178988496,2024-12-07,CS501,Caltech,Stem,5,23162,86.6
140525178978576,2024-12-10,CS601,Caltech,Stem,3,26051,92.76
140525178982096,2024-12-29,CS501,Caltech,Stem,5,20471,96.01
140525178982800,2024-10-18,CS401,Caltech,Stem,5,18131,98.0
140525178986320,2024-10-19,CS501,Caltech,Stem,4,20026,91.4
140525178991504,2024-12-30,CS401,Caltech,Stem,4,17754,63.63
140525178987472,2024-10-29,CS501,Caltech,Stem,5,,
140525178993872,2024-07-24,CS401,Caltech,Stem,2,15381,74.1
140525178993616,2024-11-15,CS501,Caltech,Stem,4,20409,98.17
140525178980368,2024-12-27,CS501,Caltech,Stem,,22059,74.8
140525178992592,2024-09-23,CS401,Caltech,Stem,3,15288,77.32
140525178987344,2024-12-07,CS501,Caltech,Stem,4,20008,83.47
140525178986448,2024-08-27,CS501,Caltech,Stem,4,20042,92.33
140525178992912,2024-10-13,CS401,Caltech,Stem,4,15966,97.82
140525178992464,2024-12-11,CS401,Caltech,Stem,5,16960,60.23
140525178991248,2024-10-21,CS401,Caltech,Stem,3,17140,91.28
140525178986064,2024-09-01,CS501,Caltech,Stem,4,21374,76.81
140525178988176,2024-12-29,CS401,Caltech,Stem,,15450,98.76
140525178983440,2024-11-24,CS501,Caltech,Stem,5,21977,82.74
140525178979408,2024-09-21,CS501,Caltech,Stem,5,21087,78.58
140525178982864,2024-10-19,CS501,Caltech,Stem,3,22599,90.89
140525178980752,2024-10-18,CS501,Caltech,Stem,4,20136,96.15
140525178988752,2024-11-05,CS601,Caltech,Stem,4,27114,93.35
140525178994128,2024-09-28,CS401,Caltech,Stem,4,15759,85.51
140525178979856,2024-10-03,CS501,Caltech,Stem,4,,
140525178992784,2024-10-04,CS501,Caltech,Stem,3,21259,89.31
140525178988240,2024-11-23,CS401,Caltech,Stem,5,15319,60.53
140525178985744,2024-08-21,CS601,Caltech,Stem,5,28254,77.52
140525178978384,2024-10-24,CS401,Caltech,Stem,5,15774,87.14
140525178991760,2024-09-13,CS501,Caltech,Stem,3,22777,83.11
140525178978896,2024-12-01,CS501,Caltech,Stem,5,24009,67.87
140525178991824,2024-11-05,CS401,Caltech,Stem,4,15537,80.69
140525178990160,2024-12-26,CS401,Caltech,Stem,5,,
140525178984848,2024-08-16,CS401,Caltech,Stem,3,15325,81.98
140525178979664,2024-06-17,CS401,Caltech,Stem,3,15048,72.13
140525178989712,2024-12-29,CS501,Caltech,Stem,4,20433,93.74
140525178987664,2024-12-28,CS401,Caltech,Stem,3,18066,96.65
140525178994512,2024-10-25,CS501,Caltech,Stem,4,23189,74.03
140525178987984,2024-08-30,CS401,Caltech,Stem,4,16361,84.03
140525178980624,2024-10-31,CS501,Caltech,Stem,3,22365,94.58
140525178994320,2024-12-28,CS401,Caltech,Stem,5,16841,71.88
140525178983632,2024-11-05,CS401,Caltech,Stem,5,,
140525178984656,2024-12-05,CS401,Caltech,Stem,4,15491,87.12
140525178980112,2024-10-13,CS401,Caltech,Stem,4,,
140525178989392,2024-10-05,CS501,Caltech,Stem,3,20318,93.13
140525178980880,2024-07-03,CS401,Caltech,Stem,4,16383,97.37
140525178992848,2024-10-21,CS501,Caltech,Stem,3,23022,96.04
140525178980688,2024-10-20,CS501,Caltech,Stem,5,20419,98.0
140525178983824,2024-11-27,CS501,Caltech,Stem,5,20399,85.0
140525178985936,2024-11-20,CS501,Caltech,Stem,3,20136,89.81
140525178982288,,CS501,Caltech,Stem,4,23196,89.68
140525178990864,2024-12-03,CS501,Caltech,Stem,4,20118,98.05
140525178978640,2024-11-24,CS501,Caltech,Stem,4,,
140525178988880,2024-09-09,CS501,Caltech,Stem,5,20191,85.06
140525178981520,2024-05-23,CS401,Caltech,Stem,5,15446,98.85
140525178994640,2024-10-21,CS401,Caltech,Stem,4,17625,63.5
140525178982736,2024-11-11,CS401,Caltech,Stem,5,17799,97.34
140525178985552,2024-09-12,CS401,Caltech,Stem,3,,
140525178991440,2024-11-25,CS501,Caltech,Stem,5,22598,79.24
140525178993296,2024-11-25,CS401,Caltech,Stem,4,16877,55.76
140525178991184,2024-11-30,CS401,Caltech,Stem,4,16736,82.83
140525178983696,2024-10-12,CS501,Caltech,Stem,5,20086,91.02
140525178978512,2024-11-24,CS401,Caltech,Stem,5,15708,71.34
140525178982032,2024-10-26,CS401,Caltech,Stem,3,18153,95.06
140525178978768,2024-12-08,CS501,Caltech,Stem,2,20630,88.54
140525178987088,2024-10-20,CS601,Caltech,Stem,4,26602,91.24
140525178991952,2024-10-18,CS401,Caltech,Stem,,17639,70.89
140525178988816,2024-06-13,CS501,Caltech,Stem,4,,
140525178992528,2024-11-09,CS501,Caltech,Stem,5,22546,90.06
140525178988944,2024-11-25,CS501,Caltech,Stem,5,20963,81.14
140525178990992,2024-11-21,CS501,Caltech,Stem,4,20707,94.87
140525178992080,2024-10-11,CS501,Caltech,Stem,4,20443,83.16
140525178985360,2024-12-29,CS401,Caltech,Stem,4,15204,64.1
140525178990288,2024-06-29,CS401,Caltech,Stem,4,15204,63.67
140525178987920,2024-12-11,CS401,Caltech,Stem,5,17680,94.4
140525178992016,2024-11-18,CS401,Caltech,Stem,5,15354,73.29
140525178991312,2024-04-13,CS601,Caltech,Stem,5,26987,95.58
140525178980816,2024-11-05,CS501,Caltech,Stem,3,21206,95.51
140525178993808,2024-09-09,CS401,Caltech,Stem,,15452,67.0
140525180119184,2024-12-17,CS401,Caltech,Stem,5,15527,79.82
140525180113552,2024-11-02,CS501,Caltech,Stem,3,,
140525180113616,2024-10-19,CS401,Caltech,Stem,3,16288,78.8
140525180117776,2024-10-19,CS401,Caltech,Stem,5,16843,95.91
140525180113168,,CS501,Caltech,Stem,4,21165,83.09
140525180120592,2024-11-30,CS401,Caltech,Stem,4,15310,83.32
140525180121552,,CS401,Caltech,Stem,4,16425,98.43
140525180112528,2024-12-21,CS401,Caltech,Stem,3,18303,92.03
140525180120720,2024-12-20,CS501,Caltech,Stem,4,20467,97.18
140525180116560,2024-10-22,CS501,Caltech,Stem,5,20127,89.57
140525180124432,2024-12-07,CS401,Caltech,Stem,,15005,82.26
140525180113936,2024-12-15,CS401,Caltech,Stem,3,15727,88.31
140525180117904,2024-08-21,CS601,Caltech,Stem,2,26997,98.98
140525180110224,2024-10-28,CS601,Caltech,Stem,5,25144,79.18
140525180121104,2024-11-23,CS501,Caltech,Stem,4,22664,88.88
140525180117712,2024-09-28,CS401,Caltech,Stem,5,,
140525180110864,2024-12-01,CS401,Caltech,Stem,5,18122,84.42
140525180109072,2024-11-30,CS401,Caltech,Stem,5,16423,86.43
140525180119504,2024-12-04,CS401,Caltech,Stem,4,16511,93.35
140525180116048,2024-12-08,CS401,Caltech,Stem,4,18277,76.85
140525180124880,2024-08-04,CS401,Caltech,Stem,4,16853,59.18
140525180123472,2024-11-29,CS501,Caltech,Stem,4,21935,61.47
140525180124112,2024-12-17,CS401,Caltech,Stem,5,18807,92.54
140525180112080,2024-11-30,CS401,Caltech,Stem,4,15185,77.14
140525180123152,2024-09-21,CS501,Caltech,Stem,5,20835,96.74
140525180112656,2024-12-21,CS401,Caltech,Stem,5,16170,93.73
140525180120656,2024-10-20,CS501,Caltech,Stem,4,20786,65.0
140525180122128,2024-09-07,CS501,Caltech,Stem,,22195,78.89
140525180112912,2024-06-10,CS501,Caltech,Stem,2,21454,74.02
140525180125072,2024-11-22,CS401,Caltech,Stem,4,15938,92.85
140525180113232,2024-11-07,CS501,Caltech,Stem,3,20174,70.26
140525180115152,2024-12-16,CS401,Caltech,Stem,3,15293,88.94
140525180109712,2024-11-08,CS501,Caltech,Stem,4,20925,90.11
140525180115920,2024-11-17,CS501,Caltech,Stem,3,20960,91.6
140525180116944,,CS401,Caltech,Stem,5,16502,73.71
140525180112720,2024-08-05,CS401,Caltech,Stem,5,16507,65.39
140525180123344,2024-11-26,CS401,Caltech,Stem,5,19245,83.45
140525180118608,2024-10-09,CS501,Caltech,Stem,5,23528,94.73
140525180123408,2024-09-25,CS501,Caltech,Stem,,,
140525180120208,2024-11-25,CS501,Caltech,Stem,,20388,96.97
140525180109328,2024-11-06,CS501,Caltech,Stem,2,21878,47.98
140525180123088,2024-08-05,CS401,Caltech,Stem,5,17135,75.39
140525180110544,2024-12-18,CS401,Caltech,Stem,4,16153,87.82
140525180122896,2024-11-06,CS401,Caltech,Stem,4,15592,61.96
140525180112464,2024-09-19,CS401,Caltech,Stem,4,15694,75.14
140525180109648,2024-12-27,CS601,Caltech,Stem,4,27323,94.05
140525180111376,2024-11-12,CS401,Caltech,Stem,5,15916,90.05
140525180121680,2024-08-05,CS501,Caltech,Stem,3,20427,83.28
140525180116432,2024-12-11,CS401,Caltech,Stem,4,15208,83.8
140525180112208,2024-09-04,CS401,Caltech,Stem,5,15678,95.67
140525180118992,2024-07-24,CS401,Caltech,Stem,4,15629,87.97
140525180120016,2024-10-22,CS401,Caltech,Stem,3,15480,98.82
140525180112976,2024-05-31,CS401,Caltech,Stem,4,15991,97.44
140525180112848,2024-11-27,CS501,Caltech,Stem,4,20569,93.92
140525180119568,2024-12-15,CS401,Caltech,Stem,4,15734,94.3
140525180112592,2024-07-12,CS501,Caltech,Stem,3,20360,96.04
140525180119632,2024-08-23,CS501,Caltech,Stem,2,21435,75.55
140525180122256,2024-10-25,CS401,Caltech,Stem,3,16029,78.81
140525180114960,2024-11-20,CS401,Caltech,Stem,3,15144,77.69
140525180113360,2024-10-29,CS401,Caltech,Stem,4,19066,79.58
140525180111632,2024-06-14,CS601,Caltech,Stem,4,25442,76.96
140525180114128,2024-08-11,CS401,Caltech,Stem,5,,
140525180119056,2024-11-04,CS501,Caltech,Stem,3,22896,87.41
140525180110096,2024-08-21,CS501,Caltech,Stem,3,20659,90.48
140525180110416,2024-09-05,CS401,Caltech,Stem,3,,
140525180111696,2024-11-21,CS501,Caltech,Stem,3,21687,94.69
140525180116752,2024-12-26,CS501,Caltech,Stem,5,20135,74.56
140525180118288,2024-11-14,CS501,Caltech,Stem,5,20337,76.38
140525180122704,2024-09-23,CS401,Caltech,Stem,4,16321,75.15
140525180114768,2024-12-01,CS501,Caltech,Stem,4,20530,98.57
140525180115216,2024-10-19,CS501,Caltech,Stem,5,20524,74.56
140525180119824,2024-06-09,CS401,Caltech,Stem,5,15061,93.71
140525180121808,2024-09-09,CS401,Caltech,Stem,,17433,62.23
140525180124624,2024-10-26,CS501,Caltech,Stem,2,20086,92.95
140525180120528,2024-11-14,CS501,Caltech,Stem,,23903,60.14
140525180116304,2024-05-18,CS401,Caltech,Stem,5,15959,63.22
140525180110608,2024-10-05,CS501,Caltech,Stem,5,,
140525180122576,2024-11-09,CS501,Caltech,Stem,3,22166,62.44
140525180118032,2024-10-08,CS501,Caltech,Stem,4,20700,95.28
140525180113872,2024-12-09,CS401,Caltech,Stem,2,16730,72.52
140525180111184,2024-10-10,CS501,Caltech,Stem,5,20252,94.52
140525180109200,2024-09-14,CS401,Caltech,Stem,5,16466,93.82
140525180124176,2024-11-02,CS501,Caltech,Stem,4,21677,91.56
140525180123920,2024-12-23,CS501,Caltech,Stem,4,20984,86.37
140525180118928,2024-03-03,CS501,Caltech,Stem,4,,
140525180114256,2024-12-17,CS501,Caltech,Stem,4,21507,90.22
140525180109904,2024-10-20,CS501,Caltech,Stem,4,21169,97.91
140525180120272,2024-12-30,CS401,Caltech,Stem,3,18220,78.77
140525180115792,2024-12-19,CS401,Caltech,Stem,4,16911,93.28
140525180124496,2024-10-21,CS401,Caltech,Stem,3,16051,44.89
140525180109968,2024-09-18,CS401,Caltech,Stem,4,16191,82.01
140525180118800,2024-12-03,CS401,Caltech,Stem,4,,
140525180113744,,CS501,Caltech,Stem,5,20200,81.81
140525180115664,2024-09-26,CS401,Caltech,Stem,2,16816,67.08
140525180123024,2024-11-15,CS401,Caltech,Stem,5,15562,80.89
140525180122832,2024-11-03,CS401,Caltech,Stem,4,16567,94.02
140525180113424,2024-06-10,CS401,Caltech,Stem,5,15485,62.86
140525180110160,2024-08-23,CS501,Caltech,Stem,4,21053,73.15
140525180124048,2024-12-07,CS501,Caltech,Stem,3,20174,72.74
140525180115024,2024-10-03,CS401,Caltech,Stem,2,,
140525180109840,2024-04-14,CS501,Caltech,Stem,4,20336,95.32
140525180116880,2024-10-18,CS401,Caltech,Stem,3,17580,98.34
140525180109584,2024-11-20,CS401,Caltech,Stem,3,16202,56.55
140525180124560,,CS401,Caltech,Stem,2,15790,93.16
140525180120464,2024-12-02,CS501,Caltech,Stem,4,22079,71.99
140525180124688,2024-12-01,CS401,Caltech,Stem,4,15026,94.05
140525180124368,2024-12-31,CS501,Caltech,Stem,3,20714,88.19
140525139217488,2024-08-03,CS501,Caltech,Stem,4,20658,75.72
140525139225040,2024-06-19,CS501,Caltech,Stem,5,20776,74.58
140525139224272,2024-10-04,CS401,Caltech,Stem,4,16426,81.77
140525139219280,2024-06-21,CS501,Caltech,Stem,4,21950,85.74
140525139216720,2024-10-05,CS401,Caltech,Stem,4,18339,96.89
140525139223056,2024-10-26,CS401,Caltech,Stem,3,18054,82.56
140525139219984,2024-10-08,CS501,Caltech,Stem,4,22412,92.14
140525139226320,2024-09-30,CS501,Caltech,Stem,4,22029,91.82
140525139214416,2024-12-14,CS501,Caltech,Stem,2,22038,93.36
140525139226064,2024-11-25,CS401,Caltech,Stem,2,15079,95.99
140525139223248,2024-12-29,CS401,Caltech,Stem,4,17869,52.53
140525139221776,2024-10-24,CS501,Caltech,Stem,5,20444,97.71
140525139225296,2024-11-12,CS501,Caltech,Stem,2,22362,65.73
140525139219728,2024-07-24,CS401,Caltech,Stem,3,15983,96.31
140525139226832,2024-11-26,CS501,Caltech,Stem,4,20823,84.66
140525139215184,2024-10-28,CS601,Caltech,Stem,5,28528,84.26
140525139228368,2024-12-16,CS401,Caltech,Stem,4,17009,84.17
140525139219024,2024-11-21,CS401,Caltech,Stem,4,17516,70.82
140525139217232,2024-09-29,CS401,Caltech,Stem,4,16414,86.67
140525139216208,2024-09-08,CS601,Caltech,Stem,4,27927,75.95
140525139228624,2024-09-05,CS401,Caltech,Stem,3,16138,66.93
140525139224528,2024-10-11,CS501,Caltech,Stem,5,20047,58.41
140525139219472,2024-09-03,CS401,Caltech,Stem,3,15000,91.81
140525139224016,2024-12-20,CS501,Caltech,Stem,4,20408,95.42
140525139221520,2024-10-10,CS401,Caltech,Stem,4,15719,87.58
140525139223760,2024-12-21,CS501,Caltech,Stem,3,20836,94.8
140525139220240,2024-09-01,CS501,Caltech,Stem,2,21955,81.8
140525139227600,2024-09-08,CS401,Caltech,Stem,5,15759,94.49
140525139220752,2024-06-27,CS401,Caltech,Stem,3,18743,89.5
140525139221264,2024-11-08,CS501,Caltech,Stem,3,20297,98.52
140525139217744,2024-05-10,CS401,Caltech,Stem,4,,
140525139226576,2024-09-16,CS401,Caltech,Stem,3,15247,98.67
140525139214672,2024-09-19,CS501,Caltech,Stem,4,22038,98.97
140525182028240,2024-10-24,CS501,Caltech,Stem,5,20379,78.11
140525182040528,2024-12-03,CS401,Caltech,Stem,4,15997,84.4
140525182037264,,CS501,Caltech,Stem,3,21354,61.53
140525182035600,2024-12-13,CS501,Caltech,Stem,,20660,95.73
140525182026704,2024-12-09,CS401,Caltech,Stem,5,16044,90.14
140525182033872,2024-09-26,CS501,Caltech,Stem,3,,
140525182029968,2024-10-31,CS501,Caltech,Stem,5,21487,95.5
140525182028944,2024-09-21,CS401,Caltech,Stem,5,15101,78.95
140525182037712,2024-12-14,CS401,Caltech,Stem,4,15819,85.41
140525182036112,2024-09-29,CS401,Caltech,Stem,5,15695,97.81
140525182037392,2024-05-26,CS401,Caltech,Stem,4,15201,94.58
140525182034384,2024-06-26,CS401,Caltech,Stem,3,15817,73.24
140525182027344,2024-09-26,CS401,Caltech,Stem,3,16025,85.76
140525182032848,2024-12-22,CS401,Caltech,Stem,5,15365,97.67
140525182026384,2024-11-17,CS501,Caltech,Stem,4,22200,83.89
140525182028560,2024-10-01,CS401,Caltech,Stem,3,15317,70.76
140525182029584,2024-05-16,CS401,Caltech,Stem,3,16491,88.72
140525182038928,,CS501,Caltech,Stem,5,20577,96.23
140525182035280,2024-08-05,CS401,Caltech,Stem,5,15173,98.95
140525182039952,2024-07-30,CS401,Caltech,Stem,2,15044,98.85
140525182039568,2024-12-18,CS401,Caltech,Stem,4,,
140525182027792,,CS401,Caltech,Stem,4,,
140525182027984,2024-10-15,CS401,Caltech,Stem,4,15105,80.47
140525182033104,2024-09-04,CS501,Caltech,Stem,4,20711,94.49
140525182038608,2024-10-03,CS501,Caltech,Stem,4,20639,89.85
140525182039056,2024-11-28,CS401,Caltech,Stem,3,15793,63.74
140525182028496,2024-11-30,CS401,Caltech,Stem,5,15913,81.44
140525182041424,2024-11-13,CS501,Caltech,Stem,5,,
140525182031312,2024-12-27,CS401,Caltech,Stem,2,16649,78.98
140525182035472,2024-07-05,CS501,Caltech,Stem,4,20771,83.54
140525182027216,2024-05-19,CS401,Caltech,Stem,4,17923,76.64
140525182032784,2024-05-18,CS601,Caltech,Stem,4,27464,76.76
140525182033360,2024-10-23,CS401,Caltech,Stem,2,17995,94.8
140525182033232,2024-10-02,CS401,Caltech,Stem,4,16279,80.53
140525182038032,2024-11-04,CS401,Caltech,Stem,4,15220,98.19
140525182039632,2024-12-11,CS501,Caltech,Stem,5,21813,62.41
140525182031376,2024-06-19,CS401,Caltech,Stem,5,15715,97.59
140525182027088,2024-06-16,CS501,Caltech,Stem,,20352,78.6
140525182026000,2024-10-21,CS501,Caltech,Stem,4,20267,68.29
140525182035664,2024-08-12,CS401,Caltech,Stem,4,15629,71.88
140525182041616,2024-05-01,CS401,Caltech,Stem,3,18873,61.6
140525182026192,2024-10-18,CS501,Caltech,Stem,3,20223,87.96
140525182027280,2024-10-20,CS501,Caltech,Stem,5,21276,82.7
140525182028816,2024-07-23,CS501,Caltech,Stem,4,,
140525182040592,2024-08-08,CS501,Caltech,Stem,3,21832,86.51
140525182040912,2024-06-20,CS401,Caltech,Stem,5,15876,89.6
140525182025808,2024-07-23,CS401,Caltech,Stem,4,16573,89.05
140525182034320,,CS401,Caltech,Stem,5,15019,82.27
140525182040656,2024-08-21,CS501,Caltech,Stem,5,,
140525182040272,2024-11-06,CS501,Caltech,Stem,4,22842,79.73
140525182026064,2024-11-15,CS501,Caltech,Stem,4,20644,81.45
140525182036368,2024-10-20,CS501,Caltech,Stem,3,22268,79.08
140525182037136,2024-08-07,CS401,Caltech,Stem,3,16273,58.76
140525182035536,2024-10-01,CS501,Caltech,Stem,4,21713,74.57
140525182027600,2024-07-24,CS501,Caltech,Stem,,21002,90.18
140525182036624,2024-09-24,CS501,Caltech,Stem,4,22977,56.31
140525182025936,2024-11-13,CS501,Caltech,Stem,4,21996,81.9
140525182028752,2024-06-13,CS501,Caltech,Stem,5,20520,97.03
140525182033680,2024-10-07,CS501,Caltech,Stem,4,20060,83.48
140525182039376,2024-12-19,CS401,Caltech,Stem,4,15354,98.2
140525182037648,2024-07-28,CS401,Caltech,Stem,5,15029,98.23
140525182036752,2024-05-11,CS501,Caltech,Stem,3,22518,92.73
140525182041808,2024-12-26,CS401,Caltech,Stem,3,15096,98.28
140525182029712,2024-10-12,CS401,Caltech,Stem,4,15360,83.35
140525182035920,2024-08-25,CS501,Caltech,Stem,3,20790,81.91
140525182038096,2024-08-09,CS401,Caltech,Stem,4,15114,96.43
140525182031504,2024-04-05,CS501,Caltech,Stem,3,20053,99
140525182037072,2024-11-03,CS501,Caltech,Stem,4,21207,65.93
140525182031888,2024-08-22,CS401,Caltech,Stem,3,17179,69.97
140525182039824,2024-08-14,CS501,Caltech,Stem,5,20388,82.45
140525182032400,2024-07-26,CS601,Caltech,Stem,5,26850,86.26
140525182039760,2024-11-04,CS401,Caltech,Stem,5,16028,94.78
140525182029008,,CS601,Caltech,Stem,,25818,87.04
140525182029072,2024-10-03,CS501,Caltech,Stem,5,20563,93.99
140525182040720,2024-06-01,CS401,Caltech,Stem,4,15270,77.18
140525182039120,2024-09-09,CS601,Caltech,Stem,3,25129,86.63
140525182041296,2024-11-29,CS501,Caltech,Stem,4,20089,79.16
140525182040080,2024-11-12,CS501,Caltech,Stem,5,21367,76.14
140525182032144,2024-12-02,CS401,Caltech,Stem,4,15724,90.77
140525182027024,2024-09-05,CS401,Caltech,Stem,3,15431,86.02
140525182041936,2024-12-17,CS401,Caltech,Stem,,15171,67.13
140525182041040,2024-12-03,CS501,Caltech,Stem,3,20153,61.2
140525182039248,2024-09-01,CS501,Caltech,Stem,4,20772,67.84
140525182034512,2024-06-29,CS401,Caltech,Stem,4,16525,86.52
140525182030800,2024-06-10,CS401,Caltech,Stem,5,16747,82.66
140525182038416,2024-08-26,CS401,Caltech,Stem,4,18057,82.13
140525182027728,2024-11-27,CS501,Caltech,Stem,4,21440,91.96
140525182038160,2024-08-24,CS401,Caltech,Stem,4,15962,83.87
140525182041872,2024-10-05,CS401,Caltech,Stem,4,17330,84.21
140525182029136,2024-08-30,CS501,Caltech,Stem,3,22292,98.82
140525182037584,,CS501,Caltech,Stem,4,22469,83.42
140525182027536,2024-10-27,CS401,Caltech,Stem,4,16859,95.23
140525182033616,2024-09-20,CS401,Caltech,Stem,3,,
140525182028304,2024-12-26,CS501,Caltech,Stem,,21548,77.6
140525182030160,2024-12-02,CS501,Caltech,Stem,5,,
140525182034896,2024-11-17,CS401,Caltech,Stem,5,15865,83.93
140525182030288,2024-11-14,CS401,Caltech,Stem,4,15330,90.16
140525182041168,2024-11-16,CS501,Caltech,Stem,4,20461,78.62
140525182030480,2024-11-02,CS501,Caltech,Stem,2,22426,54.13
140525182031568,2024-05-26,CS401,Caltech,Stem,5,,
140525182040144,2024-11-22,CS501,Caltech,Stem,4,21811,87.07
140525182039184,2024-07-11,CS401,Caltech,Stem,4,,
140525182041680,2024-04-15,CS401,Caltech,Stem,5,16853,83.12
140525182032592,2024-12-20,CS401,Caltech,Stem,5,17481,99
140525182032016,2024-12-16,CS501,Caltech,Stem,4,21627,96.81
140525182034640,2024-10-27,CS401,Caltech,Stem,5,15165,84.84
140525182033552,2024-11-15,CS501,Caltech,Stem,5,21950,65.24
140525182028048,2024-11-28,CS401,Caltech,Stem,5,15133,79.39
140525182031952,2024-11-01,CS401,Caltech,Stem,3,16149,90.98
140525182039440,2024-10-23,CS401,Caltech,Stem,5,15135,50.63
140525182026448,2024-03-02,CS401,Caltech,Stem,4,15198,88.46
140525182038288,2024-07-28,CS601,Caltech,Stem,4,25900,84.96
140525182027472,2024-10-25,CS601,Caltech,Stem,5,28021,93.04
140525182028432,2024-10-28,CS401,Caltech,Stem,3,17081,62.54
140525182032208,2024-12-04,CS401,Caltech,Stem,5,16560,86.58
140525182038352,2024-10-19,CS401,Caltech,Stem,4,18011,88.77
140525182034960,2024-11-02,CS501,Caltech,Stem,3,21999,75.71
140525182026768,2024-09-17,CS401,Caltech,Stem,4,16852,86.21
140525142689808,2024-07-02,CS501,Caltech,Stem,5,,
140525142701392,2024-12-17,CS401,Caltech,Stem,5,15598,81.73
140525142696080,2024-10-22,CS501,Caltech,Stem,2,,
140525142702864,2024-11-18,CS501,Caltech,Stem,5,20945,72.99
140525142692880,2024-10-16,CS501,Caltech,Stem,5,21204,70.85
140525142702608,2024-11-17,CS501,Caltech,Stem,4,20746,84.07
140525142703120,2024-12-06,CS501,Caltech,Stem,4,21385,84.6
140525142700624,2024-12-11,CS501,Caltech,Stem,4,21849,72.18
140525142699088,2024-12-27,CS401,Caltech,Stem,4,16718,85.71
140525142692112,,CS601,Caltech,Stem,4,27092,82.9
140525142694352,2024-10-26,CS501,Caltech,Stem,3,20437,93.43
140525142696336,2024-09-22,CS501,Caltech,Stem,4,21546,77.75
140525142689552,2024-11-17,CS601,Caltech,Stem,3,26644,91.24
140525142703376,2024-09-17,CS601,Caltech,Stem,4,,
140525142694096,2024-07-13,CS401,Caltech,Stem,2,16710,77.99
140525142693392,2024-11-19,CS501,Caltech,Stem,5,20093,91.66
140525142690832,,CS401,Caltech,Stem,4,,
140525142696592,2024-11-25,CS501,Caltech,Stem,4,20298,98.15
140525142689296,2024-11-07,CS501,Caltech,Stem,3,22312,91.33
140525142691856,2024-12-09,CS501,Caltech,Stem,5,21823,78.06
140525142701648,2024-07-16,CS401,Caltech,Stem,4,15680,93.61
140525142691344,2024-12-13,CS401,Caltech,Stem,5,15735,97.26
140525142698832,2024-08-14,CS401,Caltech,Stem,5,,
140525142698576,2024-08-09,CS401,Caltech,Stem,5,15271,84.75
140525142688784,2024-12-24,CS401,Caltech,Stem,5,16979,90.1
140525142690064,2024-10-31,CS501,Caltech,Stem,3,20647,92.4
140525142690320,2024-12-29,CS501,Caltech,Stem,2,20633,81.84
140525142694608,2024-10-20,CS401,Caltech,Stem,4,19032,74.81
140525142700880,2024-07-09,CS501,Caltech,Stem,3,21598,90.07
140525142695312,2024-11-03,CS401,Caltech,Stem,5,15875,95.1
140525142703632,2024-10-27,CS401,Caltech,Stem,4,16970,82.26
140525142693840,2024-09-11,CS401,Caltech,Stem,4,15857,98.02
140525142703888,2024-12-04,CS501,Caltech,Stem,3,22091,65.87
140525134587408,2024-12-01,CS401,Caltech,Stem,3,,
140525134584592,2024-10-23,CS401,Caltech,Stem,4,15134,92.82
140525134588432,2024-12-14,CS401,Caltech,Stem,4,15466,62.81
140525134592784,2024-12-03,CS401,Caltech,Stem,4,15478,66.58
140525134579728,2024-11-16,CS501,Caltech,Stem,3,20498,95.06
140525134579216,2024-11-18,CS401,Caltech,Stem,5,15107,78.18
140525134580240,2024-12-24,CS401,Caltech,Stem,,15988,98.99
140525134586640,2024-09-26,CS501,Caltech,Stem,4,21113,98.0
140525134589200,2024-12-08,CS401,Caltech,Stem,5,17284,78.67
140525134578960,2024-11-04,CS401,Caltech,Stem,4,18302,67.45
140525134578192,2024-10-07,CS401,Caltech,Stem,3,17113,76.19
140525134590224,2024-11-07,CS501,Caltech,Stem,4,20072,88.57
140525134589968,2024-09-11,CS501,Caltech,Stem,5,20809,87.94
140525134586384,,CS401,Caltech,Stem,,,
140525134582800,2024-08-09,CS501,Caltech,Stem,5,,
140525134587152,2024-12-19,CS401,Caltech,Stem,4,15628,67.67
140525134584336,2024-08-16,CS501,Caltech,Stem,4,20861,97.82
140525134585872,2024-12-01,CS501,Caltech,Stem,4,23642,89.65
140525134586128,2024-10-29,CS501,Caltech,Stem,5,21024,74.07
140525134583824,2024-12-02,CS501,Caltech,Stem,5,21473,92.7
140525134578704,2024-12-21,CS501,Caltech,Stem,4,,
140525134583568,2024-06-26,CS501,Caltech,Stem,4,,
140525134588688,2024-11-05,CS601,Caltech,Stem,4,25284,92.83
140525134583056,2024-10-10,CS401,Caltech,Stem,5,15212,80.53
140525134584848,2024-11-03,CS501,Caltech,Stem,5,20351,52.57
140525134587664,2024-06-08,CS501,Caltech,Stem,2,,
140525134590992,2024-12-30,CS501,Caltech,Stem,5,20906,78.15
140525134581264,2024-12-17,CS501,Caltech,Stem,5,21770,83.18
140525134582032,,CS401,Caltech,Stem,5,15160,80.68
140525134582288,2024-03-08,CS401,Caltech,Stem,2,15264,80.51
140525134589712,2024-11-04,CS601,Caltech,Stem,5,25119,94.65
140525134580752,2024-11-26,CS501,Caltech,Stem,4,20277,90.03
140525134585104,2024-11-02,CS501,Caltech,Stem,4,19999,61.16
140525141990224,2024-12-24,CS401,Caltech,Stem,4,15023,98.61
140525141986192,2024-03-30,CS401,Caltech,Stem,3,16002,72.01
140525141998352,2024-09-26,CS401,Caltech,Stem,5,17866,79.02
140525141996816,2024-05-02,CS501,Caltech,Stem,5,21061,64.78
140525141989456,2024-08-03,CS501,Caltech,Stem,4,,
140525141993232,2024-11-22,CS601,Caltech,Stem,4,26185,89.22
140525141996048,2024-08-08,CS501,Caltech,Stem,4,20671,82.11
140525141991504,2024-10-09,CS501,Caltech,Stem,5,20887,72.3
140525141990480,2024-12-31,CS501,Caltech,Stem,3,20084,96.35
140525141990736,2024-09-27,CS401,Caltech,Stem,4,16285,89.53
140525141989968,2024-07-17,CS501,Caltech,Stem,5,20104,91.5
140525141986448,2024-08-18,CS401,Caltech,Stem,5,17702,92.52
140525141987920,2024-07-25,CS401,Caltech,Stem,5,16687,94.56
140525141989712,2024-10-23,CS501,Caltech,Stem,3,,
140525141984208,2024-10-27,CS401,Caltech,Stem,3,15469,86.36
140525141985488,2024-12-13,CS401,Caltech,Stem,5,,
140525141993488,2024-03-04,CS401,Caltech,Stem,4,17377,93.28
140525141997328,2024-11-26,CS501,Caltech,Stem,4,21822,91.83
140525141995792,2024-10-20,CS401,Caltech,Stem,5,16280,89.24
140525141988176,2024-11-30,CS401,Caltech,Stem,5,15764,73.6
140525141994000,2024-04-27,CS501,Caltech,Stem,3,21140,77.99
140525141984720,2024-11-04,CS501,Caltech,Stem,4,21087,79.19
140525141995536,2024-08-13,CS401,Caltech,Stem,2,16869,87.25
140525141988944,2024-10-04,CS401,Caltech,Stem,3,15238,85.25
140525141998096,2024-10-03,CS501,Caltech,Stem,3,21563,96.51
140525141987408,2024-05-28,CS401,Caltech,Stem,3,17798,61.7
140525141999120,2024-08-01,CS401,Caltech,Stem,4,15709,97.86
140525141983440,2024-12-09,CS601,Caltech,Stem,4,25709,79.04
140525141995024,2024-06-26,CS401,Caltech,Stem,3,18108,84.53
140525141985232,2024-12-16,CS601,Caltech,Stem,4,26202,84.9
140525141997840,2024-11-26,CS501,Caltech,Stem,5,20932,89.27
140525141998608,2024-12-22,CS501,Caltech,Stem,4,22712,63.37
140525141997072,2024-11-28,CS601,Caltech,Stem,4,,
140525142605904,2024-07-03,CS501,Caltech,Stem,4,20648,93.49
140525142621712,2024-12-24,CS501,Caltech,Stem,3,21608,97.59
140525142609680,2024-12-08,CS501,Caltech,Stem,4,20295,56.46
140525142611216,2024-09-23,CS601,Caltech,Stem,4,25750,93.56
140525142611664,,CS501,Caltech,Stem,4,20817,96.8
140525142607440,2024-11-03,CS501,Caltech,Stem,5,21468,72.7
140525142610192,2024-11-29,CS501,Caltech,Stem,5,20486,89.38
140525142615504,2024-12-12,CS401,Caltech,Stem,5,15785,84.52
140525142610960,2024-10-24,CS501,Caltech,Stem,3,21739,73.04
140525142620176,2024-11-26,CS501,Caltech,Stem,4,23181,94.77
140525142616208,2024-12-10,CS401,Caltech,Stem,4,18284,89.25
140525142619216,2024-03-11,CS401,Caltech,Stem,4,15069,82.29
140525142608464,2024-07-10,CS401,Caltech,Stem,5,16931,94.34
140525142612432,2024-12-23,CS401,Caltech,Stem,3,16223,88.27
140525142614480,2024-12-26,CS401,Caltech,Stem,2,17814,73.68
140525142616016,2024-11-22,CS501,Caltech,Stem,5,21000,50.39
140525142612176,2024-08-30,CS501,Caltech,Stem,5,21223,68.64
140525142620688,2024-08-25,CS501,Caltech,Stem,5,20109,84.51
140525142613200,2024-07-16,CS601,Caltech,Stem,4,25831,93.88
140525142617232,2024-10-18,CS501,Caltech,Stem,5,21078,86.97
140525142618960,2024-10-12,CS401,Caltech,Stem,,15093,49.45
140525142619920,2024-10-19,CS501,Caltech,Stem,3,21277,58.44
140525142620944,2024-11-06,CS401,Caltech,Stem,5,,
140525142615248,2024-06-27,CS401,Caltech,Stem,4,17606,77.94
140525142618448,2024-05-30,CS501,Caltech,Stem,4,22756,87.47
140525142617488,2024-09-27,CS501,Caltech,Stem,5,20416,68.65
140525142614224,2024-09-26,CS401,Caltech,Stem,4,15351,97.38
140525142616976,2024-10-07,CS501,Caltech,Stem,4,22633,95.33
140525142610448,,CS401,Caltech,Stem,4,15985,86.18
140525142616720,2024-12-30,CS501,Caltech,Stem,3,21118,86.35
140525142606928,2024-07-19,CS501,Caltech,Stem,4,22061,94.15
140525142614736,2024-08-11,CS401,Caltech,Stem,3,15528,75.46
140525142621456,2024-09-21,CS401,Caltech,Stem,4,15436,96.14
140525142611920,2024-09-21,CS501,Caltech,Stem,4,20912,94.22
140525182362768,2024-11-02,CS501,Caltech,Stem,4,21088,84.36
140525182362512,2024-07-06,CS601,Caltech,Stem,4,25651,95.31
140525182362896,2024-11-16,CS401,Caltech,Stem,2,16769,73.47
140525182367312,2024-05-08,CS501,Caltech,Stem,5,20424,63.79
140525182367888,2024-12-01,CS401,Caltech,Stem,5,,
140525182369296,2024-07-21,CS501,Caltech,Stem,5,20005,98.98
140525182361936,2024-09-01,CS501,Caltech,Stem,4,21341,80.15
140525182358352,,CS401,Caltech,Stem,3,,
140525182355664,2024-04-10,CS501,Caltech,Stem,5,20540,78.3
140525182360464,2024-12-10,CS401,Caltech,Stem,4,16576,75.96
140525182353808,2024-11-29,CS401,Caltech,Stem,4,16192,87.86
140525182367376,2024-12-25,CS401,Caltech,Stem,4,16186,98.13
140525182363152,2024-10-31,CS501,Caltech,Stem,3,21584,88.06
140525182364240,2024-09-02,CS601,Caltech,Stem,5,25781,72.99
140525182360656,2024-08-01,CS401,Caltech,Stem,3,15682,75.65
140525182354640,2024-11-30,CS401,Caltech,Stem,3,15150,66.14
140525182367632,2024-12-26,CS401,Caltech,Stem,4,15109,70.66
140525182366608,2024-12-13,CS501,Caltech,Stem,4,23395,66.19
140525182355152,2024-09-07,CS501,Caltech,Stem,5,22570,65.66
140525182363984,2024-05-01,CS501,Caltech,Stem,4,20283,93.04
140525182363472,2024-12-25,CS501,Caltech,Stem,5,23053,71.26
140525182359312,2024-12-11,CS401,Caltech,Stem,4,15731,76.83
140525182356304,2024-08-06,CS501,Caltech,Stem,5,21363,72.33
140525182364560,2024-10-05,CS401,Caltech,Stem,4,15648,96.97
140525182365072,,CS601,Caltech,Stem,4,26215,95.37
140525182360912,2024-12-31,CS501,Caltech,Stem,5,20060,93.75
140525182366544,2024-05-18,CS401,Caltech,Stem,5,15301,81.56
140525182366224,2024-12-29,CS401,Caltech,Stem,5,15419,89.99
140525182364624,2024-07-09,CS401,Caltech,Stem,4,16321,94.86
140525182369680,2024-12-24,CS501,Caltech,Stem,3,20669,95.81
140525182369424,2024-12-08,CS501,Caltech,Stem,2,21597,97.41
140525182360976,2024-11-16,CS501,Caltech,Stem,5,20246,93.23
140525182358032,2024-12-04,CS601,Caltech,Stem,5,27842,98.19
140525182362256,2024-10-18,CS401,Caltech,Stem,4,17924,97.53
140525182360144,2024-10-30,CS601,Caltech,Stem,5,26148,94.5
140525182363920,2024-08-22,CS401,Caltech,Stem,4,18852,94.28
140525182359056,2024-09-28,CS601,Caltech,Stem,3,25075,78.43
140525182357392,2024-06-21,CS501,Caltech,Stem,4,20454,77.97
140525182353488,,CS501,Caltech,Stem,5,21707,95.52
140525182360400,2024-10-24,CS501,Caltech,Stem,3,20171,91.09
140525182357072,2024-08-23,CS401,Caltech,Stem,3,15016,90.78
140525182366992,2024-08-19,CS401,Caltech,Stem,3,15042,64.97
140525182364688,2024-11-02,CS501,Caltech,Stem,4,20366,97.98
140525182356112,2024-10-03,CS401,Caltech,Stem,5,15401,71.21
140525182354576,2024-12-29,CS501,Caltech,Stem,5,22774,93.4
140525182362640,2024-04-08,CS401,Caltech,Stem,4,18064,87.14
140525182365008,2024-10-09,CS501,Caltech,Stem,4,20517,87.03
140525182362704,2024-11-23,CS401,Caltech,Stem,4,15418,84.88
140525182368912,2024-07-09,CS401,Caltech,Stem,4,16520,94.02
140525182368656,2024-08-30,CS501,Caltech,Stem,4,22269,82.9
140525182356368,2024-09-02,CS501,Caltech,Stem,5,20633,98.53
140525182366864,2024-11-20,CS501,Caltech,Stem,4,23202,95.87
140525182355344,2024-06-13,CS401,Caltech,Stem,5,15301,81.73
140525182365584,2024-09-18,CS501,Caltech,Stem,5,20627,92.18
140525182360720,2024-09-24,CS401,Caltech,Stem,4,15996,83.11
140525182354384,2024-09-05,CS501,Caltech,Stem,5,,
140525182358608,,CS501,Caltech,Stem,3,21190,97.55
140525182368144,,CS501,Caltech,Stem,3,20064,75.87
140525182368784,2024-07-27,CS501,Caltech,Stem,4,20713,97.72
140525182357520,2024-11-05,CS401,Caltech,Stem,2,15835,96.01
140525182357904,2024-12-18,CS401,Caltech,Stem,5,15480,98.55
140525182368336,2024-10-14,CS401,Caltech,Stem,3,15372,95.24
140525182357648,2024-08-11,CS501,Caltech,Stem,4,21369,96.31
140525182357136,,CS401,Caltech,Stem,,15442,81.94
140525182355920,,CS401,Caltech,Stem,4,15289,94.93
140525182359952,2024-11-15,CS501,Caltech,Stem,3,20739,84.32
140525182365520,2024-08-10,CS501,Caltech,Stem,5,23464,67.6
140525182353936,2024-06-24,CS401,Caltech,Stem,5,16293,98.11
140525182357328,2024-11-12,CS501,Caltech,Stem,3,,
140525182354832,2024-07-06,CS501,Caltech,Stem,4,20490,95.28
140525182357776,2024-09-22,CS401,Caltech,Stem,3,18127,94.49
140525182369552,2024-12-29,CS401,Caltech,Stem,5,17892,62.79
140525182358288,2024-11-17,CS501,Caltech,Stem,3,20826,78.41
140525182369104,2024-12-03,CS401,Caltech,Stem,5,17537,98.24
140525182358416,,CS601,Caltech,Stem,3,29140,94.73
140525182365456,2024-09-13,CS501,Caltech,Stem,5,20753,83.84
140525182359248,2024-07-15,CS501,Caltech,Stem,4,21300,93.38
140525182353552,2024-06-14,CS501,Caltech,Stem,4,21391,82.16
140525182367056,2024-09-29,CS501,Caltech,Stem,,21125,72.38
140525182364496,2024-04-02,CS501,Caltech,Stem,5,20655,80.58
140525182369616,2024-08-24,CS501,Caltech,Stem,5,20468,90.83
140525182355024,2024-12-23,CS601,Caltech,Stem,,25247,88.25
140525182359440,2024-10-07,CS501,Caltech,Stem,3,20587,95.78
140525182361488,2024-07-21,CS501,Caltech,Stem,4,20909,81.65
140525182358928,2024-10-02,CS501,Caltech,Stem,5,22089,84.53
140525182361872,2024-10-27,CS501,Caltech,Stem,3,20552,94.94
140525182359824,2024-10-30,CS501,Caltech,Stem,,20181,98.77
140525182365200,2024-12-25,CS401,Caltech,Stem,4,15266,85.91
140525182356624,2024-10-20,CS401,Caltech,Stem,4,15110,73.06
140525182360208,2024-04-25,CS401,Caltech,Stem,4,16393,51.21
140525182354896,2024-11-28,CS401,Caltech,Stem,4,16094,86.51
140525182366032,2024-08-11,CS501,Caltech,Stem,3,22796,91.86
140525182361104,2024-09-18,CS501,Caltech,Stem,4,20678,91.63
140525182364432,2024-08-06,CS401,Caltech,Stem,5,16520,70.43
140525182369040,2024-11-29,CS401,Caltech,Stem,4,17780,86.61
140525182363536,2024-06-26,CS401,Caltech,Stem,3,15652,83.66
140525182355600,2024-11-23,CS401,Caltech,Stem,4,16357,80.47
140525182356496,2024-11-05,CS501,Caltech,Stem,4,,
140525182358672,2024-11-27,CS501,Caltech,Stem,4,20502,66.54
140525182358544,2024-10-23,CS501,Caltech,Stem,2,20826,85.89
140525182359568,2024-12-22,CS501,Caltech,Stem,,20198,97.76
140525182355408,2024-12-01,CS401,Caltech,Stem,4,15394,65.82
140525182358096,2024-08-14,CS401,Caltech,Stem,5,17647,77.09
140525182357008,2024-07-28,CS501,Caltech,Stem,4,20166,89.37
140525182354128,2024-08-21,CS501,Caltech,Stem,,21539,78.71
140525182356880,2024-10-14,CS501,Caltech,Stem,2,20254,94.09
140525182369360,2024-11-19,CS501,Caltech,Stem,,21945,67.24
140526253251984,2024-12-27,CS501,Caltech,Stem,5,20984,82.01
140526253252048,2024-08-26,CS501,Caltech,Stem,4,21173,98.04
140526253258640,2024-07-14,CS601,Caltech,Stem,2,26638,82.59
140526253251152,2024-11-29,CS401,Caltech,Stem,4,18726,89.71
140526253259472,2024-09-17,CS401,Caltech,Stem,5,16120,93.71
140526253258576,2024-09-07,CS401,Caltech,Stem,,16207,94.54
140526253248336,2024-09-12,CS401,Caltech,Stem,4,16269,91.51
140526253258960,2024-12-08,CS501,Caltech,Stem,4,21795,98.08
140526253250320,2024-12-16,CS501,Caltech,Stem,4,21189,98.18
140526253256912,2024-05-26,CS401,Caltech,Stem,4,15076,97.16
140526253252304,2024-06-23,CS401,Caltech,Stem,2,16072,70.98
140526253253840,2024-12-30,CS501,Caltech,Stem,5,22431,82.5
140526253260304,2024-12-11,CS501,Caltech,Stem,3,21840,88.51
140526253259856,,CS401,Caltech,Stem,4,16291,90.9
140526253254608,2024-04-30,CS501,Caltech,Stem,3,21949,51.91
140526253245072,2024-10-30,CS501,Caltech,Stem,4,21306,95.01
140526253254480,2024-09-15,CS501,Caltech,Stem,5,20459,73.8
140526253260048,2024-11-30,CS401,Caltech,Stem,5,17522,98.16
140526253259216,2024-09-21,CS501,Caltech,Stem,,20729,94.08
140526253260240,2024-07-04,CS401,Caltech,Stem,4,,
140526253252880,2024-11-27,CS401,Caltech,Stem,5,17557,92.13
140526253257552,2024-05-29,CS401,Caltech,Stem,5,15569,85.65
140526253256144,2024-07-12,CS401,Caltech,Stem,5,15483,95.47
140526253259600,2024-07-06,CS401,Caltech,Stem,4,16043,85.06
140526253252688,2024-12-07,CS501,Caltech,Stem,3,20447,84.62
140526253260624,2024-11-21,CS401,Caltech,Stem,5,15492,97.54
140526253249744,2024-06-13,CS401,Caltech,Stem,4,15912,94.22
140526253245904,2024-08-28,CS401,Caltech,Stem,3,15603,95.55
140526253255120,2024-12-08,CS401,Caltech,Stem,4,17346,59.07
140526253251408,2024-06-23,CS601,Caltech,Stem,4,27218,83.37
140525137785232,2024-12-22,CS501,Caltech,Stem,5,20268,91.81
140525137788560,2024-05-01,CS401,Caltech,Stem,4,17260,89.28
140525137777552,2024-12-25,CS401,Caltech,Stem,4,15126,89.4
140525137773584,2024-11-17,CS401,Caltech,Stem,3,,
140525137784720,2024-11-20,CS501,Caltech,Stem,4,20252,96.66
140525137775056,2024-12-29,CS501,Caltech,Stem,5,20042,89.88
140525137781136,2024-07-19,CS501,Caltech,Stem,4,20160,89.78
140525137784208,2024-10-02,CS501,Caltech,Stem,2,21368,63.98
140525137779856,2024-04-27,CS401,Caltech,Stem,,15286,74.51
140525137787792,2024-12-03,CS401,Caltech,Stem,4,16386,79.9
140525137781648,2024-12-12,CS501,Caltech,Stem,4,21253,94.21
140525137779600,2024-06-13,CS401,Caltech,Stem,4,15105,87.18
140525137774032,2024-07-27,CS501,Caltech,Stem,2,22838,96.38
140525137778832,2024-11-04,CS501,Caltech,Stem,4,20443,91.94
140525137786512,2024-09-28,CS501,Caltech,Stem,5,21991,83.33
140525137786000,2024-08-01,CS401,Caltech,Stem,4,15131,98.9
140525137784464,2024-12-23,CS401,Caltech,Stem,3,17371,94.17
140525137775824,2024-12-23,CS501,Caltech,Stem,3,20198,97.48
140525137783952,2024-10-06,CS401,Caltech,Stem,,15669,95.52
140525137782928,2024-07-31,CS401,Caltech,Stem,2,16671,67.11
140525137787024,2024-09-04,CS401,Caltech,Stem,4,15891,96.53
140525137772816,2024-11-12,CS501,Caltech,Stem,5,22011,71.91
140525137773072,2024-10-07,CS401,Caltech,Stem,3,15289,84.36
140525137784976,2024-10-31,CS401,Caltech,Stem,5,15107,92.15
140525137778064,2024-09-02,CS501,Caltech,Stem,4,21984,83.69
140525137780880,2024-11-02,CS401,Caltech,Stem,5,15983,48.88
140525137778576,2024-08-26,CS401,Caltech,Stem,5,15461,91.11
140525137785488,2024-12-23,CS401,Caltech,Stem,5,15832,81.53
140525137780368,2024-08-24,CS401,Caltech,Stem,4,15684,92.12
140525137786256,2024-11-08,CS401,Caltech,Stem,4,15392,93.39
140525137785744,,CS501,Caltech,Stem,2,20342,66.18
140525137782416,2024-08-09,CS401,Caltech,Stem,5,15449,78.76
140525177584016,2024-08-06,CS401,Caltech,Stem,5,17870,91.01
140525177576144,2024-10-21,CS401,Caltech,Stem,4,16526,96.25
140525177579536,2024-10-25,CS401,Caltech,Stem,4,16084,92.6
140525177570896,2024-11-07,CS401,Caltech,Stem,5,,
140525177576976,,CS401,Caltech,Stem,4,15013,97.97
140525177571408,2024-10-20,CS401,Caltech,Stem,4,15666,82.73
140525177585040,2024-12-24,CS501,Caltech,Stem,4,20559,87.28
140525177578576,2024-09-01,CS501,Caltech,Stem,4,23030,70.07
140525177577488,2024-10-17,CS501,Caltech,Stem,,22775,66.11
140525177575056,2024-10-20,CS501,Caltech,Stem,4,20918,92.73
140525177574736,2024-10-28,CS401,Caltech,Stem,5,15753,96.0
140525177583760,2024-08-07,CS401,Caltech,Stem,5,15067,75.98
140525177577808,2024-08-02,CS401,Caltech,Stem,5,15323,92.61
140525177576784,2024-10-24,CS501,Caltech,Stem,,21286,97.65
140525177570512,2024-08-23,CS401,Caltech,Stem,,15986,77.85
140525177576208,2024-09-18,CS401,Caltech,Stem,4,16157,80.79
140525177577232,2024-08-06,CS501,Caltech,Stem,5,23333,98.93
140525177582480,2024-11-09,CS401,Caltech,Stem,4,,
140525177571984,2024-10-15,CS401,Caltech,Stem,5,17556,57.69
140525177574672,2024-11-20,CS401,Caltech,Stem,4,15220,74.46
140525177571664,2024-10-20,CS501,Caltech,Stem,3,21517,81.02
140525177575760,2024-09-21,CS401,Caltech,Stem,5,17679,96.33
140525177571472,2024-05-17,CS501,Caltech,Stem,5,20352,82.49
140525177576272,2024-11-15,CS401,Caltech,Stem,4,15931,84.6
140525177580048,2024-09-18,CS401,Caltech,Stem,4,16414,81.34
140525177580304,2024-11-17,CS501,Caltech,Stem,4,20628,93.63
140525177569936,2024-09-08,CS601,Caltech,Stem,3,25207,88.8
140525177577616,2024-09-24,CS401,Caltech,Stem,5,15527,94.48
140525177577104,,CS601,Caltech,Stem,5,26587,72.52
140525177578320,2024-06-13,CS501,Caltech,Stem,4,20328,96.77
140525177573456,2024-09-15,CS401,Caltech,Stem,4,15478,81.78
140525177579408,2024-12-09,CS501,Caltech,Stem,5,20307,93.38
140525177572496,2024-12-30,CS401,Caltech,Stem,4,,
140525177584272,,CS501,Caltech,Stem,3,20868,94.44
140525177575952,2024-10-07,CS501,Caltech,Stem,4,21064,98.34
140525177576016,2024-10-16,CS401,Caltech,Stem,5,17993,62.19
140525177578512,2024-07-14,CS501,Caltech,Stem,5,20387,76.5
140525177571728,2024-09-14,CS401,Caltech,Stem,5,15375,83.56
140525177570960,2024-12-20,CS401,Caltech,Stem,5,15077,86.89
140525177575504,2024-11-17,CS601,Caltech,Stem,5,25558,92.67
140525177580688,2024-10-03,CS501,Caltech,Stem,3,21271,82.13
140525177580944,2024-12-06,CS501,Caltech,Stem,3,22528,93.12
140525177573264,2024-06-05,CS401,Caltech,Stem,4,15061,89.82
140525177584784,2024-09-02,CS501,Caltech,Stem,5,22811,90.01
140525177570000,2024-11-11,CS601,Caltech,Stem,4,25146,89.25
140525177578128,2024-08-28,CS401,Caltech,Stem,4,,
140525177573968,2024-11-25,CS401,Caltech,Stem,4,15180,94.02
140525177577296,2024-07-11,CS401,Caltech,Stem,3,16709,80.61
140525177573712,2024-02-27,CS401,Caltech,Stem,5,15997,68.48
140525177573328,,CS401,Caltech,Stem,4,16519,72.11
140525177582224,2024-06-14,CS401,Caltech,Stem,5,16310,94.31
140525177581648,2024-11-05,CS501,Caltech,Stem,3,21186,93.42
140525177579792,2024-10-29,CS401,Caltech,Stem,5,,
140525177581456,2024-12-10,CS501,Caltech,Stem,4,20066,97.68
140525177574032,2024-12-19,CS401,Caltech,Stem,4,,
140525177570704,2024-10-30,CS501,Caltech,Stem,5,,
140525177585552,2024-09-16,CS601,Caltech,Stem,5,26241,83.15
140525177569488,2024-12-14,CS501,Caltech,Stem,4,23064,98.67
140525177578640,2024-08-07,CS401,Caltech,Stem,,15024,94.84
140525177569680,2024-08-08,CS501,Caltech,Stem,5,21188,74.56
140525177572560,2024-08-07,CS401,Caltech,Stem,3,15983,66.34
140525177572304,2024-08-23,CS501,Caltech,Stem,4,20345,60.66
140525177576720,2024-12-27,CS401,Caltech,Stem,,18794,92.61
140525177573776,2024-07-29,CS401,Caltech,Stem,4,16839,95.17
140525177576080,2024-06-09,CS401,Caltech,Stem,3,18627,88.48
140525177581072,2024-12-19,CS501,Caltech,Stem,2,20785,61.05
140525177579344,2024-08-12,CS401,Caltech,Stem,4,15874,80.8
140525177581776,2024-11-10,CS401,Caltech,Stem,4,15473,74.54
140525177573520,2024-09-28,CS501,Caltech,Stem,3,20036,91.14
140525177574416,2024-10-06,CS501,Caltech,Stem,5,20340,57.0
140525177577552,2024-11-22,CS401,Caltech,Stem,3,16162,96.94
140525177574224,2024-09-05,CS401,Caltech,Stem,4,15576,90.5
140525177573904,2024-11-29,CS401,Caltech,Stem,4,16526,71.22
140525177576464,2024-11-14,CS401,Caltech,Stem,4,15540,80.32
140525177574992,2024-12-12,CS501,Caltech,Stem,5,21119,60.58
140525177579280,2024-12-26,CS501,Caltech,Stem,5,20642,62.49
140525177576336,2024-11-26,CS501,Caltech,Stem,4,22807,90.85
140525177572176,2024-11-01,CS501,Caltech,Stem,4,22116,96.72
140525177584528,2024-12-20,CS401,Caltech,Stem,4,16293,85.71
140525177575824,2024-12-19,CS501,Caltech,Stem,3,20627,92.23
140525177582992,2024-10-06,CS401,Caltech,Stem,4,15079,65.56
140525177571792,2024-07-26,CS401,Caltech,Stem,4,16181,91.32
140525136580048,2024-10-24,CS401,Caltech,Stem,3,17896,95.75
140525136588944,2024-10-22,CS501,Caltech,Stem,3,20317,97.8
140525136584400,2024-07-24,CS401,Caltech,Stem,4,16376,67.71
140525136579792,2024-10-23,CS401,Caltech,Stem,3,16811,82.25
140525136590160,2024-08-16,CS401,Caltech,Stem,4,16318,71.14
140525136586384,2024-10-08,CS401,Caltech,Stem,5,15816,74.73
140525136583888,2024-05-19,CS401,Caltech,Stem,4,16883,87.29
140525136590672,2024-09-18,CS501,Caltech,Stem,,22324,85.63
140525136578640,2024-09-07,CS501,Caltech,Stem,5,21705,98.82
140525136592720,2024-08-08,CS401,Caltech,Stem,3,17218,76.11
140525136592464,2024-12-23,CS501,Caltech,Stem,2,22610,80.19
140525136581072,2024-08-29,CS501,Caltech,Stem,5,20327,97.69
140525136584144,2024-11-29,CS401,Caltech,Stem,5,18828,63.93
140525136582864,,CS401,Caltech,Stem,3,15636,91.05
140525136582096,2024-12-22,CS401,Caltech,Stem,4,18343,96.75
140525136578832,2024-05-05,CS401,Caltech,Stem,4,17956,90.05
140525136587664,,CS501,Caltech,Stem,5,,
140525136588432,2024-08-30,CS401,Caltech,Stem,4,18137,89.21
140525136580304,2024-12-18,CS501,Caltech,Stem,4,21748,91.77
140525136586640,2024-07-26,CS501,Caltech,Stem,,22967,94.25
140525136586896,2024-06-19,CS501,Caltech,Stem,5,20929,95.78
140525136577360,2024-07-21,CS401,Caltech,Stem,,17073,96.87
140525136576848,2024-05-26,CS401,Caltech,Stem,,15649,87.28
140525136581584,2024-10-09,CS401,Caltech,Stem,5,15000,89.54
140525136585424,2024-12-07,CS401,Caltech,Stem,4,17411,98.76
140525136591440,2024-10-10,CS501,Caltech,Stem,5,20385,80.28
140525136578384,2024-10-25,CS501,Caltech,Stem,4,20453,91.03
140525136585936,,CS501,Caltech,Stem,4,20197,90.71
140525136589712,2024-06-27,CS401,Caltech,Stem,5,15529,89.41
140525136580816,2024-10-13,CS401,Caltech,Stem,5,15188,61.53
140525136589200,2024-11-20,CS501,Caltech,Stem,3,22265,98.76
140525136588176,2024-12-12,CS401,Caltech,Stem,5,15040,80.16
140525136591952,2024-09-11,CS501,Caltech,Stem,5,20213,97.48
140525136590928,2024-09-12,CS501,Caltech,Stem,4,20073,88.95
140525191973648,2024-08-22,CS401,Caltech,Stem,3,15624,97.43
140525191973840,2024-12-22,CS401,Caltech,Stem,4,15438,80.22
140525181637840,2024-10-29,CS501,Caltech,Stem,3,22425,74.58
140525181644112,2024-11-10,CS601,Caltech,Stem,5,26283,87.36
140525181643536,2024-12-05,CS501,Caltech,Stem,5,20001,95.76
140525181638672,2024-09-12,CS401,Caltech,Stem,4,15607,64.81
140525181648208,2024-12-26,CS501,Caltech,Stem,4,22985,84.15
140525181634064,2024-09-04,CS401,Caltech,Stem,3,15377,97.72
140525181633488,2024-12-27,CS501,Caltech,Stem,4,,
140525181648336,2024-12-16,CS401,Caltech,Stem,5,16725,64.84
140525181644688,2024-04-26,CS501,Caltech,Stem,3,21505,55.98
140525181643472,2024-04-11,CS501,Caltech,Stem,2,22248,98.7
140525181644304,2024-11-04,CS501,Caltech,Stem,5,20193,55.17
140525181637648,2024-08-16,CS501,Caltech,Stem,5,,
140525181636240,2024-04-07,CS501,Caltech,Stem,4,20938,78.79
140525181642384,2024-12-21,CS601,Caltech,Stem,3,25208,89.82
140525181638736,2024-11-15,CS401,Caltech,Stem,3,15787,95.27
140525181635152,2024-10-29,CS401,Caltech,Stem,2,17054,87.96
140525181636560,2024-10-17,CS401,Caltech,Stem,3,16036,89.44
140525181633168,2024-12-28,CS501,Caltech,Stem,5,21804,88.76
140525181644240,2024-04-07,CS401,Caltech,Stem,4,15505,98.92
140525181637008,2024-07-21,CS501,Caltech,Stem,4,21410,81.58
140525181641424,2024-07-22,CS501,Caltech,Stem,4,20079,91.96
140525181641040,2024-11-08,CS501,Caltech,Stem,4,20495,65.51
140525181634768,2024-12-14,CS401,Caltech,Stem,5,15853,94.23
140525181639376,2024-09-28,CS501,Caltech,Stem,4,21101,95.52
140525181638288,2024-11-30,CS501,Caltech,Stem,5,21330,96.87
140525181635600,2024-10-29,CS501,Caltech,Stem,3,22515,77.91
140525181647824,2024-12-15,CS401,Caltech,Stem,4,,
140525181635536,2024-08-29,CS501,Caltech,Stem,5,20445,96.59
140525181632656,2024-12-25,CS401,Caltech,Stem,4,17029,77.29
140525181639952,2024-11-18,CS401,Caltech,Stem,4,15322,61.98
140525181642512,2024-09-22,CS501,Caltech,Stem,4,21187,91.23
140525181648848,2024-10-09,CS401,Caltech,Stem,4,,
140525181635984,2024-09-02,CS501,Caltech,Stem,5,20920,92.32
140525181633872,2024-11-29,CS401,Caltech,Stem,3,16660,98.08
140525181636880,2024-12-06,CS401,Caltech,Stem,4,16628,79.38
140525181636496,2024-09-03,CS401,Caltech,Stem,5,18491,84.05
140525181640976,2024-12-31,CS501,Caltech,Stem,5,21959,92.45
140525181633744,2024-11-20,CS501,Caltech,Stem,4,20252,90.64
140525181634704,2024-06-19,CS401,Caltech,Stem,,17403,98.44
140525181640336,2024-10-27,CS401,Caltech,Stem,5,16919,47.35
140525181638608,2024-10-31,CS501,Caltech,Stem,4,20310,73.67
140525181644752,2024-06-21,CS501,Caltech,Stem,5,20188,93.45
140525181637520,2024-05-13,CS501,Caltech,Stem,4,20489,78.68
140525181636432,2024-10-19,CS401,Caltech,Stem,3,15911,58.73
140525181638416,2024-06-12,CS401,Caltech,Stem,4,15171,79.06
140525181646928,2024-12-23,CS501,Caltech,Stem,4,22665,80.04
140525181634128,2024-10-25,CS501,Caltech,Stem,4,21937,89.36
140525181643920,2024-12-19,CS501,Caltech,Stem,3,23140,94.06
140525181645008,2024-12-14,CS501,Caltech,Stem,5,22000,90.78
140525181638352,2024-03-10,CS401,Caltech,Stem,5,16851,98.87
140525181647632,2024-07-15,CS401,Caltech,Stem,5,,
140525181642640,2024-10-21,CS501,Caltech,Stem,3,21006,83.36
140525181644048,2024-12-30,CS501,Caltech,Stem,,21810,62.85
140525181639504,,CS401,Caltech,Stem,3,16212,87.29
140525181646544,2024-12-09,CS401,Caltech,Stem,3,15626,91.88
140525181640848,2024-12-12,CS501,Caltech,Stem,5,20313,92.01
140525181642960,2024-05-15,CS401,Caltech,Stem,5,15488,92.32
140525181641168,2024-10-24,CS401,Caltech,Stem,4,16147,71.02
140525181640400,2024-10-08,CS401,Caltech,Stem,3,15089,81.63
140525181644496,2024-12-07,CS501,Caltech,Stem,4,20903,86.16
140525181643088,2024-07-15,CS501,Caltech,Stem,5,20198,86.38
140525181647568,2024-10-07,CS501,Caltech,Stem,5,23590,73.6
140525181635792,2024-06-22,CS501,Caltech,Stem,4,21862,55.77
140525181640720,2024-09-12,CS401,Caltech,Stem,3,16422,98.53
140525181648592,2024-12-16,CS401,Caltech,Stem,4,15923,89.6
140525181648272,2024-12-11,CS501,Caltech,Stem,4,20246,92.47
140525181644944,2024-11-13,CS401,Caltech,Stem,2,16919,98.14
140525181646288,2024-11-06,CS501,Caltech,Stem,4,20721,70.25
140525181639312,2024-05-30,CS401,Caltech,Stem,2,17440,98.8
140525181642448,2024-07-03,CS501,Caltech,Stem,4,20139,89.68
140525181633936,2024-11-20,CS501,Caltech,Stem,5,20145,80.96
140525181633104,2024-12-04,CS501,Caltech,Stem,4,,
140525181642576,,CS601,Caltech,Stem,5,,
140525181643600,2024-12-16,CS401,Caltech,Stem,5,15212,84.48
140525181645584,2024-11-22,CS401,Caltech,Stem,4,15589,97.74
140525181635024,2024-07-26,CS501,Caltech,Stem,,20462,92.95
140525181637328,2024-12-23,CS401,Caltech,Stem,,16840,77.06
140525181641808,2024-10-22,CS401,Caltech,Stem,5,17291,81.85
140525181634576,2024-10-08,CS401,Caltech,Stem,4,,
140525181647760,2024-09-23,CS401,Caltech,Stem,3,15521,84.58
140525181641296,2024-11-10,CS401,Caltech,Stem,3,15483,81.92
140525181642768,2024-10-12,CS501,Caltech,Stem,5,,
140525181641936,2024-10-07,CS401,Caltech,Stem,3,15693,98.85
140525181638928,2024-12-01,CS401,Caltech,Stem,3,15012,90.15
140525181637584,2024-11-27,CS401,Caltech,Stem,4,15723,84.98
140525181642192,2024-12-29,CS501,Caltech,Stem,4,21363,90.81
140525181636944,2024-09-29,CS501,Caltech,Stem,4,20212,94.18
140525181641616,2024-05-23,CS401,Caltech,Stem,4,17828,89.49
140525181634384,2024-12-11,CS401,Caltech,Stem,5,17398,90.98
140525181644816,2024-12-21,CS401,Caltech,Stem,5,15256,72.21
140525181647952,2024-11-22,CS401,Caltech,Stem,4,16081,94.85
140525181646352,2024-07-10,CS501,Caltech,Stem,2,21027,71.62
140525181636688,2024-12-28,CS501,Caltech,Stem,5,20228,84.84
140525181646608,2024-10-18,CS501,Caltech,Stem,5,20409,64.57
140525181634192,2024-08-26,CS501,Caltech,Stem,5,21966,53.98
140525181647120,2024-07-14,CS401,Caltech,Stem,4,15760,60.97
140525181647248,2024-11-17,CS401,Caltech,Stem,5,,
140525181637776,2024-05-24,CS401,Caltech,Stem,4,15646,88.5
140525181635408,2024-10-10,CS401,Caltech,Stem,3,16207,94.29
140525181644560,2024-12-27,CS401,Caltech,Stem,5,17125,75.96
140525181647696,2024-05-25,CS401,Caltech,Stem,5,15744,81.9
140525181635280,2024-10-31,CS501,Caltech,Stem,3,20891,98.4
140525181635664,2024-10-25,CS501,Caltech,Stem,3,21236,65.48
140525181642000,2024-10-03,CS501,Caltech,Stem,4,21160,90.66
140525181633296,2024-08-14,CS401,Caltech,Stem,3,15369,85.14
140525181646736,2024-11-03,CS601,Caltech,Stem,4,25430,71.24
140525181642320,2024-08-14,CS501,Caltech,Stem,4,22109,93.56
140525181640592,2024-12-21,CS601,Caltech,Stem,,25374,77.68
140525181646096,2024-12-15,CS401,Caltech,Stem,5,15891,89.56
140525181633552,2024-12-23,CS401,Caltech,Stem,4,16357,77.52
140525181647312,2024-11-23,CS501,Caltech,Stem,4,22850,95.98
140525181634320,2024-11-25,CS401,Caltech,Stem,5,17176,71.89
140525181640784,2024-07-31,CS501,Caltech,Stem,4,22109,69.71
140525181647376,2024-09-09,CS401,Caltech,Stem,4,15341,79.67
140525181646800,2024-12-07,CS401,Caltech,Stem,,15084,80.16
140525181645520,2024-07-04,CS401,Caltech,Stem,5,15495,98.27
140525181645328,2024-10-29,CS501,Caltech,Stem,4,20890,91.04
140525181640144,2024-08-01,CS401,Caltech,Stem,5,15892,89.3
140525181636752,2024-10-16,CS401,Caltech,Stem,4,15346,93.58
140525181643664,2024-05-13,CS501,Caltech,Stem,3,20952,91.01
140525181640208,2024-07-31,CS401,Caltech,Stem,5,15411,75.97
140525181633232,2024-11-10,CS401,Caltech,Stem,4,15368,87.03
140525181635472,2024-12-09,CS501,Caltech,Stem,4,21682,94.85
140525181646864,2024-10-21,CS401,Caltech,Stem,5,,
140525181647056,2024-07-25,CS501,Caltech,Stem,4,20360,98.02
140525181635088,2024-12-19,CS401,Caltech,Stem,3,16711,90.2
140525136521936,2024-10-18,CS501,Caltech,Stem,,21279,73.47
140525136527184,,CS401,Caltech,Stem,4,16185,90.25
140525136515344,2024-12-22,CS501,Caltech,Stem,4,22663,76.15
140525136517072,2024-12-09,CS401,Caltech,Stem,,16865,96.39
140525136526672,2024-05-22,CS501,Caltech,Stem,3,23195,89.92
140525136526480,2024-12-18,CS401,Caltech,Stem,4,16771,95.18
140525136520144,2024-11-12,CS601,Caltech,Stem,5,25503,64.25
140525136525968,2024-11-02,CS501,Caltech,Stem,5,21297,73.03
140525136515088,,CS401,Caltech,Stem,4,15898,98.16
140525136520656,2024-09-21,CS401,Caltech,Stem,5,15638,80.3
140525136513808,2024-12-14,CS501,Caltech,Stem,5,20071,98.8
140525136518608,2024-07-28,CS401,Caltech,Stem,3,15101,85.27
140525136523408,2024-12-07,CS501,Caltech,Stem,3,21582,71.94
140525136522704,2024-12-09,CS501,Caltech,Stem,3,21342,98.12
140525136521168,2024-12-10,CS401,Caltech,Stem,4,18941,90.22
140525136516560,2024-12-03,CS401,Caltech,Stem,4,17383,74.56
140525136513296,2024-10-09,CS401,Caltech,Stem,4,17295,72.86
140525136518096,2024-12-26,CS401,Caltech,Stem,3,16926,88.43
140525136516304,2024-11-20,CS501,Caltech,Stem,3,21590,69.61
140525136515856,2024-11-25,CS601,Caltech,Stem,5,26868,96.67
140525136525456,2024-12-29,CS501,Caltech,Stem,,,
140525136515600,2024-08-21,CS401,Caltech,Stem,3,,
140525136525200,2024-11-04,CS501,Caltech,Stem,5,20239,74.64
140525136523152,2024-12-12,CS601,Caltech,Stem,3,25902,89.63
140525136523664,2024-12-18,CS501,Caltech,Stem,4,21402,79.45
140525136522960,2024-08-31,CS501,Caltech,Stem,,20648,91.94
140525136519888,2024-11-19,CS501,Caltech,Stem,5,20512,85.26
140525136514064,2024-10-03,CS401,Caltech,Stem,4,16604,68.49
140525136514320,2024-10-28,CS401,Caltech,Stem,5,18616,96.26
140525136520912,2024-12-13,CS501,Caltech,Stem,4,20958,77.43
140525136521424,2024-09-01,CS501,Caltech,Stem,3,,
140525136522448,2024-10-13,CS401,Caltech,Stem,4,18224,75.46
140525136518352,2024-08-04,CS401,Caltech,Stem,4,15668,84.64
140525136524688,2024-12-19,CS501,Caltech,Stem,5,21399,68.7
140525179731344,2024-10-28,CS501,Caltech,Stem,5,20174,95.81
140525179718992,2024-11-26,CS401,Caltech,Stem,3,15501,82.81
140525179721232,,CS401,Caltech,Stem,4,15212,95.54
140525179727888,2024-11-12,CS501,Caltech,Stem,4,21195,91.71
140525179719440,2024-07-19,CS401,Caltech,Stem,5,17317,82.72
140525179715792,2024-06-03,CS401,Caltech,Stem,,15422,90.7
140525179726544,2024-06-21,CS401,Caltech,Stem,5,16815,85.21
140525179725584,2024-08-23,CS501,Caltech,Stem,3,22251,86.26
140525179729360,2024-12-11,CS401,Caltech,Stem,3,15442,97.58
140525179723728,2024-07-26,CS501,Caltech,Stem,3,21108,79.77
140525179730640,2024-10-02,CS401,Caltech,Stem,5,16384,98.5
140525179717712,2024-12-07,CS401,Caltech,Stem,5,17242,53.89
140525179719696,2024-12-03,CS501,Caltech,Stem,5,20985,93.99
140525179717968,2024-12-10,CS401,Caltech,Stem,,15220,88.7
140525179717520,2024-06-11,CS401,Caltech,Stem,4,15496,96.53
140525179730768,2024-10-14,CS501,Caltech,Stem,5,21050,94.98
140525179718160,2024-12-10,CS501,Caltech,Stem,5,22270,63.98
140525179723024,2024-04-14,CS401,Caltech,Stem,3,16499,96.04
140525179728912,2024-07-27,CS501,Caltech,Stem,5,21824,93.08
140525179719632,2024-07-15,CS401,Caltech,Stem,3,15849,74.13
140525179715728,2024-07-21,CS401,Caltech,Stem,2,,
140525179726160,,CS501,Caltech,Stem,5,20048,80.88
140525179719504,2024-03-20,CS401,Caltech,Stem,3,15410,79.82
140525179715920,2024-10-03,CS401,Caltech,Stem,3,15638,81.19
140525179716752,2024-10-26,CS501,Caltech,Stem,4,20828,98.17
140525179728528,2024-03-30,CS401,Caltech,Stem,4,16806,85.46
140525179731280,2024-09-09,CS501,Caltech,Stem,4,20489,96.0
140525179719824,2024-03-14,CS401,Caltech,Stem,3,15700,77.66
140525179730896,2024-09-15,CS401,Caltech,Stem,4,15328,82.59
140525179729808,2024-12-23,CS401,Caltech,Stem,5,15371,76.53
140525179723664,2024-12-12,CS401,Caltech,Stem,5,19310,95.77
140525179721808,2024-11-28,CS501,Caltech,Stem,5,20776,74.59
140525179725392,2024-10-30,CS501,Caltech,Stem,5,22763,92.02
140525179729872,2024-11-19,CS501,Caltech,Stem,5,22484,82.18
140525179731792,2024-12-04,CS601,Caltech,Stem,4,25564,89.13
140525179727056,2024-08-22,CS401,Caltech,Stem,5,,
140525179721552,2024-11-04,CS501,Caltech,Stem,5,20441,97.03
140525179731600,2024-10-21,CS401,Caltech,Stem,4,15889,96.27
140525179725008,2024-08-21,CS501,Caltech,Stem,3,21591,85.31
140525179728848,2024-12-18,CS501,Caltech,Stem,5,20846,92.82
140525179726096,2024-09-16,CS401,Caltech,Stem,4,15357,73.45
140525179718480,2024-12-14,CS401,Caltech,Stem,5,,
140525179731536,2024-12-14,CS501,Caltech,Stem,4,20163,87.72
140525179727696,2024-07-31,CS401,Caltech,Stem,5,15725,83.01
140525179725648,2024-06-05,CS401,Caltech,Stem,4,15043,93.44
140525179715984,2024-11-21,CS401,Caltech,Stem,5,16625,58.55
140525179724880,2024-04-14,CS401,Caltech,Stem,4,15037,65.19
140525179729744,,CS401,Caltech,Stem,5,15432,98.39
140525179726864,2024-06-23,CS401,Caltech,Stem,3,16246,95.16
140525179731856,2024-11-06,CS401,Caltech,Stem,5,16232,98.6
140525179731664,2024-09-22,CS501,Caltech,Stem,5,20802,96.44
140525179726736,2024-09-11,CS401,Caltech,Stem,5,17019,87.48
140525179731024,2024-12-30,CS501,Caltech,Stem,5,20980,81.94
140525179722384,2024-10-11,CS501,Caltech,Stem,4,20141,72.27
140525179726608,2024-08-23,CS401,Caltech,Stem,3,16289,87.7
140525179727568,2024-07-27,CS401,Caltech,Stem,3,15409,92.9
140525179728272,2024-07-26,CS501,Caltech,Stem,3,20860,73.29
140525179717392,2024-09-22,CS401,Caltech,Stem,4,16161,69.72
140525179719760,2024-12-31,CS501,Caltech,Stem,4,22751,89.17
140525179730832,2024-12-04,CS501,Caltech,Stem,4,20229,91.39
140525179724176,2024-11-28,CS401,Caltech,Stem,4,15106,76.45
140525179731728,2024-07-31,CS501,Caltech,Stem,4,20134,72.55
140525179717264,2024-12-01,CS601,Caltech,Stem,4,26313,92.65
140525179724432,2024-11-02,CS501,Caltech,Stem,5,20464,98.61
140525179725904,2024-12-29,CS501,Caltech,Stem,5,21974,79.12
140525179727824,2024-11-18,CS401,Caltech,Stem,,15544,81.03
140525179716432,2024-09-18,CS501,Caltech,Stem,4,21286,92.0
140525179725072,2024-12-03,CS601,Caltech,Stem,3,27055,96.08
140525179726800,2024-08-06,CS401,Caltech,Stem,4,17889,91.89
140525179726032,2024-09-13,CS401,Caltech,Stem,4,,
140525179718608,2024-10-26,CS501,Caltech,Stem,4,22584,91.0
140525179728336,2024-12-10,CS401,Caltech,Stem,5,16771,90.7
140525179724112,2024-07-12,CS501,Caltech,Stem,4,21641,97.86
140525179729616,2024-09-17,CS401,Caltech,Stem,3,15332,86.74
140525179726992,2024-12-19,CS601,Caltech,Stem,4,25066,92.87
140525179719568,2024-12-28,CS501,Caltech,Stem,5,24527,67.94
140525179724560,2024-08-30,CS401,Caltech,Stem,4,16347,88.57
140525179725840,2024-12-12,CS401,Caltech,Stem,5,17404,86.06
140525179716624,2024-11-08,CS401,Caltech,Stem,4,,
140525179722896,2024-12-19,CS401,Caltech,Stem,5,18674,67.58
140525179727312,2024-08-16,CS601,Caltech,Stem,3,26206,80.74
140525179716560,2024-06-14,CS501,Caltech,Stem,4,20981,93.19
140525179721616,2024-07-23,CS601,Caltech,Stem,3,28046,62.27
140525179730512,2024-12-02,CS501,Caltech,Stem,3,20131,82.7
140525179719312,2024-12-27,CS401,Caltech,Stem,4,16383,97.35
140525179729680,2024-11-25,CS501,Caltech,Stem,4,20750,77.6
140525179722064,2024-11-05,CS501,Caltech,Stem,4,21339,96.38
140525179730704,2024-12-19,CS501,Caltech,Stem,5,20115,71.86
140525179721360,2024-12-10,CS401,Caltech,Stem,5,15182,57.52
140525179718416,2024-08-21,CS401,Caltech,Stem,5,15511,52.98
140525179721488,2024-04-28,CS401,Caltech,Stem,4,17455,95.27
140525179718928,2024-09-20,CS501,Caltech,Stem,5,20645,80.28
140525179718736,2024-10-25,CS501,Caltech,Stem,5,20075,96.7
140525179716944,,CS401,Caltech,Stem,5,15584,92.38
140525179720784,2024-12-20,CS401,Caltech,Stem,,16625,56.28
140525179729296,2024-09-19,CS401,Caltech,Stem,4,15056,74.0
140525179727120,2024-05-26,CS401,Caltech,Stem,4,19019,70.75
140525179727760,2024-12-11,CS501,Caltech,Stem,4,20787,98.66
140525179722256,2024-11-25,CS401,Caltech,Stem,3,16322,80.19
140525179721104,2024-09-04,CS401,Caltech,Stem,4,16025,86.0
140525179727632,2024-10-19,CS401,Caltech,Stem,3,15025,89.47
140525179728784,2024-11-18,CS501,Caltech,Stem,5,21821,87.8
140525179715664,2024-10-04,CS401,Caltech,Stem,4,17112,72.78
140525179716304,2024-11-02,CS401,Caltech,Stem,4,16486,93.04
140525179721744,2024-06-15,CS501,Caltech,Stem,5,21815,76.54
140525179721296,,CS501,Caltech,Stem,4,20063,84.65
140525188892944,2024-04-28,CS401,Caltech,Stem,,,
140525188895632,2024-11-10,CS401,Caltech,Stem,3,16074,67.72
140525188896144,2024-12-01,CS401,Caltech,Stem,5,15918,94.35
140525188894992,2024-06-11,CS401,Caltech,Stem,5,16685,93.36
140525188893264,2024-07-06,CS501,Caltech,Stem,5,20812,63.75
140525188897488,2024-05-07,CS501,Caltech,Stem,5,20252,79.19
140525188905104,2024-10-06,CS401,Caltech,Stem,3,15036,74.66
140525188898896,2024-06-27,CS601,Caltech,Stem,5,25389,98.74
140525188893200,2024-06-01,CS501,Caltech,Stem,4,21665,92.78
140525188896976,2024-07-27,CS501,Caltech,Stem,4,20606,86.7
140525188904848,2024-06-20,CS501,Caltech,Stem,4,20027,75.25
140525188897808,2024-10-08,CS501,Caltech,Stem,4,21013,97.33
140525188906640,2024-11-23,CS501,Caltech,Stem,5,21175,81.97
140525188902032,2024-11-22,CS401,Caltech,Stem,5,15530,90.45
140525188904016,2024-12-10,CS501,Caltech,Stem,5,20052,54.77
140525188899728,2024-09-14,CS401,Caltech,Stem,3,15083,98.36
140525188893904,2024-10-18,CS501,Caltech,Stem,4,20339,91.43
140525188890896,2024-10-18,CS401,Caltech,Stem,4,15202,75.98
140525188901392,2024-11-03,CS401,Caltech,Stem,5,17612,70.3
140525188903760,2024-09-17,CS501,Caltech,Stem,4,20124,92.72
140525188899408,2024-10-12,CS501,Caltech,Stem,2,20395,91.56
140525188897680,2024-07-04,CS501,Caltech,Stem,3,20270,76.29
140525188904272,2024-11-29,CS501,Caltech,Stem,5,20197,86.25
140525188897744,2024-10-25,CS501,Caltech,Stem,5,20340,84.91
140525188896080,2024-07-29,CS501,Caltech,Stem,4,22049,85.7
140525188894608,2024-12-27,CS501,Caltech,Stem,4,,
140525188905744,2024-10-14,CS401,Caltech,Stem,3,16474,73.16
140525188903632,2024-08-29,CS501,Caltech,Stem,5,20021,89.88
140525188897424,2024-09-01,CS401,Caltech,Stem,5,15241,85.7
140525188899792,2024-04-12,CS501,Caltech,Stem,3,21853,75.25
140525188898256,2024-07-17,CS401,Caltech,Stem,5,15901,82.25
140525188904976,2024-11-22,CS401,Caltech,Stem,5,,
140525188892048,2024-11-23,CS501,Caltech,Stem,3,20525,92.87
140525188893712,2024-12-23,CS401,Caltech,Stem,5,15341,84.04
140525188905168,2024-08-11,CS401,Caltech,Stem,4,15719,73.27
140525188896848,2024-05-02,CS501,Caltech,Stem,4,20964,91.06
140525188898640,2024-04-10,CS401,Caltech,Stem,3,15100,92.88
140525188901136,2024-09-04,CS501,Caltech,Stem,3,20172,74.81
140525188903120,2024-11-13,CS401,Caltech,Stem,,15779,74.01
140525188906256,2024-04-20,CS401,Caltech,Stem,,18712,77.31
140525188906384,2024-07-10,CS501,Caltech,Stem,5,20366,55.89
140525188903824,2024-10-04,CS401,Caltech,Stem,3,15814,73.53
140525188900496,2024-07-24,CS401,Caltech,Stem,3,15621,92.1
140525188890768,2024-11-14,CS501,Caltech,Stem,5,20553,91.71
140525188895440,2024-10-17,CS501,Caltech,Stem,2,,
140525188893520,2024-08-27,CS501,Caltech,Stem,4,20701,74.89
140525188904528,2024-08-03,CS401,Caltech,Stem,,16159,98.36
140525188896016,2024-08-29,CS501,Caltech,Stem,2,20120,98.13
140525188896720,2024-09-15,CS501,Caltech,Stem,5,21580,98.75
140525188898832,2024-11-15,CS401,Caltech,Stem,3,16165,98.53
140525188894160,2024-11-24,CS401,Caltech,Stem,4,,
140525188891472,2024-09-05,CS401,Caltech,Stem,4,18585,76.57
140525188894800,2024-11-20,CS401,Caltech,Stem,5,15425,89.87
140525188901840,2024-11-10,CS401,Caltech,Stem,5,17885,85.88
140525188899088,2024-08-01,CS501,Caltech,Stem,5,20801,70.21
140525188899984,2024-12-20,CS501,Caltech,Stem,4,20410,78.64
140525188896656,2024-10-12,CS401,Caltech,Stem,4,16120,78.85
140525188895184,2024-10-26,CS401,Caltech,Stem,5,15436,84.15
140525188892112,2024-05-25,CS501,Caltech,Stem,4,23032,71.79
140525188897104,2024-09-15,CS401,Caltech,Stem,2,15877,71.91
140525188899920,2024-07-19,CS501,Caltech,Stem,4,,
140525188898512,2024-09-17,CS401,Caltech,Stem,5,16353,87.21
140525188892624,2024-12-18,CS501,Caltech,Stem,4,,
140525188892752,2024-12-18,CS501,Caltech,Stem,3,20946,96.61
140525188906960,2024-11-10,CS501,Caltech,Stem,3,20744,97.85
140525188902928,2024-08-06,CS501,Caltech,Stem,5,21232,76.68
140525188905360,2024-09-12,CS401,Caltech,Stem,4,15303,66.63
140525188905808,2024-12-10,CS501,Caltech,Stem,4,21240,92.23
140525188898448,2024-11-09,CS401,Caltech,Stem,4,15710,85.95
140525188905680,2024-12-06,CS501,Caltech,Stem,3,22179,71.67
140525188903504,2024-10-22,CS401,Caltech,Stem,5,15330,95.52
140525188894672,2024-10-25,CS601,Caltech,Stem,5,25993,79.16
140525188906704,2024-07-21,CS501,Caltech,Stem,4,20444,93.37
140525188891408,2024-09-25,CS501,Caltech,Stem,4,20130,95.56
140525188903056,2024-08-23,CS401,Caltech,Stem,4,16845,95.53
140525188902288,2024-10-10,CS601,Caltech,Stem,4,26961,97.5
140525188901968,2024-12-14,CS501,Caltech,Stem,5,21542,78.19
140525188891216,2024-09-26,CS501,Caltech,Stem,3,21129,86.29
140525188902352,2024-10-01,CS401,Caltech,Stem,4,,
140525188899536,2024-04-07,CS401,Caltech,Stem,4,15808,92.64
140525188904464,2024-10-18,CS501,Caltech,Stem,5,21785,76.77
140525188896528,2024-08-09,CS401,Caltech,Stem,5,16056,98.74
140525188901200,2024-11-08,CS401,Caltech,Stem,4,16777,88.35
140525188896336,2024-08-16,CS501,Caltech,Stem,4,20300,94.15
140525188904208,2024-09-06,CS401,Caltech,Stem,2,17732,72.45
140525188900304,2024-11-09,CS501,Caltech,Stem,4,23076,98.91
140525188906512,2024-08-04,CS501,Caltech,Stem,3,20794,91.29
140525188902480,2024-04-28,CS401,Caltech,Stem,4,17558,92.5
140525188906576,2024-08-21,CS401,Caltech,Stem,4,16052,91.14
140525188906448,2024-11-18,CS401,Caltech,Stem,4,15177,91.8
140525188894928,2024-12-27,CS401,Caltech,Stem,,16152,94.1
140525188903248,2024-05-16,CS401,Caltech,Stem,4,18942,76.3
140525188893584,2024-12-30,CS501,Caltech,Stem,5,21847,84.44
140525188900944,2024-11-04,CS401,Caltech,Stem,3,16564,88.13
140525188897936,2024-08-07,CS401,Caltech,Stem,3,16661,96.07
140525188893456,2024-09-22,CS401,Caltech,Stem,4,16780,84.96
140525188891792,2024-06-12,CS501,Caltech,Stem,3,20334,80.33
140525188905488,2024-11-14,CS401,Caltech,Stem,4,,
140525188900112,2024-10-20,CS401,Caltech,Stem,4,16489,94.94
140525188893008,2024-07-21,CS401,Caltech,Stem,,15802,96.8
140525188904720,2024-08-24,CS401,Caltech,Stem,3,15561,78.83
140525188900880,2024-10-01,CS401,Caltech,Stem,4,16847,84.09
140525188892304,2024-06-19,CS401,Caltech,Stem,4,16327,82.88
140525188895824,2024-10-24,CS501,Caltech,Stem,5,21410,83.09
140525181226576,2024-09-12,CS401,Caltech,Stem,4,,
140525181236944,2024-11-13,CS401,Caltech,Stem,5,16675,82.63
140525181234512,2024-12-30,CS501,Caltech,Stem,,,
140525181227536,2024-10-12,CS501,Caltech,Stem,4,22201,97.96
140525181236816,2024-07-06,CS501,Caltech,Stem,4,20968,82.87
140525181237520,2024-11-24,CS401,Caltech,Stem,3,16863,61.61
140525181238672,2024-08-05,CS501,Caltech,Stem,5,20311,69.39
140525181234000,2024-10-02,CS501,Caltech,Stem,3,20626,67.55
140525181238160,2024-06-05,CS501,Caltech,Stem,3,20977,62.59
140525181235344,2024-11-29,CS401,Caltech,Stem,5,15546,89.94
140525181225552,2024-05-14,CS401,Caltech,Stem,5,17195,98.85
140525181228304,2024-07-02,CS501,Caltech,Stem,5,20277,90.15
140525181235600,2024-10-20,CS501,Caltech,Stem,4,20047,79.9
140525181231632,2024-06-22,CS401,Caltech,Stem,4,15174,84.73
140525181230800,2024-08-02,CS401,Caltech,Stem,4,17210,62.99
140525181232784,2024-05-09,CS401,Caltech,Stem,2,16738,93.27
140525181231952,2024-10-03,CS501,Caltech,Stem,5,21033,95.42
140525181229648,2024-12-30,CS501,Caltech,Stem,5,20659,66.22
140525181233872,2024-12-26,CS501,Caltech,Stem,4,22821,88.61
140525181230480,2024-05-11,CS401,Caltech,Stem,5,17421,76.86
140525181236304,,CS501,Caltech,Stem,2,21340,91.16
140525181228048,2024-09-29,CS501,Caltech,Stem,4,20604,81.99
140525181234320,2024-09-27,CS501,Caltech,Stem,4,21046,78.54
140525181228176,2024-09-10,CS401,Caltech,Stem,5,17457,83.28
140525181227024,2024-06-08,CS401,Caltech,Stem,2,15052,88.59
140525181227280,2024-10-15,CS501,Caltech,Stem,4,20144,61.97
140525181237008,2024-07-18,CS501,Caltech,Stem,5,20414,63.86
140525181222992,2024-08-30,CS401,Caltech,Stem,4,17742,79.28
140525181227344,2024-11-08,CS401,Caltech,Stem,5,15692,96.36
140525181223056,2024-11-02,CS401,Caltech,Stem,5,17233,84.96
140525181236368,2024-11-13,CS401,Caltech,Stem,5,16929,87.33
140525181223632,2024-11-14,CS401,Caltech,Stem,4,15084,76.34
140525181237648,2024-10-04,CS501,Caltech,Stem,,20081,94.74
140525181234768,2024-10-30,CS601,Caltech,Stem,4,26900,96.85
140525181226320,2024-12-15,CS401,Caltech,Stem,4,15066,82.52
140525181232848,2024-12-08,CS501,Caltech,Stem,,,
140525181234256,2024-07-27,CS501,Caltech,Stem,4,20270,94.97
140525181238032,2024-12-06,CS401,Caltech,Stem,4,17754,80.83
140525181232208,2024-06-26,CS401,Caltech,Stem,,16737,61.03
140525181229456,2024-10-01,CS401,Caltech,Stem,4,15076,77.35
140525181229968,2024-11-22,CS501,Caltech,Stem,2,,
140525181233744,2024-08-04,CS501,Caltech,Stem,4,21116,85.34
140525181225360,2024-09-05,CS401,Caltech,Stem,4,18501,68.57
140525181235792,2024-08-16,CS501,Caltech,Stem,4,21202,61.7
140525181227728,2024-12-04,CS401,Caltech,Stem,5,15900,94.55
140525181231504,2024-06-01,CS501,Caltech,Stem,5,20107,65.6
140525181232528,2024-12-27,CS501,Caltech,Stem,4,20525,98.91
140525181224080,2024-10-31,CS501,Caltech,Stem,4,20706,98.72
140525181226896,2024-12-13,CS601,Caltech,Stem,3,27869,94.2
140525181237584,2024-11-30,CS401,Caltech,Stem,5,17533,85.49
140525181235216,2024-09-05,CS501,Caltech,Stem,2,20083,98.64
140525181234448,2024-11-16,CS501,Caltech,Stem,3,21595,79.43
140525181229200,2024-12-02,CS501,Caltech,Stem,4,20363,79.99
140525181232464,2024-11-07,CS501,Caltech,Stem,3,,
140525181233168,2024-09-04,CS401,Caltech,Stem,5,16412,92.38
140525181229584,2024-12-02,CS401,Caltech,Stem,3,,
140525181225872,2024-10-16,CS401,Caltech,Stem,3,15082,89.36
140525181230416,2024-12-13,CS401,Caltech,Stem,3,15459,95.19
140525181224784,2024-09-29,CS401,Caltech,Stem,3,16124,77.49
140525181232656,2024-09-30,CS501,Caltech,Stem,5,21352,85.78
140525181237072,2024-08-26,CS501,Caltech,Stem,3,20115,80.12
140525181229712,2024-05-02,CS401,Caltech,Stem,4,16008,55.59
140525181230608,2024-12-20,CS501,Caltech,Stem,5,20259,96.2
140525181227664,2024-11-28,CS501,Caltech,Stem,3,20808,86.08
140525181238928,2024-10-31,CS501,Caltech,Stem,4,20430,72.2
140525181237328,2024-11-28,CS601,Caltech,Stem,3,25358,82.53
140525181238992,2024-12-09,CS501,Caltech,Stem,4,20155,70.1
140525181237776,2024-10-29,CS501,Caltech,Stem,4,21990,80.51
140525181230864,2024-09-13,CS501,Caltech,Stem,4,23376,86.85
140525181229392,2024-12-05,CS601,Caltech,Stem,4,25514,94.37
140525181234576,2024-11-26,CS501,Caltech,Stem,4,21823,70.11
140525181234192,2024-08-25,CS501,Caltech,Stem,5,21460,69.93
140525181237264,2024-08-04,CS501,Caltech,Stem,5,21739,77.93
140525181235472,2024-12-22,CS401,Caltech,Stem,4,,
140525181225232,2024-11-24,CS501,Caltech,Stem,3,20567,90.63
140525181238800,2024-10-12,CS501,Caltech,Stem,3,20474,95.38
140525181226768,2024-12-20,CS501,Caltech,Stem,3,20377,62.0
140525181233680,2024-10-17,CS401,Caltech,Stem,4,15723,94.18
140525181223568,2024-12-26,CS501,Caltech,Stem,4,22790,64.93
140525181236496,2024-06-20,CS501,Caltech,Stem,3,20045,80.91
140525181225616,2024-11-14,CS401,Caltech,Stem,2,,
140525181225296,2024-07-13,CS401,Caltech,Stem,4,16555,84.38
140525181225808,2024-12-12,CS501,Caltech,Stem,5,20203,64.41
140525181231760,2024-12-11,CS401,Caltech,Stem,5,16538,89.62
140525181236624,2024-11-27,CS401,Caltech,Stem,4,16003,93.55
140525181230736,2024-09-20,CS401,Caltech,Stem,5,15098,97.77
140525181238352,2024-12-20,CS501,Caltech,Stem,4,20594,82.25
140525181233552,2024-10-16,CS401,Caltech,Stem,4,18262,93.68
140525181225104,2024-10-13,CS501,Caltech,Stem,4,23522,86.6
140525181235728,2024-11-10,CS501,Caltech,Stem,4,21023,75.83
140525181225680,2024-10-07,CS601,Caltech,Stem,5,25823,98.91
140525181238864,2024-09-17,CS501,Caltech,Stem,4,20169,78.83
140525181236752,2024-11-01,CS401,Caltech,Stem,3,15449,71.84
140525181238096,,CS501,Caltech,Stem,4,23052,95.12
140525181224720,2024-09-07,CS401,Caltech,Stem,4,17566,93.56
140525181233808,2024-06-02,CS501,Caltech,Stem,4,22179,94.87
140525181232272,,CS401,Caltech,Stem,4,16489,61.26
140525181226512,2024-11-13,CS401,Caltech,Stem,3,15784,76.15
140525181233424,2024-12-04,CS501,Caltech,Stem,,20727,92.12
140525181234896,2024-11-04,CS501,Caltech,Stem,5,20654,75.8
140525181236560,2024-12-23,CS401,Caltech,Stem,,15086,98.39
140525181229904,2024-02-29,CS501,Caltech,Stem,5,22326,69.9
140525181233936,2024-10-16,CS401,Caltech,Stem,4,15346,89.01
140525181227920,2024-11-10,CS501,Caltech,Stem,5,21318,85.4
140525184746000,2024-08-27,CS401,Caltech,Stem,5,15371,88.69
140525184748624,2024-12-23,CS401,Caltech,Stem,4,15121,88.13
140525184746896,2024-10-20,CS401,Caltech,Stem,4,17349,98.45
140525184752656,2024-12-28,CS401,Caltech,Stem,5,15803,79.74
140525184749008,2024-11-27,CS401,Caltech,Stem,5,15930,80.29
140525184758160,2024-11-21,CS501,Caltech,Stem,4,20464,72.34
140525184755344,2024-10-17,CS501,Caltech,Stem,4,21211,95.58
140525184760592,2024-10-05,CS601,Caltech,Stem,5,25103,98.84
140525184745872,2024-07-18,CS501,Caltech,Stem,3,20070,92.36
140525184754256,2024-12-29,CS401,Caltech,Stem,4,16687,77.98
140525184755088,2024-12-11,CS501,Caltech,Stem,4,21046,94.95
140525184748880,2024-12-06,CS501,Caltech,Stem,5,21845,96.51
140525184760912,2024-12-02,CS501,Caltech,Stem,5,21563,96.23
140525184753488,2024-11-09,CS401,Caltech,Stem,5,15431,97.49
140525184754576,2024-09-24,CS501,Caltech,Stem,2,20267,79.95
140525184760720,2024-04-06,CS501,Caltech,Stem,4,20468,95.28
140525184760464,2024-12-23,CS401,Caltech,Stem,5,18200,90.04
140525184758992,2024-09-13,CS401,Caltech,Stem,5,16444,79.67
140525184749072,2024-05-11,CS401,Caltech,Stem,5,15110,92.65
140525184753808,2024-12-16,CS501,Caltech,Stem,4,20676,81.74
140525184751184,2024-12-25,CS401,Caltech,Stem,5,16131,88.76
140525184748304,2024-06-01,CS501,Caltech,Stem,4,21732,91.29
140525184750864,2024-10-17,CS501,Caltech,Stem,4,21446,77.61
140525184748432,2024-08-24,CS501,Caltech,Stem,5,,
140525184759696,2024-09-04,CS401,Caltech,Stem,5,15742,98.52
140525184753232,2024-07-26,CS401,Caltech,Stem,4,15768,94.58
140525184760656,,CS401,Caltech,Stem,4,18362,98.83
140525184752208,2024-12-29,CS501,Caltech,Stem,4,20544,64.09
140525184753616,2024-09-18,CS501,Caltech,Stem,4,22964,85.12
140525184757968,2024-09-27,CS501,Caltech,Stem,3,20852,91.29
140525184759248,2024-11-27,CS601,Caltech,Stem,3,25431,71.75
140525184748496,2024-11-30,CS501,Caltech,Stem,4,,
140525184761424,2024-10-13,CS401,Caltech,Stem,4,16633,59.95
140525184749328,2024-11-22,CS501,Caltech,Stem,4,20322,80.32
140525184755984,2024-11-07,CS401,Caltech,Stem,,15167,73.07
140525184749520,,CS501,Caltech,Stem,4,21328,95.0
140525184756688,2024-12-21,CS501,Caltech,Stem,3,20639,90.43
140525184752912,2024-11-22,CS501,Caltech,Stem,5,21874,52.26
140525184759824,2024-12-27,CS401,Caltech,Stem,3,15460,89.14
140525184749968,2024-06-21,CS401,Caltech,Stem,3,16609,73.28
140525184751952,2024-12-10,CS601,Caltech,Stem,5,25186,89.66
140525184748752,2024-09-14,CS401,Caltech,Stem,4,15350,97.74
140525184749264,2024-08-28,CS501,Caltech,Stem,4,22576,93.65
140525184752080,2024-10-21,CS401,Caltech,Stem,4,16277,82.2
140525184754320,2024-11-13,CS401,Caltech,Stem,4,15306,94.69
140525184749904,2024-11-15,CS501,Caltech,Stem,3,20210,98.55
140525184761488,2024-11-13,CS401,Caltech,Stem,4,15217,78.87
140525184747792,2024-12-20,CS501,Caltech,Stem,5,21769,88.95
140525184758416,2024-10-03,CS501,Caltech,Stem,3,20632,65.38
140525184760336,,CS501,Caltech,Stem,5,20509,85.66
140525184747408,2024-10-25,CS601,Caltech,Stem,4,26343,88.89
140525184745744,,CS501,Caltech,Stem,4,21706,96.44
140525184759568,,CS501,Caltech,Stem,5,20946,69.49
140525184746768,2024-11-24,CS401,Caltech,Stem,5,15039,90.77
140525184751056,2024-12-12,CS401,Caltech,Stem,2,15652,83.92
140525184748112,2024-10-02,CS401,Caltech,Stem,5,16619,82.21
140525184761680,2024-05-21,CS501,Caltech,Stem,3,20458,65.31
140525184752848,2024-12-04,CS501,Caltech,Stem,5,23850,93.63
140525184756944,2024-12-05,CS401,Caltech,Stem,4,,
140525184756496,2024-06-28,CS501,Caltech,Stem,4,,
140525184756048,2024-06-30,CS501,Caltech,Stem,3,20483,72.28
140525184747856,2024-10-07,CS501,Caltech,Stem,2,20792,91.62
140525184752272,2024-12-30,CS501,Caltech,Stem,5,22960,98.08
140525184750416,2024-12-25,CS401,Caltech,Stem,3,16231,79.49
140525184745680,2024-11-20,CS401,Caltech,Stem,4,16297,98.39
140525184760528,2024-12-20,CS401,Caltech,Stem,5,16497,83.87
140525184751376,2024-09-12,CS401,Caltech,Stem,5,16078,82.54
140525184747088,2024-10-08,CS401,Caltech,Stem,5,15651,91.93
140525184755792,2024-09-12,CS401,Caltech,Stem,2,15551,89.01
140525184745936,2024-07-25,CS401,Caltech,Stem,5,15352,86.88
140525184748560,2024-12-30,CS401,Caltech,Stem,3,16777,79.89
140525184756432,2024-10-07,CS501,Caltech,Stem,4,,
140525184757840,2024-09-12,CS501,Caltech,Stem,3,20714,98.49
140525184760976,2024-10-16,CS501,Caltech,Stem,5,22358,81.67
140525184748240,2024-10-11,CS501,Caltech,Stem,4,23041,78.74
140525184756240,2024-07-12,CS601,Caltech,Stem,4,26643,69.7
140525184756880,2024-11-25,CS401,Caltech,Stem,5,15494,92.2
140525136305552,2024-11-09,CS401,Caltech,Stem,,18115,73.57
140525136311120,2024-08-15,CS601,Caltech,Stem,4,28046,93.27
140525136308816,2024-09-09,CS501,Caltech,Stem,3,20473,84.01
140525136307792,2024-12-20,CS601,Caltech,Stem,3,25501,92.61
140525136313936,2024-12-22,CS501,Caltech,Stem,4,20131,70.94
140525136303504,2024-09-08,CS501,Caltech,Stem,3,20040,87.7
140525136311376,2024-11-23,CS401,Caltech,Stem,5,,
140525136300432,2024-10-22,CS401,Caltech,Stem,4,17743,91.12
140525136299920,2024-09-21,CS401,Caltech,Stem,4,17917,91.5
140525136301200,2024-09-30,CS501,Caltech,Stem,4,20555,78.31
140525136313680,2024-11-05,CS401,Caltech,Stem,5,15302,94.62
140525136299664,2024-08-15,CS401,Caltech,Stem,5,17764,67.99
140525136308560,2024-11-24,CS401,Caltech,Stem,5,15311,75.7
140525136305296,2024-12-25,CS501,Caltech,Stem,4,22154,72.72
140525136302736,2024-03-31,CS401,Caltech,Stem,5,17218,86.46
140525136299152,2024-12-07,CS401,Caltech,Stem,4,16036,89.79
140525136304016,2024-07-16,CS401,Caltech,Stem,3,16077,96.41
140525136312400,2024-12-28,CS401,Caltech,Stem,,15606,63.51
140525136304528,2024-12-15,CS501,Caltech,Stem,5,21805,96.29
140525136311632,2024-06-15,CS501,Caltech,Stem,5,20468,96.02
140525136305808,2024-11-29,CS401,Caltech,Stem,4,,
140525136307280,2024-03-28,CS501,Caltech,Stem,,20951,95.42
140525136309072,2024-05-22,CS501,Caltech,Stem,,20349,81.76
140525136306064,2024-08-31,CS401,Caltech,Stem,4,,
140525136314192,2024-12-26,CS401,Caltech,Stem,5,15222,84.19
140525136304272,2024-09-15,CS401,Caltech,Stem,3,16649,94.1
140525136313168,2024-10-19,CS401,Caltech,Stem,,16276,82.9
140525136303760,2024-06-14,CS501,Caltech,Stem,4,20849,91.52
140525136312656,2024-11-06,CS401,Caltech,Stem,3,16995,94.32
140525136301456,2024-12-14,CS501,Caltech,Stem,5,22100,86.36
140525136298384,2024-11-08,CS501,Caltech,Stem,4,21364,94.95
140525136312144,2024-12-07,CS401,Caltech,Stem,5,15557,60.91
140525136310608,2024-09-15,CS501,Caltech,Stem,4,21333,98.3
140525136306320,2024-09-26,CS401,Caltech,Stem,4,15270,84.68
140525181513552,2024-11-11,CS401,Caltech,Stem,4,15266,90.59
140525181503632,2024-12-27,CS501,Caltech,Stem,4,20468,95.81
140525181508624,2024-06-11,CS501,Caltech,Stem,5,22696,98.23
140525181504272,2024-12-23,CS501,Caltech,Stem,5,20694,90.66
140525181515984,2024-10-23,CS501,Caltech,Stem,4,20893,90.92
140525181505488,2024-12-04,CS401,Caltech,Stem,4,16312,98.04
140525181501520,2024-11-02,CS601,Caltech,Stem,4,26389,97.98
140525181514000,2024-05-23,CS501,Caltech,Stem,4,21352,83.5
140525181505424,2024-10-14,CS501,Caltech,Stem,3,21441,86.59
140525181509648,2024-07-25,CS401,Caltech,Stem,4,15644,83.52
140525181511184,,CS501,Caltech,Stem,4,20726,91.08
140525181515088,2024-12-15,CS401,Caltech,Stem,4,16544,94.35
140525181517264,2024-05-28,CS401,Caltech,Stem,3,15870,87.0
140525181506640,2024-11-08,CS501,Caltech,Stem,4,22731,97.9
140525181506128,2024-06-16,CS501,Caltech,Stem,,23033,60.27
140525181509712,2024-10-02,CS401,Caltech,Stem,,16365,91.98
140525181507344,2024-12-12,CS501,Caltech,Stem,5,23201,80.92
140525181513168,2024-11-29,CS401,Caltech,Stem,5,16093,87.13
140525181509392,2024-07-30,CS501,Caltech,Stem,4,20913,66.57
140525181512720,2024-08-25,CS501,Caltech,Stem,5,20260,77.94
140525181516560,,CS501,Caltech,Stem,4,,
140525181516752,2024-11-22,CS601,Caltech,Stem,3,25919,91.16
140525181514448,2024-11-29,CS501,Caltech,Stem,5,21481,82.04
140525181509136,2024-12-25,CS501,Caltech,Stem,5,20722,91.09
140525181517520,2024-11-03,CS401,Caltech,Stem,4,15420,88.15
140525181510416,2024-12-24,CS401,Caltech,Stem,4,16439,91.61
140525181512016,2024-10-26,CS601,Caltech,Stem,4,,
140525181511248,2024-04-26,CS501,Caltech,Stem,,20956,83.19
140525181515536,2024-08-22,CS401,Caltech,Stem,4,17373,91.04
140525181511568,2024-11-10,CS401,Caltech,Stem,5,15408,95.48
140525181511952,2024-08-08,CS401,Caltech,Stem,4,18468,93.15
140525181516240,2024-11-06,CS401,Caltech,Stem,,15311,83.22
140525181502096,2024-12-01,CS501,Caltech,Stem,5,24274,86.02
140525181514064,,CS401,Caltech,Stem,5,18399,65.15
140525181503248,2024-12-17,CS501,Caltech,Stem,4,22990,92.95
140525181509904,2024-11-07,CS401,Caltech,Stem,5,16338,60.07
140525181505616,2024-10-20,CS401,Caltech,Stem,3,15267,74.39
140525181504016,2024-10-28,CS401,Caltech,Stem,3,16788,84.83
140525181505296,2024-11-26,CS501,Caltech,Stem,3,,
140525181515600,2024-07-29,CS401,Caltech,Stem,2,,
140525181509008,2024-07-09,CS401,Caltech,Stem,4,16155,83.99
140525181508112,2024-11-17,CS401,Caltech,Stem,3,16211,90.21
140525181515344,2024-09-16,CS501,Caltech,Stem,4,20650,51.06
140525181512400,2024-11-05,CS501,Caltech,Stem,4,20811,58.51
140525181502480,2024-06-25,CS401,Caltech,Stem,4,15974,82.08
140525181510224,2024-12-27,CS501,Caltech,Stem,4,21221,84.46
140525181516624,2024-09-10,CS401,Caltech,Stem,2,16270,97.05
140525181503312,2024-12-17,CS501,Caltech,Stem,5,21388,58.39
140525181503440,2024-12-31,CS401,Caltech,Stem,3,15080,91.14
140525181514320,2024-12-24,CS401,Caltech,Stem,4,16587,88.43
140525181512656,2024-12-20,CS501,Caltech,Stem,5,21703,72.6
140525181513616,2024-08-29,CS501,Caltech,Stem,4,20453,87.62
140525181506192,2024-11-21,CS501,Caltech,Stem,5,20350,78.62
140525181508176,2024-10-29,CS401,Caltech,Stem,3,18946,85.34
140525181510544,2024-12-25,CS401,Caltech,Stem,3,17189,98.22
140525181503760,2024-12-27,CS501,Caltech,Stem,5,21890,97.4
140525181508496,2024-04-27,CS401,Caltech,Stem,3,16529,59.94
140525181504912,2024-12-18,CS401,Caltech,Stem,5,15159,99.0
140525181504592,2024-05-06,CS501,Caltech,Stem,4,22933,62.32
140525181510608,2024-02-14,CS501,Caltech,Stem,3,21596,91.83
140525181516944,2024-07-19,CS401,Caltech,Stem,4,16845,66.18
140525181512144,2024-03-05,CS401,Caltech,Stem,,,
140525181508944,2024-07-25,CS401,Caltech,Stem,3,15649,78.28
140525181502736,2024-10-03,CS401,Caltech,Stem,5,15821,95.27
140525181511632,2024-12-28,CS501,Caltech,Stem,4,22082,93.26
140525181517392,,CS501,Caltech,Stem,4,20324,90.06
140525181502288,2024-11-28,CS401,Caltech,Stem,5,15723,86.56
140525181516112,2024-11-23,CS401,Caltech,Stem,5,15389,92.14
140525181516176,2024-11-19,CS401,Caltech,Stem,3,15993,77.12
140525181503504,2024-06-09,CS501,Caltech,Stem,5,22919,92.95
140525181502864,2024-11-21,CS501,Caltech,Stem,4,22188,91.92
140525181505360,2024-10-12,CS401,Caltech,Stem,3,,
140525181506512,2024-11-03,CS501,Caltech,Stem,5,21226,83.59
140525181515280,2024-09-11,CS501,Caltech,Stem,3,,
140525181503888,2024-09-11,CS501,Caltech,Stem,2,21928,89.47
140525181507088,2024-11-04,CS401,Caltech,Stem,5,17454,58.78
140525181516496,2024-11-21,CS501,Caltech,Stem,4,23510,86.06
140525181504656,2024-08-07,CS401,Caltech,Stem,5,15232,54.7
140525181509584,2024-09-02,CS501,Caltech,Stem,5,20051,96.33
140525181507856,,CS401,Caltech,Stem,4,15112,73.92
140525181506064,2024-08-02,CS401,Caltech,Stem,3,,
140525181501648,2024-12-01,CS401,Caltech,Stem,5,15771,93.51
140525181504528,2024-03-21,CS401,Caltech,Stem,3,15639,89.28
140525181514640,2024-10-11,CS501,Caltech,Stem,2,23005,95.62
140525181514256,,CS501,Caltech,Stem,5,20157,85.67
140525181516688,2024-10-21,CS401,Caltech,Stem,3,15008,89.39
140525181507600,2024-07-20,CS501,Caltech,Stem,3,21753,97.27
140525181501840,2024-12-18,CS501,Caltech,Stem,5,23457,61.1
140525181503120,2024-12-06,CS401,Caltech,Stem,3,16736,80.47
140525181504336,2024-08-21,CS401,Caltech,Stem,4,,
140525181513936,2024-09-15,CS501,Caltech,Stem,5,,
140525181506448,2024-08-01,CS501,Caltech,Stem,5,21148,95.24
140525181510736,2024-11-04,CS501,Caltech,Stem,5,21237,65.43
140525181504464,2024-09-28,CS401,Caltech,Stem,4,15738,75.68
140525181507728,2024-07-26,CS501,Caltech,Stem,4,20313,79.71
140525181515728,2024-08-27,CS501,Caltech,Stem,5,20347,82.13
140525181506896,2024-12-17,CS501,Caltech,Stem,,20097,96.32
140525181505104,2024-06-22,CS401,Caltech,Stem,4,17076,75.61
140525181509968,2024-08-02,CS501,Caltech,Stem,4,21576,85.04
140525181514576,2024-10-19,CS501,Caltech,Stem,5,20820,91.66
140525181511696,2024-11-30,CS401,Caltech,Stem,3,16736,97.0
140525181510672,2024-09-28,CS501,Caltech,Stem,3,20772,91.48
140525181513040,,CS501,Caltech,Stem,5,21776,87.64
140525181517456,2024-11-17,CS501,Caltech,Stem,3,22891,76.02
140525181513424,2024-06-09,CS501,Caltech,Stem,4,,
140525181502544,2024-11-01,CS501,Caltech,Stem,4,20971,92.54
140525181508432,2024-12-29,CS501,Caltech,Stem,4,20570,88.35
140525181512784,2024-09-07,CS501,Caltech,Stem,,21752,68.27
140525179181648,2024-11-26,CS601,Caltech,Stem,3,25102,93.83
140525179176016,2024-11-08,CS501,Caltech,Stem,4,22491,72.07
140525179177040,2024-08-17,CS401,Caltech,Stem,5,15255,87.07
140525179179024,2024-07-23,CS401,Caltech,Stem,5,15382,97.11
140525179179984,2024-05-14,CS401,Caltech,Stem,4,,
140525179186000,2024-12-06,CS401,Caltech,Stem,5,,
140525179187088,2024-08-31,CS401,Caltech,Stem,4,15295,67.34
140525179181776,2024-09-27,CS401,Caltech,Stem,4,16314,87.61
140525179175760,2024-09-30,CS501,Caltech,Stem,5,20664,68.36
140525179184208,2024-11-10,CS501,Caltech,Stem,4,23977,80.88
140525179189712,2024-05-13,CS401,Caltech,Stem,5,18467,77.63
140525179187984,2024-10-04,CS401,Caltech,Stem,3,15802,54.97
140525179181136,2024-06-01,CS501,Caltech,Stem,4,21599,84.39
140525179191120,2024-08-09,CS401,Caltech,Stem,4,17420,69.77
140525179180496,2024-12-01,CS401,Caltech,Stem,5,19083,83.48
140525179181392,2024-10-14,CS401,Caltech,Stem,4,16366,98.78
140525179175120,2024-10-18,CS401,Caltech,Stem,5,15310,93.29
140525179186832,2024-12-23,CS501,Caltech,Stem,4,21397,92.82
140525179189584,2024-06-12,CS501,Caltech,Stem,5,21802,52.06
140525179188176,,CS501,Caltech,Stem,5,21993,78.88
140525179184400,2024-12-23,CS401,Caltech,Stem,4,15789,80.9
140525179180880,2024-11-06,CS401,Caltech,Stem,5,17595,72.34
140525179181264,2024-12-01,CS401,Caltech,Stem,,15689,97.93
140525179190608,2024-07-17,CS401,Caltech,Stem,3,17603,92.68
140525179183056,2024-06-09,CS401,Caltech,Stem,5,15290,95.89
140525179188496,2024-09-22,CS501,Caltech,Stem,4,20705,91.88
140525179186256,2024-11-11,CS401,Caltech,Stem,5,17404,86.97
140525179188304,,CS501,Caltech,Stem,4,20149,97.63
140525179181328,2024-10-18,CS501,Caltech,Stem,4,21538,78.19
140525179181200,2024-10-29,CS501,Caltech,Stem,5,,
140525179182480,2024-07-18,CS401,Caltech,Stem,4,15029,89.63
140525179184336,2024-12-11,CS501,Caltech,Stem,5,20037,97.07
140525179180752,2024-12-09,CS501,Caltech,Stem,3,21147,82.35
140525179178128,2024-12-31,CS401,Caltech,Stem,4,,
140525179188560,,CS501,Caltech,Stem,3,21726,83.06
140525179178064,2024-11-05,CS501,Caltech,Stem,4,20091,73.79
140525179177488,2024-09-11,CS401,Caltech,Stem,4,16224,48.59
140525179175952,2024-12-14,CS401,Caltech,Stem,4,15165,94.86
140525179190096,2024-11-01,CS401,Caltech,Stem,3,17327,93.76
140525179190160,2024-07-16,CS401,Caltech,Stem,4,15056,86.35
140525179183312,2024-08-23,CS401,Caltech,Stem,5,15749,89.62
140525179186512,2024-11-20,CS401,Caltech,Stem,4,16391,95.55
140525179187536,2024-07-03,CS501,Caltech,Stem,4,21260,74.28
140525179187280,2024-12-11,CS401,Caltech,Stem,4,17012,91.19
140525179183248,2024-11-02,CS501,Caltech,Stem,2,20057,63.21
140525179175696,2024-11-11,CS501,Caltech,Stem,5,21550,78.54
140525179183120,,CS501,Caltech,Stem,3,22447,81.84
140525179184016,2024-07-05,CS401,Caltech,Stem,4,15219,87.67
140525179189968,2024-11-05,CS501,Caltech,Stem,4,21621,75.02
140525179179088,2024-12-20,CS401,Caltech,Stem,3,16459,87.19
140525179179472,2024-07-08,CS401,Caltech,Stem,5,16369,85.56
140525179189264,2024-06-19,CS401,Caltech,Stem,4,17746,82.57
140525179190992,2024-09-19,CS501,Caltech,Stem,4,20763,96.45
140525179189840,2024-12-27,CS501,Caltech,Stem,5,20781,97.27
140525179181072,2024-12-13,CS501,Caltech,Stem,5,20801,66.96
140525179179856,2024-09-23,CS501,Caltech,Stem,,21546,91.93
140525179182544,2024-05-05,CS401,Caltech,Stem,3,15639,57.1
140525179184592,2024-12-14,CS401,Caltech,Stem,4,16336,64.52
140525179188688,2024-09-12,CS401,Caltech,Stem,4,15835,71.76
140525179184528,2024-10-14,CS501,Caltech,Stem,4,20879,93.47
140525179178192,2024-01-01,CS601,Caltech,Stem,4,25296,76.32
140525179176784,2024-10-23,CS401,Caltech,Stem,3,17006,83.15
140525179179280,2024-12-11,CS501,Caltech,Stem,4,21147,84.82
140525179183760,2024-12-24,CS501,Caltech,Stem,5,20202,71.46
140525179180368,2024-12-21,CS401,Caltech,Stem,3,18821,63.68
140525179187728,2024-09-29,CS501,Caltech,Stem,5,20112,73.17
140525179185232,2024-12-24,CS501,Caltech,Stem,5,22981,70.7
140525179183504,2024-10-06,CS501,Caltech,Stem,3,21366,70.85
140525179187856,,CS501,Caltech,Stem,4,20821,98.21
140525179175632,2024-12-06,CS401,Caltech,Stem,4,15690,96.61
140525179176272,2024-08-13,CS501,Caltech,Stem,5,22342,93.19
140525179175888,2024-06-05,CS501,Caltech,Stem,2,20516,96.33
140525179180816,2024-10-16,CS501,Caltech,Stem,,21700,91.39
140525179179728,2024-07-10,CS501,Caltech,Stem,3,21305,93.69
140525179190736,2024-12-08,CS401,Caltech,Stem,2,15519,92.44
140525179187792,2024-12-08,CS501,Caltech,Stem,5,21381,66.81
140525179189136,,CS501,Caltech,Stem,5,22797,94.81
140525179182160,2024-12-20,CS401,Caltech,Stem,5,17698,98.73
140525179179792,2024-11-05,CS501,Caltech,Stem,4,22099,85.25
140525179189200,2024-11-28,CS401,Caltech,Stem,2,17577,83.84
140525179183824,2024-10-06,CS401,Caltech,Stem,5,,
140525179185424,2024-10-02,CS501,Caltech,Stem,4,20311,86.95
140525179177424,2024-05-05,CS501,Caltech,Stem,5,21319,79.01
140525179178000,2024-10-12,CS401,Caltech,Stem,4,16106,70.55
140525179186960,2024-11-07,CS401,Caltech,Stem,4,15801,77.18
140525179190800,2024-10-29,CS401,Caltech,Stem,4,16520,94.53
140525179177744,2024-11-16,CS501,Caltech,Stem,4,20092,98.43
140525179189776,2024-12-30,CS501,Caltech,Stem,3,20251,89.53
140525179176656,2024-08-26,CS501,Caltech,Stem,5,21417,89.49
140525179178960,2024-09-13,CS401,Caltech,Stem,5,,
140525179185744,2024-11-08,CS401,Caltech,Stem,5,15662,95.47
140525179178448,2024-12-08,CS501,Caltech,Stem,3,20612,97.12
140525179183888,2024-12-11,CS501,Caltech,Stem,4,21874,84.77
140525179188112,2024-06-17,CS401,Caltech,Stem,5,16367,95.37
140525179177296,2024-06-30,CS401,Caltech,Stem,5,15486,82.86
140525179187344,2024-10-25,CS401,Caltech,Stem,4,16113,88.1
140525179184656,,CS401,Caltech,Stem,5,16088,96.9
140525179183376,,CS401,Caltech,Stem,4,16366,85.85
140525179182608,2024-12-22,CS501,Caltech,Stem,5,22773,81.54
140525179176720,2024-07-17,CS601,Caltech,Stem,4,27834,98.47
140525179187024,2024-12-05,CS501,Caltech,Stem,5,22252,94.98
140525179182224,2024-04-01,CS401,Caltech,Stem,5,15880,85.69
140525179182352,2024-08-25,CS401,Caltech,Stem,4,16877,91.86
140525179185808,2024-11-20,CS501,Caltech,Stem,5,23658,90.61
140525179178832,2024-11-23,CS501,Caltech,Stem,,,
140525179189520,2024-06-13,CS501,Caltech,Stem,3,23221,64.67
140525179179216,2024-07-29,CS501,Caltech,Stem,4,20867,81.0
140525179177552,2024-11-10,CS401,Caltech,Stem,4,17415,88.97
140525179185936,2024-12-01,CS401,Caltech,Stem,3,15487,88.27
140525184562960,2024-08-23,CS501,Caltech,Stem,4,21191,90.36
140525184557328,2024-10-10,CS501,Caltech,Stem,4,21668,98.07
140525184561936,2024-10-12,CS501,Caltech,Stem,4,20316,92.32
140525184554704,2024-09-17,CS501,Caltech,Stem,3,22067,98.44
140525184556304,2024-10-01,CS401,Caltech,Stem,4,16890,62.88
140525184553232,2024-10-02,CS401,Caltech,Stem,5,15645,59.43
140525184562448,2024-10-25,CS501,Caltech,Stem,4,20066,89.5
140525184551184,2024-11-28,CS401,Caltech,Stem,3,17525,87.74
140525184549648,2024-05-28,CS501,Caltech,Stem,5,21524,80.89
140525184557584,2024-11-01,CS501,Caltech,Stem,5,20262,90.78
140525184561360,2024-04-30,CS401,Caltech,Stem,,15033,85.9
140525184555280,2024-09-10,CS501,Caltech,Stem,5,20030,98.0
140525184554960,2024-09-25,CS401,Caltech,Stem,5,16898,80.08
140525184550416,2024-11-08,CS501,Caltech,Stem,4,23291,73.63
140525184550224,2024-10-13,CS501,Caltech,Stem,5,20876,83.54
140525184558416,2024-09-13,CS401,Caltech,Stem,4,15019,74.98
140525184563280,2024-06-05,CS401,Caltech,Stem,3,,
140525184562320,2024-12-04,CS401,Caltech,Stem,5,15141,97.46
140525184564752,2024-09-28,CS501,Caltech,Stem,5,20381,98.96
140525184552912,2024-08-11,CS401,Caltech,Stem,5,15642,84.94
140525184559824,2024-11-22,CS501,Caltech,Stem,5,20187,90.11
140525184561296,2024-10-29,CS401,Caltech,Stem,4,16466,94.88
140525184559184,2024-08-20,CS501,Caltech,Stem,5,20779,93.12
140525184556112,2024-12-30,CS501,Caltech,Stem,3,22055,71.55
140525184548944,2024-10-12,CS401,Caltech,Stem,5,15335,73.61
140525184562000,2024-10-19,CS601,Caltech,Stem,5,25387,98.91
140525184564496,2024-08-16,CS501,Caltech,Stem,4,,
140525184558672,2024-11-09,CS501,Caltech,Stem,4,21035,86.72
140525184553616,2024-09-05,CS501,Caltech,Stem,5,20283,91.72
140525184563408,2024-10-01,CS601,Caltech,Stem,5,26413,95.94
140525184549008,2024-10-09,CS401,Caltech,Stem,5,16858,82.81
140525184560080,2024-12-04,CS501,Caltech,Stem,5,20058,66.55
140525184564304,2024-12-31,CS601,Caltech,Stem,4,27225,61.42
140525184549456,2024-06-13,CS401,Caltech,Stem,3,16991,82.87
140525184564944,2024-12-01,CS401,Caltech,Stem,5,15644,97.88
140525184550288,,CS401,Caltech,Stem,3,15725,84.67
140525184560400,2024-11-17,CS401,Caltech,Stem,5,15990,98.75
140525184558224,2024-09-23,CS401,Caltech,Stem,5,15081,78.68
140525184560528,2024-12-16,CS401,Caltech,Stem,4,15053,65.96
140525184550096,2024-12-23,CS501,Caltech,Stem,5,20980,93.44
140525184565008,2024-09-02,CS501,Caltech,Stem,5,21446,67.41
140525184552464,2024-10-18,CS501,Caltech,Stem,3,21143,94.6
140525184562768,2024-11-19,CS501,Caltech,Stem,5,23185,73.3
140525184553744,2024-12-30,CS401,Caltech,Stem,2,15581,94.24
140525184551312,2024-12-13,CS401,Caltech,Stem,3,15905,89.05
140525184552208,2024-09-16,CS401,Caltech,Stem,5,15192,84.16
140525184558864,2024-10-04,CS401,Caltech,Stem,4,19283,68.71
140525184560848,2024-10-11,CS501,Caltech,Stem,4,20006,84.7
140525184554192,2024-12-22,CS401,Caltech,Stem,4,15672,85.03
140525184561808,2024-10-30,CS401,Caltech,Stem,4,15153,76.13
140525184555216,2024-12-23,CS501,Caltech,Stem,4,20228,78.39
140525184560656,2024-12-10,CS501,Caltech,Stem,4,23070,93.0
140525184549968,2024-11-02,CS401,Caltech,Stem,4,,
140525184563920,2024-11-16,CS401,Caltech,Stem,5,16593,80.07
140525184550864,2024-11-19,CS501,Caltech,Stem,,23957,80.44
140525184550544,2024-12-27,CS501,Caltech,Stem,4,20072,73.3
140525184556496,2024-08-30,CS401,Caltech,Stem,5,15140,58.12
140525184554512,2024-09-05,CS501,Caltech,Stem,5,23234,71.45
140525184556880,2024-10-12,CS501,Caltech,Stem,4,21885,98.25
140525184549264,2024-10-29,CS501,Caltech,Stem,4,23596,77.16
140525184552400,2024-12-29,CS401,Caltech,Stem,4,15378,83.28
140525184553808,2024-06-24,CS501,Caltech,Stem,2,21515,95.9
140525184555600,2024-05-13,CS401,Caltech,Stem,3,15933,91.54
140525184553424,2024-05-13,CS501,Caltech,Stem,4,21932,61.24
140525184554256,2024-11-03,CS501,Caltech,Stem,4,20569,68.6
140525184562832,2024-10-01,CS401,Caltech,Stem,4,15066,98.9
140525184556432,2024-12-09,CS501,Caltech,Stem,4,21392,89.23
140525184551824,2024-11-19,CS401,Caltech,Stem,4,15533,84.77
140525184551056,2024-11-14,CS401,Caltech,Stem,4,16145,97.16
140525184549840,2024-12-02,CS401,Caltech,Stem,4,16080,84.15
140525184561552,2024-12-19,CS401,Caltech,Stem,5,18131,96.99
140525184556560,2024-10-10,CS501,Caltech,Stem,4,20074,89.71
140525184561616,2024-12-10,CS401,Caltech,Stem,4,15123,95.42
140525184554384,2024-12-17,CS501,Caltech,Stem,4,20420,90.37
140525184556624,2024-11-04,CS501,Caltech,Stem,3,20335,86.07
140525184550608,2024-10-01,CS401,Caltech,Stem,4,15429,81.94
140525184555408,2024-08-25,CS401,Caltech,Stem,5,15192,63.69
140525184555664,2024-08-28,CS501,Caltech,Stem,3,21030,88.58
140525184551120,2024-12-20,CS401,Caltech,Stem,5,,
140525184557200,2024-12-18,CS501,Caltech,Stem,4,23118,77.47
140525184552976,2024-08-20,CS401,Caltech,Stem,4,15520,75.83
140525184561104,2024-12-29,CS401,Caltech,Stem,4,15567,98.64
140525184554064,2024-08-15,CS401,Caltech,Stem,4,15828,91.41
140525184550736,2024-11-07,CS401,Caltech,Stem,3,15911,80.05
140525184551248,2024-12-31,CS401,Caltech,Stem,5,15704,97.57
140525184557648,2024-10-24,CS401,Caltech,Stem,5,15642,66.53
140525184560464,2024-08-23,CS501,Caltech,Stem,,21323,87.47
140525184560912,2024-10-18,CS501,Caltech,Stem,5,21821,90.35
140525184556176,2024-12-16,CS501,Caltech,Stem,4,20274,85.28
140525184559056,2024-07-04,CS501,Caltech,Stem,4,20079,89.78
140525184551696,2024-10-30,CS501,Caltech,Stem,5,20729,64.2
140525184554832,2024-12-29,CS401,Caltech,Stem,5,16405,43.54
140525184561040,2024-09-06,CS401,Caltech,Stem,4,16016,97.39
140525184560336,2024-04-06,CS401,Caltech,Stem,2,15213,83.98
140525184555856,2024-12-25,CS401,Caltech,Stem,,16670,89.62
140525184551632,2024-12-12,CS501,Caltech,Stem,,21486,82.23
140525184557072,2024-10-30,CS501,Caltech,Stem,4,21252,70.8
140525184560208,2024-09-09,CS401,Caltech,Stem,4,16008,94.19
140525184549328,2024-12-16,CS401,Caltech,Stem,4,15132,91.85
140525184550160,2024-09-02,CS401,Caltech,Stem,5,17331,75.34
140525184558736,2024-09-26,CS401,Caltech,Stem,4,,
140525184556048,2024-08-18,CS501,Caltech,Stem,4,20725,81.15
140525184558352,2024-07-10,CS501,Caltech,Stem,5,20573,95.49
140525184552720,2024-10-31,CS501,Caltech,Stem,4,20333,73.93
140525184565136,2024-11-21,CS501,Caltech,Stem,5,20736,98.25
140525184557520,2024-08-15,CS501,Caltech,Stem,5,20429,78.92
140525184556688,2024-09-19,CS501,Caltech,Stem,5,23003,61.0
140525184558800,2024-11-28,CS501,Caltech,Stem,,21702,98.31
140525184549520,2024-07-20,CS401,Caltech,Stem,3,16788,94.83
140525184565072,2024-11-02,CS401,Caltech,Stem,,16895,88.05
140525184555792,2024-11-02,CS501,Caltech,Stem,4,23036,82.41
140525184561168,2024-12-30,CS401,Caltech,Stem,5,16533,79.01
140525184559120,2024-12-03,CS501,Caltech,Stem,3,20396,76.8
140525184552336,2024-06-30,CS501,Caltech,Stem,3,20468,82.9
140525184555920,2024-08-23,CS401,Caltech,Stem,5,15152,53.85
140525184549712,2024-10-23,CS401,Caltech,Stem,2,,
140525184556240,2024-03-27,CS601,Caltech,Stem,5,26859,75.08
140525184563536,2024-11-20,CS601,Caltech,Stem,3,26644,58.16
140525184558288,,CS501,Caltech,Stem,3,21348,86.41
140525184561744,2024-10-04,CS401,Caltech,Stem,4,,
140525184564048,2024-11-19,CS401,Caltech,Stem,5,15952,97.94
140525184563216,2024-12-30,CS501,Caltech,Stem,3,,
140525184559504,2024-12-20,CS401,Caltech,Stem,4,15452,93.9
140525184558032,2024-08-31,CS401,Caltech,Stem,5,16513,95.98
140525184553936,2024-11-09,CS501,Caltech,Stem,5,21999,87.34
140525137639120,2024-11-03,CS501,Caltech,Stem,2,20708,96.84
140525137638608,2024-08-20,CS501,Caltech,Stem,4,20205,86.67
140525137632464,2024-08-31,CS401,Caltech,Stem,3,16545,80.8
140525137631440,2024-10-28,CS501,Caltech,Stem,4,,
140525137633168,2024-11-29,CS501,Caltech,Stem,4,22972,52.31
140525137630160,2024-08-09,CS401,Caltech,Stem,4,15269,75.6
140525137639632,2024-08-30,CS401,Caltech,Stem,4,16009,72.48
140525137633680,2024-11-12,CS501,Caltech,Stem,5,22604,87.93
140525137638864,2024-12-22,CS401,Caltech,Stem,4,17495,55.58
140525137636880,2024-10-06,CS601,Caltech,Stem,4,26121,79.84
140525137631184,2024-10-23,CS401,Caltech,Stem,3,15635,82.87
140525137627344,2024-12-22,CS401,Caltech,Stem,4,16254,88.02
140525137635856,2024-02-22,CS401,Caltech,Stem,5,17902,93.18
140525137638352,2024-05-03,CS501,Caltech,Stem,4,,
140525137634576,2024-04-06,CS501,Caltech,Stem,4,20596,95.94
140525137627088,2024-06-02,CS601,Caltech,Stem,4,27771,98.18
140525137625296,,CS501,Caltech,Stem,4,20296,73.8
140525137628880,2024-06-28,CS501,Caltech,Stem,,24586,69.3
140525137637648,2024-12-22,CS501,Caltech,Stem,4,21895,78.47
140525137627856,2024-07-07,CS401,Caltech,Stem,3,15457,92.84
140525137630416,2024-12-04,CS401,Caltech,Stem,5,15141,95.76
140525137635600,2024-10-11,CS501,Caltech,Stem,5,21915,87.77
140525137638096,2024-09-25,CS501,Caltech,Stem,3,20270,98.89
140525137634064,2024-11-07,CS401,Caltech,Stem,4,16160,82.76
140525137627600,2024-12-23,CS401,Caltech,Stem,5,16288,93.93
140525137637840,2024-08-07,CS401,Caltech,Stem,5,16115,80.07
140525137625552,2024-10-25,CS401,Caltech,Stem,5,15648,87.69
140525137632656,2024-12-02,CS501,Caltech,Stem,4,21205,52.37
140525137636624,,CS501,Caltech,Stem,4,22595,95.36
140525137626576,2024-11-17,CS401,Caltech,Stem,5,15451,92.21
140525137634320,2024-10-14,CS501,Caltech,Stem,4,23812,93.06
140525137626832,2024-12-10,CS401,Caltech,Stem,4,16326,50.22
140525178079120,2024-10-30,CS501,Caltech,Stem,4,20821,80.5
140525178092112,2024-08-14,CS501,Caltech,Stem,4,21311,97.61
140525178085712,2024-09-04,CS401,Caltech,Stem,2,,
140525178080912,2024-10-18,CS601,Caltech,Stem,4,26650,94.45
140525178081168,2024-12-20,CS501,Caltech,Stem,5,22677,81.56
140525178091856,2024-10-01,CS401,Caltech,Stem,3,15090,89.97
140525178081616,2024-10-26,CS401,Caltech,Stem,4,18324,71.64
140525178085200,2024-11-01,CS401,Caltech,Stem,5,16824,93.71
140525178088016,2024-08-07,CS501,Caltech,Stem,4,22392,87.86
140525178087760,2024-12-31,CS401,Caltech,Stem,5,,
140525178083920,2024-10-27,CS501,Caltech,Stem,3,20475,97.26
140525178078864,2024-09-05,CS501,Caltech,Stem,5,22625,88.91
140525178082128,2024-09-27,CS501,Caltech,Stem,4,21814,92.35
140525178083664,2024-09-25,CS401,Caltech,Stem,5,15618,76.53
140525178088528,2024-12-10,CS401,Caltech,Stem,4,,
140525178086736,2024-12-22,CS401,Caltech,Stem,5,17424,74.4
140525178077904,2024-05-30,CS501,Caltech,Stem,4,23595,95.7
140525178090832,2024-11-21,CS601,Caltech,Stem,4,26055,86.25
140525178080400,2024-11-27,CS501,Caltech,Stem,4,20390,98.92
140525178081360,2024-03-30,CS401,Caltech,Stem,5,17618,72.19
140525178085456,2024-12-09,CS401,Caltech,Stem,4,16959,71.72
140525178084944,2024-09-20,CS401,Caltech,Stem,4,,
140525178082640,,CS401,Caltech,Stem,4,16582,74.04
140525178078160,2024-10-16,CS401,Caltech,Stem,4,15576,86.27
140525178082896,,CS501,Caltech,Stem,4,20433,90.26
140525178089552,2024-04-18,CS401,Caltech,Stem,3,17035,79.96
140525178093392,2024-10-15,CS501,Caltech,Stem,4,20596,98.11
140525178078608,2024-10-27,CS501,Caltech,Stem,5,22061,87.3
140525178080144,2024-04-20,CS501,Caltech,Stem,4,,
140525178078416,2024-12-18,CS401,Caltech,Stem,3,15664,93.48
140525178084432,2024-10-12,CS501,Caltech,Stem,4,20610,92.22
140525178090576,2024-09-26,CS401,Caltech,Stem,5,17481,87.82
140525178079888,,CS401,Caltech,Stem,5,,
140525178079376,2024-10-15,CS401,Caltech,Stem,5,15505,79.99
140525138842768,2024-12-18,CS501,Caltech,Stem,5,23575,68.46
140525138851152,2024-11-06,CS401,Caltech,Stem,4,15049,57.04
140525138847568,2024-09-13,CS501,Caltech,Stem,3,22341,92.06
140525138842256,2024-12-02,CS501,Caltech,Stem,3,22276,97.39
140525138845008,2024-12-22,CS401,Caltech,Stem,4,15765,86.28
140525138853200,2024-09-28,CS501,Caltech,Stem,4,23087,94.53
140525138849104,2024-11-28,CS501,Caltech,Stem,4,23152,73.68
140525138838224,2024-08-01,CS401,Caltech,Stem,4,17052,71.73
140525138844240,2024-12-24,CS401,Caltech,Stem,,15090,85.58
140525138843472,2024-10-04,CS501,Caltech,Stem,4,21984,94.42
140525138840016,2024-11-17,CS401,Caltech,Stem,4,16397,71.27
140525138845264,2024-10-04,CS501,Caltech,Stem,3,21320,57.95
140525138838736,2024-12-28,CS501,Caltech,Stem,5,,
140525138840720,2024-12-27,CS401,Caltech,Stem,4,16676,80.21
140525138841488,2024-11-24,CS401,Caltech,Stem,5,15401,93.4
140525138850128,2024-06-20,CS501,Caltech,Stem,4,23098,85.59
140525138842000,,CS401,Caltech,Stem,4,15268,55.5
140525138847056,2024-04-08,CS401,Caltech,Stem,5,15053,70.07
140525138837968,2024-11-26,CS501,Caltech,Stem,4,20638,82.03
140525138850896,2024-06-14,CS601,Caltech,Stem,,25579,85.53
140525138844496,2024-11-03,CS501,Caltech,Stem,4,22686,94.89
140525138846032,2024-06-08,CS501,Caltech,Stem,5,21774,78.9
140525138843984,2024-07-05,CS401,Caltech,Stem,4,18263,93.73
140525138839760,2024-10-26,CS401,Caltech,Stem,2,,
140525138849872,2024-08-10,CS401,Caltech,Stem,,17603,80.4
140525138838480,2024-07-04,CS401,Caltech,Stem,5,15234,89.39
140525138852432,2024-07-04,CS401,Caltech,Stem,4,16110,73.52
140525138845776,2024-12-14,CS401,Caltech,Stem,4,,
140525138845520,2024-11-05,CS501,Caltech,Stem,3,21491,81.53
140525138838992,2024-12-18,CS401,Caltech,Stem,4,16091,52.91
140525138846800,2024-11-11,CS501,Caltech,Stem,5,20065,98.44
140525138851408,2024-10-24,CS401,Caltech,Stem,5,16761,86.78
140525138849360,2024-04-26,CS401,Caltech,Stem,5,15674,83.06
140525179808080,2024-07-14,CS501,Caltech,Stem,4,22033,82.96
140525179808464,2024-05-21,CS501,Caltech,Stem,4,20351,89.96
140525179807376,2024-10-16,CS501,Caltech,Stem,4,21223,96.38
140525179809232,2024-08-07,CS501,Caltech,Stem,3,20331,90.94
140525179802192,2024-12-14,CS601,Caltech,Stem,,25513,68.31
140525179812432,2024-12-19,CS501,Caltech,Stem,3,20002,87.26
140525179813136,2024-12-10,CS401,Caltech,Stem,4,16042,90.58
140525179807120,2024-11-13,CS601,Caltech,Stem,3,25579,95.68
140525179809424,2024-11-22,CS601,Caltech,Stem,4,26278,86.43
140525179806224,2024-11-22,CS501,Caltech,Stem,3,20754,93.58
140525179809744,2024-10-08,CS501,Caltech,Stem,4,21560,78.08
140525179808144,2024-10-16,CS501,Caltech,Stem,4,20309,94.37
140525179799056,2024-09-11,CS601,Caltech,Stem,3,28442,56.9
140525179806608,2024-12-14,CS501,Caltech,Stem,5,21156,78.07
140525179805072,2024-09-27,CS401,Caltech,Stem,4,17193,83.86
140525179803152,2024-12-09,CS401,Caltech,Stem,5,16549,93.64
140525179812304,2024-12-09,CS401,Caltech,Stem,5,18183,67.15
140525179803728,2024-10-01,CS401,Caltech,Stem,4,15616,92.62
140525179813712,2024-12-24,CS401,Caltech,Stem,5,16160,70.74
140525179804752,2024-09-23,CS401,Caltech,Stem,4,15395,82.16
140525179804560,2024-11-24,CS501,Caltech,Stem,3,21163,86.27
140525179810256,2024-12-10,CS501,Caltech,Stem,4,21028,50.18
140525179810512,2024-10-27,CS501,Caltech,Stem,5,21417,83.61
140525179798800,2024-08-20,CS501,Caltech,Stem,3,20763,92.47
140525179811664,2024-12-06,CS501,Caltech,Stem,3,22731,68.77
140525179813648,2024-11-08,CS501,Caltech,Stem,3,21219,59.35
140525179802128,2024-07-31,CS501,Caltech,Stem,3,20007,96.32
140525179801424,2024-08-28,CS401,Caltech,Stem,5,16682,69.07
140525179797712,2024-10-27,CS401,Caltech,Stem,4,18452,88.92
140525179801104,2024-12-01,CS401,Caltech,Stem,4,18005,84.16
140525179805328,2024-08-17,CS601,Caltech,Stem,5,25971,82.65
140525179813072,2024-06-04,CS501,Caltech,Stem,5,23756,86.85
140525179808208,2024-09-06,CS401,Caltech,Stem,,17392,98.54
140525179811792,2024-12-06,CS401,Caltech,Stem,5,16896,75.11
140525179810640,2024-10-30,CS501,Caltech,Stem,3,21513,72.18
140525179810320,2024-12-05,CS401,Caltech,Stem,4,16106,92.02
140525179797776,2024-12-13,CS601,Caltech,Stem,3,26761,95.67
140525179800848,2024-09-28,CS401,Caltech,Stem,5,15848,98.99
140525179806672,2024-05-24,CS401,Caltech,Stem,4,18611,85.85
140525179801168,2024-12-27,CS501,Caltech,Stem,4,21637,97.5
140525179806160,2024-11-25,CS501,Caltech,Stem,5,22291,86.55
140525179798480,2024-10-18,CS501,Caltech,Stem,5,20150,95.67
140525179801872,2024-09-07,CS501,Caltech,Stem,3,21317,93.63
140525179809360,2024-09-23,CS501,Caltech,Stem,5,20223,83.76
140525179812240,2024-11-28,CS401,Caltech,Stem,5,15845,68.95
140525179798224,2024-11-15,CS401,Caltech,Stem,3,15897,68.53
140525179809296,2024-10-17,CS501,Caltech,Stem,4,20171,89.24
140525179799760,2024-09-02,CS501,Caltech,Stem,5,20114,64.4
140525179800592,2024-08-15,CS501,Caltech,Stem,4,20577,84.49
140525179806928,2024-12-05,CS501,Caltech,Stem,4,20145,65.53
140525179807056,,CS401,Caltech,Stem,3,,
140525179806352,2024-08-12,CS401,Caltech,Stem,4,16739,94.38
140525179802896,2024-04-08,CS401,Caltech,Stem,3,15406,93.3
140525179806032,2024-12-16,CS501,Caltech,Stem,4,20137,70.26
140525179798608,2024-11-15,CS401,Caltech,Stem,4,16058,86.09
140525179801040,2024-05-09,CS401,Caltech,Stem,5,15512,50.64
140525179803344,2024-09-10,CS501,Caltech,Stem,4,21839,68.55
140525179798096,2024-12-28,CS401,Caltech,Stem,4,17469,90.22
140525179809616,2024-07-01,CS501,Caltech,Stem,3,22445,69.57
140525179800016,2024-12-10,CS401,Caltech,Stem,2,16998,96.24
140525179802064,2024-10-22,CS401,Caltech,Stem,5,17517,77.22
140525179803024,,CS501,Caltech,Stem,4,21391,93.95
140525179812688,2024-04-19,CS501,Caltech,Stem,2,21656,50.04
140525179813264,2024-11-24,CS501,Caltech,Stem,4,21917,81.71
140525179808848,2024-10-09,CS501,Caltech,Stem,4,23040,74.33
140525179800656,2024-12-16,CS601,Caltech,Stem,4,27542,93.42
140525179798736,,CS501,Caltech,Stem,5,22401,70.68
140525179805264,2024-12-30,CS401,Caltech,Stem,5,15737,89.39
140525179805136,2024-12-04,CS501,Caltech,Stem,4,22354,89.78
140525179807696,2024-12-08,CS501,Caltech,Stem,4,21118,81.51
140525179800528,2024-09-21,CS501,Caltech,Stem,5,20116,63.32
140525179803472,2024-02-03,CS601,Caltech,Stem,4,,
140525179803792,2024-04-29,CS401,Caltech,Stem,3,15202,81.91
140525179810192,2024-11-21,CS501,Caltech,Stem,5,21700,86.83
140525179802256,2024-05-25,CS401,Caltech,Stem,3,16619,71.34
140525179798160,2024-09-06,CS601,Caltech,Stem,5,25438,76.3
140525179805008,2024-12-07,CS401,Caltech,Stem,3,18222,95.4
140525179801232,2024-06-02,CS401,Caltech,Stem,4,15426,94.49
140525179809488,2024-12-05,CS501,Caltech,Stem,4,20182,75.01
140525179799888,2024-10-09,CS401,Caltech,Stem,5,16599,72.01
140525179803856,2024-12-28,CS501,Caltech,Stem,3,20346,86.79
140525179803216,2024-11-13,CS501,Caltech,Stem,5,22780,69.81
140525179799312,2024-12-08,CS401,Caltech,Stem,5,17101,63.14
140525179805200,2024-09-01,CS401,Caltech,Stem,5,15204,94.0
140525179808272,2024-10-09,CS601,Caltech,Stem,5,27597,82.8
140525179802704,2024-11-08,CS401,Caltech,Stem,4,16403,94.02
140525179802640,2024-10-11,CS401,Caltech,Stem,,17772,84.48
140525179812496,2024-09-30,CS501,Caltech,Stem,1,20105,94.49
140525179803088,2024-07-22,CS401,Caltech,Stem,4,15353,69.02
140525179803984,2024-12-24,CS401,Caltech,Stem,4,17490,69.75
140525179797840,2024-09-15,CS501,Caltech,Stem,5,20246,69.09
140525179801680,2024-11-26,CS401,Caltech,Stem,5,17520,80.09
140525179808400,2024-12-02,CS401,Caltech,Stem,5,15112,88.32
140525179806800,2024-03-19,CS401,Caltech,Stem,1,16171,97.21
140525179801808,2024-12-15,CS401,Caltech,Stem,4,15236,76.46
140525179805648,2024-10-25,CS401,Caltech,Stem,,17702,65.83
140525179800144,2024-12-12,CS501,Caltech,Stem,4,22219,49.26
140525179811216,2024-11-22,CS401,Caltech,Stem,4,15405,89.34
140525179805840,2024-12-29,CS501,Caltech,Stem,5,20458,75.85
140525179799504,2024-10-12,CS501,Caltech,Stem,4,20532,91.89
140525179811024,2024-05-08,CS401,Caltech,Stem,,15414,71.93
140525179813008,2024-05-13,CS501,Caltech,Stem,3,21028,82.84
140525179810896,2024-10-15,CS401,Caltech,Stem,5,15586,85.99
140525179804112,2024-11-24,CS401,Caltech,Stem,3,16392,86.41
140525179813392,2024-12-11,CS401,Caltech,Stem,4,15311,88.98
140525179802448,2024-12-30,CS601,Caltech,Stem,5,26170,94.92
140525179812944,,CS501,Caltech,Stem,5,22632,82.45
140525179800208,2024-06-17,CS401,Caltech,Stem,4,15896,76.09
140525142078544,2024-07-02,CS501,Caltech,Stem,4,20262,58.61
140525142081296,2024-12-16,CS501,Caltech,Stem,5,20480,95.23
140525142068368,2024-12-13,CS401,Caltech,Stem,5,18679,95.87
140525142070096,2024-08-10,CS501,Caltech,Stem,4,20910,95.22
140525142072400,2024-06-17,CS401,Caltech,Stem,3,15813,89.48
140525142070352,2024-10-17,CS601,Caltech,Stem,5,,
140525142074192,2024-11-09,CS501,Caltech,Stem,5,20788,89.36
140525142078032,2024-10-21,CS401,Caltech,Stem,5,17196,95.97
140525142069136,2024-07-04,CS501,Caltech,Stem,4,,
140525142071888,2024-10-11,CS501,Caltech,Stem,4,21175,71.78
140525142071376,2024-07-20,CS401,Caltech,Stem,5,18827,76.54
140525142078288,2024-11-22,CS501,Caltech,Stem,5,23745,72.74
140525142065360,2024-10-15,CS501,Caltech,Stem,3,20447,85.45
140525142073936,2024-10-11,CS401,Caltech,Stem,5,17385,52.47
140525142069392,2024-11-06,CS401,Caltech,Stem,4,17880,87.42
140525142068880,2024-07-11,CS501,Caltech,Stem,5,20385,54.03
140525142079760,2024-06-17,CS501,Caltech,Stem,3,22921,97.69
140525142075472,2024-05-24,CS501,Caltech,Stem,5,21656,95.24
140525142067600,2024-07-16,CS501,Caltech,Stem,5,20456,77.6
140525142073168,2024-05-15,CS401,Caltech,Stem,5,16134,91.3
140525142079056,2024-11-06,CS501,Caltech,Stem,5,,
140525142075984,2024-04-19,CS401,Caltech,Stem,3,16483,78.96
140525142066640,2024-07-17,CS501,Caltech,Stem,4,20777,91.74
140525142080528,2024-11-22,CS501,Caltech,Stem,4,21234,80.47
140525142074960,2024-11-28,CS401,Caltech,Stem,4,15579,88.23
140525142077008,2024-07-24,CS501,Caltech,Stem,4,21281,95.06
140525142065872,,CS401,Caltech,Stem,3,15871,92.14
140525139381392,2024-12-20,CS401,Caltech,Stem,5,15330,96.16
140525139383696,2024-12-15,CS401,Caltech,Stem,3,17022,73.22
140525139381136,2024-04-08,CS501,Caltech,Stem,3,22516,95.05
140525139388048,2024-09-10,CS501,Caltech,Stem,4,,
140525139393680,2024-09-05,CS501,Caltech,Stem,,20689,98.27
140525139379856,2024-08-14,CS401,Caltech,Stem,4,17534,89.09
140525139378896,2024-09-25,CS601,Caltech,Stem,4,26222,94.95
140525139387536,2024-11-14,CS401,Caltech,Stem,4,16159,85.58
140525139379600,2024-12-17,CS401,Caltech,Stem,5,16255,98.24
140525139384976,2024-10-29,CS501,Caltech,Stem,3,21889,72.89
140525139389072,2024-07-22,CS401,Caltech,Stem,5,18353,82.02
140525139391376,2024-09-16,CS401,Caltech,Stem,5,16200,93.25
140525139386000,2024-12-28,CS501,Caltech,Stem,5,20369,68.78
140525139392656,2024-02-08,CS401,Caltech,Stem,5,16721,67.74
140525139382160,2024-06-16,CS401,Caltech,Stem,5,15204,83.01
140525139388816,2024-11-29,CS501,Caltech,Stem,5,20280,84.26
140525139383952,2024-12-02,CS501,Caltech,Stem,3,21167,85.18
140525139386256,2024-10-18,CS501,Caltech,Stem,4,20149,97.72
140525139382672,,CS501,Caltech,Stem,3,22768,91.4
140525139384208,2024-11-28,CS501,Caltech,Stem,3,20069,73.24
140525139392400,2024-12-25,CS501,Caltech,Stem,3,20764,62.95
140525139387024,2024-10-23,CS501,Caltech,Stem,5,20840,98.84
140525139387792,2024-12-18,CS401,Caltech,Stem,4,,
140525139383440,2024-12-01,CS501,Caltech,Stem,2,21724,63.08
140525139388304,2024-12-08,CS401,Caltech,Stem,5,17406,86.14
140525139383184,2024-11-15,CS501,Caltech,Stem,3,20281,88.08
140525139382928,2024-08-26,CS401,Caltech,Stem,5,17166,81.77
140525139394448,2024-05-26,CS401,Caltech,Stem,3,16113,56.68
140525139392144,2024-07-16,CS501,Caltech,Stem,4,22661,86.92
140525139393936,2024-12-14,CS501,Caltech,Stem,3,20193,77.13
140525139381904,2024-08-06,CS501,Caltech,Stem,4,21917,88.25
140525139389328,2024-10-27,CS501,Caltech,Stem,4,21223,85.29
140525139391632,2024-11-25,CS501,Caltech,Stem,,20512,95.22
140525188835792,2024-11-27,CS501,Caltech,Stem,3,20486,96.5
140525188840528,2024-07-13,CS401,Caltech,Stem,4,16269,66.55
140525188834000,2024-04-06,CS501,Caltech,Stem,2,20320,95.86
140525188838352,2024-10-17,CS501,Caltech,Stem,3,20942,95.53
140525188835536,2024-10-23,CS401,Caltech,Stem,5,16110,94.6
140525188837648,2024-11-08,CS601,Caltech,Stem,5,28106,91.09
140525188834832,2024-11-30,CS401,Caltech,Stem,4,16031,98.86
140525188838992,2024-10-20,CS401,Caltech,Stem,3,15736,93.86
140525188837072,2024-10-13,CS501,Caltech,Stem,,20120,68.58
140525188840272,2024-12-20,CS501,Caltech,Stem,4,20397,94.55
140525188834896,2024-04-12,CS401,Caltech,Stem,2,15483,91.84
140525188837968,2024-08-01,CS401,Caltech,Stem,4,15901,66.59
140525188834320,2024-05-27,CS501,Caltech,Stem,4,22834,72.62
140525188833232,2024-06-20,CS401,Caltech,Stem,3,16009,94.83
140525188833104,2024-10-16,CS401,Caltech,Stem,3,15954,63.17
140525188835856,2024-11-08,CS401,Caltech,Stem,3,15975,95.53
140525188837456,2024-09-13,CS501,Caltech,Stem,4,20545,96.63
140525188838416,2024-11-17,CS501,Caltech,Stem,4,21960,80.26
140525188830672,2024-11-04,CS501,Caltech,Stem,4,20478,84.88
140525188830416,2024-12-16,CS501,Caltech,Stem,5,23012,68.18
140525188834192,2024-12-13,CS401,Caltech,Stem,5,15150,66.35
140525188833488,2024-11-02,CS501,Caltech,Stem,4,22951,98.71
140525188838672,2024-10-15,CS401,Caltech,Stem,3,17743,71.44
140525188835216,2024-07-20,CS401,Caltech,Stem,3,18775,59.64
140525188836176,2024-12-06,CS401,Caltech,Stem,5,15137,83.24
140525188834640,2024-09-29,CS501,Caltech,Stem,4,20612,75.83
140525188833424,2024-10-06,CS401,Caltech,Stem,5,17993,93.6
140525188840400,2024-08-11,CS401,Caltech,Stem,2,15666,80.18
140525188837840,2024-11-21,CS501,Caltech,Stem,5,20704,77.64
140525188832848,2024-12-24,CS401,Caltech,Stem,4,15872,78.07
140525188831376,2024-10-28,CS401,Caltech,Stem,2,17813,81.35
140525188837712,2024-11-05,CS401,Caltech,Stem,4,,
140525188840848,,CS401,Caltech,Stem,5,15287,81.95
140525188836240,2024-09-25,CS501,Caltech,Stem,3,20158,94.79
140525188830992,2024-10-04,CS401,Caltech,Stem,4,15848,98.1
140525188836560,2024-10-11,CS401,Caltech,Stem,,15213,93.99
140525188830032,2024-11-09,CS501,Caltech,Stem,3,21389,75.33
140525188837264,2024-11-07,CS501,Caltech,Stem,4,20613,59.3
140525188838928,2024-07-09,CS501,Caltech,Stem,5,22132,86.01
140525188837904,2024-05-16,CS501,Caltech,Stem,3,20579,95.28
140525188834704,,CS401,Caltech,Stem,5,,
140525188830736,2024-12-07,CS401,Caltech,Stem,4,15314,84.77
140525188837200,2024-05-26,CS501,Caltech,Stem,4,,
140525188836944,2024-10-25,CS601,Caltech,Stem,4,26102,66.68
140525188840592,2024-11-30,CS401,Caltech,Stem,4,15258,94.31
140525188834064,2024-12-19,CS401,Caltech,Stem,4,15422,87.03
140525188830224,2024-09-20,CS501,Caltech,Stem,4,21004,95.76
140525188829200,2024-03-17,CS401,Caltech,Stem,4,15012,97.06
140525188833168,2024-12-09,CS501,Caltech,Stem,5,22869,74.33
140525188839632,,CS501,Caltech,Stem,4,,
140525188837136,2024-09-27,CS401,Caltech,Stem,5,15113,72.98
140525188839440,2024-09-12,CS401,Caltech,Stem,4,,
140525188830352,2024-11-03,CS501,Caltech,Stem,4,21506,98.88
140525188841360,2024-09-08,CS401,Caltech,Stem,5,17638,91.98
140525188835984,2024-08-06,CS401,Caltech,Stem,2,15015,73.81
140525188831632,2024-11-19,CS401,Caltech,Stem,3,16012,79.36
140525188836432,2024-08-14,CS501,Caltech,Stem,5,20305,54.67
140525188839952,2024-03-20,CS401,Caltech,Stem,5,15378,72.02
140525188834448,2024-10-28,CS501,Caltech,Stem,4,21121,55.87
140525188841424,2024-06-28,CS401,Caltech,Stem,3,16829,94.46
140525205014096,2024-10-22,CS501,Caltech,Stem,4,21944,98.15
140525202913744,2024-07-28,CS401,Caltech,Stem,4,15272,93.38
140525239713040,2024-11-17,CS401,Caltech,Stem,5,15254,92.59
140525239712976,2024-11-05,CS401,Caltech,Stem,3,16568,95.89
140525239710160,2024-11-03,CS401,Caltech,Stem,4,17560,68.15
140525239712848,2024-10-23,CS501,Caltech,Stem,5,21205,61.89
140526252913296,2024-12-22,CS401,Caltech,Stem,5,18759,91.91
140526252912848,2024-11-24,CS401,Caltech,Stem,3,15432,87.7
140525202975440,2024-12-28,CS401,Caltech,Stem,5,16860,83.97
140526243951760,2024-07-02,CS401,Caltech,Stem,4,16442,98.22
140526243944016,2024-04-07,CS401,Caltech,Stem,4,15960,95.8
140526243948624,2024-08-08,CS401,Caltech,Stem,3,,
140526243952400,2024-08-06,CS401,Caltech,Stem,4,15041,77.61
140526254465232,2024-12-26,CS401,Caltech,Stem,2,16051,91.32
140526253126672,2024-12-02,CS501,Caltech,Stem,5,20060,89.53
140526253119696,2024-09-18,CS501,Caltech,Stem,5,21430,71.44
140526253129680,2024-08-29,CS501,Caltech,Stem,4,20362,82.49
140525119827600,2024-11-22,CS401,Caltech,Stem,5,15537,86.68
140525119825040,2024-08-18,CS501,Caltech,Stem,4,22789,81.5
140525119825744,2024-10-23,CS601,Caltech,Stem,2,25584,93.13
140525119830608,2024-12-18,CS501,Caltech,Stem,,22282,83.3
140525119823440,2024-08-14,CS401,Caltech,Stem,5,16458,97.47
140525119819024,2024-09-14,CS401,Caltech,Stem,5,17268,78.73
140525119818256,2024-11-27,CS501,Caltech,Stem,3,20165,90.63
140525119827408,2024-12-21,CS501,Caltech,Stem,,21157,89.5
140525119826896,2024-12-02,CS501,Caltech,Stem,5,22873,83.44
140525119825680,2024-10-01,CS501,Caltech,Stem,4,20274,80.55
140525119830480,2024-10-14,CS401,Caltech,Stem,5,17465,81.74
140525119819600,2024-12-04,CS501,Caltech,Stem,4,21799,87.54
140525119826064,2024-10-28,CS501,Caltech,Stem,4,21704,92.0
140525119826832,2024-07-06,CS501,Caltech,Stem,3,20107,82.45
140525119820304,2024-12-08,CS501,Caltech,Stem,4,23223,54.88
140525119816912,2024-10-13,CS401,Caltech,Stem,5,18466,86.68
140525119831120,2024-11-06,CS501,Caltech,Stem,3,,
140525119822544,2024-12-25,CS401,Caltech,Stem,,15160,94.7
140525119819536,2024-09-22,CS401,Caltech,Stem,5,15517,95.88
140525119818512,2024-05-16,CS401,Caltech,Stem,5,17731,98.33
140525119830288,2024-10-13,CS501,Caltech,Stem,4,22787,82.4
140525119828176,2024-10-07,CS501,Caltech,Stem,5,21075,81.42
140525119821584,2024-10-24,CS401,Caltech,Stem,3,16221,79.95
140525119822928,2024-07-22,CS401,Caltech,Stem,3,18555,88.35
140525119818064,2024-10-30,CS401,Caltech,Stem,4,17504,95.5
140525119827984,2024-07-10,CS501,Caltech,Stem,,20328,75.85
140525119829136,2024-07-10,CS501,Caltech,Stem,4,20799,66.39
140525119822096,2024-09-06,CS501,Caltech,Stem,3,22767,98.94
140525119819216,2024-10-23,CS401,Caltech,Stem,5,17508,95.86
140525119816016,2024-11-30,CS501,Caltech,Stem,4,21940,98.57
140525119831952,2024-08-14,CS401,Caltech,Stem,5,18304,87.2
140525119818896,2024-12-16,CS501,Caltech,Stem,5,20643,94.72
140525119825168,2024-08-15,CS501,Caltech,Stem,4,20402,91.81
140525119826192,2024-11-29,CS401,Caltech,Stem,5,16513,83.29
140525119817936,2024-09-14,CS501,Caltech,Stem,4,20799,96.2
140525119824080,2024-08-03,CS401,Caltech,Stem,4,15887,69.95
140525119819408,2024-11-09,CS401,Caltech,Stem,5,17769,97.21
140525119827664,2024-11-15,CS501,Caltech,Stem,4,,
140525119819984,2024-10-12,CS401,Caltech,Stem,3,17551,89.18
140525119829200,2024-11-11,CS501,Caltech,Stem,5,22391,88.87
140525119822352,2024-05-15,CS501,Caltech,Stem,,22295,92.88
140525119826512,2024-09-26,CS401,Caltech,Stem,5,16129,77.69
140525119820880,2024-06-13,CS601,Caltech,Stem,4,25546,98.41
140525119826128,2024-10-25,CS401,Caltech,Stem,4,17443,85.52
140525119831376,2024-09-28,CS501,Caltech,Stem,3,21780,87.8
140525119819856,2024-11-02,CS401,Caltech,Stem,4,15675,94.76
140525119825488,2024-07-24,CS501,Caltech,Stem,4,22560,96.69
140525119828688,2024-12-27,CS401,Caltech,Stem,3,15490,97.79
140525119828560,2024-10-25,CS601,Caltech,Stem,3,,
140525119822992,2024-11-19,CS401,Caltech,Stem,3,15253,85.78
140525119828304,2024-08-05,CS501,Caltech,Stem,5,23321,93.63
140525119825360,2024-11-28,CS401,Caltech,Stem,4,,
140525119820560,2024-08-14,CS401,Caltech,Stem,4,15966,86.11
140525119819152,2024-08-31,CS401,Caltech,Stem,4,16319,94.89
140525119829712,2024-11-29,CS501,Caltech,Stem,4,20276,92.33
140525119816976,2024-11-27,CS401,Caltech,Stem,2,15224,82.47
140525119822160,2024-12-05,CS501,Caltech,Stem,2,20329,97.44
140525119825552,2024-12-17,CS501,Caltech,Stem,4,,
140525119819728,2024-07-22,CS401,Caltech,Stem,5,16553,57.28
140525119817360,2024-10-24,CS401,Caltech,Stem,3,15513,75.14
140525119824144,2024-10-14,CS501,Caltech,Stem,3,21134,80.47
140525119817488,2024-04-07,CS601,Caltech,Stem,5,25671,87.41
140525119816848,2024-10-03,CS501,Caltech,Stem,5,21811,73.38
140525119823184,2024-11-06,CS501,Caltech,Stem,4,,
140525119816784,2024-12-18,CS501,Caltech,Stem,4,22002,89.45
140525119824848,2024-08-12,CS501,Caltech,Stem,4,20984,86.33
140525119824336,2024-12-10,CS501,Caltech,Stem,4,23798,93.92
140525119826256,2024-12-05,CS601,Caltech,Stem,,25062,98.33
140525119821904,2024-12-09,CS401,Caltech,Stem,4,16828,55.8
140525119827344,2024-12-05,CS401,Caltech,Stem,5,15783,85.73
140525119831696,2024-12-22,CS501,Caltech,Stem,4,20251,96.11
140525119825616,2024-11-06,CS601,Caltech,Stem,4,25406,90.92
140525119818000,2024-07-29,CS401,Caltech,Stem,3,15816,59.87
140525119816656,2024-12-15,CS401,Caltech,Stem,4,18533,92.26
140525119824784,2024-12-13,CS401,Caltech,Stem,5,16230,75.33
140525119822480,2024-12-03,CS401,Caltech,Stem,3,16363,63.23
140525119823952,2024-11-15,CS401,Caltech,Stem,4,15309,73.62
140525119816272,2024-01-01,CS401,Caltech,Stem,4,15352,90.05
140525119830032,2024-12-19,CS401,Caltech,Stem,5,16443,72.94
140525119830416,2024-10-23,CS601,Caltech,Stem,4,28088,98.76
140525119830352,2024-11-20,CS401,Caltech,Stem,4,15661,88.49
140525119830224,,CS501,Caltech,Stem,3,21949,83.68
140525119823376,2024-09-23,CS501,Caltech,Stem,3,20987,71.29
140525119820816,2024-09-13,CS401,Caltech,Stem,3,16481,97.56
140525119829072,2024-10-04,CS501,Caltech,Stem,3,21754,93.06
140525119830736,2024-12-19,CS401,Caltech,Stem,4,16740,91.56
140525119817552,2024-08-28,CS401,Caltech,Stem,4,,
140525119830160,2024-11-21,CS501,Caltech,Stem,4,21480,76.46
140525119829392,2024-10-18,CS401,Caltech,Stem,4,15068,90.08
140525119817808,,CS401,Caltech,Stem,3,17634,65.43
140525119826576,2024-12-07,CS501,Caltech,Stem,4,21155,83.98
140525119824528,2024-08-19,CS501,Caltech,Stem,4,21401,82.76
140525119826320,2024-09-01,CS401,Caltech,Stem,2,15759,59.8
140525119819792,2024-03-26,CS401,Caltech,Stem,5,17263,74.25
140525119821136,2024-09-19,CS501,Caltech,Stem,4,20728,95.44
140525119818320,2024-12-11,CS501,Caltech,Stem,3,21317,98.64
140525119831056,2024-04-21,CS401,Caltech,Stem,5,16931,79.89
140525119828112,2024-10-04,CS501,Caltech,Stem,5,22108,94.08
140525119828048,2024-10-08,CS401,Caltech,Stem,4,15696,74.69
140525119818128,2024-10-20,CS401,Caltech,Stem,3,15868,83.54
140525119824400,2024-08-04,CS501,Caltech,Stem,3,22570,90.74
140525119829968,2024-07-01,CS401,Caltech,Stem,2,17926,74.37
140525119826384,2024-08-02,CS501,Caltech,Stem,5,20509,90.5
140525119818192,2024-11-12,CS501,Caltech,Stem,4,21852,65.31
140525119829584,2024-07-26,CS401,Caltech,Stem,5,15036,71.63
140525119825808,2024-08-10,CS501,Caltech,Stem,5,20633,97.61
140525119824656,2024-11-11,CS401,Caltech,Stem,3,15630,64.68
140525119825232,2024-09-14,CS501,Caltech,Stem,4,20207,79.39
140525119831824,2024-08-30,CS501,Caltech,Stem,4,,
140525119826768,2024-09-28,CS401,Caltech,Stem,5,15817,94.79
140525119831888,2024-10-04,CS401,Caltech,Stem,4,16451,50.44
140525119818448,2024-12-02,CS501,Caltech,Stem,4,20289,91.71
140525119826448,2024-10-25,CS501,Caltech,Stem,4,20873,77.89
140525119831632,2024-10-04,CS601,Caltech,Stem,4,25223,82.67
140525119831184,2024-09-21,CS401,Caltech,Stem,4,15780,86.48
140525119817424,2024-11-06,CS501,Caltech,Stem,4,20136,94.58
140525119825104,2024-12-13,CS401,Caltech,Stem,4,19361,85.71
140525119828880,2024-12-15,CS501,Caltech,Stem,5,20445,94.78
140525119830928,2024-12-16,CS501,Caltech,Stem,4,20064,87.19
140525119815760,2024-11-24,CS501,Caltech,Stem,3,20172,75.25
140525119817744,2024-10-22,CS401,Caltech,Stem,5,17026,90.25
140525119820432,2024-12-13,CS501,Caltech,Stem,5,20026,98.31
140525119830544,2024-09-03,CS501,Caltech,Stem,5,22889,88.57
140525119826000,2024-09-03,CS401,Caltech,Stem,4,18510,97.01
140525119820944,2024-11-14,CS501,Caltech,Stem,5,21938,71.06
140525119818832,2024-11-22,CS401,Caltech,Stem,3,15097,84.9
140525119819472,2024-05-26,CS401,Caltech,Stem,5,16546,89.6
140526254572432,,CS401,Caltech,Stem,4,17640,89.99
140525191805584,2024-11-14,CS401,Caltech,Stem,5,18231,97.93
140525134475856,2024-12-22,CS401,Caltech,Stem,5,15828,86.64
140525134465232,2024-08-25,CS501,Caltech,Stem,4,21367,80.68
140525134466256,2024-07-19,CS401,Caltech,Stem,4,,
140525134476368,2024-12-14,CS401,Caltech,Stem,5,,
140525134475344,2024-09-30,CS401,Caltech,Stem,3,16200,87.48
140525134471504,2024-09-29,CS501,Caltech,Stem,5,20647,96.19
140525134468752,2024-12-22,CS401,Caltech,Stem,4,15554,89.05
140525134472528,2024-09-02,CS601,Caltech,Stem,4,26027,87.44
140525134469200,2024-09-29,CS501,Caltech,Stem,4,,
140525134466448,2024-09-10,CS401,Caltech,Stem,5,15076,67.24
140525134475600,,CS501,Caltech,Stem,4,20799,84.8
140525134463952,2024-03-05,CS401,Caltech,Stem,5,15090,82.92
140525134468944,2024-10-20,CS501,Caltech,Stem,5,22101,66.49
140525134464464,2024-09-11,CS601,Caltech,Stem,3,26123,92.83
140525134463440,2024-12-25,CS501,Caltech,Stem,,20124,96.31
140525134476624,2024-07-29,CS501,Caltech,Stem,5,22000,65.58
140525134476112,2024-11-18,CS401,Caltech,Stem,4,16987,80.0
140525134472272,2024-11-10,CS401,Caltech,Stem,3,16370,77.86
140525134478160,2024-06-26,CS501,Caltech,Stem,5,21072,73.77
140525134472784,2024-09-01,CS401,Caltech,Stem,3,,
140525134468240,2024-06-08,CS401,Caltech,Stem,4,15797,75.08
140525134465744,2024-11-11,CS501,Caltech,Stem,3,,
140525134474320,2024-10-05,CS501,Caltech,Stem,2,23924,97.33
140525134469968,2024-10-13,CS401,Caltech,Stem,4,15008,96.33
140525134474576,2024-12-21,CS401,Caltech,Stem,3,16391,96.26
140525134466704,2024-12-27,CS501,Caltech,Stem,5,,
140525134463696,2024-12-27,CS501,Caltech,Stem,4,22137,75.73
140525134473296,2024-09-28,CS401,Caltech,Stem,5,15765,93.28
140525134477648,2024-11-04,CS401,Caltech,Stem,3,17904,65.9
140525134477392,2024-09-29,CS501,Caltech,Stem,5,,
140525134479184,2024-08-14,CS501,Caltech,Stem,2,20497,71.7
140525134465488,2024-11-15,CS401,Caltech,Stem,4,15099,92.35
140525134478928,2024-10-30,CS501,Caltech,Stem,4,22305,50.74
140525134474064,2024-07-08,CS401,Caltech,Stem,3,16848,88.63
140526254660304,,CS501,Caltech,Stem,4,,
140525180001104,2024-08-24,CS501,Caltech,Stem,5,22309,98.14
140525180000784,2024-10-31,CS401,Caltech,Stem,4,15093,94.61
140525179994896,2024-10-25,CS501,Caltech,Stem,4,20044,77.7
140525180010384,2024-12-29,CS401,Caltech,Stem,4,18111,70.74
140525179998608,2024-12-19,CS501,Caltech,Stem,3,20169,57.04
140525180004688,2024-07-05,CS401,Caltech,Stem,3,15859,75.21
140525180000208,2024-12-25,CS501,Caltech,Stem,4,20792,87.07
140525179999888,2024-08-20,CS501,Caltech,Stem,5,,
140525180003664,2024-10-22,CS401,Caltech,Stem,2,15759,97.59
140525180009488,2024-09-20,CS401,Caltech,Stem,4,15526,89.33
140525180008208,2024-07-31,CS401,Caltech,Stem,4,17356,96.62
140525180010256,2024-12-17,CS501,Caltech,Stem,5,20088,90.07
140525179995600,2024-10-05,CS401,Caltech,Stem,5,17107,85.85
140525180000400,2024-11-11,CS501,Caltech,Stem,5,20706,58.09
140525180001552,2024-09-25,CS501,Caltech,Stem,4,20740,53.31
140525180000464,2024-10-02,CS401,Caltech,Stem,5,15976,84.85
140525180001680,2024-08-31,CS601,Caltech,Stem,3,25591,92.21
140525180007312,2024-06-22,CS401,Caltech,Stem,5,15761,58.06
140525179998224,2024-12-07,CS501,Caltech,Stem,4,23241,66.64
140525180002960,2024-11-09,CS501,Caltech,Stem,4,20618,88.35
140525179994448,2024-10-17,CS601,Caltech,Stem,4,26852,95.3
140525179998928,2024-07-12,CS501,Caltech,Stem,5,21300,90.11
140525180002640,2024-05-29,CS501,Caltech,Stem,3,20389,92.69
140525180004816,2024-11-24,CS501,Caltech,Stem,4,20662,96.18
140525179997968,2024-12-15,CS401,Caltech,Stem,4,16184,84.36
140525179999120,2024-08-04,CS401,Caltech,Stem,5,17087,91.26
140525180009616,2024-08-04,CS401,Caltech,Stem,5,15277,75.45
140525179999696,2024-11-27,CS501,Caltech,Stem,5,20902,91.81
140525180008464,2024-11-03,CS501,Caltech,Stem,4,20768,62.67
140525180005456,2024-11-27,CS501,Caltech,Stem,4,20100,95.54
140525180007376,2024-09-08,CS401,Caltech,Stem,3,15006,97.49
140525180003088,2024-02-15,CS501,Caltech,Stem,4,,
140525180000272,2024-10-23,CS501,Caltech,Stem,,22183,76.13
140525180000656,2024-08-30,CS501,Caltech,Stem,3,20166,67.86
140525180001808,2024-10-21,CS601,Caltech,Stem,5,25008,79.4
140525179996496,2024-06-28,CS401,Caltech,Stem,4,15842,96.07
140525180008016,2024-08-15,CS501,Caltech,Stem,4,,
140525180007568,2024-12-07,CS401,Caltech,Stem,4,15840,86.61
140525180006736,2024-06-09,CS501,Caltech,Stem,5,20472,50.93
140525179997456,2024-08-10,CS501,Caltech,Stem,3,21071,81.23
140525179995728,2024-09-25,CS501,Caltech,Stem,5,20168,89.32
140525180008528,2024-10-17,CS501,Caltech,Stem,,22008,65.31
140525180003472,,CS401,Caltech,Stem,5,15810,81.71
140525180003984,2024-08-03,CS501,Caltech,Stem,2,20097,95.48
140525179997072,,CS401,Caltech,Stem,4,15488,76.9
140525180009168,2024-11-03,CS401,Caltech,Stem,5,15584,88.22
140525180001488,2024-12-31,CS401,Caltech,Stem,5,17149,73.5
140525180004240,2024-04-06,CS601,Caltech,Stem,4,28748,98.74
140525179997392,2024-12-03,CS401,Caltech,Stem,4,16324,98.11
140525180006608,2024-11-13,CS401,Caltech,Stem,5,16086,90.36
140525179999504,2024-11-06,CS401,Caltech,Stem,4,16399,90.03
140525180006800,2024-09-10,CS501,Caltech,Stem,4,,
140525179995472,2024-11-12,CS401,Caltech,Stem,4,15941,64.15
140525180003920,2024-11-11,CS401,Caltech,Stem,3,16919,58.79
140525179999248,2024-07-01,CS501,Caltech,Stem,4,20684,82.92
140525180005776,2024-11-28,CS401,Caltech,Stem,5,,
140525180001936,2024-12-30,CS501,Caltech,Stem,5,20236,80.97
140525180000016,2024-10-14,CS401,Caltech,Stem,4,16149,96.94
140525180002000,2024-08-09,CS501,Caltech,Stem,3,20322,92.86
140525179999952,2024-10-19,CS501,Caltech,Stem,5,20035,90.69
140525180005264,2024-08-17,CS501,Caltech,Stem,5,22332,81.9
140525180007184,2024-12-24,CS501,Caltech,Stem,3,22215,87.4
140525180003792,2024-08-25,CS401,Caltech,Stem,5,15530,95.51
140525179997136,2024-08-28,CS401,Caltech,Stem,4,15287,91.41
140525179995088,2024-11-02,CS501,Caltech,Stem,4,,
140525179998672,2024-08-08,CS501,Caltech,Stem,4,22063,66.09
140525179997712,2024-07-31,CS501,Caltech,Stem,4,20002,73.38
140525179998992,2024-05-27,CS501,Caltech,Stem,3,22716,97.25
140525180003536,2024-08-27,CS401,Caltech,Stem,4,15574,80.87
140525180000528,2024-09-20,CS401,Caltech,Stem,5,,
140525179999184,2024-10-23,CS601,Caltech,Stem,3,25856,83.54
140525180006224,2024-07-03,CS501,Caltech,Stem,4,20658,94.02
140525180000976,2024-11-27,CS401,Caltech,Stem,2,16218,81.77
140525180001296,2024-03-20,CS501,Caltech,Stem,4,22454,97.19
140525180004944,2024-04-21,CS401,Caltech,Stem,4,15854,96.07
140525179994192,2024-10-21,CS601,Caltech,Stem,4,26284,91.59
140525180009360,2024-11-26,CS501,Caltech,Stem,5,,
140525179994384,2024-11-19,CS401,Caltech,Stem,4,16207,94.24
140525180004496,2024-06-13,CS501,Caltech,Stem,3,20390,78.85
140525180001424,2024-11-15,CS401,Caltech,Stem,,16888,96.28
140525179995344,2024-09-05,CS401,Caltech,Stem,5,15185,94.39
140525179998480,2024-09-01,CS401,Caltech,Stem,3,15866,90.19
140525179995408,2024-11-02,CS501,Caltech,Stem,4,20576,98.18
140525179996240,2024-09-18,CS401,Caltech,Stem,4,16129,95.81
140525179994832,2024-09-12,CS401,Caltech,Stem,,17000,77.72
140525180004176,2024-10-20,CS401,Caltech,Stem,4,16413,98.1
140525180001232,2024-12-03,CS401,Caltech,Stem,5,18414,85.82
140525180006352,2024-09-24,CS501,Caltech,Stem,4,,
140525179996112,2024-09-23,CS601,Caltech,Stem,5,25098,96.53
140525179995856,2024-10-20,CS501,Caltech,Stem,5,21036,98.61
140525180005584,2024-10-14,CS501,Caltech,Stem,4,20048,90.64
140525180009296,2024-08-12,CS401,Caltech,Stem,4,18832,82.09
140525179999440,2024-10-15,CS401,Caltech,Stem,5,15085,73.39
140525180009040,2024-04-07,CS401,Caltech,Stem,,18359,97.58
140525180004560,2024-06-27,CS501,Caltech,Stem,4,20696,90.46
140525180005520,2024-10-17,CS501,Caltech,Stem,4,21013,98.58
140525180008784,2024-08-28,CS501,Caltech,Stem,5,21184,82.76
140525138895440,2024-09-28,CS401,Caltech,Stem,4,15864,61.96
140525138892880,2024-12-15,CS501,Caltech,Stem,5,20130,98.34
140525138899664,2024-10-08,CS501,Caltech,Stem,,23094,83.85
140525138897872,2024-11-27,CS501,Caltech,Stem,3,22529,80.27
140525138896912,2024-11-21,CS401,Caltech,Stem,4,17857,91.09
140525138889040,2024-10-18,CS501,Caltech,Stem,3,21676,71.18
140525138892624,2024-06-18,CS401,Caltech,Stem,3,16152,56.64
140525138897616,2024-07-27,CS501,Caltech,Stem,5,23061,64.2
140525138898128,2024-12-29,CS401,Caltech,Stem,4,17622,96.01
140525138889808,2024-10-04,CS401,Caltech,Stem,4,16227,90.1
140525138888528,2024-09-01,CS501,Caltech,Stem,5,20093,95.95
140525138892368,2024-10-16,CS501,Caltech,Stem,5,20713,93.49
140525138901200,2024-12-12,CS501,Caltech,Stem,4,,
140525138896720,2024-12-12,CS401,Caltech,Stem,4,16651,61.92
140525138891088,2024-11-27,CS401,Caltech,Stem,3,16228,97.51
140525138889296,2024-10-24,CS401,Caltech,Stem,3,16583,83.56
140525138893648,2024-12-07,CS401,Caltech,Stem,4,15148,60.46
140525138889552,2024-09-17,CS501,Caltech,Stem,3,20207,75.56
140525138891344,2024-12-24,CS501,Caltech,Stem,5,20097,92.07
140525138902480,2024-12-23,CS501,Caltech,Stem,5,20399,73.59
140525138902992,2024-11-26,CS501,Caltech,Stem,4,22195,94.45
140525138894416,2024-10-01,CS501,Caltech,Stem,4,20073,77.37
140525138894672,,CS501,Caltech,Stem,5,22256,92.62
140525138894928,2024-04-30,CS401,Caltech,Stem,2,15241,94.91
140525138901456,2024-12-13,CS401,Caltech,Stem,3,15744,97.11
140525138898640,2024-11-14,CS601,Caltech,Stem,4,25727,92.58
140525138888784,2024-11-18,CS401,Caltech,Stem,5,16491,65.96
140525138902736,2024-09-03,CS501,Caltech,Stem,5,20852,87.28
140525138895696,2024-03-02,CS401,Caltech,Stem,2,16213,79.04
140525138887568,2024-09-05,CS401,Caltech,Stem,4,17767,90.83
140525138893136,2024-12-05,CS401,Caltech,Stem,4,15599,90.33
140525138886800,2024-07-27,CS501,Caltech,Stem,4,22004,60.78
140525138887312,2024-07-08,CS401,Caltech,Stem,5,15916,62.45
140525138890064,2024-12-03,CS501,Caltech,Stem,4,21478,87.86
140525183397072,2024-12-23,CS501,Caltech,Stem,,23110,90.51
140525183398800,2024-10-21,CS501,Caltech,Stem,2,20408,69.6
140525183389008,2024-11-09,CS401,Caltech,Stem,3,15444,96.15
140525183401424,2024-12-15,CS501,Caltech,Stem,5,21857,96.19
140525183397648,2024-06-03,CS401,Caltech,Stem,3,16406,79.11
140525183386832,2024-11-19,CS501,Caltech,Stem,5,20968,68.76
140525183396688,2024-10-24,CS501,Caltech,Stem,3,21221,83.97
140525183385936,2024-10-28,CS501,Caltech,Stem,3,20443,97.76
140525183387408,2024-11-18,CS501,Caltech,Stem,4,22606,97.52
140525183393296,2024-08-28,CS501,Caltech,Stem,5,20641,89.54
140525183391696,2024-12-12,CS501,Caltech,Stem,4,22823,61.81
140525183394832,2024-12-20,CS401,Caltech,Stem,4,15701,50.07
140525183397456,2024-11-29,CS501,Caltech,Stem,5,21883,92.03
140525183398160,2024-11-22,CS501,Caltech,Stem,5,21135,75.97
140525183399440,2024-10-05,CS501,Caltech,Stem,5,21758,87.3
140525183401232,2024-06-30,CS501,Caltech,Stem,5,21305,89.53
140525183386896,2024-08-31,CS401,Caltech,Stem,,16917,95.02
140525183397264,2024-10-22,CS401,Caltech,Stem,3,15431,97.9
140525183388240,2024-06-13,CS401,Caltech,Stem,4,15406,97.07
140525183388304,2024-11-01,CS401,Caltech,Stem,4,15938,89.13
140525183398544,2024-10-17,CS401,Caltech,Stem,,15021,87.98
140525183386000,2024-11-22,CS501,Caltech,Stem,5,22708,80.72
140525183400464,2024-07-10,CS401,Caltech,Stem,3,15333,91.42
140525183399952,2024-10-06,CS501,Caltech,Stem,4,20272,90.4
140525183399120,2024-11-28,CS501,Caltech,Stem,5,20345,68.88
140525183396560,2024-11-30,CS401,Caltech,Stem,5,18644,95.85
140525183397136,2024-08-18,CS601,Caltech,Stem,4,26984,82.79
140525183388432,2024-11-17,CS601,Caltech,Stem,5,25349,78.34
140525183389328,2024-12-28,CS401,Caltech,Stem,4,17143,77.84
140525183390992,2024-06-24,CS401,Caltech,Stem,5,15798,87.54
140525183401616,2024-08-16,CS401,Caltech,Stem,5,17011,77.25
140525183399312,2024-04-22,CS501,Caltech,Stem,3,22674,94.14
140525183401680,2024-08-06,CS401,Caltech,Stem,3,17570,82.43
140525183385808,2024-10-05,CS401,Caltech,Stem,5,15676,90.34
140525183396624,2024-06-05,CS401,Caltech,Stem,4,16386,94.7
140525183393872,2024-10-05,CS401,Caltech,Stem,3,15029,92.91
140525183392208,2024-08-15,CS401,Caltech,Stem,5,16896,97.98
140525183386448,2024-11-24,CS501,Caltech,Stem,5,20375,87.31
140525183385872,2024-11-07,CS401,Caltech,Stem,3,15354,92.88
140525183391888,2024-07-03,CS401,Caltech,Stem,4,15929,97.59
140525183394256,2024-08-05,CS401,Caltech,Stem,4,18927,90.48
140525183392976,2024-09-02,CS401,Caltech,Stem,5,16344,88.25
140525183393744,2024-08-11,CS501,Caltech,Stem,3,22105,97.64
140525183388752,2024-11-14,CS501,Caltech,Stem,3,20566,95.01
140525183396432,2024-08-06,CS601,Caltech,Stem,3,26009,91.21
140525183388944,2024-12-05,CS601,Caltech,Stem,5,27091,92.55
140525183396752,2024-11-18,CS501,Caltech,Stem,4,20304,90.1
140525183395344,2024-10-10,CS501,Caltech,Stem,3,20176,97.2
140525183392080,2024-10-25,CS401,Caltech,Stem,5,16150,76.31
140525183399888,2024-07-14,CS501,Caltech,Stem,5,23039,91.97
140525183397712,2024-10-29,CS401,Caltech,Stem,5,16714,89.12
140525183387856,2024-10-30,CS401,Caltech,Stem,4,15680,76.16
140525183398672,2024-04-07,CS501,Caltech,Stem,5,21064,67.63
140525183388880,2024-07-15,CS401,Caltech,Stem,5,15512,84.73
140525183398416,2024-12-04,CS401,Caltech,Stem,5,15165,78.97
140525183392528,2024-11-29,CS401,Caltech,Stem,5,15238,94.56
140525183387920,2024-04-26,CS501,Caltech,Stem,4,20179,71.76
140525183397776,2024-11-06,CS501,Caltech,Stem,4,23091,97.9
140525183394000,2024-07-28,CS401,Caltech,Stem,4,16507,89.78
140525183400208,2024-05-19,CS401,Caltech,Stem,4,15752,95.68
140525183396880,2024-11-28,CS401,Caltech,Stem,,19234,77.29
140525183391376,2024-09-13,CS401,Caltech,Stem,4,16516,90.47
140525183394320,2024-12-18,CS501,Caltech,Stem,4,,
140525183399696,2024-05-21,CS401,Caltech,Stem,4,17217,85.37
140525183393808,,CS401,Caltech,Stem,4,16227,71.61
140525183390416,2024-12-20,CS501,Caltech,Stem,4,22522,90.33
140525183395280,2024-11-08,CS601,Caltech,Stem,3,27692,67.87
140525183395024,2024-08-23,CS401,Caltech,Stem,,15869,85.81
140525183388176,2024-12-05,CS401,Caltech,Stem,4,,
140525183390160,2024-12-07,CS401,Caltech,Stem,4,16242,86.04
140525183397328,2024-11-13,CS501,Caltech,Stem,,21007,95.92
140525183397584,2024-12-24,CS401,Caltech,Stem,2,15175,63.74
140525183391504,2024-12-14,CS401,Caltech,Stem,4,,
140525183390608,2024-12-28,CS401,Caltech,Stem,2,15335,70.89
140525183400912,2024-08-17,CS401,Caltech,Stem,3,15929,65.89
140525183389392,2024-07-25,CS501,Caltech,Stem,5,22227,83.02
140525183398096,2024-12-28,CS501,Caltech,Stem,4,20309,97.28
140525183391312,2024-09-15,CS501,Caltech,Stem,3,20830,67.74
140525183396304,2024-10-15,CS501,Caltech,Stem,5,21272,68.2
140525183391248,2024-09-06,CS501,Caltech,Stem,4,21699,97.29
140525183394448,2024-08-28,CS501,Caltech,Stem,5,21739,71.64
140525183393168,2024-12-30,CS501,Caltech,Stem,5,21597,93.75
140525183397904,,CS501,Caltech,Stem,5,23784,70.41
140525183395408,2024-12-31,CS501,Caltech,Stem,5,20099,85.14
140525185475216,2024-04-29,CS401,Caltech,Stem,3,16905,91.67
140525183395152,2024-09-23,CS401,Caltech,Stem,5,15048,93.62
140525183388688,2024-08-20,CS401,Caltech,Stem,5,15739,72.29
140525183401488,,CS501,Caltech,Stem,4,22312,84.7
140525183400080,2024-11-08,CS401,Caltech,Stem,4,17222,95.51
140525183390224,2024-06-17,CS501,Caltech,Stem,,22081,93.64
140525183389072,2024-12-08,CS401,Caltech,Stem,4,17807,87.3
140525183399248,2024-12-20,CS401,Caltech,Stem,4,17272,79.1
140525183398032,2024-10-03,CS501,Caltech,Stem,3,20709,90.36
140525183401872,2024-04-14,CS501,Caltech,Stem,4,23262,94.01
140525183393552,2024-08-03,CS401,Caltech,Stem,4,16094,67.4
140525183390352,2024-10-21,CS501,Caltech,Stem,3,20459,78.78
140525183396176,2024-09-22,CS401,Caltech,Stem,,16414,61.09
140525183389776,2024-12-28,CS401,Caltech,Stem,3,,
140525183391440,2024-09-11,CS401,Caltech,Stem,4,17212,52.69
140525183386768,2024-11-24,CS401,Caltech,Stem,4,15227,82.1
140525183389968,2024-12-16,CS601,Caltech,Stem,4,26394,74.73
140525183386256,2024-08-17,CS501,Caltech,Stem,4,20180,95.85
140525183400592,2024-10-05,CS401,Caltech,Stem,3,16200,75.96
140525183400528,2024-10-05,CS601,Caltech,Stem,5,26756,85.03
140525183400976,2024-06-05,CS501,Caltech,Stem,5,22106,87.57
140525183397008,2024-08-31,CS501,Caltech,Stem,4,20581,95.39
140525183392720,2024-10-29,CS501,Caltech,Stem,4,20841,85.64
140525183395088,2024-11-20,CS401,Caltech,Stem,4,,
140525183392400,2024-08-17,CS501,Caltech,Stem,5,20558,88.38
140525183390864,2024-04-22,CS401,Caltech,Stem,3,17101,96.81
140525183386064,2024-08-18,CS501,Caltech,Stem,5,20925,93.4
140525183392016,2024-10-14,CS501,Caltech,Stem,5,21651,98.11
140525183394192,2024-10-06,CS401,Caltech,Stem,4,,
140525182712336,2024-08-30,CS401,Caltech,Stem,5,15108,90.48
140525182701648,2024-12-12,CS401,Caltech,Stem,5,15528,85.63
140525182699536,2024-10-23,CS501,Caltech,Stem,4,21962,97.71
140525182699600,2024-09-07,CS501,Caltech,Stem,5,20351,62.25
140525182704848,2024-11-04,CS401,Caltech,Stem,5,16544,76.48
140525182706960,2024-11-15,CS401,Caltech,Stem,4,17025,98.25
140525182700176,2024-03-14,CS401,Caltech,Stem,3,15353,96.12
140525182698000,2024-09-25,CS401,Caltech,Stem,3,19141,94.57
140525182703312,2024-11-06,CS401,Caltech,Stem,4,15364,98.4
140525182700944,2024-11-13,CS501,Caltech,Stem,5,,
140525182712912,2024-10-23,CS401,Caltech,Stem,4,17346,85.54
140525182711824,2024-11-23,CS401,Caltech,Stem,5,16131,88.6
140525182704784,2024-10-17,CS501,Caltech,Stem,4,20593,62.41
140525182697680,2024-07-16,CS401,Caltech,Stem,5,,
140525182713552,,CS401,Caltech,Stem,5,,
140525182705872,,CS401,Caltech,Stem,2,15080,89.86
140525182704720,2024-10-27,CS401,Caltech,Stem,5,16797,78.71
140525182699280,2024-12-17,CS501,Caltech,Stem,5,20203,79.18
140525182706704,2024-05-06,CS401,Caltech,Stem,4,15767,72.07
140525182705296,2024-12-16,CS501,Caltech,Stem,,,
140525182711248,2024-09-11,CS401,Caltech,Stem,4,16170,86.07
140525182711376,2024-11-11,CS601,Caltech,Stem,4,26347,88.93
140525182699472,2024-09-30,CS401,Caltech,Stem,5,17945,86.47
140525182709328,2024-07-31,CS501,Caltech,Stem,4,20363,65.93
140525182698768,2024-04-13,CS401,Caltech,Stem,5,16339,96.03
140525182701584,2024-10-10,CS501,Caltech,Stem,4,21993,95.09
140525182704656,2024-12-23,CS501,Caltech,Stem,2,20837,94.65
140525182698896,2024-12-22,CS401,Caltech,Stem,3,15900,80.08
140525182701712,2024-10-24,CS401,Caltech,Stem,4,16480,84.31
140525182713424,2024-11-29,CS501,Caltech,Stem,3,21442,61.68
140525182712528,2024-10-14,CS601,Caltech,Stem,4,25180,80.42
140525182703056,2024-09-15,CS501,Caltech,Stem,4,21502,65.75
140525182702928,2024-12-06,CS601,Caltech,Stem,5,25224,92.53
140525182706768,2024-10-15,CS401,Caltech,Stem,4,15299,98.74
140525182698512,2024-11-19,CS401,Caltech,Stem,4,15288,75.95
140525182702160,2024-09-16,CS401,Caltech,Stem,4,16777,91.18
140525182702544,2024-12-25,CS501,Caltech,Stem,3,22069,98.11
140525182699856,2024-11-28,CS401,Caltech,Stem,2,,
140525182712272,2024-12-30,CS501,Caltech,Stem,5,22748,76.23
140525182709712,2024-11-09,CS501,Caltech,Stem,4,20116,97.5
140525182710352,2024-09-30,CS401,Caltech,Stem,4,15095,81.02
140525182708368,2024-10-05,CS401,Caltech,Stem,3,15492,94.61
140525182711696,,CS501,Caltech,Stem,,22911,61.0
140525182709776,2024-12-06,CS401,Caltech,Stem,4,15216,93.38
140525182699024,2024-04-29,CS501,Caltech,Stem,5,21237,67.17
140525182709968,2024-10-12,CS501,Caltech,Stem,4,,
140525182698576,2024-11-22,CS401,Caltech,Stem,5,15414,70.78
140525182700368,2024-07-18,CS401,Caltech,Stem,4,17802,75.82
140525182710480,2024-05-27,CS401,Caltech,Stem,3,17357,68.22
140525182701520,2024-11-09,CS401,Caltech,Stem,4,,
140525182700240,2024-07-16,CS601,Caltech,Stem,4,27146,94.62
140525182698384,2024-11-28,CS501,Caltech,Stem,5,,
140525182712144,2024-05-05,CS501,Caltech,Stem,4,21896,88.01
140525182704272,2024-11-10,CS401,Caltech,Stem,5,15669,84.27
140525182713680,2024-05-21,CS401,Caltech,Stem,4,16006,77.52
140525182711056,2024-12-18,CS501,Caltech,Stem,4,23176,88.36
140525182707024,2024-11-01,CS401,Caltech,Stem,5,15117,70.37
140525182709520,2024-12-27,CS501,Caltech,Stem,5,22433,60.05
140525182709008,2024-09-21,CS401,Caltech,Stem,,16007,93.75
140525182702736,2024-12-29,CS401,Caltech,Stem,3,15983,83.45
140525182705552,2024-10-22,CS501,Caltech,Stem,5,20177,64.39
140525182708752,2024-07-29,CS401,Caltech,Stem,5,16083,98.73
140525182700752,2024-12-31,CS501,Caltech,Stem,4,,
140525182705488,2024-10-21,CS501,Caltech,Stem,4,20128,85.3
140525182708176,2024-09-07,CS501,Caltech,Stem,4,20131,95.64
140525182706448,2024-08-17,CS501,Caltech,Stem,4,20372,88.21
140525182709072,2024-09-25,CS401,Caltech,Stem,4,17132,62.19
140525182708624,2024-11-07,CS401,Caltech,Stem,5,15333,93.96
140525182698960,2024-07-23,CS401,Caltech,Stem,4,15292,91.56
140525182710288,2024-11-14,CS501,Caltech,Stem,4,20541,69.6
140525182711184,2024-12-30,CS401,Caltech,Stem,4,15749,79.47
140525182708496,2024-12-02,CS501,Caltech,Stem,4,21829,75.46
140525182710864,2024-06-09,CS501,Caltech,Stem,4,21567,97.14
140525182706320,2024-09-16,CS401,Caltech,Stem,5,15367,91.12
140525182697936,2024-09-09,CS401,Caltech,Stem,4,16323,83.76
140525182701904,2024-09-13,CS501,Caltech,Stem,4,20948,81.91
140525182706896,2024-08-01,CS501,Caltech,Stem,5,21325,97.86
140525182704336,2024-12-05,CS401,Caltech,Stem,4,15481,92.79
140525182706640,2024-10-15,CS501,Caltech,Stem,3,20176,96.73
140525182704400,,CS501,Caltech,Stem,3,21119,91.73
140525182713104,2024-12-27,CS601,Caltech,Stem,4,27898,97.38
140525182705616,2024-11-10,CS501,Caltech,Stem,4,21680,93.47
140525182709840,2024-08-26,CS401,Caltech,Stem,5,17179,93.27
140525182708112,2024-10-03,CS401,Caltech,Stem,4,15925,95.09
140525182712080,2024-12-04,CS401,Caltech,Stem,5,15901,98.42
140525182698704,2024-08-19,CS501,Caltech,Stem,5,20719,85.8
140525182706064,2024-12-28,CS501,Caltech,Stem,4,20275,73.53
140525182707984,2024-07-15,CS401,Caltech,Stem,4,17374,91.29
140525182702992,2024-08-11,CS501,Caltech,Stem,5,22009,87.31
140525182703696,2024-09-05,CS501,Caltech,Stem,4,23081,73.24
140525182707920,2024-07-07,CS501,Caltech,Stem,4,20680,70.92
140525182712720,2024-10-19,CS401,Caltech,Stem,5,16354,79.85
140525182701072,2024-12-04,CS401,Caltech,Stem,3,,
140525182699152,2024-08-25,CS401,Caltech,Stem,3,17385,92.42
140525182711760,2024-11-11,CS501,Caltech,Stem,5,20850,88.16
140525182707152,2024-12-02,CS401,Caltech,Stem,4,16279,81.94
140525182699728,2024-12-16,CS501,Caltech,Stem,4,20366,89.39
140525182699792,2024-08-27,CS501,Caltech,Stem,5,,
140525182713232,,CS401,Caltech,Stem,5,16039,74.53
140525182700560,2024-03-22,CS501,Caltech,Stem,4,21861,76.78
140525182700816,2024-10-29,CS501,Caltech,Stem,5,21021,93.24
140525182711888,2024-11-04,CS501,Caltech,Stem,4,21871,93.87
140525182713616,2024-11-21,CS401,Caltech,Stem,3,15969,98.64
140525182710992,2024-11-21,CS501,Caltech,Stem,4,20394,78.62
140525182708816,2024-05-21,CS601,Caltech,Stem,4,,
140525182713488,2024-11-15,CS401,Caltech,Stem,5,16425,95.12
140525182707728,2024-11-30,CS501,Caltech,Stem,5,22815,82.4
140525182710672,2024-10-16,CS401,Caltech,Stem,3,15078,79.85
140525182699984,2024-12-03,CS501,Caltech,Stem,4,21453,96.46
140525182702608,2024-10-31,CS501,Caltech,Stem,,22051,69.52
140525182706832,2024-12-02,CS401,Caltech,Stem,4,15102,73.3
140525182703184,2024-11-27,CS401,Caltech,Stem,3,15528,72.94
140525182701840,2024-12-04,CS401,Caltech,Stem,4,18673,88.52
140525182697872,2024-06-19,CS501,Caltech,Stem,5,20444,95.13
140525182707216,2024-10-10,CS401,Caltech,Stem,2,15742,90.97
140525182705104,2024-10-02,CS501,Caltech,Stem,5,23312,98.44
140525182707792,2024-11-02,CS501,Caltech,Stem,4,22771,67.74
140525182703376,2024-10-20,CS401,Caltech,Stem,2,15660,66.97
140525182701328,2024-07-27,CS401,Caltech,Stem,4,16766,56.72
140525182700112,,CS401,Caltech,Stem,4,15974,56.03
140525182707280,2024-05-24,CS501,Caltech,Stem,4,,
140525182707536,2024-12-26,CS401,Caltech,Stem,4,15558,96.5
140525182703504,2024-08-29,CS501,Caltech,Stem,4,,
140525182710544,2024-07-07,CS501,Caltech,Stem,4,21063,78.16
140525182710160,2024-12-04,CS501,Caltech,Stem,4,22619,74.43
140525182713040,2024-11-09,CS401,Caltech,Stem,4,16418,76.67
140525182712976,2024-12-23,CS401,Caltech,Stem,4,15596,78.1
140525182709648,2024-06-05,CS401,Caltech,Stem,4,16316,87.34
140525182698192,2024-07-07,CS501,Caltech,Stem,2,20091,69.68
140525182710928,2024-09-23,CS501,Caltech,Stem,5,22034,65.19
140525182704144,2024-10-18,CS401,Caltech,Stem,5,18688,98.37
140525182698448,2024-11-11,CS601,Caltech,Stem,4,,
140525140034064,2024-12-02,CS401,Caltech,Stem,5,,
140525140042576,2024-12-28,CS401,Caltech,Stem,3,18242,94.05
140525140043600,2024-10-26,CS401,Caltech,Stem,4,15685,84.13
140525140040720,2024-10-11,CS401,Caltech,Stem,4,15863,97.91
140525140036816,2024-10-03,CS401,Caltech,Stem,2,15837,50.58
140525140045136,2024-10-29,CS501,Caltech,Stem,5,20395,83.91
140525140048272,2024-11-23,CS401,Caltech,Stem,,15267,78.57
140525140037776,2024-11-21,CS401,Caltech,Stem,4,16544,84.82
140525140037456,2024-11-23,CS401,Caltech,Stem,4,,
140525140038480,2024-10-07,CS501,Caltech,Stem,5,20091,96.26
140525140044432,2024-04-21,CS601,Caltech,Stem,,25022,94.15
140525140035792,2024-05-20,CS501,Caltech,Stem,4,,
140525140035152,2024-09-26,CS401,Caltech,Stem,4,18039,94.64
140525140039504,2024-10-10,CS401,Caltech,Stem,5,17275,96.11
140525140047632,2024-09-19,CS401,Caltech,Stem,5,,
140525140039888,2024-11-19,CS501,Caltech,Stem,3,,
140525140036048,2024-10-21,CS401,Caltech,Stem,4,17114,90.93
140525140041680,2024-11-14,CS501,Caltech,Stem,5,22066,75.32
140525140035856,2024-11-01,CS501,Caltech,Stem,5,21691,74.03
140525140047504,2024-10-29,CS601,Caltech,Stem,5,25494,98.4
140525140038224,2024-06-27,CS401,Caltech,Stem,3,16560,95.31
140525140043088,,CS501,Caltech,Stem,1,21216,98.99
140525140036880,2024-11-12,CS501,Caltech,Stem,4,20515,84.64
140525140034960,2024-10-29,CS501,Caltech,Stem,4,23751,52.13
140525140046672,2024-11-15,CS501,Caltech,Stem,4,20861,87.67
140525140048528,2024-05-23,CS501,Caltech,Stem,5,20998,66.36
140525140049616,2024-09-28,CS401,Caltech,Stem,,18468,92.25
140525140039568,2024-12-06,CS401,Caltech,Stem,,17711,47.15
140525140037968,2024-12-05,CS601,Caltech,Stem,5,26526,94.34
140525140037072,2024-08-16,CS401,Caltech,Stem,4,15941,85.85
140525140037008,2024-12-27,CS401,Caltech,Stem,3,15978,81.83
140525140033872,,CS401,Caltech,Stem,,,
140525140041296,2024-09-30,CS401,Caltech,Stem,5,16612,90.17
140525140042448,,CS501,Caltech,Stem,4,20388,90.25
140525140036240,2024-12-26,CS601,Caltech,Stem,4,25001,92.74
140525140035024,2024-03-02,CS401,Caltech,Stem,3,17038,85.34
140525140047376,2024-11-18,CS501,Caltech,Stem,5,20530,89.05
140525140048144,2024-10-22,CS501,Caltech,Stem,5,24102,93.21
140525140047696,2024-12-08,CS501,Caltech,Stem,5,21329,98.35
140525140035920,2024-09-05,CS601,Caltech,Stem,,28398,97.95
140525140047312,2024-09-26,CS501,Caltech,Stem,4,20391,91.17
140525140034640,2024-05-15,CS501,Caltech,Stem,4,20089,78.64
140525140046608,2024-11-08,CS401,Caltech,Stem,4,18202,73.91
140525140043344,2024-09-23,CS401,Caltech,Stem,5,15685,95.55
140525140043664,,CS401,Caltech,Stem,4,16520,82.6
140525140043152,2024-12-15,CS401,Caltech,Stem,5,17150,97.02
140525140045840,2024-11-16,CS501,Caltech,Stem,3,21589,70.43
140525140036112,2024-11-27,CS501,Caltech,Stem,5,21232,80.98
140525140034512,2024-10-12,CS401,Caltech,Stem,3,15136,74.45
140525140044560,2024-12-21,CS401,Caltech,Stem,3,18170,94.88
140525140035472,2024-11-02,CS501,Caltech,Stem,5,,
140525140041808,2024-11-11,CS401,Caltech,Stem,3,16270,85.5
140525140040144,2024-07-12,CS401,Caltech,Stem,4,18084,95.09
140525140036432,2024-10-23,CS401,Caltech,Stem,4,16265,90.13
140525140037904,2024-08-19,CS401,Caltech,Stem,5,15001,97.1
140525140045392,2024-11-07,CS501,Caltech,Stem,4,20331,78.62
140525140040656,2024-07-05,CS501,Caltech,Stem,3,23277,86.63
140525140040848,2024-12-16,CS401,Caltech,Stem,5,17385,91.72
140525140049488,2024-12-06,CS401,Caltech,Stem,5,17213,81.07
140525140046096,2024-09-30,CS401,Caltech,Stem,4,18744,95.75
140525140049232,2024-09-03,CS501,Caltech,Stem,5,21063,98.16
140525140035664,2024-10-04,CS501,Caltech,Stem,5,21732,85.74
140525140040400,2024-06-27,CS401,Caltech,Stem,4,15271,80.83
140525140043472,2024-11-30,CS501,Caltech,Stem,3,20497,90.24
140525140036496,2024-10-30,CS501,Caltech,Stem,4,21365,90.56
140525140034704,,CS401,Caltech,Stem,2,16394,96.86
140525140044880,2024-08-30,CS401,Caltech,Stem,2,16367,71.6
140525140038672,2024-12-03,CS501,Caltech,Stem,3,23296,67.25
140525140045648,2024-12-11,CS501,Caltech,Stem,3,20294,70.92
140525140035728,2024-06-13,CS401,Caltech,Stem,5,16205,97.26
140525140046032,2024-08-19,CS501,Caltech,Stem,5,20011,84.04
140525140035536,2024-12-18,CS401,Caltech,Stem,,15053,90.69
140525140033744,,CS401,Caltech,Stem,5,15887,54.42
140525140042896,2024-08-28,CS401,Caltech,Stem,,,
140525140040336,2024-09-05,CS501,Caltech,Stem,3,21759,79.32
140525140042320,2024-11-10,CS401,Caltech,Stem,3,15380,77.69
140525140046800,2024-10-19,CS501,Caltech,Stem,3,20196,65.16
140525140042064,2024-12-12,CS401,Caltech,Stem,5,15515,87.37
140525140046224,2024-11-15,CS501,Caltech,Stem,4,20203,97.6
140525140048912,2024-12-30,CS401,Caltech,Stem,2,16684,77.97
140525140048976,2024-12-19,CS401,Caltech,Stem,4,15962,79.85
140525140048208,2024-11-13,CS401,Caltech,Stem,3,16607,89.53
140525140037520,2024-09-05,CS501,Caltech,Stem,5,21120,97.69
140525140039760,2024-07-16,CS401,Caltech,Stem,4,15552,92.62
140525140033936,2024-12-03,CS501,Caltech,Stem,4,21375,83.47
140525140047248,2024-10-31,CS501,Caltech,Stem,5,21710,87.92
140525140044048,2024-11-26,CS401,Caltech,Stem,3,15157,88.32
140525140046864,2024-06-02,CS501,Caltech,Stem,3,21586,72.22
140525140041104,2024-10-08,CS501,Caltech,Stem,3,20123,78.58
140525140043728,2024-09-12,CS501,Caltech,Stem,3,20741,85.71
140525140039120,2024-06-16,CS501,Caltech,Stem,4,20034,71.79
140525140044368,2024-12-15,CS501,Caltech,Stem,3,20381,75.82
140525140045264,2024-09-29,CS401,Caltech,Stem,4,15091,87.07
140525140046736,2024-07-14,CS401,Caltech,Stem,4,15149,88.79
140525140046928,2024-12-04,CS401,Caltech,Stem,,,
140525140043408,2024-07-22,CS601,Caltech,Stem,4,25495,93.64
140525140044816,2024-10-29,CS401,Caltech,Stem,3,15212,79.6
140525140045968,2024-06-24,CS401,Caltech,Stem,4,15666,98.9
140525140048784,2024-07-20,CS401,Caltech,Stem,4,16794,93.73
140525140036176,2024-06-09,CS501,Caltech,Stem,3,20593,65.19
140525140043024,2024-06-23,CS501,Caltech,Stem,3,,
140525140045456,2024-07-30,CS501,Caltech,Stem,4,20579,68.57
140525140048336,2024-11-16,CS501,Caltech,Stem,3,21978,88.93
140525140034448,2024-08-28,CS501,Caltech,Stem,4,20150,68.85
140525140040080,2024-12-04,CS501,Caltech,Stem,3,20910,90.6
140525140048464,2024-11-28,CS501,Caltech,Stem,3,21644,97.75
140525140041040,2024-04-21,CS501,Caltech,Stem,4,22950,89.75
140525140045200,2024-03-30,CS501,Caltech,Stem,3,20181,82.71
140525140048016,2024-12-10,CS501,Caltech,Stem,3,23746,97.68
140525140045776,2024-11-12,CS401,Caltech,Stem,5,15387,85.49
140525140037200,2024-11-19,CS501,Caltech,Stem,3,21449,94.56
140525140036944,2024-05-12,CS501,Caltech,Stem,5,20892,84.65
140525140044944,2024-09-05,CS401,Caltech,Stem,3,16134,98.93
140525140036688,2024-12-26,CS501,Caltech,Stem,5,20723,87.55
140525140045008,,CS401,Caltech,Stem,4,16937,85.34
140525140035408,2024-09-28,CS601,Caltech,Stem,5,25282,85.25
140525140049872,2024-09-02,CS501,Caltech,Stem,4,20014,98.09
140525140038160,2024-10-30,CS601,Caltech,Stem,4,27909,88.46
140525140047760,2024-08-28,CS501,Caltech,Stem,5,22101,90.42
140525140035344,2024-07-10,CS501,Caltech,Stem,4,,
140525140033808,2024-10-17,CS401,Caltech,Stem,3,15229,79.77
140525140046352,2024-08-27,CS501,Caltech,Stem,5,20938,88.4
140525140036752,2024-12-26,CS401,Caltech,Stem,4,,
140525140045328,2024-06-03,CS401,Caltech,Stem,5,15054,89.45
140525140041744,2024-09-05,CS401,Caltech,Stem,,16514,87.33
140525140038032,2024-11-26,CS501,Caltech,Stem,2,20472,92.31
140525140037840,2024-05-04,CS501,Caltech,Stem,5,20472,91.8
140525140040016,2024-08-01,CS401,Caltech,Stem,3,15205,79.99
140525140033616,2024-05-04,CS401,Caltech,Stem,5,16085,93.49
140525140033680,2024-12-27,CS501,Caltech,Stem,4,21116,72.13
140525140044624,2024-12-26,CS501,Caltech,Stem,4,20373,96.61
140525140034320,2024-12-10,CS401,Caltech,Stem,5,18801,87.19
140525140041424,2024-07-09,CS401,Caltech,Stem,4,15228,88.74
140525140044688,,CS401,Caltech,Stem,4,16103,82.38
140525134560720,2024-12-28,CS501,Caltech,Stem,5,20387,95.45
140525134545296,2024-12-04,CS601,Caltech,Stem,4,26228,85.0
140525134556368,2024-12-14,CS401,Caltech,Stem,5,15135,86.83
140525134545808,2024-12-14,CS501,Caltech,Stem,5,23071,70.37
140525134558672,2024-09-24,CS501,Caltech,Stem,5,20477,81.06
140525134548112,2024-10-14,CS401,Caltech,Stem,4,17782,93.39
140525134560976,2024-12-19,CS501,Caltech,Stem,4,20112,87.22
140525134552080,2024-09-14,CS501,Caltech,Stem,3,21321,79.1
140525134551824,2024-11-14,CS501,Caltech,Stem,3,22954,86.0
140525134555600,2024-12-25,CS401,Caltech,Stem,3,15053,84.93
140525134547600,2024-12-09,CS501,Caltech,Stem,4,21270,97.44
140525134559952,2024-11-10,CS501,Caltech,Stem,4,20106,78.68
140525134555344,2024-10-02,CS601,Caltech,Stem,5,25410,79.14
140525134552336,2024-09-23,CS401,Caltech,Stem,3,16856,77.32
140525134551568,2024-12-11,CS401,Caltech,Stem,4,18462,84.16
140525134559696,,CS401,Caltech,Stem,4,17472,49.88
140525134546320,2024-12-27,CS501,Caltech,Stem,5,22942,97.34
140525134557904,2024-10-02,CS601,Caltech,Stem,5,26540,94.32
140525134552592,2024-11-12,CS401,Caltech,Stem,3,15722,75.68
140525134550800,2024-12-01,CS501,Caltech,Stem,5,20805,80.08
140525134548880,2024-08-27,CS501,Caltech,Stem,2,21026,87.93
140525134559440,2024-11-23,CS501,Caltech,Stem,,20149,81.56
140525134555088,2024-12-27,CS501,Caltech,Stem,5,22660,75.09
140525134546832,2024-09-03,CS501,Caltech,Stem,4,20112,76.61
140525134549392,2024-12-29,CS401,Caltech,Stem,5,15526,80.25
140525134547856,2024-07-17,CS501,Caltech,Stem,2,20560,89.69
140525134546064,2024-11-23,CS501,Caltech,Stem,4,20219,84.93
140525134545552,2024-07-10,CS401,Caltech,Stem,5,17460,67.55
140525134550160,2024-12-04,CS401,Caltech,Stem,5,16391,87.19
140525134560464,2024-09-16,CS401,Caltech,Stem,4,15624,98.85
140525134549904,2024-10-02,CS501,Caltech,Stem,2,21260,73.38
140525134552848,2024-08-16,CS501,Caltech,Stem,4,20871,80.45
140525134556624,2024-08-12,CS601,Caltech,Stem,,26988,94.0
140525134555856,2024-09-27,CS501,Caltech,Stem,3,21295,74.23
140525179580560,2024-12-09,CS501,Caltech,Stem,5,,
140525179581840,2024-08-03,CS401,Caltech,Stem,4,15710,98.23
140525179568400,2024-10-04,CS401,Caltech,Stem,5,15049,72.0
140525179574288,2024-09-15,CS501,Caltech,Stem,5,21670,97.94
140525179582992,2024-10-06,CS401,Caltech,Stem,5,18353,73.27
140525179579216,2024-12-14,CS501,Caltech,Stem,4,23617,89.17
140525179584208,2024-11-19,CS501,Caltech,Stem,4,20649,92.41
140525179569424,2024-09-12,CS501,Caltech,Stem,3,21136,95.65
140525179575824,2024-06-17,CS501,Caltech,Stem,3,20182,83.51
140525179578512,2024-09-28,CS501,Caltech,Stem,3,21842,78.88
140525179570000,2024-11-28,CS501,Caltech,Stem,4,21265,72.55
140525179574096,2024-08-03,CS501,Caltech,Stem,3,20562,82.64
140525179581520,2024-12-04,CS401,Caltech,Stem,2,15240,64.93
140525179569680,2024-08-25,CS501,Caltech,Stem,5,20684,84.92
140525179570384,2024-09-28,CS601,Caltech,Stem,3,25507,88.18
140525179581776,2024-07-15,CS501,Caltech,Stem,4,20396,95.52
140525179576976,2024-10-14,CS401,Caltech,Stem,5,16744,65.81
140525179572432,2024-06-16,CS401,Caltech,Stem,5,15163,82.62
140525179573840,2024-09-19,CS401,Caltech,Stem,4,,
140525179575056,2024-05-07,CS501,Caltech,Stem,5,,
140525179581200,2024-07-05,CS401,Caltech,Stem,4,16951,82.83
140525179582032,2024-10-14,CS401,Caltech,Stem,5,16563,95.55
140525179583248,2024-08-18,CS501,Caltech,Stem,3,20022,93.47
140525179570128,2024-09-30,CS501,Caltech,Stem,3,22665,85.14
140525179570448,2024-12-20,CS501,Caltech,Stem,5,20600,85.25
140525179571664,2024-12-18,CS501,Caltech,Stem,4,22070,90.43
140525179575760,2024-06-23,CS401,Caltech,Stem,,,
140525179576336,2024-10-12,CS401,Caltech,Stem,4,15256,67.08
140525179578768,2024-11-18,CS401,Caltech,Stem,5,15670,89.28
140525179577488,2024-12-07,CS501,Caltech,Stem,5,20664,95.99
140525179580816,2024-12-20,CS401,Caltech,Stem,5,15055,87.16
140525179581456,2024-11-19,CS501,Caltech,Stem,4,22443,98.2
140525179583504,2024-11-18,CS501,Caltech,Stem,5,20076,82.76
140525179573648,2024-11-09,CS501,Caltech,Stem,,20087,88.66
140525179570704,2024-04-21,CS501,Caltech,Stem,4,22575,93.26
140525179571280,2024-04-11,CS401,Caltech,Stem,4,15023,91.59
140525179572752,2024-09-22,CS401,Caltech,Stem,5,15810,84.73
140525179575568,2024-05-29,CS401,Caltech,Stem,4,15790,66.69
140525179578704,2024-12-28,CS501,Caltech,Stem,5,,
140525179579472,2024-08-01,CS601,Caltech,Stem,2,25052,94.49
140525179580688,2024-09-26,CS401,Caltech,Stem,4,17195,66.13
140525179575696,2024-09-02,CS501,Caltech,Stem,5,20822,96.74
140525179568208,2024-10-24,CS501,Caltech,Stem,4,,
140525179580112,2024-10-28,CS401,Caltech,Stem,3,15217,97.43
140525179578576,2024-11-17,CS401,Caltech,Stem,4,15153,97.73
140525179577360,2024-09-19,CS501,Caltech,Stem,3,20778,83.74
140525179579152,2024-12-11,CS401,Caltech,Stem,4,15048,92.99
140525179579920,2024-07-24,CS401,Caltech,Stem,4,15043,89.96
140525179584272,2024-06-22,CS501,Caltech,Stem,3,20482,93.66
140525179581584,2024-10-28,CS401,Caltech,Stem,4,16863,86.52
140525179574672,2024-09-09,CS501,Caltech,Stem,4,20824,95.05
140525179570640,2024-12-09,CS401,Caltech,Stem,4,15191,95.61
140525179573008,,CS401,Caltech,Stem,4,15514,76.35
140525179575952,2024-10-14,CS401,Caltech,Stem,5,15317,75.55
140525179580432,2024-02-11,CS501,Caltech,Stem,4,20869,82.18
140525179582480,2024-03-24,CS401,Caltech,Stem,4,17093,98.45
140525179568720,2024-07-10,CS401,Caltech,Stem,4,16378,85.66
140525179571728,2024-10-03,CS501,Caltech,Stem,4,20694,98.89
140525179574480,2024-08-21,CS501,Caltech,Stem,3,,
140525179577552,2024-12-24,CS501,Caltech,Stem,5,20126,97.43
140525179580496,2024-12-26,CS501,Caltech,Stem,4,20091,84.43
140525179583120,2024-09-03,CS501,Caltech,Stem,3,21864,78.52
140525179574352,2024-09-29,CS401,Caltech,Stem,3,17875,85.18
140525179571536,2024-06-22,CS401,Caltech,Stem,4,15266,72.92
140525179569232,2024-11-15,CS401,Caltech,Stem,4,15132,90.38
140525179575632,2024-12-11,CS601,Caltech,Stem,3,26412,85.28
140525179572560,2024-11-08,CS401,Caltech,Stem,5,15453,90.88
140525179570960,2024-10-31,CS501,Caltech,Stem,2,20470,94.11
140525179579984,2024-06-23,CS401,Caltech,Stem,3,18306,67.37
140525179573072,2024-06-15,CS401,Caltech,Stem,5,16197,81.3
140525179577872,2024-09-01,CS501,Caltech,Stem,5,,
140525179573200,2024-11-06,CS501,Caltech,Stem,5,22069,59.37
140525179577232,2024-09-14,CS401,Caltech,Stem,5,15002,97.65
140525179583056,2024-12-14,CS601,Caltech,Stem,4,26045,83.33
140525179568976,2024-05-16,CS401,Caltech,Stem,,15082,96.34
140525179570256,2024-10-25,CS401,Caltech,Stem,5,15444,91.39
140525179573520,2024-12-07,CS401,Caltech,Stem,5,15933,67.25
140525179577808,2024-06-05,CS401,Caltech,Stem,4,16477,89.34
140525179579792,,CS501,Caltech,Stem,4,20871,53.68
140525179583888,2024-10-25,CS401,Caltech,Stem,3,15546,87.92
140525179570896,2024-12-20,CS401,Caltech,Stem,4,15251,96.15
140525179573776,2024-04-09,CS401,Caltech,Stem,5,,
140525179576720,2024-12-05,CS401,Caltech,Stem,2,,
140525179579664,2024-09-12,CS401,Caltech,Stem,5,,
140525179582544,2024-09-27,CS501,Caltech,Stem,4,21801,82.34
140525179576656,2024-09-19,CS401,Caltech,Stem,2,16153,79.88
140525179573584,2024-04-21,CS401,Caltech,Stem,5,15544,74.49
140525179575248,2024-12-19,CS501,Caltech,Stem,5,23243,94.42
140525179578960,2024-09-05,CS401,Caltech,Stem,,17879,90.85
140525179569616,2024-09-06,CS501,Caltech,Stem,5,,
140525179582352,2024-11-05,CS601,Caltech,Stem,4,25356,64.21
140525179579280,,CS501,Caltech,Stem,5,20063,93.62
140525179576784,2024-12-05,CS501,Caltech,Stem,3,21900,88.44
140525179569360,2024-12-20,CS501,Caltech,Stem,4,20395,94.56
140525179579088,2024-10-20,CS501,Caltech,Stem,,20305,57.54
140525179577040,2024-04-20,CS401,Caltech,Stem,5,15154,88.18
140525179568464,2024-12-19,CS501,Caltech,Stem,,22509,77.99
140525179574224,2024-10-23,CS501,Caltech,Stem,2,20979,91.91
140525179579408,2024-09-18,CS501,Caltech,Stem,4,,
140525179584336,,CS401,Caltech,Stem,5,15413,53.46
140525179571920,2024-09-15,CS501,Caltech,Stem,3,20824,92.82
140525179577104,2024-11-18,CS501,Caltech,Stem,3,22580,90.38
140525179582800,,CS601,Caltech,Stem,,25310,93.77
140525179576464,2024-11-08,CS501,Caltech,Stem,2,21630,73.58
140525179575504,2024-05-25,CS501,Caltech,Stem,2,20263,75.78
140525181147984,2024-11-25,CS501,Caltech,Stem,4,,
140525181150928,2024-11-09,CS501,Caltech,Stem,4,22807,78.1
140525181149968,2024-08-31,CS401,Caltech,Stem,4,15599,48.77
140525181143696,2024-09-21,CS501,Caltech,Stem,4,21719,83.45
140525181153808,2024-03-08,CS401,Caltech,Stem,4,16306,66.6
140525181152528,2024-12-26,CS601,Caltech,Stem,4,25535,96.35
140525181154000,2024-12-10,CS501,Caltech,Stem,5,22290,72.11
140525181147408,2024-12-23,CS501,Caltech,Stem,3,20932,89.9
140525181155024,2024-11-24,CS501,Caltech,Stem,3,20128,87.62
140525181151824,2024-09-27,CS401,Caltech,Stem,4,15701,85.19
140525181155216,2024-07-26,CS501,Caltech,Stem,3,20582,66.33
140525181141264,2024-11-05,CS401,Caltech,Stem,4,15159,84.4
140525181145040,2024-09-30,CS401,Caltech,Stem,4,15461,66.85
140525181141328,2024-12-24,CS601,Caltech,Stem,4,27130,90.88
140525181146384,2024-12-08,CS401,Caltech,Stem,4,17181,89.07
140525181142160,2024-07-26,CS501,Caltech,Stem,5,20330,80.66
140525181145232,2024-11-19,CS401,Caltech,Stem,4,15523,81.37
140525181155728,2024-07-22,CS401,Caltech,Stem,5,16101,91.83
140525181152016,2024-11-01,CS401,Caltech,Stem,5,18824,87.55
140525181149776,2024-12-21,CS401,Caltech,Stem,5,15439,86.52
140525181150544,2024-12-25,CS501,Caltech,Stem,2,20396,82.81
140525181149008,2024-10-07,CS501,Caltech,Stem,4,22276,91.05
140525181157136,2024-09-19,CS501,Caltech,Stem,4,20465,74.24
140525181144976,2024-09-16,CS401,Caltech,Stem,,16726,94.24
140525181152400,2024-07-13,CS501,Caltech,Stem,4,21178,97.93
140525181147152,2024-06-22,CS501,Caltech,Stem,4,20232,86.57
140525181156048,2024-12-16,CS501,Caltech,Stem,3,20184,61.21
140525181149520,2024-12-09,CS501,Caltech,Stem,5,20540,79.54
140525181141904,2024-11-15,CS501,Caltech,Stem,3,20706,86.19
140525181154640,2024-09-28,CS501,Caltech,Stem,3,,
140525181148560,2024-12-23,CS401,Caltech,Stem,5,16091,94.08
140525181144720,2024-07-29,CS401,Caltech,Stem,3,15263,92.99
140525181150288,2024-10-27,CS501,Caltech,Stem,3,21199,84.61
140525181148240,2024-08-25,CS401,Caltech,Stem,5,15536,98.09
140525181152080,2024-11-10,CS401,Caltech,Stem,3,17531,80.4
140525181143888,2024-05-21,CS601,Caltech,Stem,3,25400,73.81
140525181157264,2024-12-16,CS501,Caltech,Stem,2,23631,98.66
140525181145488,2024-10-17,CS501,Caltech,Stem,4,20117,77.85
140525181151760,2024-08-01,CS501,Caltech,Stem,4,,
140525181146704,2024-08-15,CS601,Caltech,Stem,4,28115,79.06
140525181154896,2024-10-18,CS401,Caltech,Stem,5,15427,88.27
140525181148944,2024-10-04,CS401,Caltech,Stem,5,17660,83.26
140525181149712,2024-12-01,CS401,Caltech,Stem,5,15133,94.65
140525181148816,2024-11-22,CS401,Caltech,Stem,4,16937,88.44
140525181155088,2024-08-12,CS501,Caltech,Stem,3,20135,82.73
140525181146896,2024-08-22,CS401,Caltech,Stem,5,15260,84.95
140525181146640,2024-09-25,CS401,Caltech,Stem,4,15649,98.69
140525181146256,2024-05-08,CS501,Caltech,Stem,4,20692,92.26
140525181152592,2024-08-20,CS401,Caltech,Stem,4,18268,85.68
140525181146064,2024-09-24,CS401,Caltech,Stem,4,16549,74.38
140525181147664,2024-10-23,CS501,Caltech,Stem,5,20853,93.37
140525181143824,2024-12-28,CS401,Caltech,Stem,5,17200,86.79
140525181147920,2024-11-02,CS501,Caltech,Stem,5,20309,92.28
140525181148176,2024-11-15,CS501,Caltech,Stem,4,20969,72.64
140525181142800,2024-12-09,CS401,Caltech,Stem,4,15784,51.55
140525181154384,2024-09-16,CS501,Caltech,Stem,3,20123,92.72
140525181156112,2024-12-07,CS401,Caltech,Stem,5,15846,88.43
140525181142096,2024-07-31,CS401,Caltech,Stem,3,16996,71.88
140525181144144,2024-12-16,CS501,Caltech,Stem,3,20317,98.41
140525181143440,2024-04-26,CS501,Caltech,Stem,4,21593,88.87
140525181155856,2024-07-17,CS401,Caltech,Stem,4,15187,77.06
140525181151120,2024-12-29,CS401,Caltech,Stem,4,15566,94.44
140525181153872,2024-11-08,CS501,Caltech,Stem,5,23697,80.44
140525181151056,2024-11-12,CS401,Caltech,Stem,2,15555,69.88
140525181141136,2024-10-26,CS401,Caltech,Stem,4,18257,79.96
140525181152784,2024-11-17,CS501,Caltech,Stem,3,20131,82.77
140525181149264,2024-09-12,CS401,Caltech,Stem,5,15408,87.35
140525181146128,2024-12-22,CS501,Caltech,Stem,5,20928,77.64
140525181145872,2024-11-16,CS401,Caltech,Stem,5,15211,64.62
140525181145744,2024-08-09,CS501,Caltech,Stem,4,20794,80.31
140525181155600,2024-06-01,CS401,Caltech,Stem,3,17277,84.06
140525181150032,2024-03-30,CS501,Caltech,Stem,4,23460,60.66
140525181150096,2024-09-21,CS401,Caltech,Stem,4,17367,87.3
140525181141584,2024-11-30,CS501,Caltech,Stem,,22933,90.14
140525181145360,2024-12-01,CS401,Caltech,Stem,4,16551,73.33
140525181156176,2024-10-02,CS401,Caltech,Stem,5,15108,86.39
140525181149328,2024-09-24,CS601,Caltech,Stem,4,25901,89.31
140525181151376,2024-10-07,CS401,Caltech,Stem,4,17259,70.85
140525181141392,2024-11-18,CS401,Caltech,Stem,2,15494,89.83
140525181153936,2024-11-09,CS401,Caltech,Stem,3,17610,93.64
140525181153680,2024-08-15,CS401,Caltech,Stem,5,17769,84.56
140525181156624,2024-07-22,CS501,Caltech,Stem,3,21830,92.66
140525181153424,2024-11-09,CS401,Caltech,Stem,5,16230,90.4
140525181154448,2024-11-18,CS601,Caltech,Stem,4,25423,77.12
140525181153296,2024-09-27,CS401,Caltech,Stem,3,15232,68.34
140525181144656,2024-08-03,CS401,Caltech,Stem,2,16449,77.73
140525181153616,2024-02-04,CS401,Caltech,Stem,5,19512,97.36
140525181157072,2024-09-15,CS401,Caltech,Stem,5,15813,98.3
140525181146768,2024-05-25,CS401,Caltech,Stem,3,16131,90.65
140525181153552,2024-11-25,CS401,Caltech,Stem,3,16122,95.31
140525181150224,2024-12-10,CS501,Caltech,Stem,5,20538,76.28
140525181146512,2024-10-05,CS501,Caltech,Stem,3,20779,93.87
140525181152976,2024-12-25,CS501,Caltech,Stem,4,,
140525181142544,2024-09-04,CS401,Caltech,Stem,5,17106,64.37
140525181156496,2024-10-01,CS501,Caltech,Stem,4,,
140525181148304,2024-11-28,CS501,Caltech,Stem,4,22173,63.85
140525181155408,2024-10-27,CS501,Caltech,Stem,3,24273,94.05
140525181148688,2024-04-05,CS501,Caltech,Stem,3,20443,85.7
140525181147088,2024-05-24,CS501,Caltech,Stem,4,20043,84.1
140525181153040,2024-10-20,CS401,Caltech,Stem,5,18307,61.25
140525181152848,2024-11-27,CS401,Caltech,Stem,5,15752,70.39
140525181150352,2024-09-19,CS401,Caltech,Stem,4,15081,98.1
140525181148496,2024-11-05,CS601,Caltech,Stem,5,27091,95.99
140525181147792,2024-08-20,CS401,Caltech,Stem,5,16517,65.46
140525181144848,2024-11-26,CS501,Caltech,Stem,5,21788,69.16
140525181154064,2024-10-26,CS501,Caltech,Stem,4,21449,86.59
140525181152912,2024-12-30,CS401,Caltech,Stem,3,16651,89.88
140525181143120,2024-10-19,CS401,Caltech,Stem,5,16041,90.68
140525179116944,2024-11-20,CS401,Caltech,Stem,4,16622,57.58
140525179115664,2024-09-03,CS501,Caltech,Stem,4,,
140525179113872,2024-01-24,CS401,Caltech,Stem,2,15376,70.21
140525179124496,2024-11-20,CS401,Caltech,Stem,5,15296,71.32
140525179110672,2024-12-19,CS401,Caltech,Stem,5,15129,86.2
140525179119504,2024-11-25,CS501,Caltech,Stem,5,22232,99
140525179120080,2024-12-05,CS401,Caltech,Stem,4,18222,90.95
140525179114128,2024-12-05,CS501,Caltech,Stem,4,22010,95.96
140525179120528,2024-09-18,CS501,Caltech,Stem,4,,
140525179110736,2024-07-25,CS401,Caltech,Stem,4,15601,89.94
140525179117200,2024-12-05,CS401,Caltech,Stem,3,15181,93.33
140525179120592,2024-12-02,CS501,Caltech,Stem,,20451,97.07
140525179125200,2024-11-14,CS601,Caltech,Stem,4,27944,86.05
140525179113744,2024-06-29,CS401,Caltech,Stem,5,16983,60.36
140525179114512,2024-11-01,CS401,Caltech,Stem,4,15186,93.81
140525179115408,2024-07-14,CS501,Caltech,Stem,3,20241,83.97
140525179116432,,CS401,Caltech,Stem,4,17926,98.29
140525179124944,2024-11-03,CS601,Caltech,Stem,5,26785,97.97
140525179123728,2024-08-12,CS401,Caltech,Stem,3,15307,75.72
140525179119824,2024-03-08,CS601,Caltech,Stem,5,26043,87.95
140525179109648,2024-04-17,CS401,Caltech,Stem,5,15064,83.66
140525179114768,2024-10-24,CS401,Caltech,Stem,4,17299,86.68
140525179124880,2024-11-04,CS501,Caltech,Stem,4,20801,77.17
140525179120848,2024-10-02,CS501,Caltech,Stem,2,22393,93.95
140525179123216,2024-10-16,CS401,Caltech,Stem,4,,
140525179125456,2024-08-24,CS401,Caltech,Stem,3,,
140525179111184,2024-12-21,CS401,Caltech,Stem,5,15996,60.02
140525179115216,2024-10-06,CS501,Caltech,Stem,4,,
140525179116496,2024-12-31,CS501,Caltech,Stem,4,20077,95.65
140525179120144,2024-10-22,CS401,Caltech,Stem,5,15866,80.13
140525179118864,2024-10-04,CS501,Caltech,Stem,5,22025,93.83
140525179116176,2024-03-23,CS401,Caltech,Stem,2,16395,57.67
140525179113232,2024-08-05,CS501,Caltech,Stem,4,22038,97.66
140525179124624,2024-08-01,CS501,Caltech,Stem,4,23010,93.04
140525179118352,2024-07-18,CS501,Caltech,Stem,5,21479,64.2
140525179111504,,CS501,Caltech,Stem,,20756,88.68
140525179119568,2024-04-21,CS501,Caltech,Stem,3,21679,91.88
140525179111632,2024-11-27,CS401,Caltech,Stem,5,15717,92.19
140525179112208,2024-12-22,CS401,Caltech,Stem,3,15972,88.01
140525179122768,2024-09-30,CS501,Caltech,Stem,2,21653,85.09
140525179114896,2024-09-03,CS401,Caltech,Stem,3,17364,98.65
140525179117776,2024-09-05,CS501,Caltech,Stem,5,21113,69.24
140525179119760,2024-08-17,CS501,Caltech,Stem,4,22479,67.9
140525179109584,2024-04-21,CS501,Caltech,Stem,5,21619,94.4
140525179115280,2024-09-24,CS501,Caltech,Stem,5,20392,77.5
140525179120016,2024-06-14,CS501,Caltech,Stem,3,21086,60.57
140525179125712,2024-12-19,CS401,Caltech,Stem,4,17678,97.78
140525179110352,2024-08-31,CS501,Caltech,Stem,3,22798,79.62
140525179118736,2024-08-15,CS501,Caltech,Stem,4,23147,87.85
140525179123472,2024-12-14,CS401,Caltech,Stem,5,18324,89.54
140525179116624,2024-10-18,CS501,Caltech,Stem,5,21456,98.81
140525179113168,2024-08-11,CS501,Caltech,Stem,4,20235,90.01
140525179124368,2024-02-05,CS501,Caltech,Stem,2,21446,73.55
140525179121744,2024-10-02,CS501,Caltech,Stem,3,21378,96.27
140525179112528,2024-06-01,CS501,Caltech,Stem,5,21367,93.05
140525179124816,2024-12-09,CS601,Caltech,Stem,5,25976,79.29
140525179121872,2024-12-31,CS401,Caltech,Stem,5,15773,78.49
140525179122064,2024-07-18,CS601,Caltech,Stem,4,25198,88.56
140525179110864,2024-10-22,CS401,Caltech,Stem,3,15591,73.17
140525179116304,2024-05-05,CS501,Caltech,Stem,3,20283,78.33
140525179123664,2024-09-18,CS401,Caltech,Stem,5,17445,75.12
140525179113936,2024-09-11,CS501,Caltech,Stem,5,20502,89.9
140525179110224,2024-09-29,CS401,Caltech,Stem,4,15322,73.26
140525179122448,2024-12-14,CS401,Caltech,Stem,5,17730,86.06
140525179118800,2024-12-09,CS501,Caltech,Stem,5,22998,75.38
140525179121296,2024-12-27,CS401,Caltech,Stem,5,16517,69.26
140525179122384,2024-11-22,CS501,Caltech,Stem,4,21614,96.26
140525179118288,2024-02-22,CS401,Caltech,Stem,4,16865,77.31
140525179120272,2024-09-04,CS501,Caltech,Stem,4,21070,97.8
140525179118480,2024-08-24,CS401,Caltech,Stem,5,16787,94.09
140525179112336,2024-07-28,CS401,Caltech,Stem,4,16425,84.01
140525179110608,2024-09-29,CS501,Caltech,Stem,5,20722,92.5
140525179123344,2024-08-04,CS501,Caltech,Stem,4,20468,89.57
140525179120912,2024-12-28,CS501,Caltech,Stem,4,23299,90.77
140525179121552,2024-12-07,CS501,Caltech,Stem,3,,
140525179122192,2024-12-11,CS401,Caltech,Stem,4,16777,72.16
140525179117328,2024-07-22,CS501,Caltech,Stem,4,21305,94.03
140525179117072,2024-11-04,CS401,Caltech,Stem,3,17428,94.74
140525179111440,2024-09-29,CS501,Caltech,Stem,4,20491,92.35
140525179119312,2024-11-20,CS601,Caltech,Stem,4,26290,98.84
140525179112720,2024-09-22,CS401,Caltech,Stem,3,15456,81.44
140525179117008,2024-12-01,CS501,Caltech,Stem,3,21057,97.49
140525179114960,2024-06-20,CS501,Caltech,Stem,4,21914,98.54
140525179124432,2024-09-13,CS501,Caltech,Stem,5,21384,88.82
140525179111248,2024-10-02,CS501,Caltech,Stem,4,20811,69.59
140525179123920,2024-12-26,CS501,Caltech,Stem,2,21083,62.16
140525179121616,2024-08-16,CS401,Caltech,Stem,5,16694,92.37
140525179109840,2024-08-12,CS401,Caltech,Stem,3,15359,48.01
140525179115600,2024-08-22,CS401,Caltech,Stem,5,15821,88.06
140525179116752,2024-07-18,CS401,Caltech,Stem,4,16330,96.05
140525179121680,2024-08-28,CS401,Caltech,Stem,5,16083,89.1
140525179123792,2024-12-28,CS501,Caltech,Stem,4,20544,97.26
140525179118608,2024-11-27,CS501,Caltech,Stem,4,23235,91.18
140525179119376,2024-10-27,CS401,Caltech,Stem,1,16390,96.67
140525179113488,2024-06-07,CS401,Caltech,Stem,3,15303,89.71
140525179121424,2024-11-12,CS401,Caltech,Stem,5,17102,86.98
140525179111824,2024-09-24,CS501,Caltech,Stem,4,21548,91.07
140525179115728,2024-12-09,CS401,Caltech,Stem,3,16853,82.78
140525179125264,,CS401,Caltech,Stem,4,15915,98.65
140525179118032,2024-12-12,CS401,Caltech,Stem,4,17063,63.6
140525179117520,2024-10-21,CS601,Caltech,Stem,5,26429,78.1
140525179114576,2024-12-08,CS401,Caltech,Stem,4,16616,65.8
140525179115024,2024-12-28,CS401,Caltech,Stem,5,16182,97.81
140525179125008,2024-10-23,CS501,Caltech,Stem,5,21495,54.18
140525184883216,2024-10-10,CS401,Caltech,Stem,4,17259,78.88
140525184891216,2024-10-26,CS601,Caltech,Stem,3,26265,81.28
140525184882576,2024-12-07,CS501,Caltech,Stem,4,21930,98.26
140525184883408,2024-11-27,CS401,Caltech,Stem,2,15144,89.79
140525184891280,2024-12-06,CS501,Caltech,Stem,,20210,90.9
140525184885136,2024-11-18,CS501,Caltech,Stem,4,20716,71.7
140525184890512,2024-11-11,CS401,Caltech,Stem,3,,
140525184881360,2024-12-18,CS501,Caltech,Stem,5,20491,67.08
140525184885456,2024-11-28,CS401,Caltech,Stem,5,15968,90.04
140525184892432,2024-08-08,CS601,Caltech,Stem,5,25266,98.52
140525184877648,2024-09-21,CS401,Caltech,Stem,5,15727,92.0
140525184891920,2024-09-22,CS501,Caltech,Stem,4,22507,87.63
140525184887376,2024-08-28,CS401,Caltech,Stem,5,17134,87.27
140525184887632,2024-10-17,CS501,Caltech,Stem,5,23486,87.49
140525184892304,2024-07-13,CS501,Caltech,Stem,5,20671,96.61
140525184881744,2024-08-27,CS501,Caltech,Stem,3,21784,90.89
140525184888464,2024-11-21,CS401,Caltech,Stem,4,17564,78.43
140525184877904,2024-11-29,CS401,Caltech,Stem,5,16782,67.0
140525184880528,2024-11-26,CS401,Caltech,Stem,4,16532,87.82
140525184881488,2024-12-06,CS501,Caltech,Stem,3,22235,96.29
140525184879504,2024-11-08,CS501,Caltech,Stem,5,20412,74.42
140525184884752,2024-11-13,CS501,Caltech,Stem,5,20048,97.85
140525184876944,2024-10-16,CS501,Caltech,Stem,4,21547,78.24
140525184878544,2024-11-30,CS501,Caltech,Stem,,20316,96.16
140525184880848,2024-09-17,CS401,Caltech,Stem,5,15533,89.59
140525184883472,2024-09-19,CS401,Caltech,Stem,4,16209,97.74
140525184887952,2024-12-23,CS401,Caltech,Stem,4,16201,93.65
140525184887696,2024-06-09,CS401,Caltech,Stem,5,16087,98.98
140525184877840,2024-06-28,CS401,Caltech,Stem,5,17198,60.94
140525184888720,2024-11-19,CS401,Caltech,Stem,5,15537,87.38
140525184888656,2024-11-06,CS501,Caltech,Stem,,,
140525184882448,2024-12-17,CS401,Caltech,Stem,4,16649,82.26
140525184877712,2024-08-01,CS501,Caltech,Stem,3,20157,86.31
140525184891728,2024-12-12,CS501,Caltech,Stem,3,21133,64.62
140525184882512,2024-06-20,CS401,Caltech,Stem,5,15935,97.85
140525184883664,2024-12-07,CS501,Caltech,Stem,3,21087,85.48
140525184878736,2024-10-31,CS401,Caltech,Stem,4,16458,69.0
140525184883152,2024-09-24,CS501,Caltech,Stem,4,20825,97.98
140525184886928,2024-10-03,CS401,Caltech,Stem,5,16974,91.46
140525184888144,2024-05-10,CS401,Caltech,Stem,4,16351,91.86
140525184891536,2024-09-04,CS501,Caltech,Stem,4,21508,91.97
140525184888400,2024-12-31,CS401,Caltech,Stem,5,16845,86.52
140525184891984,2024-11-15,CS401,Caltech,Stem,3,15894,96.55
140525184891024,2024-10-12,CS401,Caltech,Stem,4,16806,87.72
140525184892048,2024-11-26,CS501,Caltech,Stem,4,21270,81.7
140525184884688,2024-09-14,CS501,Caltech,Stem,4,21433,96.62
140525184885328,2024-11-21,CS401,Caltech,Stem,5,16280,84.89
140525184877968,2024-12-25,CS401,Caltech,Stem,4,,
140525184887120,2024-05-05,CS401,Caltech,Stem,5,17004,97.71
140525184879312,2024-12-21,CS501,Caltech,Stem,3,20483,97.26
140525184891664,2024-10-18,CS501,Caltech,Stem,4,22943,92.37
140525184887184,2024-12-11,CS501,Caltech,Stem,5,21957,77.25
140525184882640,2024-10-11,CS501,Caltech,Stem,4,20846,81.23
140525184888784,2024-12-02,CS401,Caltech,Stem,4,15542,98.12
140525184884432,2024-12-16,CS401,Caltech,Stem,,,
140525184885904,2024-10-25,CS501,Caltech,Stem,5,20958,81.92
140525184889168,2024-07-23,CS401,Caltech,Stem,5,16459,91.7
140525184883792,2024-12-14,CS501,Caltech,Stem,4,,
140525184889104,2024-11-10,CS501,Caltech,Stem,3,22985,90.22
140525184879248,2024-09-19,CS501,Caltech,Stem,5,22155,97.29
140525184876752,2024-08-05,CS401,Caltech,Stem,5,15707,77.31
140525184890128,2024-12-07,CS401,Caltech,Stem,5,15007,90.03
140525184890192,2024-08-24,CS501,Caltech,Stem,2,21775,90.7
140525184879696,2024-03-30,CS401,Caltech,Stem,4,15692,83.29
140525184883600,2024-05-07,CS501,Caltech,Stem,5,21049,98.84
140525184892240,2024-11-11,CS401,Caltech,Stem,4,16690,93.24
140525184885648,2024-12-17,CS401,Caltech,Stem,4,15618,84.7
140525184885840,2024-11-22,CS601,Caltech,Stem,4,27552,98.77
140525184892688,2024-10-30,CS401,Caltech,Stem,3,15807,85.56
140525184889360,2024-09-20,CS501,Caltech,Stem,5,,
140525184885712,2024-10-29,CS501,Caltech,Stem,4,20758,78.76
140525184880592,2024-12-07,CS401,Caltech,Stem,5,15516,82.65
140525184881552,2024-12-24,CS401,Caltech,Stem,3,15667,94.43
140525184889424,2024-07-28,CS501,Caltech,Stem,5,24028,86.81
140525184880784,2024-09-01,CS401,Caltech,Stem,5,18912,87.83
140525184879952,2024-08-14,CS401,Caltech,Stem,4,15831,87.22
140525184886352,2024-11-30,CS501,Caltech,Stem,4,,
140525184891472,2024-07-22,CS401,Caltech,Stem,4,15614,87.95
140525184883856,2024-08-22,CS401,Caltech,Stem,4,,
140525184881232,2024-07-12,CS401,Caltech,Stem,4,15671,96.1
140525184891408,2024-08-01,CS401,Caltech,Stem,4,15842,98.52
140525184886672,2024-11-23,CS501,Caltech,Stem,4,21158,72.86
140525184878480,2024-11-03,CS501,Caltech,Stem,,20438,61.83
140525184877392,2024-12-24,CS401,Caltech,Stem,4,,
140525184888912,2024-10-20,CS501,Caltech,Stem,5,21422,78.2
140525184886416,2024-10-25,CS401,Caltech,Stem,5,17509,77.89
140525184888528,2024-12-10,CS401,Caltech,Stem,4,15423,67.12
140525184884304,2024-11-16,CS401,Caltech,Stem,4,18235,98.59
140525184882384,2024-11-22,CS401,Caltech,Stem,4,15230,84.32
140525184880464,2024-08-09,CS601,Caltech,Stem,4,25978,82.42
140525184886480,2024-12-28,CS401,Caltech,Stem,,15131,67.19
140525184884944,2024-07-19,CS501,Caltech,Stem,4,20214,97.63
140525184886096,2024-06-25,CS501,Caltech,Stem,4,21803,87.48
140525184886160,2024-09-21,CS401,Caltech,Stem,3,16187,97.3
140525184877520,2024-08-27,CS501,Caltech,Stem,5,20126,92.49
140525184876688,2024-08-10,CS401,Caltech,Stem,4,15063,98.48
140525184889936,2024-09-08,CS501,Caltech,Stem,4,21043,84.47
140525184884112,2024-07-07,CS401,Caltech,Stem,5,16924,89.47
140525184877776,2024-10-09,CS401,Caltech,Stem,,15126,83.48
140525184882256,2024-06-10,CS401,Caltech,Stem,3,18159,69.86
140525184883280,2024-06-09,CS501,Caltech,Stem,3,22509,92.79
140525184881808,2024-12-12,CS401,Caltech,Stem,5,,
140525184889616,2024-08-19,CS501,Caltech,Stem,3,22050,80.55
140525142185616,2024-10-10,CS401,Caltech,Stem,4,16573,98.42
140525142195344,2024-09-04,CS401,Caltech,Stem,3,15778,86.43
140525142188304,2024-04-30,CS401,Caltech,Stem,3,16385,46.23
140525142194384,2024-11-22,CS401,Caltech,Stem,3,17698,67.63
140525142183056,2024-11-16,CS501,Caltech,Stem,3,21622,94.09
140525142190096,2024-08-07,CS401,Caltech,Stem,5,16553,94.55
140525142180752,2024-09-19,CS501,Caltech,Stem,3,22471,98.82
140525142184336,2024-11-06,CS401,Caltech,Stem,5,15132,95.13
140525142188816,2024-05-09,CS601,Caltech,Stem,4,26888,81.35
140525142195856,2024-08-31,CS501,Caltech,Stem,4,,
140525142182544,2024-10-09,CS501,Caltech,Stem,5,20560,89.91
140525142187536,,CS401,Caltech,Stem,2,15608,76.88
140525142194640,2024-12-10,CS401,Caltech,Stem,5,15719,79.85
140525142182288,2024-10-21,CS501,Caltech,Stem,5,20577,79.49
140525142182032,2024-10-04,CS401,Caltech,Stem,4,15308,78.08
140525142182800,2024-12-16,CS401,Caltech,Stem,,,
140525142181520,2024-11-17,CS501,Caltech,Stem,4,21052,92.74
140525142180240,2024-09-16,CS501,Caltech,Stem,4,20451,98.48
140525142189328,2024-11-15,CS501,Caltech,Stem,4,22514,87.76
140525142192400,2024-10-25,CS401,Caltech,Stem,5,16170,75.19
140525142184080,2024-11-09,CS501,Caltech,Stem,4,,
140525142187088,2024-10-24,CS601,Caltech,Stem,5,25994,94.77
140525142194128,2024-10-22,CS501,Caltech,Stem,3,,
140525142183824,2024-12-09,CS501,Caltech,Stem,5,20665,78.0
140525142186832,2024-09-28,CS501,Caltech,Stem,5,21578,90.45
140525142192848,2024-05-23,CS501,Caltech,Stem,4,22096,83.05
140525142183568,2024-09-11,CS401,Caltech,Stem,4,17210,96.99
140525142186640,2024-11-09,CS401,Caltech,Stem,4,16059,92.81
140525142191632,2024-10-30,CS501,Caltech,Stem,3,20005,77.06
140525142181264,2024-02-27,CS401,Caltech,Stem,,16954,86.16
140525142186128,,CS401,Caltech,Stem,4,15375,86.99
140525142183312,2024-05-10,CS401,Caltech,Stem,5,15607,64.1
140525179976592,2024-11-12,CS401,Caltech,Stem,5,15459,86.49
140525179972880,2024-10-22,CS401,Caltech,Stem,5,16615,86.53
140525179968848,2024-11-29,CS501,Caltech,Stem,3,20375,83.77
140525179965456,2024-11-29,CS501,Caltech,Stem,5,20187,85.98
140525179974096,2024-12-20,CS401,Caltech,Stem,,17549,70.58
140525179975184,2024-10-07,CS501,Caltech,Stem,5,21496,77.95
140525179974544,2024-11-12,CS401,Caltech,Stem,4,16173,87.45
140525179975376,2024-12-26,CS401,Caltech,Stem,3,17280,97.41
140525179971792,2024-09-04,CS601,Caltech,Stem,4,28285,85.44
140525179966544,2024-04-17,CS501,Caltech,Stem,4,23094,91.78
140525179973840,2024-12-12,CS401,Caltech,Stem,4,16131,92.17
140525179970256,2024-06-08,CS501,Caltech,Stem,3,20056,91.35
140525179977360,2024-12-14,CS501,Caltech,Stem,5,20659,65.9
140525179972304,2024-11-11,CS501,Caltech,Stem,3,20599,91.11
140525179976656,2024-10-30,CS501,Caltech,Stem,4,22354,86.8
140525179975312,2024-11-06,CS501,Caltech,Stem,,20714,94.46
140525179967696,2024-12-24,CS401,Caltech,Stem,3,17436,89.81
140525179968272,2024-11-10,CS401,Caltech,Stem,3,15669,73.54
140525179968016,2024-12-23,CS501,Caltech,Stem,3,20787,93.36
140525179964944,2024-11-18,CS501,Caltech,Stem,5,21567,89.74
140525179967440,2024-04-27,CS501,Caltech,Stem,3,20342,96.28
140525179962192,2024-11-17,CS401,Caltech,Stem,5,15418,81.97
140525179968336,2024-12-18,CS501,Caltech,Stem,5,20830,84.84
140525179970576,2024-12-30,CS401,Caltech,Stem,4,15408,91.68
140525179962320,2024-10-31,CS401,Caltech,Stem,5,,
140525179962448,2024-12-30,CS401,Caltech,Stem,,15902,97.37
140525179961488,2024-08-07,CS501,Caltech,Stem,3,20581,91.72
140525179971024,2024-08-27,CS501,Caltech,Stem,5,21731,72.16
140525179970448,2024-12-17,CS501,Caltech,Stem,3,,
140525179965520,2024-11-25,CS401,Caltech,Stem,3,16051,91.32
140525179963920,2024-11-27,CS501,Caltech,Stem,3,21705,71.9
140525179966928,2024-12-20,CS601,Caltech,Stem,4,26062,94.62
140525179967760,2024-12-16,CS401,Caltech,Stem,3,15192,90.65
140525179967632,2024-09-30,CS501,Caltech,Stem,3,20529,88.88
140525179977488,2024-10-08,CS501,Caltech,Stem,5,20844,77.75
140525179966288,2024-08-08,CS501,Caltech,Stem,5,22289,83.59
140525179963664,2024-12-06,CS401,Caltech,Stem,3,15063,94.63
140525179972048,2024-10-08,CS401,Caltech,Stem,5,15059,94.81
140525179976528,,CS401,Caltech,Stem,4,16737,72.92
140525179974352,2024-12-20,CS501,Caltech,Stem,3,21212,82.8
140525179966480,2024-06-30,CS501,Caltech,Stem,4,22723,94.83
140525179966160,2024-11-14,CS401,Caltech,Stem,4,17468,96.12
140525179967184,2024-08-01,CS401,Caltech,Stem,4,17901,86.71
140525179968784,2024-10-30,CS401,Caltech,Stem,4,15103,73.97
140525179972624,2024-07-08,CS401,Caltech,Stem,5,16768,94.36
140525179966608,2024-09-25,CS401,Caltech,Stem,4,16613,80.41
140525179972240,2024-08-16,CS501,Caltech,Stem,5,22641,84.11
140525179961936,2024-11-26,CS601,Caltech,Stem,4,25613,96.69
140525179977168,2024-12-22,CS601,Caltech,Stem,4,25556,96.62
140525179977424,2024-11-07,CS401,Caltech,Stem,4,16780,83.71
140525179964560,2024-08-03,CS601,Caltech,Stem,5,26623,78.1
140525179964368,2024-07-18,CS501,Caltech,Stem,4,21695,98.34
140525179972112,2024-09-29,CS501,Caltech,Stem,5,21681,80.24
140525179968080,2024-12-18,CS501,Caltech,Stem,3,,
140525179963856,2024-08-25,CS501,Caltech,Stem,4,22924,87.61
140525179968208,2024-12-12,CS401,Caltech,Stem,3,15172,97.04
140525179963408,2024-09-23,CS401,Caltech,Stem,4,15372,87.15
140525179971472,2024-08-04,CS501,Caltech,Stem,5,20266,66.72
140525179974416,,CS501,Caltech,Stem,3,20356,92.17
140525179965264,2024-11-15,CS501,Caltech,Stem,5,20392,91.34
140525179966224,2024-12-18,CS501,Caltech,Stem,4,21019,79.14
140525179976144,2024-04-06,CS401,Caltech,Stem,4,15628,73.15
140525179963984,2024-12-08,CS401,Caltech,Stem,5,16183,80.46
140525179967824,2024-10-04,CS401,Caltech,Stem,4,16940,77.97
140525179968528,2024-12-27,CS401,Caltech,Stem,4,15123,90.44
140525179964880,2024-07-16,CS401,Caltech,Stem,2,16680,85.9
140525179968592,2024-08-11,CS401,Caltech,Stem,5,,
140525179965584,2024-09-30,CS401,Caltech,Stem,4,15419,84.8
140525179969936,2024-12-06,CS501,Caltech,Stem,5,,
140525179963152,2024-08-08,CS401,Caltech,Stem,3,18070,59.44
140525179965136,2024-11-30,CS501,Caltech,Stem,4,21933,87.93
140525179961616,2024-02-02,CS401,Caltech,Stem,2,16026,81.82
140525179963728,2024-09-24,CS501,Caltech,Stem,3,20029,85.03
140525179971344,2024-09-05,CS501,Caltech,Stem,5,,
140525179975632,2024-10-15,CS401,Caltech,Stem,5,17263,80.0
140525179974160,2024-08-20,CS501,Caltech,Stem,,20413,74.27
140525179971856,2024-09-07,CS401,Caltech,Stem,4,19094,70.0
140525179967312,2024-12-15,CS401,Caltech,Stem,5,16663,81.57
140525179969552,2024-11-10,CS601,Caltech,Stem,4,28647,75.51
140525179970320,2024-07-10,CS401,Caltech,Stem,4,17858,70.46
140525179962704,2024-07-17,CS401,Caltech,Stem,4,,
140525179970064,2024-11-15,CS401,Caltech,Stem,4,15909,89.14
140525179963472,2024-10-29,CS401,Caltech,Stem,5,17024,88.86
140525179962832,,CS501,Caltech,Stem,4,20802,68.85
140525179975824,2024-12-27,CS401,Caltech,Stem,4,15545,94.09
140525179977680,2024-12-30,CS501,Caltech,Stem,3,20069,93.23
140525179976336,2024-12-05,CS401,Caltech,Stem,4,16998,70.77
140525179973520,,CS501,Caltech,Stem,4,,
140525179977232,2024-09-03,CS601,Caltech,Stem,4,25607,81.68
140525179973328,2024-06-21,CS401,Caltech,Stem,3,,
140525179962384,2024-10-17,CS401,Caltech,Stem,5,15931,73.18
140525179969232,2024-10-01,CS401,Caltech,Stem,5,15177,79.76
140525179970192,2024-08-14,CS501,Caltech,Stem,4,22022,96.18
140525179973584,2024-07-26,CS501,Caltech,Stem,4,24022,63.69
140525179972368,2024-08-08,CS501,Caltech,Stem,5,23019,97.48
140525179973264,2024-12-08,CS401,Caltech,Stem,5,16697,57.78
140525179973776,2024-03-23,CS401,Caltech,Stem,5,17393,85.55
140525179969488,,CS401,Caltech,Stem,3,16546,59.29
140525179971088,2024-08-12,CS601,Caltech,Stem,4,25345,63.5
140525179971536,2024-07-31,CS401,Caltech,Stem,4,15055,67.89
140525179964752,2024-11-07,CS401,Caltech,Stem,5,15571,93.0
140525179975504,2024-09-07,CS401,Caltech,Stem,4,16059,94.32
140525179969424,2024-12-04,CS501,Caltech,Stem,4,22978,71.2
140525179970704,2024-11-01,CS601,Caltech,Stem,3,26961,86.74
140525179961808,2024-11-20,CS501,Caltech,Stem,4,23402,89.97
140525183430160,2024-10-08,CS501,Caltech,Stem,4,21234,75.39
140525183431696,2024-07-30,CS501,Caltech,Stem,4,20728,90.69
140525183420176,2024-10-16,CS501,Caltech,Stem,4,22427,90.66
140525183432016,2024-08-16,CS501,Caltech,Stem,4,21591,83.07
140525183427408,2024-11-19,CS401,Caltech,Stem,5,15254,74.46
140525183430992,2024-11-03,CS501,Caltech,Stem,3,20620,91.43
140525183429776,2024-11-15,CS501,Caltech,Stem,5,20046,91.74
140525183428880,2024-12-28,CS401,Caltech,Stem,5,17141,60.15
140525183430416,2024-11-04,CS501,Caltech,Stem,5,22849,67.63
140525183430928,2024-05-07,CS401,Caltech,Stem,5,15759,87.43
140525183421264,2024-03-28,CS501,Caltech,Stem,4,,
140525183418448,2024-11-21,CS501,Caltech,Stem,4,21819,78.17
140525183419856,2024-09-24,CS501,Caltech,Stem,4,23361,87.47
140525183419792,2024-11-17,CS601,Caltech,Stem,4,25038,82.46
140525183423248,2024-10-16,CS601,Caltech,Stem,5,29481,87.38
140525183418576,2024-09-21,CS401,Caltech,Stem,3,15980,61.46
140525183420432,2024-08-11,CS501,Caltech,Stem,4,22625,98.64
140525183419728,2024-12-17,CS501,Caltech,Stem,5,,
140525183422224,2024-10-06,CS401,Caltech,Stem,4,15583,90.28
140525183426384,2024-09-20,CS501,Caltech,Stem,5,22603,83.91
140525183419664,2024-10-26,CS501,Caltech,Stem,5,20428,88.08
140525183428560,2024-04-02,CS401,Caltech,Stem,5,15922,85.45
140525183429264,2024-09-20,CS401,Caltech,Stem,3,16997,82.65
140525183422544,,CS501,Caltech,Stem,3,21450,87.35
140525183420304,2024-08-21,CS501,Caltech,Stem,4,,
140525183422800,2024-09-30,CS401,Caltech,Stem,3,15052,70.78
140525183434256,2024-09-03,CS501,Caltech,Stem,3,21701,66.73
140525183426832,2024-12-27,CS501,Caltech,Stem,3,20723,87.65
140525183425488,2024-10-13,CS501,Caltech,Stem,4,21929,87.69
140525183428304,2024-09-01,CS501,Caltech,Stem,4,21385,95.96
140525183422480,2024-11-05,CS501,Caltech,Stem,3,20187,77.3
140525183426768,2024-05-29,CS501,Caltech,Stem,4,20013,91.34
140525183427920,2024-08-11,CS401,Caltech,Stem,4,17231,71.48
140525183425360,2024-08-21,CS401,Caltech,Stem,4,15978,60.39
140525183429136,2024-11-21,CS401,Caltech,Stem,5,15223,74.72
140525183424528,2024-10-11,CS501,Caltech,Stem,4,21684,94.81
140525183428432,2024-09-28,CS401,Caltech,Stem,3,17211,94.03
140525183432976,2024-12-14,CS401,Caltech,Stem,4,15930,85.91
140525183433488,2024-11-12,CS401,Caltech,Stem,4,16573,92.82
140525183430608,2024-11-27,CS401,Caltech,Stem,4,18214,96.83
140525183427344,2024-09-20,CS501,Caltech,Stem,5,20634,92.22
140525183431184,2024-07-20,CS401,Caltech,Stem,2,,
140525183420624,2024-12-09,CS401,Caltech,Stem,3,15000,82.53
140525183434512,2024-08-25,CS401,Caltech,Stem,3,17819,79.29
140525183425552,2024-11-25,CS401,Caltech,Stem,5,,
140525183424848,2024-10-19,CS401,Caltech,Stem,5,15881,74.84
140525183419344,2024-06-26,CS401,Caltech,Stem,4,16174,73.07
140525183434384,2024-10-01,CS501,Caltech,Stem,5,,
140525183427600,2024-11-19,CS401,Caltech,Stem,4,16201,89.83
140525183424336,2024-11-10,CS501,Caltech,Stem,5,21069,82.27
140525183432144,2024-11-24,CS601,Caltech,Stem,5,25454,88.26
140525183428624,2024-11-15,CS501,Caltech,Stem,5,21070,92.7
140525183421456,2024-06-25,CS501,Caltech,Stem,4,22516,88.71
140525183427536,2024-06-29,CS501,Caltech,Stem,4,21011,82.85
140525183423568,2024-11-07,CS401,Caltech,Stem,4,16105,82.46
140525183420752,2024-06-15,CS501,Caltech,Stem,5,20361,98.72
140525183431632,2024-06-13,CS501,Caltech,Stem,5,21012,85.78
140525183428368,2024-11-06,CS401,Caltech,Stem,4,17803,97.1
140525183433040,2024-10-20,CS401,Caltech,Stem,5,17110,95.89
140525183423120,2024-07-09,CS401,Caltech,Stem,3,16222,84.61
140525183431888,2024-12-15,CS501,Caltech,Stem,4,21582,75.69
140525183430224,2024-05-04,CS501,Caltech,Stem,,20053,96.56
140525183421136,2024-09-22,CS401,Caltech,Stem,5,16688,96.07
140525183430864,2024-09-27,CS501,Caltech,Stem,5,20434,84.13
140525183433808,2024-11-12,CS401,Caltech,Stem,4,,
140525183433296,2024-12-02,CS401,Caltech,Stem,4,15377,97.64
140525183430736,2024-11-26,CS401,Caltech,Stem,3,15531,93.37
140525183422672,2024-11-17,CS401,Caltech,Stem,3,16518,73.81
140525183425296,2024-11-25,CS401,Caltech,Stem,5,15841,97.61
140525183429328,2024-06-22,CS501,Caltech,Stem,4,22413,91.93
140525183422992,2024-12-23,CS501,Caltech,Stem,5,20804,70.09
140525183427664,2024-12-11,CS401,Caltech,Stem,5,16444,60.84
140525183433680,2024-10-21,CS401,Caltech,Stem,4,15787,88.92
140525183421520,2024-07-21,CS501,Caltech,Stem,4,20197,80.42
140525183419984,2024-11-27,CS501,Caltech,Stem,5,20251,79.39
140525183425808,2024-12-08,CS401,Caltech,Stem,5,15347,61.08
140525183423504,2024-11-14,CS501,Caltech,Stem,4,21523,81.31
140525183420944,2024-11-14,CS401,Caltech,Stem,3,15173,76.34
140525183433232,2024-12-05,CS401,Caltech,Stem,5,15033,97.6
140525183431760,2024-11-08,CS401,Caltech,Stem,3,15409,74.56
140525183432720,2024-04-27,CS501,Caltech,Stem,5,22488,96.81
140525183424208,2024-11-23,CS501,Caltech,Stem,4,21708,74.11
140525183420688,2024-12-03,CS501,Caltech,Stem,3,21099,96.26
140525183420880,2024-08-15,CS401,Caltech,Stem,5,15003,95.17
140525183424016,2024-09-26,CS501,Caltech,Stem,5,21594,74.9
140525183432400,2024-12-08,CS601,Caltech,Stem,4,25868,92.03
140525183421008,2024-09-19,CS601,Caltech,Stem,2,24998,88.46
140525183426576,2024-09-29,CS501,Caltech,Stem,4,20430,93.99
140525183426256,2024-12-17,CS501,Caltech,Stem,4,24025,96.49
140525183419408,2024-08-10,CS501,Caltech,Stem,4,20447,74.82
140525183423952,2024-09-27,CS401,Caltech,Stem,4,15133,75.22
140525183421392,2024-11-24,CS401,Caltech,Stem,3,,
140525183424080,2024-11-17,CS601,Caltech,Stem,4,25611,59.06
140525183418640,2024-11-26,CS401,Caltech,Stem,5,15154,83.18
140525183424272,2024-09-29,CS501,Caltech,Stem,4,20347,72.13
140525183421200,2024-10-21,CS501,Caltech,Stem,5,21671,95.86
140525183422288,2024-09-04,CS401,Caltech,Stem,5,15967,85.2
140525183429648,2024-07-23,CS401,Caltech,Stem,4,16110,76.53
140525183423440,2024-11-08,CS401,Caltech,Stem,5,15152,64.09
140525183431504,2024-11-27,CS501,Caltech,Stem,4,22512,89.27
140525183421776,,CS401,Caltech,Stem,4,15122,94.8
140525183420816,2024-10-18,CS501,Caltech,Stem,5,20048,92.0
140525183428496,2024-10-16,CS501,Caltech,Stem,3,21422,87.54
140525183429200,2024-12-17,CS401,Caltech,Stem,4,15345,88.97
140525183431440,2024-12-02,CS401,Caltech,Stem,4,18349,87.92
140525183423760,2024-12-14,CS501,Caltech,Stem,4,21905,82.96
140525183421968,2024-06-30,CS501,Caltech,Stem,5,20341,81.68
140525142549840,2024-10-21,CS401,Caltech,Stem,4,16658,78.95
140525142551824,2024-03-29,CS401,Caltech,Stem,4,18112,93.3
140525142540496,,CS501,Caltech,Stem,5,20206,83.08
140525142552336,2024-11-28,CS401,Caltech,Stem,5,15504,85.44
140525142544784,2024-07-31,CS401,Caltech,Stem,5,16705,83.54
140525142547600,2024-08-22,CS501,Caltech,Stem,5,22572,94.53
140525142550352,2024-11-06,CS501,Caltech,Stem,3,22151,94.98
140525142551120,,CS401,Caltech,Stem,5,17608,93.08
140525142541712,,CS501,Caltech,Stem,4,,
140525142541456,2024-11-09,CS401,Caltech,Stem,3,16212,96.17
140525142550096,2024-09-16,CS401,Caltech,Stem,5,16127,61.56
140525142547088,2024-07-23,CS501,Caltech,Stem,5,22279,89.91
140525142542224,2024-08-29,CS401,Caltech,Stem,,15385,95.33
140525142549584,2024-12-09,CS401,Caltech,Stem,5,15063,98.81
140525142541968,2024-07-07,CS501,Caltech,Stem,4,22275,75.67
140525142546832,2024-12-09,CS401,Caltech,Stem,4,16853,83.29
140525142543504,2024-12-12,CS401,Caltech,Stem,4,15619,49.19
140525142546064,2024-03-06,CS401,Caltech,Stem,4,15159,75.87
140525142546320,,CS401,Caltech,Stem,5,15836,84.01
140525142547856,2024-10-15,CS401,Caltech,Stem,4,15131,93.9
140525142556624,2024-10-05,CS401,Caltech,Stem,4,15061,78.8
140525142553616,2024-06-17,CS501,Caltech,Stem,5,23151,98.81
140525142542992,2024-09-26,CS501,Caltech,Stem,4,20304,70.52
140525142543248,2024-12-22,CS501,Caltech,Stem,4,20775,84.19
140525142545296,2024-11-15,CS501,Caltech,Stem,5,20454,96.42
140525142553104,2024-11-12,CS401,Caltech,Stem,5,,
140525142545040,2024-12-23,CS401,Caltech,Stem,3,16908,73.74
140525142554640,2024-10-27,CS501,Caltech,Stem,4,21110,74.03
140525142553360,2024-11-17,CS401,Caltech,Stem,5,15713,93.51
140525142547344,2024-12-11,CS401,Caltech,Stem,4,16297,81.59
140525142545552,2024-10-03,CS501,Caltech,Stem,3,20122,78.14
140525142555856,2024-09-24,CS601,Caltech,Stem,4,25536,96.91
140525142548816,2024-10-02,CS401,Caltech,Stem,,16464,80.04
140525142555152,2024-07-09,CS401,Caltech,Stem,5,17339,94.66
140525180048336,2024-12-22,CS401,Caltech,Stem,5,18762,73.22
140525180054864,2024-11-14,CS501,Caltech,Stem,4,20744,91.22
140525180047440,2024-11-20,CS401,Caltech,Stem,5,,
140525180051600,2024-09-12,CS401,Caltech,Stem,4,16981,81.62
140525180057104,2024-08-05,CS401,Caltech,Stem,5,,
140525180043344,2024-03-17,CS401,Caltech,Stem,3,17360,83.08
140525180053264,2024-12-23,CS401,Caltech,Stem,4,16339,72.64
140525180052368,2024-11-13,CS501,Caltech,Stem,3,20528,61.47
140525180045712,2024-09-01,CS501,Caltech,Stem,5,20250,90.37
140525180045392,2024-09-21,CS401,Caltech,Stem,3,16262,96.44
140525180048080,2024-11-28,CS501,Caltech,Stem,4,23537,95.93
140525180049616,2024-09-01,CS401,Caltech,Stem,3,17220,91.69
140525180055376,2024-10-26,CS501,Caltech,Stem,4,20747,78.93
140525180048976,2024-03-29,CS401,Caltech,Stem,5,15542,95.49
140525180052752,2024-12-31,CS401,Caltech,Stem,4,,
140525180044112,2024-11-13,CS401,Caltech,Stem,5,16633,87.59
140525180045008,2024-10-11,CS501,Caltech,Stem,4,22253,98.41
140525180057168,2024-12-19,CS401,Caltech,Stem,4,15664,89.0
140525180051984,2024-08-30,CS401,Caltech,Stem,5,15936,97.58
140525180053904,2024-05-19,CS501,Caltech,Stem,3,20942,84.35
140525180059408,2024-12-05,CS501,Caltech,Stem,3,20207,88.7
140525180046928,2024-11-09,CS401,Caltech,Stem,4,18035,49.88
140525180053648,2024-09-28,CS401,Caltech,Stem,4,,
140525180049232,2024-09-21,CS401,Caltech,Stem,3,15299,78.08
140525180049104,,CS401,Caltech,Stem,3,15115,46.42
140525180050640,2024-06-08,CS401,Caltech,Stem,4,15694,90.53
140525180057296,2024-09-09,CS501,Caltech,Stem,4,20174,87.22
140525180044752,2024-11-30,CS401,Caltech,Stem,4,15836,71.17
140525180044688,2024-11-22,CS401,Caltech,Stem,3,16292,98.71
140525180046288,2024-07-17,CS601,Caltech,Stem,4,,
140525180058192,2024-06-22,CS501,Caltech,Stem,4,21543,96.0
140525180045648,2024-11-30,CS501,Caltech,Stem,5,21334,51.52
140525180048016,2024-09-17,CS401,Caltech,Stem,3,16107,97.97
140525180057872,,CS401,Caltech,Stem,4,17104,58.1
140525180057424,2024-08-26,CS501,Caltech,Stem,4,23501,82.68
140525180044432,2024-12-03,CS401,Caltech,Stem,5,15325,98.26
140525180055056,2024-10-24,CS501,Caltech,Stem,3,20643,80.08
140525180056592,2024-04-06,CS401,Caltech,Stem,3,15213,96.9
140525180045968,2024-06-24,CS501,Caltech,Stem,4,24217,89.33
140525180044048,,CS401,Caltech,Stem,5,15195,91.72
140525180057616,2024-12-11,CS601,Caltech,Stem,3,25881,94.76
140525180055632,2024-11-15,CS401,Caltech,Stem,4,,
140525180050064,2024-12-09,CS501,Caltech,Stem,3,20256,96.15
140525180058832,2024-09-04,CS401,Caltech,Stem,4,16491,73.52
140525180054800,2024-06-25,CS501,Caltech,Stem,5,21049,47.9
140525180056784,2024-06-26,CS501,Caltech,Stem,5,22031,69.0
140525180051216,2024-08-27,CS401,Caltech,Stem,3,15780,75.63
140525180050256,2024-12-06,CS501,Caltech,Stem,3,20132,98.19
140525180053328,2024-11-06,CS501,Caltech,Stem,3,20186,85.49
140525180046800,2024-10-09,CS501,Caltech,Stem,3,20240,71.04
140525180049488,2024-11-30,CS501,Caltech,Stem,3,20155,79.29
140525180044176,2024-10-19,CS401,Caltech,Stem,4,,
140525180057040,2024-03-06,CS501,Caltech,Stem,4,20874,98.37
140525180043856,2024-11-19,CS401,Caltech,Stem,5,16754,81.33
140525180047120,2024-11-10,CS401,Caltech,Stem,5,18176,77.98
140525180045456,2024-10-29,CS501,Caltech,Stem,5,20763,93.53
140525180049744,2024-12-04,CS401,Caltech,Stem,,16585,59.02
140525180058320,2024-12-07,CS501,Caltech,Stem,4,20226,87.27
140525180059472,2024-09-12,CS401,Caltech,Stem,3,16281,89.25
140525180055184,2024-08-27,CS501,Caltech,Stem,4,21959,93.64
140525180055120,2024-12-29,CS501,Caltech,Stem,3,23187,97.13
140525180047760,2024-11-30,CS401,Caltech,Stem,3,15261,62.03
140525180043920,2024-06-26,CS401,Caltech,Stem,4,17599,97.26
140525180044496,2024-10-09,CS501,Caltech,Stem,4,22251,97.32
140525180045520,2024-12-19,CS401,Caltech,Stem,5,15662,81.03
140525180047696,2024-12-15,CS501,Caltech,Stem,5,20338,81.57
140525180052304,2024-04-01,CS501,Caltech,Stem,5,23300,50.81
140525180044880,2024-09-10,CS401,Caltech,Stem,4,15048,67.44
140525180059344,2024-12-06,CS501,Caltech,Stem,4,20624,98.53
140525180058000,2024-12-08,CS501,Caltech,Stem,2,21816,98.66
140525180054160,2024-07-31,CS501,Caltech,Stem,4,20010,95.3
140525180043728,2024-11-18,CS501,Caltech,Stem,4,20295,89.71
140525180058064,2024-08-16,CS501,Caltech,Stem,4,22398,67.99
140525180053008,2024-07-05,CS401,Caltech,Stem,4,17030,54.17
140525180059600,2024-09-13,CS401,Caltech,Stem,4,17046,71.24
140525180050320,2024-12-13,CS401,Caltech,Stem,5,15083,97.93
140525180049552,2024-09-23,CS401,Caltech,Stem,5,15770,98.17
140525180059216,2024-10-17,CS401,Caltech,Stem,4,15212,82.7
140525180057680,,CS401,Caltech,Stem,3,15416,98.28
140525180052624,2024-07-18,CS501,Caltech,Stem,4,22158,75.69
140525180044368,2024-12-06,CS401,Caltech,Stem,3,17113,82.57
140525180056528,2024-11-20,CS501,Caltech,Stem,4,20849,85.44
140525180049360,2024-12-24,CS501,Caltech,Stem,4,20082,76.69
140525180049808,2024-10-25,CS501,Caltech,Stem,4,23409,98.82
140525180049296,2024-09-02,CS501,Caltech,Stem,3,22649,97.26
140525180048912,2024-12-01,CS401,Caltech,Stem,4,17192,98.13
140525180044944,2024-02-29,CS401,Caltech,Stem,4,15103,90.98
140525180055312,2024-10-05,CS401,Caltech,Stem,5,15647,91.93
140525180058640,,CS501,Caltech,Stem,4,20632,74.81
140525180045200,2024-10-25,CS501,Caltech,Stem,4,20327,95.55
140525180053136,2024-06-16,CS501,Caltech,Stem,5,21546,88.4
140525180059088,2024-08-01,CS401,Caltech,Stem,2,15170,83.09
140525180054288,2024-10-05,CS401,Caltech,Stem,5,15342,98.33
140525180046992,2024-11-17,CS401,Caltech,Stem,3,,
140525180053968,2024-12-17,CS601,Caltech,Stem,5,25443,96.63
140525180052048,2024-09-13,CS501,Caltech,Stem,4,22736,87.68
140525180043600,2024-12-09,CS501,Caltech,Stem,3,23309,78.96
140525180047056,2024-06-10,CS501,Caltech,Stem,5,20081,98.65
140525180053520,2024-08-30,CS501,Caltech,Stem,4,20071,97.67
140525180043472,2024-10-02,CS401,Caltech,Stem,5,17075,67.46
140525180055440,2024-10-31,CS401,Caltech,Stem,5,15948,96.67
140525180045904,2024-08-22,CS401,Caltech,Stem,4,15368,92.12
140525180054672,2024-12-15,CS401,Caltech,Stem,5,15373,84.21
140525141945296,,CS501,Caltech,Stem,3,22215,98.18
140525141935120,2024-10-06,CS401,Caltech,Stem,5,15872,87.04
140525141943248,2024-05-18,CS401,Caltech,Stem,,16236,85.75
140525141950416,,CS501,Caltech,Stem,4,20861,81.84
140525141943760,2024-12-07,CS401,Caltech,Stem,5,15053,79.61
140525141946320,2024-11-23,CS501,Caltech,Stem,5,20106,94.39
140525141944272,2024-07-07,CS501,Caltech,Stem,,21829,60.41
140525141941968,2024-06-09,CS501,Caltech,Stem,5,20747,71.9
140525141940176,2024-06-22,CS501,Caltech,Stem,4,20597,72.48
140525141942224,2024-08-29,CS401,Caltech,Stem,3,,
140525141949136,2024-07-27,CS401,Caltech,Stem,5,16423,94.73
140525141940432,2024-07-26,CS401,Caltech,Stem,3,16225,86.48
140525141950160,2024-12-13,CS501,Caltech,Stem,3,22637,77.21
140525141939920,2024-10-16,CS501,Caltech,Stem,4,21416,70.9
140525141940688,2024-10-12,CS401,Caltech,Stem,4,15119,74.44
140525141938128,2024-07-20,CS501,Caltech,Stem,5,20239,98.57
140525141934352,2024-05-14,CS501,Caltech,Stem,4,20136,88.44
140525141946064,2024-11-27,CS401,Caltech,Stem,,17746,87.25
140525141935376,2024-03-26,CS401,Caltech,Stem,4,15889,80.0
140525141936848,2024-10-01,CS401,Caltech,Stem,4,16356,57.36
140525141937616,2024-07-22,CS501,Caltech,Stem,4,20262,79.34
140525141940944,2024-07-16,CS401,Caltech,Stem,3,15510,90.46
140525141948624,2024-11-06,CS501,Caltech,Stem,3,21971,93.98
140525141941200,2024-12-28,CS501,Caltech,Stem,4,21173,79.03
140525141944016,2024-08-23,CS401,Caltech,Stem,4,16792,85.49
140525141939152,2024-09-27,CS501,Caltech,Stem,5,21633,94.43
140525141947344,2024-12-06,CS601,Caltech,Stem,4,27543,62.51
140525141946832,2024-09-14,CS401,Caltech,Stem,4,15596,91.2
140525141945040,2024-10-20,CS501,Caltech,Stem,5,20342,85.05
140525141949392,2024-06-19,CS401,Caltech,Stem,2,15178,97.32
140525141947088,2024-08-29,CS401,Caltech,Stem,3,15187,85.36
140525141943504,2024-10-02,CS601,Caltech,Stem,4,25680,89.6
140525141937872,2024-07-17,CS501,Caltech,Stem,5,23152,98.49
140525179230224,2024-12-04,CS601,Caltech,Stem,,26784,98.19
140525179233296,2024-10-01,CS401,Caltech,Stem,3,17740,73.3
140525179233360,2024-11-12,CS501,Caltech,Stem,5,20936,90.65
140525179238736,2024-05-21,CS501,Caltech,Stem,3,20995,72.66
140525179229712,2024-11-14,CS501,Caltech,Stem,4,20441,85.89
140525179238224,2024-11-28,CS401,Caltech,Stem,4,15641,82.66
140525179225040,2024-12-06,CS401,Caltech,Stem,4,15320,92.02
140525179235472,2024-11-24,CS501,Caltech,Stem,4,20608,93.04
140525179236112,2024-11-25,CS401,Caltech,Stem,3,17282,85.78
140525179238032,2024-11-12,CS401,Caltech,Stem,4,,
140525179229584,2024-06-07,CS501,Caltech,Stem,4,20283,96.2
140525179234896,2024-07-04,CS601,Caltech,Stem,4,27751,98.01
140525179238096,2024-08-09,CS501,Caltech,Stem,4,20588,98.2
140525179225360,2024-07-05,CS501,Caltech,Stem,5,20453,84.1
140525179235856,2024-08-09,CS401,Caltech,Stem,4,15666,94.24
140525179238160,,CS401,Caltech,Stem,5,16052,79.49
140525179225936,2024-11-30,CS401,Caltech,Stem,5,15081,87.6
140525179225168,2024-08-23,CS401,Caltech,Stem,4,18132,96.71
140525179234320,2024-12-28,CS501,Caltech,Stem,5,21223,73.53
140525179235600,2024-11-06,CS401,Caltech,Stem,4,16660,84.33
140525179237968,2024-10-28,CS501,Caltech,Stem,4,21115,66.39
140525179240400,,CS401,Caltech,Stem,4,15707,97.74
140525179234000,2024-07-22,CS501,Caltech,Stem,4,21231,98.94
140525179225680,2024-11-04,CS401,Caltech,Stem,4,15164,92.62
140525179230800,2024-11-06,CS401,Caltech,Stem,4,15165,88.35
140525179224912,2024-10-26,CS401,Caltech,Stem,4,15364,56.01
140525179224592,,CS501,Caltech,Stem,4,21065,70.14
140525179226704,2024-12-20,CS401,Caltech,Stem,5,18081,80.74
140525179236176,2024-10-13,CS401,Caltech,Stem,5,,
140525179232784,2024-09-06,CS401,Caltech,Stem,5,15439,97.4
140525179228432,2024-11-01,CS501,Caltech,Stem,4,20620,90.6
140525179231312,2024-10-08,CS501,Caltech,Stem,4,21713,78.41
140525179233552,2024-07-13,CS501,Caltech,Stem,,23149,75.89
140525179235792,2024-10-27,CS501,Caltech,Stem,3,22890,87.08
140525179237072,2024-11-05,CS401,Caltech,Stem,4,16207,96.38
140525179237136,2024-07-17,CS501,Caltech,Stem,4,20014,94.34
140525179228688,2024-12-04,CS401,Caltech,Stem,4,18605,54.56
140525179236816,2024-11-24,CS501,Caltech,Stem,5,20690,62.16
140525179233616,,CS501,Caltech,Stem,4,20620,61.74
140525179229968,2024-12-06,CS401,Caltech,Stem,4,16902,90.41
140525179231248,2024-10-16,CS401,Caltech,Stem,4,18112,87.36
140525179226768,2024-12-01,CS501,Caltech,Stem,4,20859,91.23
140525179224464,2024-10-23,CS601,Caltech,Stem,4,25144,64.86
140525179234512,2024-08-14,CS401,Caltech,Stem,3,15823,67.85
140525179237200,2024-06-18,CS501,Caltech,Stem,3,20021,86.19
140525179228176,2024-11-14,CS401,Caltech,Stem,4,16750,83.98
140525179226000,2024-12-02,CS601,Caltech,Stem,3,27366,79.06
140525179229456,2024-11-24,CS401,Caltech,Stem,4,15505,92.84
140525179235152,,CS501,Caltech,Stem,4,23213,88.87
140525179227472,2024-10-28,CS401,Caltech,Stem,5,15089,68.77
140525179227920,2024-12-27,CS501,Caltech,Stem,5,,
140525179225488,2024-11-12,CS501,Caltech,Stem,5,21449,90.39
140525179237264,2024-10-20,CS401,Caltech,Stem,2,16081,66.85
140525179224976,2024-09-20,CS401,Caltech,Stem,4,,
140525179234256,2024-10-28,CS501,Caltech,Stem,4,23814,78.2
140525179231120,2024-09-15,CS501,Caltech,Stem,5,21412,92.92
140525179232080,2024-06-13,CS501,Caltech,Stem,4,,
140525179235344,2024-11-21,CS501,Caltech,Stem,4,21643,70.64
140525179236880,2024-12-08,CS501,Caltech,Stem,4,21029,69.13
140525179228496,2024-09-18,CS501,Caltech,Stem,2,22568,98.44
140525179227088,2024-12-15,CS401,Caltech,Stem,,16050,88.48
140525179239312,2024-11-05,CS501,Caltech,Stem,4,22025,89.36
140525179240016,2024-11-01,CS401,Caltech,Stem,4,16021,86.7
140525179232272,2024-10-03,CS401,Caltech,Stem,4,16797,96.58
140525179226512,,CS501,Caltech,Stem,4,21685,93.82
140525179232592,2024-12-29,CS401,Caltech,Stem,3,16250,98.23
140525179234640,2024-11-13,CS401,Caltech,Stem,3,16850,90.46
140525179227984,2024-12-12,CS601,Caltech,Stem,,25257,84.47
140525179224720,2024-08-17,CS501,Caltech,Stem,3,21478,87.84
140525179227408,2024-07-12,CS401,Caltech,Stem,3,16937,64.9
140525179235280,2024-10-14,CS501,Caltech,Stem,3,24295,93.91
140525179236752,2024-10-07,CS501,Caltech,Stem,3,21444,96.81
140525179238992,2024-11-10,CS501,Caltech,Stem,5,21041,69.82
140525179227024,2024-09-15,CS401,Caltech,Stem,4,15163,64.53
140525179232464,2024-08-22,CS401,Caltech,Stem,5,17124,89.07
140525179225232,2024-12-01,CS501,Caltech,Stem,4,20991,85.96
140525179226896,2024-12-28,CS401,Caltech,Stem,4,18483,94.76
140525179229008,2024-12-12,CS401,Caltech,Stem,5,18693,51.66
140525179239248,2024-12-04,CS401,Caltech,Stem,4,,
140525179230608,2024-11-23,CS501,Caltech,Stem,,20241,77.69
140525179235728,2024-07-01,CS601,Caltech,Stem,5,25426,85.43
140525179226256,2024-09-28,CS401,Caltech,Stem,5,,
140525179228816,2024-10-13,CS601,Caltech,Stem,2,26657,96.8
140525179229840,2024-04-01,CS401,Caltech,Stem,4,16272,91.11
140525179230480,2024-11-02,CS401,Caltech,Stem,3,16249,93.42
140525179231568,2024-03-25,CS501,Caltech,Stem,,22415,87.24
140525179233040,2024-09-17,CS501,Caltech,Stem,4,20838,85.74
140525179234768,,CS401,Caltech,Stem,3,16988,91.1
140525179237712,2024-06-24,CS501,Caltech,Stem,4,21822,98.97
140525179239760,2024-10-13,CS501,Caltech,Stem,5,,
140525179226128,2024-10-21,CS501,Caltech,Stem,5,22242,95.04
140525179232528,2024-11-30,CS401,Caltech,Stem,5,16202,76.52
140525179240208,2024-08-04,CS501,Caltech,Stem,5,21791,96.82
140525179231696,2024-10-27,CS401,Caltech,Stem,5,15757,86.1
140525179236496,2024-12-25,CS401,Caltech,Stem,3,16027,58.95
140525179238800,2024-02-22,CS401,Caltech,Stem,5,15777,58.02
140525179230992,2024-08-25,CS401,Caltech,Stem,5,,
140525179227216,2024-08-22,CS401,Caltech,Stem,3,,
140525179239824,2024-11-22,CS501,Caltech,Stem,4,20154,90.01
140525179227536,2024-11-21,CS401,Caltech,Stem,3,17885,90.37
140525179224208,2024-12-28,CS501,Caltech,Stem,2,20535,91.62
140525179228240,2024-06-26,CS401,Caltech,Stem,4,15279,96.32
140525179233744,2024-07-03,CS401,Caltech,Stem,4,16697,89.81
140525179236240,2024-06-26,CS501,Caltech,Stem,5,20013,87.9
140525179224400,2024-06-05,CS401,Caltech,Stem,,17288,93.84
140525180334608,2024-06-18,CS401,Caltech,Stem,5,18482,80.03
140525180331792,2024-12-03,CS401,Caltech,Stem,5,18472,93.07
140525180326480,2024-08-22,CS501,Caltech,Stem,4,20106,94.64
140525180322064,,CS401,Caltech,Stem,2,19626,83.8
140525180336272,2024-11-07,CS501,Caltech,Stem,4,20958,78.42
140525180337296,2024-11-20,CS401,Caltech,Stem,4,15104,90.46
140525180326416,2024-11-28,CS401,Caltech,Stem,5,18366,97.2
140525180334416,2024-10-05,CS501,Caltech,Stem,4,20791,98.33
140525180337936,2024-10-02,CS401,Caltech,Stem,4,15140,94.56
140525180322960,2024-11-29,CS601,Caltech,Stem,5,25577,91.26
140525180325904,2024-08-10,CS401,Caltech,Stem,2,15481,89.06
140525180337552,2024-09-11,CS501,Caltech,Stem,2,20046,97.1
140525180334672,2024-09-06,CS501,Caltech,Stem,5,21893,97.81
140525180331600,2024-12-03,CS401,Caltech,Stem,5,15067,91.86
140525180332304,2024-08-18,CS501,Caltech,Stem,4,20706,88.41
140525180331856,2024-12-11,CS501,Caltech,Stem,4,21568,65.28
140525180330128,2024-08-05,CS501,Caltech,Stem,5,,
140525180322384,2024-12-14,CS401,Caltech,Stem,3,17944,96.7
140525180336208,2024-12-06,CS501,Caltech,Stem,5,20123,85.2
140525180324880,2024-10-14,CS501,Caltech,Stem,4,,
140525180333456,2024-04-20,CS401,Caltech,Stem,4,18093,93.15
140525180327184,2024-09-25,CS501,Caltech,Stem,5,20410,51.39
140525180333712,2024-10-02,CS501,Caltech,Stem,5,22965,73.68
140525180337424,2024-11-20,CS401,Caltech,Stem,5,17334,70.21
140525180328272,2024-09-29,CS401,Caltech,Stem,4,17494,61.9
140525180329488,2024-10-18,CS401,Caltech,Stem,4,15067,98.79
140525180330896,2024-10-05,CS401,Caltech,Stem,4,15026,89.51
140525180333584,2024-11-13,CS401,Caltech,Stem,4,16075,93.7
140525180335440,2024-12-25,CS401,Caltech,Stem,4,16125,84.48
140525180336784,2024-11-20,CS501,Caltech,Stem,3,20575,88.55
140525180325264,2024-10-03,CS601,Caltech,Stem,5,25785,79.42
140525180331024,2024-12-22,CS401,Caltech,Stem,5,15975,95.67
140525180333904,2024-08-11,CS401,Caltech,Stem,4,15316,86.42
140525180325072,2024-11-03,CS401,Caltech,Stem,4,15283,93.85
140525180329552,2024-11-26,CS401,Caltech,Stem,4,15223,86.65
140525180330000,2024-11-26,CS501,Caltech,Stem,3,21669,85.76
140525180325200,2024-09-10,CS501,Caltech,Stem,2,22127,89.04
140525180334352,2024-09-28,CS401,Caltech,Stem,4,15195,93.14
140525180329168,2024-07-08,CS501,Caltech,Stem,4,20840,96.11
140525180323600,2024-11-08,CS401,Caltech,Stem,5,15600,97.11
140525180334864,2024-11-07,CS501,Caltech,Stem,3,22557,81.49
140525180331664,2024-08-28,CS401,Caltech,Stem,4,15745,79.32
140525180335888,2024-03-23,CS401,Caltech,Stem,4,16201,96.48
140525180331152,2024-09-01,CS401,Caltech,Stem,4,,
140525180328848,2024-10-22,CS401,Caltech,Stem,4,15335,73.86
140525180330384,2024-10-13,CS401,Caltech,Stem,5,16016,78.68
140525180322704,2024-06-26,CS501,Caltech,Stem,3,23012,88.49
140525180329232,2024-12-02,CS601,Caltech,Stem,4,25821,72.71
140525180331088,2024-06-21,CS401,Caltech,Stem,4,15308,83.78
140525180326160,2024-09-21,CS401,Caltech,Stem,4,15190,96.87
140525180337168,2024-12-06,CS401,Caltech,Stem,5,15898,89.35
140525180332560,2024-11-01,CS401,Caltech,Stem,5,15923,83.99
140525180326288,2024-11-02,CS401,Caltech,Stem,3,16695,84.25
140525180335696,2024-02-19,CS501,Caltech,Stem,4,21359,97.72
140525180324624,2024-09-10,CS401,Caltech,Stem,5,15013,94.74
140525180329360,2024-11-30,CS501,Caltech,Stem,5,,
140525180323088,2024-11-26,CS401,Caltech,Stem,4,18947,93.11
140525180335184,2024-09-18,CS401,Caltech,Stem,4,15770,97.41
140525180332432,2024-10-14,CS501,Caltech,Stem,2,20274,92.74
140525180326928,2024-10-15,CS401,Caltech,Stem,5,15007,78.76
140525180335376,2024-10-05,CS401,Caltech,Stem,5,15038,74.22
140525180327568,2024-06-26,CS401,Caltech,Stem,3,15653,93.87
140525180334160,2024-12-20,CS501,Caltech,Stem,4,22379,73.12
140525180325776,2024-11-20,CS501,Caltech,Stem,4,21035,80.29
140525180336144,2024-09-21,CS501,Caltech,Stem,4,20401,89.45
140525180321936,2024-02-13,CS401,Caltech,Stem,3,17508,92.51
140525180327504,2024-05-30,CS401,Caltech,Stem,5,,
140525180335632,2024-05-25,CS501,Caltech,Stem,4,,
140525180332112,2024-10-22,CS401,Caltech,Stem,4,15408,95.35
140525180336400,2024-06-12,CS501,Caltech,Stem,3,20131,86.01
140525180335952,2024-10-09,CS401,Caltech,Stem,5,15478,73.18
140525180328336,2024-09-25,CS501,Caltech,Stem,5,21074,85.07
140525180332880,2024-05-29,CS401,Caltech,Stem,4,18086,62.16
140525180337808,2024-11-21,CS401,Caltech,Stem,4,17259,92.75
140525180336528,2024-08-24,CS601,Caltech,Stem,4,25735,74.05
140525180335760,2024-09-24,CS401,Caltech,Stem,5,18304,85.31
140525180330256,2024-10-20,CS501,Caltech,Stem,3,20571,94.93
140525180322128,2024-10-19,CS401,Caltech,Stem,3,16132,84.09
140525180323664,2024-09-23,CS501,Caltech,Stem,5,20544,69.11
140525180328592,2024-11-11,CS601,Caltech,Stem,4,,
140525180332368,2024-12-12,CS401,Caltech,Stem,5,17300,97.17
140525180338128,2024-09-10,CS501,Caltech,Stem,4,20723,73.58
140525180335504,2024-11-15,CS501,Caltech,Stem,3,21839,72.18
140525180324048,2024-11-03,CS401,Caltech,Stem,,17101,98.25
140525180324944,2024-11-10,CS401,Caltech,Stem,4,15609,82.46
140525180336976,2024-10-28,CS401,Caltech,Stem,,15139,84.11
140525180335120,2024-08-06,CS401,Caltech,Stem,,15032,91.36
140525180331408,2024-03-16,CS501,Caltech,Stem,5,20428,97.88
140525180327440,2024-06-19,CS501,Caltech,Stem,4,21765,75.78
140525180334736,2024-12-09,CS401,Caltech,Stem,4,15424,95.68
140525180328144,2024-11-11,CS501,Caltech,Stem,5,20492,83.81
140525180330064,2024-11-21,CS401,Caltech,Stem,4,18696,90.93
140525180324432,2024-05-04,CS501,Caltech,Stem,4,21381,83.99
140525180334992,2024-11-02,CS601,Caltech,Stem,3,,
140525180331216,2024-09-30,CS501,Caltech,Stem,2,20047,55.32
140525180323472,2024-11-22,CS401,Caltech,Stem,1,,
140525180334288,2024-11-07,CS501,Caltech,Stem,3,21110,92.96
140525180330832,2024-10-09,CS501,Caltech,Stem,5,20612,75.49
140525180323856,2024-11-21,CS401,Caltech,Stem,5,16122,86.7
140525180333200,,CS401,Caltech,Stem,4,15608,98.35
140525180333264,2024-10-26,CS401,Caltech,Stem,2,16214,97.97
140525180322640,2024-12-22,CS501,Caltech,Stem,4,21886,92.03
140525180326032,2024-06-30,CS401,Caltech,Stem,4,17069,96.6
140525180323152,2024-09-04,CS501,Caltech,Stem,5,21169,73.83
140525180658384,2024-12-03,CS601,Caltech,Stem,5,26109,93.96
140525180658128,2024-10-13,CS501,Caltech,Stem,3,21193,96.62
140525180650576,2024-12-14,CS501,Caltech,Stem,4,20554,94.19
140525180663440,2024-12-04,CS501,Caltech,Stem,4,20395,69.71
140525180658768,2024-12-28,CS401,Caltech,Stem,5,15556,93.49
140525180661584,2024-12-14,CS501,Caltech,Stem,4,21911,94.59
140525180659728,2024-12-22,CS501,Caltech,Stem,5,21152,94.74
140525180657616,2024-12-17,CS401,Caltech,Stem,4,15080,94.29
140525180664528,2024-06-17,CS401,Caltech,Stem,4,15560,69.92
140525180652688,2024-11-13,CS401,Caltech,Stem,4,16035,96.97
140525180655696,2024-10-02,CS401,Caltech,Stem,4,17111,94.66
140525180650832,2024-12-11,CS401,Caltech,Stem,5,15587,50.83
140525180650192,2024-10-30,CS401,Caltech,Stem,5,15865,93.69
140525180655248,2024-08-22,CS501,Caltech,Stem,3,22473,98.52
140525180656912,2024-12-23,CS501,Caltech,Stem,3,,
140525180658576,2024-12-04,CS401,Caltech,Stem,4,15330,67.29
140525180653072,2024-09-22,CS501,Caltech,Stem,4,21013,61.47
140525180659536,,CS501,Caltech,Stem,5,22335,81.27
140525180654608,,CS501,Caltech,Stem,2,21362,87.55
140525180655120,2024-10-28,CS401,Caltech,Stem,4,16900,97.1
140525180665168,2024-12-24,CS401,Caltech,Stem,5,16856,82.26
140525180650512,2024-11-13,CS401,Caltech,Stem,,15637,92.68
140525180660368,2024-12-11,CS401,Caltech,Stem,4,16309,97.43
140525180652368,2024-12-21,CS401,Caltech,Stem,3,17643,84.83
140525180665808,2024-11-20,CS401,Caltech,Stem,3,15707,73.15
140525180652816,2024-05-05,CS501,Caltech,Stem,3,22517,82.74
140525180653648,2024-09-18,CS401,Caltech,Stem,4,15187,96.83
140525180662864,2024-03-20,CS601,Caltech,Stem,5,26140,96.55
140525180651152,2024-06-24,CS401,Caltech,Stem,4,16142,86.33
140525180655504,2024-11-10,CS501,Caltech,Stem,3,21296,92.37
140525180663120,2024-10-15,CS401,Caltech,Stem,5,17168,64.57
140525180653584,2024-11-19,CS501,Caltech,Stem,,23317,87.75
140525180665040,2024-10-15,CS501,Caltech,Stem,3,21851,89.73
140525180650640,,CS501,Caltech,Stem,5,21679,97.13
140525180665424,2024-11-12,CS401,Caltech,Stem,5,15073,80.95
140525180654096,,CS401,Caltech,Stem,5,15625,96.63
140525180659856,2024-11-03,CS501,Caltech,Stem,4,20233,98.03
140525180650256,2024-12-10,CS401,Caltech,Stem,5,17128,92.36
140525180652112,2024-10-26,CS401,Caltech,Stem,3,16549,90.63
140525180663568,2024-04-24,CS501,Caltech,Stem,4,21681,68.21
140525180659280,2024-09-12,CS401,Caltech,Stem,3,15303,98.42
140525180653776,2024-12-20,CS501,Caltech,Stem,4,22309,89.14
140525180652560,2024-12-28,CS501,Caltech,Stem,4,,
140525180661264,2024-11-05,CS501,Caltech,Stem,5,20626,91.72
140525180661968,2024-11-30,CS401,Caltech,Stem,4,16042,94.82
140525180664976,2024-12-09,CS401,Caltech,Stem,4,17520,81.33
140525180665296,2024-10-17,CS501,Caltech,Stem,,21082,91.28
140525180653520,2024-12-29,CS501,Caltech,Stem,2,22783,96.08
140525180651024,2024-10-21,CS601,Caltech,Stem,5,26610,75.11
140525180651984,2024-09-21,CS401,Caltech,Stem,5,17459,82.2
140525180658064,,CS501,Caltech,Stem,4,22485,76.66
140525180651408,2024-06-23,CS501,Caltech,Stem,4,20749,95.09
140525180650448,2024-08-14,CS401,Caltech,Stem,5,16630,90.54
140525180663888,2024-10-20,CS501,Caltech,Stem,,20871,96.97
140525180654992,2024-12-24,CS501,Caltech,Stem,5,20163,82.91
140525180662288,2024-07-24,CS401,Caltech,Stem,5,16567,85.29
140525180658448,2024-12-24,CS401,Caltech,Stem,4,,
140525180656720,2024-12-24,CS401,Caltech,Stem,5,15635,94.5
140525180663312,2024-11-18,CS401,Caltech,Stem,5,15586,77.84
140525180665232,2024-11-22,CS401,Caltech,Stem,3,17737,98.42
140525180654352,2024-10-19,CS501,Caltech,Stem,3,21124,93.47
140525180661392,2024-09-02,CS501,Caltech,Stem,5,20684,73.98
140525180662928,2024-11-02,CS401,Caltech,Stem,4,16061,75.87
140525180663376,2024-11-25,CS401,Caltech,Stem,4,15228,89.37
140525180656208,2024-08-08,CS501,Caltech,Stem,5,20558,97.23
140525180652624,2024-11-16,CS401,Caltech,Stem,4,16667,79.29
140525180657360,2024-10-06,CS401,Caltech,Stem,,17890,92.4
140525180660880,2024-06-21,CS401,Caltech,Stem,3,15969,96.87
140525180656080,2024-02-28,CS501,Caltech,Stem,2,20530,63.55
140525180664080,2024-11-05,CS501,Caltech,Stem,,21679,98.2
140525180665680,2024-07-30,CS401,Caltech,Stem,,16528,92.11
140525180658512,2024-11-10,CS401,Caltech,Stem,4,15288,74.83
140525180649872,2024-09-23,CS501,Caltech,Stem,5,21865,95.1
140525180655888,2024-10-07,CS501,Caltech,Stem,3,20714,83.43
140525180651600,2024-11-30,CS501,Caltech,Stem,4,23038,91.66
140525180651664,2024-12-17,CS501,Caltech,Stem,5,21134,89.8
140525180651536,2024-08-08,CS401,Caltech,Stem,4,,
140525180661008,2024-12-10,CS501,Caltech,Stem,4,20495,93.77
140525180659408,2024-12-18,CS401,Caltech,Stem,2,16300,83.49
140525180657488,2024-11-28,CS501,Caltech,Stem,3,22358,77.74
140525180656016,2024-09-16,CS501,Caltech,Stem,3,,
140525180660944,2024-12-22,CS501,Caltech,Stem,4,20528,79.85
140525180657040,2024-11-23,CS401,Caltech,Stem,5,15550,71.16
140525180663632,2024-10-25,CS401,Caltech,Stem,4,16183,78.97
140525180658192,2024-07-19,CS401,Caltech,Stem,,15560,98.05
140525180654864,2024-09-26,CS401,Caltech,Stem,4,15218,87.7
140525180657872,2024-11-18,CS401,Caltech,Stem,4,18094,86.96
140525180659152,2024-08-25,CS501,Caltech,Stem,2,20208,86.49
140525180665616,2024-08-23,CS501,Caltech,Stem,4,21965,97.13
140525180652048,2024-09-27,CS401,Caltech,Stem,3,15988,75.73
140525180664336,2024-12-05,CS401,Caltech,Stem,3,15993,95.73
140525180657808,2024-06-07,CS401,Caltech,Stem,5,16243,80.77
140525180660048,2024-08-11,CS401,Caltech,Stem,4,16043,91.52
140525180658832,2024-11-18,CS401,Caltech,Stem,5,18444,79.18
140525180653264,2024-09-09,CS401,Caltech,Stem,2,15695,81.58
140525180652176,2024-05-30,CS401,Caltech,Stem,3,17673,97.51
140525180649552,2024-09-09,CS501,Caltech,Stem,4,21430,87.61
140525180658000,2024-10-25,CS501,Caltech,Stem,5,20509,85.25
140525180665104,2024-11-10,CS401,Caltech,Stem,5,,
140525180661840,2024-06-06,CS501,Caltech,Stem,5,22937,98.33
140525180660304,2024-11-11,CS401,Caltech,Stem,,15426,93.55
140525180657552,2024-07-13,CS401,Caltech,Stem,4,15348,87.15
140525180652496,2024-12-25,CS501,Caltech,Stem,4,20308,92.82
140525180649680,2024-06-06,CS501,Caltech,Stem,5,21735,85.76
140525180654416,2024-09-24,CS401,Caltech,Stem,4,17612,90.12
140525180653840,2024-12-10,CS401,Caltech,Stem,5,15659,84.44
140525180655952,2024-11-18,CS501,Caltech,Stem,2,20556,90.26
140525180662480,2024-05-26,CS501,Caltech,Stem,4,20797,89.68
140525180659664,2024-11-01,CS401,Caltech,Stem,5,15181,82.7
140525180655376,2024-12-29,CS501,Caltech,Stem,5,20182,71.94
140525180660496,2024-12-22,CS501,Caltech,Stem,3,20817,83.81
140525180664720,2024-11-27,CS501,Caltech,Stem,4,24056,69.98
140525180654288,2024-09-15,CS401,Caltech,Stem,5,16403,73.34
140525180649808,2024-07-14,CS501,Caltech,Stem,3,20501,61.26
140525180664400,2024-07-14,CS501,Caltech,Stem,5,22019,86.86
140525180656144,2024-12-09,CS501,Caltech,Stem,4,20606,94.79
140525180652944,2024-08-25,CS501,Caltech,Stem,5,20902,87.83
140525180661200,2024-11-19,CS501,Caltech,Stem,,20897,73.33
140525180664592,2024-11-04,CS401,Caltech,Stem,,15100,97.66
140525180661072,2024-10-04,CS501,Caltech,Stem,4,20673,54.25
140525180659472,2024-09-30,CS501,Caltech,Stem,4,21196,82.25
140525180656592,2024-11-25,CS501,Caltech,Stem,3,20118,97.06
140525180654224,2024-11-22,CS501,Caltech,Stem,4,21686,90.85
140525180660240,2024-04-22,CS501,Caltech,Stem,,,
140525180660432,2024-12-12,CS401,Caltech,Stem,5,15326,92.11
140525180661776,2024-10-02,CS401,Caltech,Stem,4,15126,92.69
140525180663824,2024-11-25,CS501,Caltech,Stem,5,20700,74.51
140525180650064,2024-10-29,CS501,Caltech,Stem,4,23465,98.16
140525180650960,2024-11-12,CS401,Caltech,Stem,4,16049,89.91
140525182478864,2024-09-20,CS601,Caltech,Stem,5,26017,80.27
140525182477968,2024-11-19,CS501,Caltech,Stem,5,21823,80.3
140525182480976,2024-12-22,CS401,Caltech,Stem,4,17757,56.96
140525182473488,2024-11-15,CS601,Caltech,Stem,5,27317,95.5
140525182469200,2024-10-21,CS401,Caltech,Stem,3,15966,91.04
140525182479952,2024-05-28,CS501,Caltech,Stem,4,20521,77.94
140525182469968,2024-12-19,CS401,Caltech,Stem,,,
140525182476560,2024-11-01,CS401,Caltech,Stem,4,15521,94.96
140525182479376,,CS501,Caltech,Stem,5,20340,72.57
140525182479632,2024-08-05,CS501,Caltech,Stem,3,21701,77.0
140525182479888,2024-10-10,CS501,Caltech,Stem,5,20027,81.29
140525182481936,2024-09-16,CS501,Caltech,Stem,5,21195,82.67
140525182471184,2024-10-20,CS501,Caltech,Stem,5,,
140525182476688,2024-12-07,CS601,Caltech,Stem,,27235,96.05
140525182479504,2024-08-10,CS601,Caltech,Stem,3,25826,71.03
140525182471824,2024-10-10,CS501,Caltech,Stem,5,20859,98.11
140525182469008,2024-11-19,CS401,Caltech,Stem,4,15537,86.99
140525182470928,2024-08-08,CS501,Caltech,Stem,4,21127,96.62
140525182469264,2024-07-14,CS601,Caltech,Stem,4,26447,81.13
140525182468752,2024-08-09,CS401,Caltech,Stem,4,15629,72.0
140525182473872,2024-11-28,CS501,Caltech,Stem,4,21499,97.65
140525182475408,2024-09-18,CS401,Caltech,Stem,4,16234,74.93
140525182468432,2024-07-08,CS501,Caltech,Stem,4,22391,96.54
140525182468176,2024-06-22,CS501,Caltech,Stem,4,22111,86.63
140525182479120,2024-11-17,CS501,Caltech,Stem,4,20026,79.65
140525182473360,,CS401,Caltech,Stem,4,15596,84.77
140525182483792,2024-05-22,CS401,Caltech,Stem,5,16637,95.94
140525182469520,2024-09-03,CS501,Caltech,Stem,4,23234,96.05
140525182481552,2024-10-14,CS401,Caltech,Stem,4,15493,87.6
140525182482832,2024-11-20,CS601,Caltech,Stem,5,26552,97.49
140525182473616,2024-10-27,CS401,Caltech,Stem,4,17553,88.79
140525182480912,2024-11-26,CS501,Caltech,Stem,4,20892,96.59
140525182478480,2024-06-17,CS601,Caltech,Stem,5,28108,88.46
140525182482000,2024-11-27,CS401,Caltech,Stem,4,18170,94.44
140525182470544,2024-09-18,CS401,Caltech,Stem,5,16642,88.55
140525182479440,2024-08-31,CS401,Caltech,Stem,3,16836,86.66
140525182473744,2024-05-13,CS501,Caltech,Stem,,20211,68.4
140525182483472,2024-10-24,CS501,Caltech,Stem,4,21482,78.42
140525182471440,2024-08-29,CS501,Caltech,Stem,4,22970,62.92
140525182483024,2024-06-02,CS401,Caltech,Stem,2,16125,72.96
140525182478672,2024-08-17,CS401,Caltech,Stem,4,16698,81.72
140525182484112,2024-10-17,CS501,Caltech,Stem,4,20528,98.57
140525182481360,2024-09-20,CS501,Caltech,Stem,5,20017,87.4
140525182483280,2024-12-05,CS501,Caltech,Stem,5,20699,73.16
140525182477392,2024-12-02,CS401,Caltech,Stem,4,16802,91.4
140525182474384,2024-07-09,CS401,Caltech,Stem,,15888,90.92
140525182479696,2024-12-21,CS501,Caltech,Stem,5,,
140525182481232,2024-12-13,CS401,Caltech,Stem,3,17361,91.61
140525182475536,2024-09-30,CS401,Caltech,Stem,5,15282,95.65
140525182477584,2024-09-01,CS501,Caltech,Stem,3,20457,83.29
140525182468624,2024-07-04,CS401,Caltech,Stem,5,16526,89.67
140525182471696,2024-12-02,CS501,Caltech,Stem,4,21331,59.19
140525182477072,2024-10-26,CS401,Caltech,Stem,3,16936,98.8
140525182482768,2024-09-04,CS501,Caltech,Stem,3,20446,89.31
140525182471248,2024-09-28,CS501,Caltech,Stem,3,20225,80.82
140525182480272,2024-12-20,CS501,Caltech,Stem,5,21506,79.03
140525182480144,2024-11-25,CS501,Caltech,Stem,4,20542,98.01
140525182482576,2024-12-20,CS501,Caltech,Stem,4,20521,94.8
140525182473808,2024-09-22,CS401,Caltech,Stem,4,,
140525182480208,2024-05-31,CS401,Caltech,Stem,4,17137,88.34
140525182470160,2024-03-10,CS601,Caltech,Stem,4,,
140525182480528,2024-12-10,CS401,Caltech,Stem,4,15768,62.66
140525182469392,,CS401,Caltech,Stem,5,15982,89.64
140525182484368,2024-08-09,CS401,Caltech,Stem,4,17125,84.19
140525182478992,2024-07-12,CS501,Caltech,Stem,3,22799,98.81
140525182475920,2024-09-21,CS601,Caltech,Stem,4,26046,89.98
140525182482960,2024-11-24,CS401,Caltech,Stem,4,18080,90.24
140525182479760,2024-07-21,CS501,Caltech,Stem,3,20705,94.86
140525182472272,2024-11-22,CS501,Caltech,Stem,4,22028,93.53
140525182470480,2024-12-12,CS501,Caltech,Stem,4,20210,95.57
140525182478736,2024-06-03,CS401,Caltech,Stem,5,15130,66.19
140525182474320,2024-11-06,CS401,Caltech,Stem,4,16162,85.2
140525182476880,2024-11-04,CS501,Caltech,Stem,5,23724,73.96
140525182484048,2024-07-17,CS501,Caltech,Stem,4,20183,96.75
140525182477904,2024-10-12,CS401,Caltech,Stem,4,,
140525182477456,2024-09-19,CS401,Caltech,Stem,5,,
140525182476368,2024-06-11,CS501,Caltech,Stem,4,,
140525182482320,2024-11-30,CS401,Caltech,Stem,5,15240,82.93
140525182483088,,CS501,Caltech,Stem,3,20252,91.65
140525182470992,2024-06-30,CS401,Caltech,Stem,5,15587,97.57
140525182468368,2024-09-26,CS401,Caltech,Stem,4,15008,88.45
140525182476944,2024-11-22,CS501,Caltech,Stem,4,22602,90.82
140525178637264,2024-07-07,CS401,Caltech,Stem,3,15281,97.37
140525178639056,2024-09-08,CS501,Caltech,Stem,4,20662,96.35
140525178636752,2024-07-22,CS501,Caltech,Stem,3,22325,98.22
140525178635472,2024-07-18,CS501,Caltech,Stem,2,21195,80.8
140525178644432,2024-10-04,CS401,Caltech,Stem,4,16417,97.54
140525178650064,2024-08-24,CS501,Caltech,Stem,4,20805,95.82
140525178636368,2024-12-18,CS401,Caltech,Stem,4,15327,89.97
140525178639312,2024-12-29,CS401,Caltech,Stem,5,15256,84.35
140525178643536,2024-10-24,CS401,Caltech,Stem,4,15090,91.99
140525178638800,2024-12-15,CS401,Caltech,Stem,5,15887,81.65
140525178643344,2024-12-28,CS401,Caltech,Stem,4,15280,90.14
140525178636560,2024-11-16,CS501,Caltech,Stem,4,21076,76.27
140525178645776,2024-09-21,CS401,Caltech,Stem,3,15039,95.69
140525178635984,2024-05-13,CS401,Caltech,Stem,,15789,84.96
140525178636112,2024-09-24,CS501,Caltech,Stem,3,22813,89.47
140525178637392,2024-10-09,CS401,Caltech,Stem,4,15998,94.52
140525178642320,2024-12-14,CS501,Caltech,Stem,5,21069,86.66
140525178648848,2024-09-09,CS601,Caltech,Stem,4,25157,60.05
140525178637072,2024-07-20,CS401,Caltech,Stem,5,16282,83.67
140525178647056,2024-10-29,CS501,Caltech,Stem,4,22168,97.48
140525178642448,2024-08-20,CS501,Caltech,Stem,3,20166,73.68
140525178647376,2024-11-11,CS501,Caltech,Stem,3,20665,63.83
140525178638480,2024-05-24,CS401,Caltech,Stem,3,15802,96.09
140525178642832,2024-10-02,CS501,Caltech,Stem,4,,
140525178648016,2024-07-05,CS601,Caltech,Stem,4,26465,77.84
140525178641168,2024-12-02,CS501,Caltech,Stem,4,21304,89.89
140525178645584,2024-11-30,CS401,Caltech,Stem,5,16973,93.3
140525178647312,2024-11-13,CS401,Caltech,Stem,5,16615,96.76
140525178640656,2024-10-23,CS501,Caltech,Stem,4,,
140525178638608,2024-08-03,CS401,Caltech,Stem,3,15567,75.23
140525178645520,2024-07-20,CS501,Caltech,Stem,4,20587,79.11
140525178640464,2024-10-08,CS401,Caltech,Stem,3,17129,97.24
140525178650512,2024-11-17,CS501,Caltech,Stem,4,22157,98.9
140525178646160,2024-11-13,CS501,Caltech,Stem,4,20994,80.4
140525178635088,2024-09-24,CS501,Caltech,Stem,2,21418,94.59
140525178647568,2024-10-22,CS501,Caltech,Stem,4,21155,98.38
140525178646032,2024-09-26,CS401,Caltech,Stem,4,15986,92.48
140525178640976,2024-09-21,CS601,Caltech,Stem,5,27174,97.01
140525178648336,2024-12-05,CS401,Caltech,Stem,4,15364,93.34
140525178646608,2024-11-08,CS401,Caltech,Stem,3,16153,96.6
140525178645904,2024-07-26,CS501,Caltech,Stem,3,20410,78.74
140525178640912,2024-12-25,CS501,Caltech,Stem,4,20611,96.67
140525178639504,2024-05-29,CS601,Caltech,Stem,5,26731,77.77
140525178647504,2024-12-05,CS501,Caltech,Stem,5,21350,86.99
140525178636880,2024-12-23,CS401,Caltech,Stem,5,15522,98.73
140525178645072,2024-08-08,CS401,Caltech,Stem,4,15566,91.48
140525178646480,2024-11-05,CS501,Caltech,Stem,5,20171,97.91
140525178646864,,CS401,Caltech,Stem,5,,
140525178638416,2024-12-18,CS401,Caltech,Stem,3,17839,73.68
140525178638544,2024-10-01,CS401,Caltech,Stem,5,15884,98.4
140525178648464,2024-10-07,CS501,Caltech,Stem,4,,
140525178637840,2024-10-13,CS501,Caltech,Stem,3,22106,93.02
140525178637328,2024-09-21,CS401,Caltech,Stem,3,,
140525178646992,2024-08-12,CS401,Caltech,Stem,3,16190,93.04
140525178641552,2024-10-18,CS501,Caltech,Stem,5,22359,73.82
140525178639824,2024-09-28,CS501,Caltech,Stem,5,20216,97.88
140525178649488,2024-08-04,CS401,Caltech,Stem,4,,
140525178649360,2024-10-28,CS401,Caltech,Stem,5,18474,93.28
140525178649232,2024-11-17,CS501,Caltech,Stem,4,21981,94.17
140525178635856,2024-06-22,CS401,Caltech,Stem,5,15480,66.31
140525178648720,2024-10-09,CS501,Caltech,Stem,4,22665,87.8
140525178640592,2024-11-01,CS501,Caltech,Stem,5,21458,88.63
140525178643600,2024-07-30,CS401,Caltech,Stem,3,15770,75.34
140525178650000,2024-12-06,CS401,Caltech,Stem,3,17030,93.64
140525178640528,2024-12-08,CS401,Caltech,Stem,5,15459,98.94
140525178639184,2024-12-16,CS501,Caltech,Stem,2,,
140525178637584,2024-10-22,CS501,Caltech,Stem,4,20720,78.75
140525178645392,2024-12-19,CS401,Caltech,Stem,5,16156,60.36
140525178634512,2024-08-30,CS401,Caltech,Stem,5,18282,95.48
140525178641424,2024-07-03,CS501,Caltech,Stem,5,20309,94.88
140525178634960,2024-08-17,CS401,Caltech,Stem,3,17051,87.88
140525178640080,2024-07-05,CS501,Caltech,Stem,5,22891,78.69
140525178636816,2024-12-08,CS401,Caltech,Stem,4,16996,96.88
140525178643152,2024-09-18,CS401,Caltech,Stem,3,16817,73.0
140525178645200,2024-10-09,CS401,Caltech,Stem,3,15450,85.19
140525178649808,2024-03-18,CS401,Caltech,Stem,4,17806,88.91
140525178639952,2024-07-08,CS501,Caltech,Stem,2,21116,76.48
140525178639120,2024-09-06,CS501,Caltech,Stem,4,20846,65.55
140525178636240,2024-11-08,CS401,Caltech,Stem,4,15245,91.24
140525178641872,2024-10-28,CS501,Caltech,Stem,4,20361,73.88
140525178641104,2024-11-16,CS501,Caltech,Stem,3,23870,75.29
140525178639696,2024-06-23,CS501,Caltech,Stem,4,20456,94.81
140525178642640,2024-08-30,CS501,Caltech,Stem,4,21869,91.74
140525178642384,2024-12-04,CS401,Caltech,Stem,4,17043,80.75
140525178638352,2024-09-19,CS401,Caltech,Stem,4,,
140525178644240,2024-08-29,CS401,Caltech,Stem,3,18815,60.52
140525178650576,2024-12-19,CS401,Caltech,Stem,4,16062,72.83
140525178641232,2024-11-07,CS501,Caltech,Stem,4,22189,79.59
140525178637008,2024-11-18,CS401,Caltech,Stem,2,17357,72.9
140525178638160,2024-09-08,CS601,Caltech,Stem,5,25917,75.94
140525178637904,2024-12-01,CS501,Caltech,Stem,4,21252,81.19
140525178641488,2024-09-06,CS401,Caltech,Stem,3,15631,60.65
140525178646416,2024-11-01,CS401,Caltech,Stem,5,16288,80.4
140525178649744,2024-08-28,CS401,Caltech,Stem,4,17806,97.51
140525178646288,2024-07-25,CS501,Caltech,Stem,5,20559,88.7
140525178634384,2024-12-01,CS501,Caltech,Stem,5,21745,97.72
140525178642064,2024-10-19,CS401,Caltech,Stem,,17484,78.67
140525178649040,2024-11-12,CS501,Caltech,Stem,4,20641,57.94
140525178648208,2024-08-30,CS401,Caltech,Stem,4,15900,96.16
140525178644816,2024-07-16,CS401,Caltech,Stem,4,16698,85.72
140525178635792,,CS401,Caltech,Stem,5,15938,76.96
140525178649872,2024-12-19,CS501,Caltech,Stem,3,20412,72.91
140525178639376,2024-07-03,CS501,Caltech,Stem,5,22735,73.71
140525178639440,2024-10-26,CS401,Caltech,Stem,5,15450,75.86
140525178643920,2024-12-21,CS401,Caltech,Stem,5,15806,73.9
140525178634576,2024-11-11,CS401,Caltech,Stem,4,,
140525178639888,2024-12-29,CS501,Caltech,Stem,4,21393,58.86
140525178634704,2024-07-10,CS501,Caltech,Stem,3,23581,91.55
140525534201808,2024-12-31,CS601,Caltech,Stem,2,27599,91.73
140525211750416,2024-05-10,CS501,Caltech,Stem,4,23101,82.15
140525211750480,2024-10-20,CS501,Caltech,Stem,3,20455,80.1
140526253696528,2024-08-18,CS401,Caltech,Stem,5,,
140526253702160,2024-12-06,CS401,Caltech,Stem,5,17135,94.44
140525211190416,,CS401,Caltech,Stem,5,15250,97.16
140526253333008,2024-05-10,CS601,Caltech,Stem,,26256,62.61
140526253330448,2024-06-18,CS501,Caltech,Stem,5,20597,79.46
140525202680144,,CS401,Caltech,Stem,5,,
140525202685008,,CS401,Caltech,Stem,5,15081,74.04
140525534327376,2024-03-03,CS601,Caltech,Stem,3,,
140525534316048,2024-09-01,CS401,Caltech,Stem,4,16108,96.66
140525181936976,2024-12-01,CS501,Caltech,Stem,4,20061,94.14
140525181942224,2024-09-02,CS501,Caltech,Stem,4,22513,77.56
140525181935056,2024-11-07,CS401,Caltech,Stem,,,
140525181928720,2024-08-17,CS501,Caltech,Stem,5,20461,64.57
140525181935504,2024-07-09,CS401,Caltech,Stem,5,16282,93.88
140525181940688,2024-12-14,CS401,Caltech,Stem,4,15912,72.29
140525181935888,2024-08-10,CS501,Caltech,Stem,5,20737,86.92
140525181941328,2024-09-11,CS401,Caltech,Stem,5,15588,75.5
140525181935568,2024-11-22,CS501,Caltech,Stem,2,21771,97.86
140525181942416,,CS501,Caltech,Stem,3,21021,90.98
140525181939600,2024-06-11,CS401,Caltech,Stem,4,15085,89.76
140525181928976,2024-10-05,CS501,Caltech,Stem,3,21053,80.53
140525181927568,2024-11-13,CS501,Caltech,Stem,4,,
140525181941136,2024-06-19,CS501,Caltech,Stem,4,20320,93.79
140525181929040,2024-10-28,CS401,Caltech,Stem,5,15564,84.1
140525181937744,2024-12-14,CS501,Caltech,Stem,5,20361,96.66
140525181942288,2024-12-20,CS401,Caltech,Stem,5,15688,96.02
140525181928848,2024-06-16,CS501,Caltech,Stem,4,20568,93.71
140525181938000,2024-09-12,CS501,Caltech,Stem,5,20390,81.39
140525181940240,2024-08-09,CS501,Caltech,Stem,3,22059,79.49
140525181941008,,CS401,Caltech,Stem,3,15618,89.38
140525181929744,2024-11-27,CS401,Caltech,Stem,4,16008,81.64
140525181937296,2024-07-19,CS501,Caltech,Stem,5,22070,60.1
140525181933584,2024-11-21,CS501,Caltech,Stem,3,20733,93.68
140525181942672,2024-09-11,CS501,Caltech,Stem,5,22784,93.52
140525181927696,2024-12-11,CS501,Caltech,Stem,3,20161,85.05
140525181941264,2024-10-04,CS501,Caltech,Stem,5,20094,75.99
140525181939920,2024-06-09,CS501,Caltech,Stem,3,21892,91.47
140525181933712,2024-12-11,CS501,Caltech,Stem,5,20871,94.81
140525181940368,2024-12-10,CS501,Caltech,Stem,4,21635,75.97
140525181942032,2024-12-02,CS501,Caltech,Stem,4,21248,90.24
140525181929424,2024-12-04,CS601,Caltech,Stem,4,,
140525181931792,2024-12-23,CS501,Caltech,Stem,4,21186,98.75
140525181936592,2024-12-23,CS501,Caltech,Stem,4,20020,78.15
140525181930320,2024-12-26,CS501,Caltech,Stem,4,20863,71.18
140525181933264,2024-07-18,CS501,Caltech,Stem,3,20952,70.55
140525181937872,2024-05-21,CS401,Caltech,Stem,4,15578,89.85
140525181928592,2024-04-10,CS401,Caltech,Stem,3,15965,91.97
140525181930512,2024-03-01,CS401,Caltech,Stem,5,,
140525181940112,2024-12-12,CS401,Caltech,Stem,5,17622,96.05
140525181943568,2024-12-19,CS401,Caltech,Stem,4,18553,97.75
140525181935952,,CS501,Caltech,Stem,3,,
140525181941072,2024-11-18,CS401,Caltech,Stem,5,16473,94.26
140525181932688,2024-12-24,CS401,Caltech,Stem,4,,
140525181940496,2024-11-10,CS501,Caltech,Stem,4,20111,92.61
140525181935440,2024-12-29,CS401,Caltech,Stem,4,15759,98.56
140525181931344,2024-10-05,CS401,Caltech,Stem,4,17891,89.59
140525181939216,2024-08-23,CS501,Caltech,Stem,5,21660,93.81
140525181935760,2024-09-04,CS501,Caltech,Stem,3,,
140525181935312,2024-12-15,CS501,Caltech,Stem,4,20947,97.48
140525181937040,2024-11-25,CS401,Caltech,Stem,3,16463,87.74
140525181942736,2024-12-08,CS401,Caltech,Stem,3,15681,92.0
140525181928912,2024-11-05,CS501,Caltech,Stem,5,23269,87.1
140525181927504,2024-07-06,CS501,Caltech,Stem,4,21466,76.15
140525181936144,2024-10-31,CS401,Caltech,Stem,5,15679,93.83
140525181939792,2024-12-30,CS501,Caltech,Stem,5,21739,85.42
140525181938832,2024-10-24,CS401,Caltech,Stem,3,15818,89.17
140525181936336,2024-12-28,CS501,Caltech,Stem,3,21747,68.58
140525181933008,2024-10-14,CS401,Caltech,Stem,3,15312,86.13
140525181934608,2024-11-30,CS501,Caltech,Stem,5,23670,98.9
140525181941456,2024-10-07,CS401,Caltech,Stem,5,15120,81.41
140525181932944,2024-04-14,CS601,Caltech,Stem,4,,
140525181931600,2024-12-24,CS501,Caltech,Stem,4,22462,98.66
140525181932048,2024-11-21,CS501,Caltech,Stem,5,20901,97.23
140525181937360,2024-07-22,CS501,Caltech,Stem,5,22627,77.56
140525181939152,2024-08-16,CS601,Caltech,Stem,4,25262,79.14
140525181936208,2024-09-18,CS401,Caltech,Stem,4,15186,85.14
140525181928016,2024-08-09,CS401,Caltech,Stem,4,15333,57.75
140525181932496,2024-08-23,CS501,Caltech,Stem,5,20521,81.16
140525181943120,2024-10-15,CS401,Caltech,Stem,3,16585,80.11
140525181943504,2024-09-27,CS401,Caltech,Stem,4,16773,86.38
140525181928080,2024-03-06,CS401,Caltech,Stem,3,16034,88.23
140525181935632,2024-11-10,CS501,Caltech,Stem,3,20298,72.92
140525181939280,2024-07-08,CS501,Caltech,Stem,4,23998,97.0
140525181939088,2024-06-06,CS501,Caltech,Stem,4,20125,95.55
140525181942480,2024-10-24,CS401,Caltech,Stem,4,15120,97.53
140525181938384,2024-09-16,CS501,Caltech,Stem,5,20078,75.08
140525181928144,2024-11-02,CS501,Caltech,Stem,,21768,96.4
140525181939472,2024-11-06,CS401,Caltech,Stem,3,15456,94.44
140525181939856,2024-09-11,CS501,Caltech,Stem,5,20622,92.73
140525181940432,2024-10-18,CS501,Caltech,Stem,2,20218,85.41
140525181930640,2024-10-06,CS401,Caltech,Stem,,15449,92.76
140525181934416,2024-12-08,CS501,Caltech,Stem,4,,
140525181939728,2024-08-17,CS501,Caltech,Stem,3,20543,77.33
140525181932368,2024-12-04,CS401,Caltech,Stem,4,15224,84.59
140525181934224,2024-06-01,CS501,Caltech,Stem,5,20247,57.67
140525181941712,2024-10-07,CS501,Caltech,Stem,4,20014,59.39
140525181939536,2024-04-16,CS501,Caltech,Stem,,20451,97.27
140525181934544,2024-12-25,CS501,Caltech,Stem,3,23082,97.24
140525181934928,2024-09-17,CS501,Caltech,Stem,5,21891,95.96
140525181929872,2024-10-18,CS501,Caltech,Stem,2,21060,58.24
140525181936720,2024-06-07,CS501,Caltech,Stem,4,20837,94.38
140525181935376,2024-06-23,CS401,Caltech,Stem,5,17967,96.36
140525181936848,2024-11-05,CS601,Caltech,Stem,4,26224,70.61
140525181928784,2024-12-24,CS401,Caltech,Stem,5,18511,79.37
140525181933072,2024-12-02,CS501,Caltech,Stem,5,21714,93.82
140525181938896,2024-11-07,CS601,Caltech,Stem,4,25639,51.01
140525181941648,2024-11-22,CS401,Caltech,Stem,4,15758,96.63
140525181934288,2024-11-26,CS401,Caltech,Stem,4,18856,81.45
140525181940048,2024-07-02,CS401,Caltech,Stem,5,15223,92.33
140525181931280,2024-12-26,CS401,Caltech,Stem,4,15568,86.83
140525181935120,2024-09-24,CS501,Caltech,Stem,4,20213,72.84
140525181930768,2024-07-09,CS501,Caltech,Stem,4,20619,95.15
140525181929360,2024-10-10,CS501,Caltech,Stem,5,21762,68.59
140525181939344,2024-10-20,CS401,Caltech,Stem,5,16197,81.29
140525181927632,2024-12-07,CS601,Caltech,Stem,5,25167,83.06
140525181943376,2024-11-04,CS401,Caltech,Stem,3,15909,85.85
140525181939984,2024-12-29,CS401,Caltech,Stem,5,16286,98.23
140525181941776,2024-12-28,CS501,Caltech,Stem,3,20041,77.74
140525181931152,2024-08-10,CS401,Caltech,Stem,2,15070,80.65
140525181933840,,CS401,Caltech,Stem,4,15540,89.6
140525181941200,2024-11-20,CS501,Caltech,Stem,4,21889,82.17
140525181933456,2024-12-18,CS401,Caltech,Stem,3,16566,66.09
140525181940880,2024-08-13,CS501,Caltech,Stem,4,22610,95.75
140525181928528,2024-10-17,CS601,Caltech,Stem,4,25437,76.97
140525181928400,2024-07-26,CS501,Caltech,Stem,3,21358,95.57
140525181940560,2024-06-08,CS501,Caltech,Stem,4,20094,81.84
140525181937552,2024-08-09,CS401,Caltech,Stem,4,15167,86.12
140525181927952,2024-09-15,CS401,Caltech,Stem,4,17347,90.26
140525181932560,,CS501,Caltech,Stem,4,22281,82.59
140525181931728,2024-12-19,CS401,Caltech,Stem,3,15352,95.81
140525181930384,2024-08-18,CS401,Caltech,Stem,4,15390,88.27
140525181938320,2024-12-22,CS401,Caltech,Stem,4,15355,96.72
140525181928208,2024-10-03,CS501,Caltech,Stem,3,21041,82.03
140525136847120,2024-06-09,CS501,Caltech,Stem,4,21114,91.77
140525136853712,2024-09-11,CS501,Caltech,Stem,5,20221,84.32
140525136840272,2024-11-22,CS401,Caltech,Stem,5,15395,74.57
140525136842512,,CS401,Caltech,Stem,4,16124,97.92
140525136852432,2024-10-11,CS401,Caltech,Stem,4,15930,87.77
140525136850576,2024-09-22,CS501,Caltech,Stem,4,22575,88.34
140525136844048,2024-04-20,CS501,Caltech,Stem,3,20968,95.16
140525136849680,2024-11-22,CS601,Caltech,Stem,3,25358,53.45
140525136848592,2024-09-17,CS501,Caltech,Stem,5,20428,96.5
140525136843536,2024-12-13,CS401,Caltech,Stem,5,15207,94.19
140525136840080,2024-12-20,CS401,Caltech,Stem,4,16478,90.63
140525136843088,2024-07-24,CS401,Caltech,Stem,5,15598,54.59
140525136852240,2024-09-11,CS501,Caltech,Stem,3,22910,82.43
140525136840848,2024-10-16,CS501,Caltech,Stem,5,20822,69.82
140525136842896,2024-10-26,CS601,Caltech,Stem,3,28091,91.52
140525136852048,2024-11-22,CS401,Caltech,Stem,3,,
140525136846864,2024-05-31,CS501,Caltech,Stem,3,21026,98.45
140525136848784,2024-12-21,CS501,Caltech,Stem,3,20337,93.03
140525136843024,2024-09-29,CS401,Caltech,Stem,5,16070,94.29
140525136851792,2024-11-24,CS401,Caltech,Stem,5,15719,91.54
140525136844816,,CS401,Caltech,Stem,5,15706,57.91
140525136840208,2024-09-24,CS501,Caltech,Stem,4,20473,78.89
140525136852560,,CS401,Caltech,Stem,1,16505,90.61
140525136840720,2024-09-26,CS401,Caltech,Stem,3,16329,55.2
140525136853328,2024-06-08,CS401,Caltech,Stem,4,15529,80.98
140525136853968,2024-08-18,CS501,Caltech,Stem,4,20387,92.87
140525136851216,2024-06-20,CS501,Caltech,Stem,4,20652,87.34
140525136839376,,CS501,Caltech,Stem,4,21674,85.73
140525136842384,2024-09-04,CS401,Caltech,Stem,4,15646,74.12
140525136849488,2024-07-02,CS401,Caltech,Stem,4,16204,92.02
140525136847696,2024-10-04,CS401,Caltech,Stem,5,15840,82.81
140525136841616,2024-10-25,CS401,Caltech,Stem,5,15074,94.13
140525136840592,2024-06-26,CS501,Caltech,Stem,5,20413,64.64
140525136851984,2024-12-27,CS401,Caltech,Stem,4,15945,51.73
140525136847952,2024-10-22,CS501,Caltech,Stem,,20769,88.42
140525136854992,2024-12-15,CS501,Caltech,Stem,5,21780,91.68
140525136854032,2024-09-20,CS401,Caltech,Stem,4,15250,62.69
140525136841104,2024-09-15,CS501,Caltech,Stem,5,21338,98.89
140525136849744,2024-08-29,CS501,Caltech,Stem,4,20311,73.6
140525136848464,2024-12-23,CS501,Caltech,Stem,3,24372,94.17
140525136842256,,CS501,Caltech,Stem,2,20627,70.75
140525136849552,2024-12-14,CS501,Caltech,Stem,5,20687,94.84
140525136850896,2024-11-04,CS501,Caltech,Stem,3,21459,81.08
140525136845328,2024-06-13,CS501,Caltech,Stem,4,20501,92.86
140525136843984,2024-09-26,CS401,Caltech,Stem,4,16004,82.66
140525136847056,,CS401,Caltech,Stem,5,16157,92.05
140525136847504,2024-12-29,CS501,Caltech,Stem,3,20079,89.82
140525136841424,2024-08-04,CS401,Caltech,Stem,4,15590,83.21
140525136846032,2024-11-10,CS501,Caltech,Stem,5,20898,67.35
140525136839952,2024-09-21,CS401,Caltech,Stem,4,15518,85.17
140525136840016,2024-11-25,CS401,Caltech,Stem,4,15603,85.89
140525136847760,2024-09-19,CS501,Caltech,Stem,2,21639,85.57
140525136846480,2024-11-04,CS401,Caltech,Stem,2,15974,96.95
140525136845200,2024-10-30,CS401,Caltech,Stem,4,16219,91.09
140525136852688,2024-07-26,CS501,Caltech,Stem,5,23094,73.51
140525136853136,2024-09-11,CS401,Caltech,Stem,4,15712,86.66
140525136850064,2024-06-21,CS601,Caltech,Stem,4,27369,98.03
140525136844944,2024-09-18,CS401,Caltech,Stem,5,15424,75.67
140525136843920,2024-10-20,CS401,Caltech,Stem,5,17432,74.33
140525136841936,2024-10-09,CS501,Caltech,Stem,4,20132,73.79
140525136840912,2024-11-21,CS501,Caltech,Stem,3,21639,98.14
140525136847568,2024-09-28,CS501,Caltech,Stem,4,21227,86.69
140525136851856,2024-11-18,CS401,Caltech,Stem,5,17343,82.14
140525136845008,2024-06-07,CS401,Caltech,Stem,5,15565,90.12
140525136841488,2024-10-12,CS501,Caltech,Stem,3,24412,72.99
140525136854608,2024-08-08,CS501,Caltech,Stem,5,21871,80.78
140525136842960,2024-05-13,CS501,Caltech,Stem,2,20020,70.82
140525136852880,2024-08-30,CS501,Caltech,Stem,5,20479,65.25
140525136854160,2024-10-03,CS501,Caltech,Stem,4,20176,70.71
140525136841680,2024-06-08,CS501,Caltech,Stem,4,,
140525136850512,2024-10-21,CS501,Caltech,Stem,2,20003,95.91
140525136839056,2024-05-08,CS501,Caltech,Stem,3,20713,90.38
140525136844496,2024-12-14,CS501,Caltech,Stem,5,22660,85.18
140525136848144,2024-09-18,CS401,Caltech,Stem,4,17028,70.08
140525136853200,2024-12-11,CS501,Caltech,Stem,3,22674,97.75
140525136853904,2024-12-20,CS501,Caltech,Stem,5,21634,79.14
140525136848400,2024-12-12,CS401,Caltech,Stem,3,16955,96.39
140525136853456,2024-12-28,CS501,Caltech,Stem,,20426,85.86
140525136845840,,CS401,Caltech,Stem,5,16934,82.43
140525136838736,2024-11-09,CS501,Caltech,Stem,5,20587,84.8
140525136845072,2024-10-13,CS601,Caltech,Stem,5,26107,75.1
140525136850256,2024-10-25,CS501,Caltech,Stem,4,20487,86.25
140525136844112,2024-07-19,CS401,Caltech,Stem,4,18110,75.03
140525136842640,2024-08-10,CS401,Caltech,Stem,5,16382,83.44
140525136851600,2024-11-06,CS601,Caltech,Stem,4,25782,88.09
140525136848912,2024-10-21,CS501,Caltech,Stem,3,20402,73.84
140525136847824,2024-10-26,CS401,Caltech,Stem,4,15223,74.17
140525136839760,2024-11-15,CS501,Caltech,Stem,4,20316,77.32
140525136845776,2024-11-01,CS501,Caltech,Stem,2,20518,90.02
140525136845968,2024-11-23,CS401,Caltech,Stem,4,15108,85.18
140525136852816,2024-12-12,CS501,Caltech,Stem,3,20534,97.53
140525136854416,2024-12-16,CS401,Caltech,Stem,5,15249,79.62
140525136845136,2024-06-22,CS501,Caltech,Stem,4,20934,91.42
140525136846928,2024-05-09,CS401,Caltech,Stem,4,15098,91.95
140525136852496,2024-08-16,CS401,Caltech,Stem,3,15676,77.89
140525136844368,,CS401,Caltech,Stem,4,15274,73.24
140525136844880,2024-12-18,CS401,Caltech,Stem,5,16405,98.67
140525136840144,2024-09-22,CS501,Caltech,Stem,,20911,81.68
140525136849232,2024-08-09,CS501,Caltech,Stem,4,21850,70.03
140525136854288,2024-10-26,CS601,Caltech,Stem,5,27563,94.81
140525136844624,2024-07-15,CS401,Caltech,Stem,5,15878,96.71
140525136851024,2024-10-21,CS501,Caltech,Stem,5,22375,91.3
140525136840336,2024-11-13,CS401,Caltech,Stem,4,16327,94.15
140525136853264,,CS401,Caltech,Stem,3,16192,86.92
140525136847440,2024-10-04,CS501,Caltech,Stem,5,21587,93.48
140525136850768,2024-09-29,CS401,Caltech,Stem,4,,
140525136840976,,CS501,Caltech,Stem,4,20770,65.7
140525136850640,2024-11-26,CS401,Caltech,Stem,3,16361,98.4
140525136851344,2024-12-19,CS501,Caltech,Stem,5,20695,74.1
140525136850384,2024-08-22,CS501,Caltech,Stem,4,21579,74.49
140525136850704,2024-10-25,CS501,Caltech,Stem,,23604,93.77
140525136850128,2024-08-30,CS501,Caltech,Stem,5,21619,93.5
140525136851664,2024-11-26,CS401,Caltech,Stem,3,15995,75.45
140525136852304,,CS501,Caltech,Stem,4,20300,97.01
140525136846352,2024-12-15,CS501,Caltech,Stem,4,,
140525136853584,2024-07-01,CS501,Caltech,Stem,4,21044,95.13
140525136843664,2024-10-20,CS501,Caltech,Stem,4,22683,93.76
140525136846096,2024-12-25,CS601,Caltech,Stem,2,25005,94.05
140525136851536,2024-06-21,CS401,Caltech,Stem,5,16021,74.94
140525136852624,,CS401,Caltech,Stem,3,15051,66.08
140525136842320,2024-12-29,CS501,Caltech,Stem,2,21291,93.68
140525136844176,2024-10-28,CS501,Caltech,Stem,3,21520,70.83
140525136845264,2024-12-24,CS401,Caltech,Stem,3,15180,82.09
140525136849616,2024-05-14,CS501,Caltech,Stem,4,21157,76.75
140525136841232,2024-12-03,CS401,Caltech,Stem,4,15760,79.83
140525136844432,2024-10-20,CS401,Caltech,Stem,4,15151,51.22
140525136841296,2024-04-17,CS401,Caltech,Stem,3,15385,65.55
140525136854864,2024-12-22,CS401,Caltech,Stem,5,,
140525136852112,2024-08-02,CS401,Caltech,Stem,3,15898,96.28
140525136843792,2024-05-09,CS401,Caltech,Stem,2,15106,67.03
140525136840464,2024-08-29,CS601,Caltech,Stem,4,25431,96.28
140525136838992,2024-09-17,CS401,Caltech,Stem,3,,
140525135317712,2024-10-13,CS401,Caltech,Stem,3,17925,87.57
140525135319760,2024-10-14,CS501,Caltech,Stem,4,20744,98.77
140525135320528,2024-12-15,CS401,Caltech,Stem,5,15393,83.77
140525135320272,2024-10-10,CS501,Caltech,Stem,2,20416,97.79
140525135324496,2024-10-22,CS401,Caltech,Stem,5,16818,79.13
140525135320720,,CS501,Caltech,Stem,3,20535,92.39
140525135330512,2024-12-25,CS501,Caltech,Stem,4,20974,98.72
140525135326224,2024-12-15,CS501,Caltech,Stem,4,20938,89.46
140525135315792,2024-11-01,CS601,Caltech,Stem,5,25438,85.87
140525135327504,2024-05-02,CS401,Caltech,Stem,5,17201,81.47
140525135317968,2024-09-30,CS501,Caltech,Stem,4,20879,70.51
140525135325200,2024-12-15,CS401,Caltech,Stem,3,16444,97.94
140525135324240,2024-12-21,CS501,Caltech,Stem,4,20443,95.75
140525135321744,2024-12-10,CS401,Caltech,Stem,4,17427,89.74
140525135326736,2024-11-19,CS401,Caltech,Stem,4,15598,88.59
140525135322000,2024-09-30,CS401,Caltech,Stem,5,15737,96.96
140525135316496,2024-07-23,CS501,Caltech,Stem,5,21465,86.74
140525135331024,2024-12-22,CS501,Caltech,Stem,2,20341,50.03
140525135318224,2024-05-29,CS401,Caltech,Stem,4,,
140525135325456,2024-10-20,CS501,Caltech,Stem,,21180,80.7
140525135318736,2024-12-17,CS401,Caltech,Stem,4,17482,81.2
140525135322512,2024-12-18,CS501,Caltech,Stem,4,20406,89.2
140525135317456,2024-09-01,CS401,Caltech,Stem,5,16879,95.65
140525135327248,2024-07-18,CS401,Caltech,Stem,5,15925,91.05
140525135315280,2024-12-20,CS601,Caltech,Stem,3,26643,96.75
140525135320976,2024-08-09,CS501,Caltech,Stem,4,21838,87.61
140525135318480,,CS501,Caltech,Stem,4,20870,60.42
140525135318992,2024-11-27,CS501,Caltech,Stem,4,20727,92.41
140525180355856,2024-09-11,CS401,Caltech,Stem,4,16654,64.46
140525180363536,2024-12-02,CS401,Caltech,Stem,5,15048,95.45
140525180368720,2024-08-09,CS601,Caltech,Stem,5,28281,89.85
140525180370192,2024-09-11,CS601,Caltech,Stem,4,25968,77.82
140525180364560,2024-08-09,CS501,Caltech,Stem,4,,
140525180362704,2024-11-18,CS501,Caltech,Stem,5,20341,88.04
140525180357904,2024-09-22,CS401,Caltech,Stem,5,,
140525180369744,2024-10-20,CS401,Caltech,Stem,4,17288,58.62
140525180354960,2024-12-06,CS501,Caltech,Stem,5,20419,57.47
140525180357008,2024-09-17,CS401,Caltech,Stem,3,,
140525180368464,2024-10-19,CS501,Caltech,Stem,3,20623,97.7
140525180369488,2024-07-30,CS401,Caltech,Stem,5,15408,69.75
140525180355472,2024-10-17,CS501,Caltech,Stem,5,21065,86.68
140525180368208,2024-12-30,CS401,Caltech,Stem,,15260,93.89
140525180368080,2024-12-13,CS401,Caltech,Stem,4,16859,93.2
140525180357136,2024-10-26,CS501,Caltech,Stem,3,20549,89.54
140525180363920,2024-11-29,CS601,Caltech,Stem,5,25263,88.93
140525180362384,,CS401,Caltech,Stem,4,,
140525180369232,2024-12-24,CS501,Caltech,Stem,4,20293,52.83
140525180370896,2024-11-04,CS401,Caltech,Stem,2,15089,92.88
140525180366288,2024-12-02,CS401,Caltech,Stem,5,18210,88.11
140525180365840,2024-07-15,CS401,Caltech,Stem,4,,
140525180355152,2024-06-14,CS501,Caltech,Stem,3,21192,85.77
140525180364240,2024-04-09,CS501,Caltech,Stem,5,20436,75.81
140525180366032,2024-08-23,CS501,Caltech,Stem,4,21547,65.06
140525180356752,2024-10-04,CS501,Caltech,Stem,5,20358,72.9
140525180364624,2024-10-15,CS501,Caltech,Stem,5,,
140525180359504,2024-11-06,CS401,Caltech,Stem,5,16459,95.82
140525180368592,2024-09-12,CS401,Caltech,Stem,3,,
140525180367632,2024-12-14,CS401,Caltech,Stem,4,16561,95.86
140525180369168,2024-10-03,CS401,Caltech,Stem,3,17113,90.17
140525180366608,2024-12-27,CS401,Caltech,Stem,3,17093,73.64
140525180355088,2024-11-06,CS501,Caltech,Stem,4,22327,60.78
140525180365200,2024-10-28,CS401,Caltech,Stem,4,15589,89.63
140525180354640,2024-12-07,CS401,Caltech,Stem,2,16350,88.22
140525180365392,2024-11-18,CS401,Caltech,Stem,4,16161,94.81
140525180358992,2024-12-09,CS601,Caltech,Stem,4,25766,78.8
140525180363984,2024-09-20,CS401,Caltech,Stem,5,15670,52.69
140525180358416,2024-09-30,CS401,Caltech,Stem,4,16794,92.5
140525180361872,2024-10-18,CS401,Caltech,Stem,4,15331,66.83
140525180364432,2024-05-24,CS401,Caltech,Stem,5,,
140525180368912,2024-12-11,CS601,Caltech,Stem,4,27863,68.45
140525180361616,2024-12-18,CS501,Caltech,Stem,5,22115,98.12
140525180365904,2024-10-25,CS601,Caltech,Stem,5,25930,87.57
140525180361808,2024-09-16,CS501,Caltech,Stem,5,20039,90.18
140525180364688,2024-09-08,CS401,Caltech,Stem,3,15879,96.74
140525180359376,2024-12-08,CS501,Caltech,Stem,5,21683,82.92
140525180364368,2024-11-08,CS401,Caltech,Stem,5,16489,98.22
140525180360144,2024-03-27,CS401,Caltech,Stem,3,15177,80.32
140525180355792,2024-07-10,CS501,Caltech,Stem,4,20183,74.79
140525180362192,2024-08-03,CS401,Caltech,Stem,,15841,96.08
140525180358608,2024-12-02,CS401,Caltech,Stem,,17489,72.72
140525180360848,2024-11-11,CS501,Caltech,Stem,4,21622,81.7
140525180355920,2024-12-18,CS501,Caltech,Stem,5,,
140525180368848,2024-11-20,CS401,Caltech,Stem,4,15371,89.49
140525180367120,2024-11-14,CS401,Caltech,Stem,3,15806,88.2
140525180361232,2024-09-18,CS401,Caltech,Stem,4,17968,88.34
140525180370448,2024-10-04,CS401,Caltech,Stem,4,,
140525180356496,2024-10-30,CS501,Caltech,Stem,5,20268,72.56
140525180354704,2024-12-23,CS501,Caltech,Stem,4,20425,56.26
140525180365328,2024-09-02,CS401,Caltech,Stem,4,15121,83.6
140525180356816,2024-10-05,CS501,Caltech,Stem,4,20309,94.85
140525180355984,2024-10-20,CS401,Caltech,Stem,1,17819,95.7
140525180361936,2024-11-01,CS401,Caltech,Stem,4,17096,68.64
140525180362640,2024-11-07,CS401,Caltech,Stem,4,,
140525180356432,2024-09-12,CS401,Caltech,Stem,3,16389,96.53
140525180366672,2024-11-02,CS501,Caltech,Stem,4,20322,92.41
140525180363408,2024-09-11,CS501,Caltech,Stem,4,20786,90.26
140525180367696,2024-12-05,CS401,Caltech,Stem,4,17264,55.09
140525180359184,,CS501,Caltech,Stem,3,20045,69.65
140525180360336,2024-09-09,CS401,Caltech,Stem,4,18212,73.0
140525180364496,2024-11-29,CS501,Caltech,Stem,5,20697,88.39
140525180357200,2024-07-25,CS501,Caltech,Stem,,21547,89.48
140525180354896,2024-12-06,CS401,Caltech,Stem,3,15115,75.39
140525180366096,2024-12-21,CS401,Caltech,Stem,4,15985,96.06
140525180369872,2024-12-09,CS501,Caltech,Stem,5,20175,91.87
140525180365712,2024-11-14,CS401,Caltech,Stem,4,16256,77.83
140525180358736,2024-12-02,CS501,Caltech,Stem,5,22536,86.34
140525180356112,2024-12-26,CS501,Caltech,Stem,5,,
140525180358864,2024-08-24,CS401,Caltech,Stem,4,16508,71.71
140525180370768,2024-11-01,CS401,Caltech,Stem,4,17229,63.73
140525180368656,2024-09-21,CS501,Caltech,Stem,3,20514,97.05
140525180359952,2024-11-18,CS601,Caltech,Stem,2,26841,78.43
140525180361168,2024-04-04,CS501,Caltech,Stem,5,,
140525180362832,2024-08-31,CS401,Caltech,Stem,4,17403,69.84
140525183847504,2024-06-28,CS601,Caltech,Stem,4,26071,94.12
140525183853136,2024-11-12,CS401,Caltech,Stem,,15145,65.99
140525183846608,2024-03-30,CS601,Caltech,Stem,5,26507,83.49
140525183847440,2024-09-25,CS401,Caltech,Stem,3,15415,81.41
140525183856848,2024-03-17,LAW501,Harvard,non-Stem,2,20275,46.81
140525183849488,2024-09-08,LAW501,Harvard,non-Stem,4,21611,65.05
140525183851792,2024-12-07,LAW501,Harvard,non-Stem,4,22207,67.01
140525183849680,2024-09-09,LAW401,Harvard,non-Stem,3,15927,41.44
140525183849040,2024-12-01,LAW401,Harvard,non-Stem,4,16137,72.21
140525183856592,2024-09-02,LAW501,Harvard,non-Stem,2,,
140525183850768,2024-09-26,LAW501,Harvard,non-Stem,1,21286,54.85
140525183848976,2024-12-29,LAW501,Harvard,non-Stem,2,,
140525183848016,2024-10-16,LAW501,Harvard,non-Stem,,20505,54.49
140525183848208,2024-11-23,LAW501,Harvard,non-Stem,5,21645,40.58
140525183845456,2024-07-07,LAW601,Harvard,non-Stem,,25280,70.74
140525183849744,2024-08-11,LAW501,Harvard,non-Stem,3,20939,70.69
140525183860176,2024-08-09,LAW501,Harvard,non-Stem,3,20578,44.76
140525183854096,2024-12-07,LAW401,Harvard,non-Stem,3,15985,49.41
140525183857168,2024-12-22,LAW401,Harvard,non-Stem,,16811,65.35
140525183859152,2024-12-02,LAW501,Harvard,non-Stem,3,20147,79.16
140525183852816,2024-10-01,LAW501,Harvard,non-Stem,3,20543,51.46
140525183856272,2024-07-24,LAW501,Harvard,non-Stem,5,20649,63.72
140525183845712,2024-10-17,LAW401,Harvard,non-Stem,2,17117,43.44
140525183857808,2024-10-27,LAW401,Harvard,non-Stem,5,17009,46.12
140525183859344,2024-08-20,LAW401,Harvard,non-Stem,4,17642,54.84
140525183860496,2024-10-25,LAW501,Harvard,non-Stem,2,21473,42.96
140525183850192,2024-12-18,LAW401,Harvard,non-Stem,3,18712,43.8
140525183852496,2024-12-22,LAW501,Harvard,non-Stem,4,20794,60.95
140525183855632,2024-10-12,LAW601,Harvard,non-Stem,3,25933,59.32
140525183844816,2024-11-21,LAW501,Harvard,non-Stem,5,21006,44.73
140525183852048,2024-11-24,LAW401,Harvard,non-Stem,2,15074,59.07
140525183859472,2024-03-30,LAW501,Harvard,non-Stem,4,20871,70.16
140525183859088,2024-12-21,LAW401,Harvard,non-Stem,1,15344,47.3
140525183855824,2024-11-10,LAW401,Harvard,non-Stem,3,15548,79.3
140525183858192,2024-10-28,LAW501,Harvard,non-Stem,4,21117,73.93
140525183848912,2024-12-03,LAW401,Harvard,non-Stem,4,15595,64.66
140525183859408,2024-05-25,LAW401,Harvard,non-Stem,3,16012,57.25
140525183845136,2024-10-27,LAW401,Harvard,non-Stem,5,17313,79.01
140525183845840,2024-07-19,LAW401,Harvard,non-Stem,4,15568,48.32
140525183858960,2024-10-24,LAW401,Harvard,non-Stem,2,15557,54.8
140525183848464,2024-08-07,LAW501,Harvard,non-Stem,3,22577,68.89
140525183847632,2024-08-01,LAW401,Harvard,non-Stem,4,15695,40.81
140525183846224,2024-05-21,LAW401,Harvard,non-Stem,4,15329,66.74
140525183854032,2024-09-08,LAW401,Harvard,non-Stem,4,15955,40.41
140525183855376,2024-12-09,LAW501,Harvard,non-Stem,4,20016,60.88
140525183849296,2024-06-09,LAW401,Harvard,non-Stem,3,15027,41.71
140525183851216,2024-12-22,LAW501,Harvard,non-Stem,1,20223,65.91
140525183856912,2024-08-02,LAW501,Harvard,non-Stem,3,20797,55.98
140525183853072,2024-07-20,LAW401,Harvard,non-Stem,2,17191,45.86
140525183853520,2024-10-14,LAW501,Harvard,non-Stem,3,21046,44.3
140525183853648,2024-12-02,LAW501,Harvard,non-Stem,2,22620,44.13
140525183851600,2024-07-31,LAW501,Harvard,non-Stem,,20886,74.37
140525183851728,2024-08-23,LAW501,Harvard,non-Stem,3,22428,53.56
140525183846160,2024-08-06,LAW501,Harvard,non-Stem,4,21498,43.53
140525183858576,2024-12-18,LAW501,Harvard,non-Stem,2,22080,42.64
140525183858384,2024-10-22,LAW401,Harvard,non-Stem,5,17868,46.69
140525183852240,2024-12-14,LAW501,Harvard,non-Stem,2,20394,56.83
140525183851856,2024-07-14,LAW401,Harvard,non-Stem,4,16042,40.14
140525183855056,2024-12-31,LAW401,Harvard,non-Stem,3,15405,42.64
140525183855568,2024-12-06,LAW401,Harvard,non-Stem,5,15337,63.49
140525183845072,2024-08-14,LAW501,Harvard,non-Stem,4,20328,44.16
140525183857872,2024-10-04,LAW401,Harvard,non-Stem,4,17413,58.09
140525183860112,2024-11-28,LAW401,Harvard,non-Stem,4,15076,47.18
140525183856080,2024-05-06,LAW401,Harvard,non-Stem,2,16732,49.2
140525183853840,2024-10-19,LAW401,Harvard,non-Stem,5,15294,48.21
140525183859984,2024-09-04,LAW401,Harvard,non-Stem,3,15419,66.34
140525183859920,2024-05-14,LAW401,Harvard,non-Stem,3,15745,51.29
140525183857040,2024-08-19,LAW401,Harvard,non-Stem,3,15207,59.56
140525183846480,2024-05-14,LAW401,Harvard,non-Stem,3,18495,70.52
140525183846864,2024-06-30,LAW401,Harvard,non-Stem,4,17090,57.7
140525183846928,2024-12-27,LAW501,Harvard,non-Stem,,20901,47.7
140525183860624,2024-03-11,LAW501,Harvard,non-Stem,,21702,51.85
140525183848144,2024-12-12,LAW501,Harvard,non-Stem,3,20395,82.16
140525183845200,2024-07-23,LAW501,Harvard,non-Stem,4,20707,59.72
140525183847376,2024-12-22,LAW401,Harvard,non-Stem,4,15373,55.61
140525183850064,2024-08-14,LAW501,Harvard,non-Stem,3,23478,48.82
140525183854480,2024-08-16,LAW401,Harvard,non-Stem,2,15409,55.65
140525183851024,2024-10-07,LAW501,Harvard,non-Stem,2,23755,47.8
140525183853264,2024-10-28,LAW501,Harvard,non-Stem,3,20224,48.49
140525183855312,2024-11-20,LAW401,Harvard,non-Stem,4,16828,41.18
140525183845328,2024-11-30,LAW501,Harvard,non-Stem,4,20472,63.04
140525183852368,2024-12-28,LAW501,Harvard,non-Stem,4,23261,51.03
140525183848656,2024-09-21,LAW501,Harvard,non-Stem,2,23524,41.76
140525183857552,2024-11-24,LAW401,Harvard,non-Stem,,15326,53.56
140525183851280,2024-10-05,LAW501,Harvard,non-Stem,2,20999,51.43
140525183846992,2024-12-01,LAW401,Harvard,non-Stem,1,15272,44.17
140525134984592,2024-12-13,LAW501,Harvard,non-Stem,4,20931,58.49
140525134975952,2024-12-06,LAW401,Harvard,non-Stem,1,16104,62.1
140525134987152,2024-12-27,LAW501,Harvard,non-Stem,3,21454,85.38
140525134972880,2024-12-26,LAW401,Harvard,non-Stem,4,15472,46.42
140525134986640,2024-03-31,LAW501,Harvard,non-Stem,4,,
140525134973392,2024-10-07,LAW501,Harvard,non-Stem,,22130,63.15
140525134978704,2024-11-14,LAW401,Harvard,non-Stem,4,15330,59.3
140525134985616,2024-10-03,LAW501,Harvard,non-Stem,5,22775,41.75
140525134978448,2024-12-13,LAW401,Harvard,non-Stem,5,16438,50.18
140525134983824,2024-04-10,LAW501,Harvard,non-Stem,2,20288,49.81
140525134981200,2024-09-11,LAW401,Harvard,non-Stem,4,17382,62.25
140525134986896,2024-09-06,LAW501,Harvard,non-Stem,3,22338,54.65
140525134977936,2024-02-22,LAW401,Harvard,non-Stem,3,,
140525134975440,2024-09-18,LAW501,Harvard,non-Stem,4,,
140525134979920,,LAW501,Harvard,non-Stem,2,22341,47.92
140525134975184,2024-07-11,LAW501,Harvard,non-Stem,2,20977,70.53
140525134977232,2024-10-28,LAW401,Harvard,non-Stem,3,17230,70.26
140525134973136,2024-11-10,LAW401,Harvard,non-Stem,2,17304,41.13
140525134972624,2024-08-11,LAW501,Harvard,non-Stem,4,20461,55.76
140525134980944,2024-12-25,LAW401,Harvard,non-Stem,4,15340,52.19
140525134976464,2024-08-31,LAW401,Harvard,non-Stem,1,,
140525134973904,2024-08-23,LAW501,Harvard,non-Stem,2,21592,46.02
140525134981456,2024-12-06,LAW501,Harvard,non-Stem,,21547,54.05
140525134975696,2024-05-21,LAW401,Harvard,non-Stem,2,15350,55.05
140525134986128,2024-12-28,LAW501,Harvard,non-Stem,2,21076,62.89
140525134984080,2024-11-05,LAW501,Harvard,non-Stem,,20791,61.42
140525134983312,2024-09-13,LAW401,Harvard,non-Stem,4,15802,69.42
140525134982416,2024-12-03,LAW601,Harvard,non-Stem,4,25851,43.54
140525134972112,2024-11-25,LAW501,Harvard,non-Stem,2,23062,41.84
140525134982864,2024-07-02,LAW501,Harvard,non-Stem,2,20220,43.71
140525134977424,2024-11-20,LAW401,Harvard,non-Stem,4,15275,52.48
140525134984336,2024-09-03,LAW401,Harvard,non-Stem,2,15140,78.19
140525134971600,2024-11-04,LAW501,Harvard,non-Stem,1,21210,75.84
140525134976976,2024-06-07,LAW401,Harvard,non-Stem,3,15150,40.49
140525137297360,2024-04-14,LAW401,Harvard,non-Stem,3,,
140525137286352,2024-12-16,LAW401,Harvard,non-Stem,5,17484,62.03
140525137295056,2024-09-03,LAW501,Harvard,non-Stem,3,22049,54.69
140525137291280,2024-05-27,LAW401,Harvard,non-Stem,2,15694,42.74
140525137288144,2024-06-06,LAW401,Harvard,non-Stem,,15485,44.45
140525137293008,2024-05-07,LAW401,Harvard,non-Stem,4,15910,82.48
140525137287632,2024-05-17,LAW501,Harvard,non-Stem,4,21090,40.27
140525137286608,2024-12-13,LAW401,Harvard,non-Stem,,15734,61.63
140525137286096,2024-11-19,LAW401,Harvard,non-Stem,2,15374,43.55
140525137296848,2024-08-09,LAW401,Harvard,non-Stem,2,15999,58.92
140525137287888,2024-05-18,LAW501,Harvard,non-Stem,2,20149,62.42
140525137295824,2024-09-06,LAW501,Harvard,non-Stem,2,21162,64.15
140525137292240,2024-08-10,LAW501,Harvard,non-Stem,3,20649,41.73
140525137288912,2024-08-08,LAW401,Harvard,non-Stem,3,16220,78.68
140525137285840,2024-11-29,LAW401,Harvard,non-Stem,3,15370,42.37
140525137291088,2024-10-28,LAW401,Harvard,non-Stem,4,17647,70.74
140525137290384,2024-05-30,LAW401,Harvard,non-Stem,5,15333,69.57
140525137290640,2024-11-08,LAW401,Harvard,non-Stem,3,17288,59.63
140525137294032,2024-08-25,LAW501,Harvard,non-Stem,4,20754,47.75
140525137291536,2024-08-22,LAW401,Harvard,non-Stem,4,15381,69.01
140525137294288,2024-11-02,LAW401,Harvard,non-Stem,4,15455,51.81
140525137290128,2024-11-30,LAW401,Harvard,non-Stem,3,15831,54.65
140525137290896,2024-10-31,LAW501,Harvard,non-Stem,3,21665,58.24
140525137281488,2024-06-03,LAW401,Harvard,non-Stem,4,15198,43.81
140525137294544,2024-08-03,LAW401,Harvard,non-Stem,2,15161,66.16
140525137297104,2024-12-08,LAW401,Harvard,non-Stem,2,15291,63.94
140525137287120,2024-08-16,LAW401,Harvard,non-Stem,3,16006,51.68
140525137285584,2024-10-04,LAW501,Harvard,non-Stem,4,22036,48.79
140525137287376,2024-12-14,LAW401,Harvard,non-Stem,2,17612,52.14
140525137282000,2024-08-27,LAW401,Harvard,non-Stem,4,15673,56.19
140525137289168,2024-12-11,LAW501,Harvard,non-Stem,1,22227,41.93
140525137282256,2024-08-31,LAW401,Harvard,non-Stem,2,16405,78.07
140525138801040,2024-09-26,LAW501,Harvard,non-Stem,2,22554,55.58
140525138793424,2024-11-22,LAW401,Harvard,non-Stem,2,15037,58.03
140525138788816,2024-10-13,LAW401,Harvard,non-Stem,2,15972,43.62
140525138802320,2024-09-22,LAW501,Harvard,non-Stem,2,20789,64.03
140525138791888,2024-11-11,LAW601,Harvard,non-Stem,4,27598,53.14
140525138788560,2024-09-20,LAW501,Harvard,non-Stem,4,22447,48.01
140525138790096,,LAW501,Harvard,non-Stem,5,21731,64.48
140525138790608,2024-12-21,LAW501,Harvard,non-Stem,4,24250,48.11
140525138791120,2024-10-04,LAW401,Harvard,non-Stem,3,15126,58.45
140525138793168,2024-11-05,LAW401,Harvard,non-Stem,4,15912,45.45
140525138797776,2024-09-04,LAW501,Harvard,non-Stem,4,21021,57.24
140525138799248,2024-06-09,LAW501,Harvard,non-Stem,2,20147,44.18
140525138798736,2024-10-30,LAW501,Harvard,non-Stem,5,20884,53.0
140525138791632,2024-10-18,LAW501,Harvard,non-Stem,1,21068,64.91
140525138789072,2024-07-12,LAW401,Harvard,non-Stem,2,15743,50.11
140525138792144,2024-12-29,LAW501,Harvard,non-Stem,3,20273,59.51
140525138800272,2024-12-27,LAW401,Harvard,non-Stem,4,15965,85.95
140525138796240,2024-10-19,LAW601,Harvard,non-Stem,4,25407,64.99
140525138799504,2024-12-11,LAW501,Harvard,non-Stem,3,22311,43.94
140525138794448,2024-12-18,LAW601,Harvard,non-Stem,3,25879,44.61
140525138790352,,LAW401,Harvard,non-Stem,5,16749,52.2
140525138798480,2024-09-07,LAW401,Harvard,non-Stem,3,16113,55.83
140525138802064,2024-11-13,LAW401,Harvard,non-Stem,3,16143,67.97
140525138789328,2024-11-11,LAW401,Harvard,non-Stem,2,18315,57.15
140525138804112,2024-09-11,LAW501,Harvard,non-Stem,3,20189,40.81
140525138792400,2024-05-16,LAW401,Harvard,non-Stem,4,17242,48.19
140525138797008,2024-12-22,LAW401,Harvard,non-Stem,3,18114,40.51
140525138802576,2024-12-24,LAW501,Harvard,non-Stem,4,20761,79.99
140525138797264,2024-09-25,LAW601,Harvard,non-Stem,4,27792,47.18
140525138801808,2024-08-12,LAW501,Harvard,non-Stem,1,20118,51.9
140525138796496,2024-11-16,LAW501,Harvard,non-Stem,3,,
140525138797520,2024-12-25,LAW401,Harvard,non-Stem,4,17517,48.97
140525138804624,2024-09-30,LAW501,Harvard,non-Stem,4,20181,49.84
140525138551696,2024-12-25,LAW401,Harvard,non-Stem,2,15899,44.03
140525138552656,2024-08-21,LAW501,Harvard,non-Stem,3,22555,43.22
140525138547088,2024-10-27,LAW401,Harvard,non-Stem,,16200,55.33
140525138542736,2024-10-17,LAW401,Harvard,non-Stem,,15164,42.55
140525138555920,2024-06-03,LAW501,Harvard,non-Stem,1,20542,51.35
140525138545552,2024-10-16,LAW501,Harvard,non-Stem,3,20427,50.08
140525138553936,2024-08-01,LAW401,Harvard,non-Stem,5,15049,43.76
140525138544016,,LAW401,Harvard,non-Stem,2,17677,46.11
140525138542992,2024-09-09,LAW501,Harvard,non-Stem,2,21188,79.73
140525138549648,2024-11-12,LAW401,Harvard,non-Stem,3,15066,54.93
140525138557648,2024-10-11,LAW401,Harvard,non-Stem,2,17572,44.63
140525138547856,2024-10-25,LAW501,Harvard,non-Stem,5,20257,59.42
140525138554448,2024-12-08,LAW401,Harvard,non-Stem,1,17513,68.79
140525138543760,2024-09-02,LAW401,Harvard,non-Stem,3,15215,46.47
140525138552912,2024-11-24,LAW501,Harvard,non-Stem,4,,
140525138548368,2024-10-13,LAW401,Harvard,non-Stem,,17696,45.22
140525138549392,2024-12-01,LAW401,Harvard,non-Stem,4,15848,62.24
140525138544272,2024-11-15,LAW501,Harvard,non-Stem,2,21064,55.24
140525138553680,2024-12-11,LAW401,Harvard,non-Stem,3,15614,86.95
140525138548624,2024-11-15,LAW401,Harvard,non-Stem,1,16607,42.21
140525138554960,2024-10-13,LAW401,Harvard,non-Stem,2,15229,40.21
140525138555152,2024-08-16,LAW401,Harvard,non-Stem,4,16426,41.08
140525138547344,2024-12-04,LAW501,Harvard,non-Stem,3,20369,44.37
140525138552400,2024-09-04,LAW601,Harvard,non-Stem,1,27027,51.07
140525138545296,2024-12-09,LAW401,Harvard,non-Stem,2,,
140525138557456,2024-08-21,LAW501,Harvard,non-Stem,2,,
140525138551440,2024-11-07,LAW501,Harvard,non-Stem,1,22981,66.42
140525138546064,2024-11-11,LAW501,Harvard,non-Stem,2,20294,58.8
140525138555664,2024-10-05,LAW501,Harvard,non-Stem,,20267,86.76
140525138543248,2024-12-15,LAW501,Harvard,non-Stem,3,20857,52.13
140525138557904,2024-12-10,LAW401,Harvard,non-Stem,3,15311,64.32
140525138545808,2024-10-04,LAW501,Harvard,non-Stem,5,22777,43.83
140525138552144,2024-08-10,LAW401,Harvard,non-Stem,3,18174,68.1
140525138554192,2024-11-04,LAW601,Harvard,non-Stem,3,25026,62.89
140525221766352,2024-09-26,LAW501,Harvard,non-Stem,4,21554,41.84
140525185529872,2024-06-25,LAW501,Harvard,non-Stem,3,20918,43.01
140525185530832,2024-12-11,LAW501,Harvard,non-Stem,4,22161,71.3
140525185526352,2024-07-13,LAW401,Harvard,non-Stem,4,15433,43.58
140525185518864,2024-09-05,LAW401,Harvard,non-Stem,3,18792,73.01
140525185520976,2024-08-20,LAW401,Harvard,non-Stem,1,15995,49.66
140525185519440,2024-12-04,LAW401,Harvard,non-Stem,4,15572,42.83
140525185522832,2024-12-17,LAW501,Harvard,non-Stem,3,20258,42.56
140525185530384,2024-10-30,LAW501,Harvard,non-Stem,4,21518,51.09
140525185527312,2024-09-22,LAW501,Harvard,non-Stem,1,20316,43.8
140525185515600,2024-07-21,LAW601,Harvard,non-Stem,3,,
140525185525840,2024-10-01,LAW501,Harvard,non-Stem,3,22973,55.35
140525185525520,2024-11-17,LAW401,Harvard,non-Stem,,16057,48.98
140525185527952,2024-05-01,LAW501,Harvard,non-Stem,4,20760,41.13
140525185530640,2024-08-19,LAW401,Harvard,non-Stem,4,15632,69.07
140525185526288,2024-08-07,LAW401,Harvard,non-Stem,1,15154,60.31
140525185519824,,LAW401,Harvard,non-Stem,4,15228,62.7
140525185531856,2024-12-13,LAW401,Harvard,non-Stem,1,15847,57.96
140525185521232,2024-09-24,LAW501,Harvard,non-Stem,2,21611,57.67
140525185522768,2024-07-05,LAW601,Harvard,non-Stem,3,27064,88.62
140525185525584,2024-10-31,LAW501,Harvard,non-Stem,3,,
140525185524816,2024-10-21,LAW501,Harvard,non-Stem,4,21971,56.32
140525185529616,2024-08-19,LAW401,Harvard,non-Stem,1,17621,53.47
140525185522640,2024-10-26,LAW401,Harvard,non-Stem,5,17788,62.23
140525185527632,2024-08-12,LAW501,Harvard,non-Stem,2,21034,52.71
140525185526480,2024-07-09,LAW401,Harvard,non-Stem,1,15754,50.99
140525185528272,2024-10-14,LAW501,Harvard,non-Stem,,20520,44.51
140525185524048,2024-11-15,LAW401,Harvard,non-Stem,3,15148,75.11
140525185517520,2024-10-12,LAW501,Harvard,non-Stem,2,20414,40.71
140525185519312,2024-12-06,LAW501,Harvard,non-Stem,2,20412,61.1
140525185531088,2024-11-23,LAW401,Harvard,non-Stem,2,16035,41.89
140525185527504,2024-11-21,LAW501,Harvard,non-Stem,4,21499,43.4
140525185519248,2024-11-06,LAW601,Harvard,non-Stem,3,26919,79.25
140525185520720,2024-10-01,LAW401,Harvard,non-Stem,3,18839,48.42
140525185522960,2024-10-30,LAW401,Harvard,non-Stem,4,17750,52.12
140525185520400,2024-12-22,LAW601,Harvard,non-Stem,3,25698,55.97
140525185529232,2024-10-02,LAW401,Harvard,non-Stem,2,16409,56.47
140525185530576,2024-10-28,LAW401,Harvard,non-Stem,2,15921,45.77
140525185531344,2024-05-19,LAW401,Harvard,non-Stem,1,15089,45.2
140525185518352,2024-12-15,LAW401,Harvard,non-Stem,1,15007,43.17
140525185522384,2024-07-03,LAW401,Harvard,non-Stem,4,15653,65.69
140525185529040,2024-09-29,LAW401,Harvard,non-Stem,4,16350,40.31
140525185521424,2024-11-24,LAW401,Harvard,non-Stem,3,18847,49.22
140525185518288,2024-10-26,LAW501,Harvard,non-Stem,4,20254,57.35
140525185519056,2024-06-01,LAW401,Harvard,non-Stem,3,15778,49.08
140525185520336,2024-10-17,LAW501,Harvard,non-Stem,4,,
140525185523664,2024-11-02,LAW401,Harvard,non-Stem,2,17106,52.85
140525185525456,2024-06-23,LAW501,Harvard,non-Stem,4,20449,63.1
140525185517072,2024-11-19,LAW401,Harvard,non-Stem,2,16900,44.04
140525185531536,2024-07-13,LAW501,Harvard,non-Stem,4,21343,55.3
140525185517264,2024-04-20,LAW401,Harvard,non-Stem,3,16941,41.03
140525185522192,2024-06-12,LAW401,Harvard,non-Stem,3,15408,46.64
140525185520144,2024-09-19,LAW501,Harvard,non-Stem,2,22327,64.11
140525185518544,2024-09-01,LAW501,Harvard,non-Stem,4,23516,47.81
140525185521488,,LAW501,Harvard,non-Stem,2,20278,77.01
140525185524176,2024-12-26,LAW401,Harvard,non-Stem,2,17016,47.82
140525185523984,2024-10-17,LAW601,Harvard,non-Stem,2,,
140525185531664,2024-10-12,LAW401,Harvard,non-Stem,3,,
140525185518928,2024-12-25,LAW501,Harvard,non-Stem,2,23397,55.46
140525185529296,2024-10-28,LAW501,Harvard,non-Stem,3,20736,51.73
140525185525008,2024-11-13,LAW401,Harvard,non-Stem,3,16658,94.11
140525185521168,2024-11-19,LAW501,Harvard,non-Stem,3,20453,67.43
140525185528016,2024-06-18,LAW501,Harvard,non-Stem,4,21582,46.95
140525185522000,2024-09-26,LAW501,Harvard,non-Stem,4,21092,77.92
140525185520080,2024-09-04,LAW501,Harvard,non-Stem,1,20972,48.82
140525185520848,2024-10-14,LAW501,Harvard,non-Stem,2,15000,43.8
140525185529808,2024-11-27,LAW401,Harvard,non-Stem,2,15361,71.36
140525185528208,2024-12-05,LAW401,Harvard,non-Stem,3,16807,44.24
140525185519376,2024-10-24,LAW401,Harvard,non-Stem,2,16162,66.32
140525185527568,2024-08-23,LAW501,Harvard,non-Stem,5,20932,50.78
140525185522064,2024-09-09,LAW501,Harvard,non-Stem,5,22900,40.75
140525185527248,2024-07-07,LAW501,Harvard,non-Stem,5,22900,66.39
140525185520592,2024-09-12,LAW601,Harvard,non-Stem,3,26468,73.87
140525185516304,2024-07-13,LAW401,Harvard,non-Stem,3,15276,40.4
140525185523280,2024-11-12,LAW401,Harvard,non-Stem,5,16450,46.74
140525185529488,2024-10-17,LAW401,Harvard,non-Stem,5,16321,71.14
140525962832656,2024-12-20,LAW401,Harvard,non-Stem,2,,
140525962837392,2024-04-23,LAW601,Harvard,non-Stem,3,26559,54.7
140525962837264,2024-08-24,LAW501,Harvard,non-Stem,3,20257,41.88
140525962826000,2024-07-14,LAW501,Harvard,non-Stem,4,21159,49.13
140525962835920,2024-12-29,LAW501,Harvard,non-Stem,3,20106,45.01
140525962822864,2024-11-29,LAW501,Harvard,non-Stem,3,20500,71.55
140525962824848,2024-12-05,LAW501,Harvard,non-Stem,5,21064,52.72
140525962821712,2024-12-06,LAW501,Harvard,non-Stem,3,20565,43.18
140525962836496,2024-12-22,LAW501,Harvard,non-Stem,2,21007,49.11
140525962822096,2024-09-03,LAW401,Harvard,non-Stem,3,15759,53.95
140525962831504,2024-12-14,LAW501,Harvard,non-Stem,2,,
140525962826192,2024-09-09,LAW401,Harvard,non-Stem,4,15831,52.71
140525962830480,2024-12-25,LAW501,Harvard,non-Stem,2,22018,46.54
140525962826448,2024-12-11,LAW501,Harvard,non-Stem,2,21955,43.92
140525962822736,2024-05-25,LAW401,Harvard,non-Stem,2,17346,53.87
140525962825040,2024-11-01,LAW401,Harvard,non-Stem,5,15306,43.16
140525962823248,,LAW501,Harvard,non-Stem,3,21177,59.88
140525962835088,2024-12-31,LAW401,Harvard,non-Stem,1,16671,62.58
140525962833936,2024-07-23,LAW501,Harvard,non-Stem,2,21282,42.44
140525962833104,2024-09-12,LAW501,Harvard,non-Stem,4,23318,63.68
140525962825808,2024-09-20,LAW401,Harvard,non-Stem,1,15621,85.08
140525962829136,2024-12-15,LAW501,Harvard,non-Stem,2,22362,45.63
140525962827280,2024-12-09,LAW501,Harvard,non-Stem,2,22611,50.32
140525962835024,2024-10-26,LAW501,Harvard,non-Stem,1,21617,72.34
140525962836368,2024-12-15,LAW401,Harvard,non-Stem,2,18227,41.55
140525962834576,2024-11-26,LAW501,Harvard,non-Stem,4,20437,47.06
140525962829776,2024-10-06,LAW501,Harvard,non-Stem,2,21763,50.87
140525962834064,2024-11-15,LAW601,Harvard,non-Stem,2,25271,44.62
140525962822224,2024-12-26,LAW501,Harvard,non-Stem,2,22658,54.11
140525962829456,2024-10-17,LAW501,Harvard,non-Stem,1,20498,81.15
140525962835856,2024-11-09,LAW501,Harvard,non-Stem,3,20795,57.01
140525962832912,2024-11-23,LAW501,Harvard,non-Stem,5,22774,53.82
140525962824336,2024-08-10,LAW401,Harvard,non-Stem,3,16325,60.16
140525962829648,2024-09-15,LAW401,Harvard,non-Stem,3,,
140525962828368,2024-12-10,LAW401,Harvard,non-Stem,5,15803,47.6
140525962824016,2024-09-09,LAW501,Harvard,non-Stem,5,20300,53.55
140525962829392,2024-09-10,LAW501,Harvard,non-Stem,3,20481,52.62
140525962832400,2024-11-14,LAW401,Harvard,non-Stem,3,15692,77.14
140525962831184,2024-12-26,LAW501,Harvard,non-Stem,2,20550,46.67
140525962831760,2024-12-28,LAW501,Harvard,non-Stem,3,20791,53.24
140525962830992,2024-05-29,LAW401,Harvard,non-Stem,4,15714,59.01
140525962826640,2024-10-26,LAW501,Harvard,non-Stem,2,20281,52.65
140525962828944,2024-12-31,LAW401,Harvard,non-Stem,3,17318,60.08
140525962822160,2024-07-13,LAW401,Harvard,non-Stem,4,16906,43.2
140525962836752,2024-09-19,LAW401,Harvard,non-Stem,3,15090,43.59
140525962830544,2024-07-23,LAW401,Harvard,non-Stem,,15855,49.1
140525962827536,2024-09-06,LAW501,Harvard,non-Stem,4,20333,66.85
140525962834320,2024-07-04,LAW401,Harvard,non-Stem,3,15074,43.22
140525962828048,,LAW501,Harvard,non-Stem,1,20251,71.61
140525962824976,2024-11-13,LAW501,Harvard,non-Stem,3,21108,53.54
140525962826384,2024-08-11,LAW501,Harvard,non-Stem,3,20226,40.07
140525962831824,2024-11-16,LAW401,Harvard,non-Stem,2,17363,59.58
140525962836880,2024-12-24,LAW401,Harvard,non-Stem,3,15244,53.35
140525962827664,2024-07-08,LAW501,Harvard,non-Stem,4,20429,45.97
140525962823952,2024-11-11,LAW401,Harvard,non-Stem,3,15957,42.56
140525962824400,2024-08-25,LAW501,Harvard,non-Stem,5,21371,45.97
140525962823696,2024-05-16,LAW501,Harvard,non-Stem,4,22011,65.08
140525962826128,2024-11-11,LAW401,Harvard,non-Stem,3,16608,61.0
140525962826832,2024-11-13,LAW401,Harvard,non-Stem,,15055,48.75
140525962825616,2024-08-25,LAW401,Harvard,non-Stem,1,15558,42.64
140525962836048,,LAW501,Harvard,non-Stem,4,21039,48.91
140525962823824,2024-07-29,LAW401,Harvard,non-Stem,3,17169,49.3
140525962822544,2024-12-19,LAW401,Harvard,non-Stem,2,16463,55.65
140525962824528,2024-08-10,LAW401,Harvard,non-Stem,3,15002,60.35
140525962829200,2024-11-03,LAW501,Harvard,non-Stem,3,20919,57.0
140525962825936,2024-12-05,LAW401,Harvard,non-Stem,1,15964,67.73
140525962830096,2024-07-05,LAW501,Harvard,non-Stem,4,23594,87.46
140525962827408,2024-11-05,LAW501,Harvard,non-Stem,1,20040,51.03
140525962828112,2024-10-25,LAW501,Harvard,non-Stem,3,20199,69.57
140525962836816,2024-10-10,LAW501,Harvard,non-Stem,3,21052,53.18
140525962832208,,LAW401,Harvard,non-Stem,2,15600,40.08
140525962828816,2024-10-12,LAW501,Harvard,non-Stem,5,22161,77.75
140525962830608,2024-12-14,LAW401,Harvard,non-Stem,2,16517,58.95
140525962829584,2024-10-17,LAW501,Harvard,non-Stem,5,21045,83.17
140525962836112,2024-08-31,LAW501,Harvard,non-Stem,1,20164,53.4
140525962825680,2024-12-16,LAW401,Harvard,non-Stem,2,16832,41.62
140525962836624,2024-09-05,LAW401,Harvard,non-Stem,5,17247,42.91
140525962824464,2024-12-01,LAW401,Harvard,non-Stem,2,17445,56.86
140525962833360,2024-09-07,LAW401,Harvard,non-Stem,4,16734,48.22
140525962822480,2024-12-22,LAW401,Harvard,non-Stem,3,16457,62.48
140525962837136,2024-12-06,LAW601,Harvard,non-Stem,2,25205,59.77
140525962823632,2024-12-19,LAW501,Harvard,non-Stem,2,21528,52.1
140525962827472,2024-12-07,LAW501,Harvard,non-Stem,3,20096,46.12
140525962834704,2024-08-25,LAW401,Harvard,non-Stem,4,15607,61.9
140525962825424,2024-12-31,LAW401,Harvard,non-Stem,5,16187,42.61
140525962834000,2024-10-30,LAW501,Harvard,non-Stem,3,20820,52.74
140525962835536,2024-07-31,LAW401,Harvard,non-Stem,1,15485,41.11
140525182653456,2024-12-27,LAW501,Harvard,non-Stem,2,20729,69.25
140525182655952,2024-08-14,LAW401,Harvard,non-Stem,3,15156,58.98
140525182652752,2024-11-21,LAW401,Harvard,non-Stem,2,15616,40.72
140525182649744,2024-12-15,LAW501,Harvard,non-Stem,2,23209,41.61
140525182657552,2024-11-17,LAW401,Harvard,non-Stem,5,,
140525182658832,2024-11-02,LAW401,Harvard,non-Stem,3,15252,46.72
140525182658128,2024-07-31,LAW401,Harvard,non-Stem,5,15238,42.15
140525182654800,2024-11-01,LAW601,Harvard,non-Stem,3,25868,82.79
140525182663440,2024-06-18,LAW401,Harvard,non-Stem,3,15180,62.83
140525182660496,2024-08-14,LAW501,Harvard,non-Stem,3,21650,47.57
140525182650320,2024-12-18,LAW501,Harvard,non-Stem,3,21313,46.6
140525182660304,2024-07-05,LAW501,Harvard,non-Stem,2,20345,40.92
140525182652368,2024-12-29,LAW401,Harvard,non-Stem,3,16564,49.85
140525182648400,2024-12-18,LAW401,Harvard,non-Stem,3,16302,47.13
140525182650896,2024-11-28,LAW401,Harvard,non-Stem,3,16839,52.22
140525182658192,2024-11-03,LAW601,Harvard,non-Stem,4,26033,49.63
140525182663184,2024-10-30,LAW401,Harvard,non-Stem,,,
140525182652688,2024-10-17,LAW501,Harvard,non-Stem,4,,
140525182660752,2024-06-18,LAW401,Harvard,non-Stem,4,16897,41.74
140525182651536,2024-10-30,LAW401,Harvard,non-Stem,5,15973,46.46
140525182658512,2024-11-10,LAW401,Harvard,non-Stem,2,17124,50.76
140525182654160,2024-10-15,LAW401,Harvard,non-Stem,4,17784,42.7
140525182649168,2024-12-24,LAW501,Harvard,non-Stem,1,21449,45.77
140525182659216,2024-12-21,LAW401,Harvard,non-Stem,2,15185,49.23
140525182659152,2024-11-06,LAW401,Harvard,non-Stem,3,15571,73.11
140525182652880,2024-11-29,LAW501,Harvard,non-Stem,3,20602,56.93
140525182658256,2024-11-30,LAW401,Harvard,non-Stem,2,,
140525182655056,2024-10-05,LAW501,Harvard,non-Stem,,20511,67.52
140525182651152,2024-10-04,LAW401,Harvard,non-Stem,2,15341,43.65
140525182649104,2024-08-02,LAW501,Harvard,non-Stem,4,21484,53.03
140525182660176,2024-09-09,LAW401,Harvard,non-Stem,4,,
140525182661264,2024-02-26,LAW401,Harvard,non-Stem,5,,
140525182655632,2024-08-22,LAW401,Harvard,non-Stem,2,15268,46.82
140525182649680,2024-12-13,LAW501,Harvard,non-Stem,3,22236,42.1
140525182659920,2024-11-21,LAW401,Harvard,non-Stem,2,15284,49.19
140525182650832,2024-07-27,LAW501,Harvard,non-Stem,2,22682,58.63
140525182655440,2024-11-22,LAW401,Harvard,non-Stem,1,16305,57.15
140525182652496,2024-11-16,LAW401,Harvard,non-Stem,3,,
140525182663056,2024-04-24,LAW401,Harvard,non-Stem,3,16378,44.49
140525182648720,2024-08-10,LAW401,Harvard,non-Stem,3,15655,40.74
140525182661072,,LAW401,Harvard,non-Stem,4,15275,42.72
140525182649296,2024-12-25,LAW501,Harvard,non-Stem,2,23635,71.26
140525182659472,2024-11-18,LAW401,Harvard,non-Stem,2,15156,47.38
140525182651856,2024-11-25,LAW501,Harvard,non-Stem,2,21188,64.65
140525182650576,2024-12-28,LAW401,Harvard,non-Stem,4,15139,47.62
140525182650704,2024-12-24,LAW501,Harvard,non-Stem,4,21703,50.79
140525182661456,2024-11-20,LAW501,Harvard,non-Stem,2,22803,42.02
140525182649232,2024-04-04,LAW501,Harvard,non-Stem,2,20497,99
140525182664528,2024-11-29,LAW501,Harvard,non-Stem,4,21827,56.11
140525182662416,2024-10-16,LAW401,Harvard,non-Stem,2,15295,70.45
140525182651600,2024-08-21,LAW401,Harvard,non-Stem,3,16879,70.14
140525182662544,2024-10-16,LAW501,Harvard,non-Stem,3,20146,51.45
140525182653584,2024-03-14,LAW501,Harvard,non-Stem,2,21113,41.26
140525182658000,2024-10-03,LAW401,Harvard,non-Stem,1,15042,55.64
140525182656784,,LAW501,Harvard,non-Stem,1,20980,66.49
140525182660368,2024-10-24,LAW401,Harvard,non-Stem,3,16439,52.4
140525182652816,2024-09-26,LAW401,Harvard,non-Stem,2,15640,42.82
140525182663824,2024-09-10,LAW501,Harvard,non-Stem,3,21136,72.55
140525182661392,2024-12-17,LAW401,Harvard,non-Stem,3,15735,65.14
140525182658576,2024-07-28,LAW401,Harvard,non-Stem,3,16878,53.29
140525182657616,2024-09-01,LAW401,Harvard,non-Stem,4,17461,48.43
140525182662928,2024-09-10,LAW501,Harvard,non-Stem,3,21314,46.39
140525182649616,2024-10-14,LAW501,Harvard,non-Stem,2,22842,47.34
140525182658448,2024-09-06,LAW401,Harvard,non-Stem,3,17483,50.3
140525182650128,2024-06-27,LAW401,Harvard,non-Stem,4,16275,56.98
140525182650064,2024-11-15,LAW401,Harvard,non-Stem,5,17694,56.32
140525182660624,2024-04-20,LAW501,Harvard,non-Stem,4,21071,43.86
140525182654736,2024-08-17,LAW401,Harvard,non-Stem,,16127,56.57
140525182657808,2024-05-24,LAW501,Harvard,non-Stem,3,21073,59.68
140525182649360,,LAW401,Harvard,non-Stem,3,15251,45.64
140525182656080,2024-11-05,LAW501,Harvard,non-Stem,2,23105,47.5
140525182658768,,LAW501,Harvard,non-Stem,3,20278,55.87
140525182662288,,LAW401,Harvard,non-Stem,4,15509,47.2
140525182651792,2024-10-30,LAW501,Harvard,non-Stem,3,20974,48.28
140525182656272,2024-12-09,LAW501,Harvard,non-Stem,,22708,51.1
140525182658896,2024-12-25,LAW501,Harvard,non-Stem,3,20962,42.52
140525182664272,2024-12-28,LAW401,Harvard,non-Stem,3,16233,52.76
140525182655824,2024-10-11,LAW501,Harvard,non-Stem,4,,
140525182650640,,LAW401,Harvard,non-Stem,3,17410,40.9
140525182659536,2024-07-21,LAW501,Harvard,non-Stem,2,21874,51.8
140525182653968,2024-09-04,LAW501,Harvard,non-Stem,,20303,46.05
140525182659792,2024-11-21,LAW401,Harvard,non-Stem,2,15310,52.91
140525182663952,2024-11-24,LAW501,Harvard,non-Stem,3,21058,50.51
140525182652112,2024-11-18,LAW401,Harvard,non-Stem,3,15979,62.15
140525182657168,2024-12-06,LAW501,Harvard,non-Stem,5,20029,50.31
140525182656528,2024-07-18,LAW501,Harvard,non-Stem,1,20769,41.96
140525182652048,2024-10-19,LAW501,Harvard,non-Stem,2,,
140525182654032,2024-10-12,LAW401,Harvard,non-Stem,4,15623,73.58
140525182658704,2024-11-28,LAW501,Harvard,non-Stem,2,21855,74.17
140525182659280,2024-11-10,LAW501,Harvard,non-Stem,2,20625,44.03
140525182662032,2024-07-28,LAW401,Harvard,non-Stem,2,15257,43.66
140525182649424,2024-10-25,LAW501,Harvard,non-Stem,4,20189,64.41
140525182662608,2024-12-19,LAW501,Harvard,non-Stem,3,20946,70.44
140525182651024,2024-11-14,LAW401,Harvard,non-Stem,3,15881,56.64
140525182649040,2024-10-24,LAW501,Harvard,non-Stem,1,23551,66.99
140525182652176,2024-08-01,LAW501,Harvard,non-Stem,3,21279,48.18
140525182661712,2024-08-11,LAW501,Harvard,non-Stem,3,19999,48.85
140525182661328,2024-05-28,LAW401,Harvard,non-Stem,3,15976,50.06
140525182657488,2024-08-09,LAW601,Harvard,non-Stem,3,25255,62.97
140525182655888,2024-09-08,LAW601,Harvard,non-Stem,1,27002,47.14
140525182652624,2024-10-15,LAW501,Harvard,non-Stem,4,21770,48.18
140525182662864,2024-09-03,LAW501,Harvard,non-Stem,1,21187,41.55
140525182664080,2024-10-18,LAW401,Harvard,non-Stem,4,,
140525182650960,2024-11-27,LAW401,Harvard,non-Stem,3,16336,50.49
140525182652304,2024-11-18,LAW501,Harvard,non-Stem,4,21164,79.6
140525182655568,2024-12-06,LAW401,Harvard,non-Stem,3,17212,47.23
140525182657680,2024-12-20,LAW501,Harvard,non-Stem,3,20256,48.48
140525182650512,,LAW501,Harvard,non-Stem,,20475,59.35
140525182651408,2024-11-08,LAW401,Harvard,non-Stem,1,16868,67.9
140525182664592,2024-07-09,LAW501,Harvard,non-Stem,4,20730,41.96
140525182663120,,LAW401,Harvard,non-Stem,4,15170,47.48
140525182656592,2024-12-25,LAW501,Harvard,non-Stem,2,21791,45.27
140525182662352,2024-07-05,LAW501,Harvard,non-Stem,3,20418,68.2
140525182653520,2024-12-25,LAW501,Harvard,non-Stem,4,20563,40.42
140525182661136,2024-12-16,LAW501,Harvard,non-Stem,2,21138,46.57
140525182654992,2024-11-30,LAW401,Harvard,non-Stem,2,,
140525182656656,2024-12-18,LAW501,Harvard,non-Stem,,20557,57.16
140525182659024,2024-08-18,LAW401,Harvard,non-Stem,3,,
140525182650000,2024-11-28,LAW401,Harvard,non-Stem,4,17776,56.86
140525182653200,2024-08-29,LAW401,Harvard,non-Stem,2,15949,47.81
140525182653776,2024-07-11,LAW501,Harvard,non-Stem,,21443,42.31
140525182558736,2024-12-28,LAW501,Harvard,non-Stem,4,22432,50.89
140525182565520,2024-11-04,LAW401,Harvard,non-Stem,2,15101,52.15
140525182550096,2024-12-11,LAW401,Harvard,non-Stem,5,16205,54.02
140525182557392,2024-12-01,LAW401,Harvard,non-Stem,5,18640,40.67
140525182561744,2024-12-26,LAW401,Harvard,non-Stem,4,16268,49.74
140525182560272,2024-12-08,LAW601,Harvard,non-Stem,3,25163,48.22
140525182565328,2024-06-15,LAW501,Harvard,non-Stem,4,,
140525182553680,2024-08-22,LAW501,Harvard,non-Stem,3,20773,47.17
140525182551056,2024-08-04,LAW401,Harvard,non-Stem,4,18160,89.29
140525182550416,2024-08-30,LAW501,Harvard,non-Stem,1,21174,40.57
140525182553040,2024-12-13,LAW401,Harvard,non-Stem,4,15354,46.59
140525182562448,2024-05-24,LAW401,Harvard,non-Stem,3,15212,51.47
140525182552848,2024-12-06,LAW401,Harvard,non-Stem,4,15115,45.75
140525182566224,2024-09-08,LAW401,Harvard,non-Stem,4,15075,40.43
140525182559376,2024-11-04,LAW401,Harvard,non-Stem,3,16503,40.52
140525182554512,2024-12-10,LAW401,Harvard,non-Stem,4,15508,60.0
140525182560464,2024-08-27,LAW501,Harvard,non-Stem,4,20163,43.95
140525182564624,2024-11-09,LAW601,Harvard,non-Stem,4,27955,47.72
140525182558992,2024-10-06,LAW401,Harvard,non-Stem,2,16705,46.11
140525182564112,2024-08-18,LAW501,Harvard,non-Stem,4,20922,50.81
140525182555152,2024-11-08,LAW401,Harvard,non-Stem,2,17564,45.8
140525182563472,2024-10-09,LAW401,Harvard,non-Stem,2,16289,72.06
140525182553168,2024-12-28,LAW501,Harvard,non-Stem,4,20422,61.99
140525182554064,2024-11-13,LAW401,Harvard,non-Stem,4,17823,44.08
140525182550800,2024-12-28,LAW401,Harvard,non-Stem,3,18086,52.75
140525182550928,2024-07-17,LAW401,Harvard,non-Stem,1,15083,57.8
140525182552272,2024-08-25,LAW401,Harvard,non-Stem,2,15013,44.92
140525182561680,2024-11-29,LAW401,Harvard,non-Stem,3,15049,75.95
140525182557136,2024-08-28,LAW601,Harvard,non-Stem,2,27156,40.93
140525182560656,2024-09-11,LAW501,Harvard,non-Stem,2,20288,40.68
140525182557712,2024-10-20,LAW501,Harvard,non-Stem,1,21498,50.52
140525182553808,2024-12-29,LAW401,Harvard,non-Stem,4,15445,44.75
140525182561552,2024-06-22,LAW401,Harvard,non-Stem,4,17124,67.71
140525182560784,2024-08-28,LAW401,Harvard,non-Stem,2,17715,85.49
140525182552208,2024-09-04,LAW401,Harvard,non-Stem,3,15171,46.22
140525182565264,2024-11-29,LAW401,Harvard,non-Stem,3,18382,47.87
140525182553616,2024-11-10,LAW401,Harvard,non-Stem,3,16771,42.38
140525182552016,2024-11-14,LAW401,Harvard,non-Stem,3,15303,44.64
140525182552656,2024-11-30,LAW501,Harvard,non-Stem,3,23909,44.58
140525182559248,2024-12-20,LAW401,Harvard,non-Stem,1,17386,55.04
140525182562576,2024-08-30,LAW401,Harvard,non-Stem,2,16797,61.08
140525182551824,2024-12-12,LAW501,Harvard,non-Stem,5,20055,64.79
140525182553424,2024-11-02,LAW501,Harvard,non-Stem,2,21490,47.3
140525182551312,2024-10-21,LAW501,Harvard,non-Stem,3,20805,61.38
140525182561040,2024-09-27,LAW401,Harvard,non-Stem,,15767,46.87
140525182556304,2024-06-15,LAW401,Harvard,non-Stem,5,16075,40.67
140525182565648,2024-07-20,LAW401,Harvard,non-Stem,4,,
140525182557904,2024-12-20,LAW501,Harvard,non-Stem,2,20753,57.52
140525182558480,2024-10-20,LAW501,Harvard,non-Stem,3,21001,58.95
140525182560016,2024-08-09,LAW401,Harvard,non-Stem,5,16371,44.41
140525182565776,2024-03-18,LAW401,Harvard,non-Stem,3,15984,48.46
140525182553936,2024-08-01,LAW501,Harvard,non-Stem,2,20946,83.59
140525182558352,2024-10-20,LAW401,Harvard,non-Stem,4,15554,40.32
140525182564304,2024-06-25,LAW401,Harvard,non-Stem,3,16560,64.11
140525182558096,2024-12-30,LAW401,Harvard,non-Stem,3,16341,54.8
140525182554128,2024-09-18,LAW401,Harvard,non-Stem,,15078,41.08
140525182561296,2024-09-11,LAW501,Harvard,non-Stem,4,22347,46.66
140525182564368,2024-03-22,LAW501,Harvard,non-Stem,3,20191,43.69
140525182550608,2024-10-01,LAW501,Harvard,non-Stem,3,20046,44.51
140525182556880,2024-08-24,LAW401,Harvard,non-Stem,3,17254,54.49
140525182555792,2024-12-17,LAW501,Harvard,non-Stem,3,21828,47.72
140525182559824,2024-05-23,LAW401,Harvard,non-Stem,3,15628,44.97
140525182558864,2024-07-06,LAW501,Harvard,non-Stem,4,22580,68.43
140525182550288,2024-10-19,LAW401,Harvard,non-Stem,5,15670,48.3
140525182559504,2024-10-28,LAW501,Harvard,non-Stem,2,21011,40.03
140525182551184,2024-12-07,LAW401,Harvard,non-Stem,,18191,60.11
140525182555344,2024-05-24,LAW501,Harvard,non-Stem,4,20207,43.23
140525182562960,2024-12-26,LAW401,Harvard,non-Stem,4,16469,44.27
140525182563088,2024-12-30,LAW401,Harvard,non-Stem,2,17401,41.27
140525182552592,2024-08-21,LAW401,Harvard,non-Stem,3,16163,56.28
140525182551440,2024-02-28,LAW501,Harvard,non-Stem,2,23047,41.73
140525182563792,2024-08-29,LAW401,Harvard,non-Stem,,15713,62.62
140525182561168,2024-10-16,LAW501,Harvard,non-Stem,4,21608,45.61
140525182563728,2024-03-23,LAW401,Harvard,non-Stem,2,16233,57.16
140525182564752,2024-07-31,LAW601,Harvard,non-Stem,4,27300,42.77
140525182560528,2024-11-18,LAW401,Harvard,non-Stem,2,16595,49.11
140525182550160,2024-03-08,LAW401,Harvard,non-Stem,3,15637,59.59
140525182566160,2024-07-09,LAW501,Harvard,non-Stem,3,22166,74.43
140525182555600,2024-12-21,LAW501,Harvard,non-Stem,4,20196,42.04
140525182555024,2024-07-10,LAW501,Harvard,non-Stem,4,22078,59.94
140525182561936,2024-07-14,LAW401,Harvard,non-Stem,,15297,48.18
140525182563024,2024-11-09,LAW501,Harvard,non-Stem,2,20977,59.02
140525182563536,2024-09-25,LAW401,Harvard,non-Stem,3,18461,86.98
140525182550352,2024-07-23,LAW501,Harvard,non-Stem,,20663,56.99
140525182551568,2024-12-14,LAW501,Harvard,non-Stem,5,20805,61.09
140525182565904,2024-10-11,LAW501,Harvard,non-Stem,5,22021,52.45
140525182558160,2024-10-08,LAW501,Harvard,non-Stem,3,,
140525182564048,2024-08-09,LAW401,Harvard,non-Stem,4,16035,43.45
140525182562512,2024-10-25,LAW401,Harvard,non-Stem,1,16686,40.47
140525182562064,2024-12-23,LAW501,Harvard,non-Stem,,20506,45.06
140525182557968,2024-11-09,LAW401,Harvard,non-Stem,3,15621,54.43
140525182557200,2024-06-29,LAW401,Harvard,non-Stem,4,16254,44.05
140525182555856,,LAW501,Harvard,non-Stem,3,21106,72.75
140525182556368,2024-08-07,LAW501,Harvard,non-Stem,2,20300,89.78
140525182556496,2024-11-25,LAW501,Harvard,non-Stem,4,20557,59.03
140525182558224,2024-09-30,LAW601,Harvard,non-Stem,4,25098,52.49
140525182566288,2024-10-29,LAW401,Harvard,non-Stem,4,16637,55.25
140525182551888,2024-12-21,LAW501,Harvard,non-Stem,2,21113,43.26
140525182554320,2024-11-09,LAW401,Harvard,non-Stem,2,15412,58.7
140525182554384,2024-10-10,LAW501,Harvard,non-Stem,2,20197,57.52
140525182551696,2024-12-17,LAW501,Harvard,non-Stem,3,21879,60.36
140525184527312,2024-09-10,LAW401,Harvard,non-Stem,4,15321,42.81
140525184532176,2024-07-12,LAW401,Harvard,non-Stem,3,17296,50.67
140525184518928,2024-09-19,LAW401,Harvard,non-Stem,4,16905,66.16
140525184530512,2024-12-19,LAW401,Harvard,non-Stem,1,15306,48.07
140525184520144,2024-09-13,LAW401,Harvard,non-Stem,,17651,60.7
140525184516880,2024-08-07,LAW501,Harvard,non-Stem,4,20559,57.76
140525184528912,2024-08-05,LAW501,Harvard,non-Stem,3,20223,43.89
140525184517456,2024-12-06,LAW501,Harvard,non-Stem,4,20929,69.27
140525184527248,2024-08-20,LAW501,Harvard,non-Stem,3,20628,67.15
140525184528016,2024-12-14,LAW401,Harvard,non-Stem,4,18740,59.67
140525184531472,2024-08-21,LAW501,Harvard,non-Stem,1,22294,73.43
140525184528208,2024-10-27,LAW401,Harvard,non-Stem,2,15657,43.98
140525184529040,2024-09-27,LAW401,Harvard,non-Stem,3,,
140525184526352,2024-09-30,LAW401,Harvard,non-Stem,2,16539,63.51
140525184521360,2024-10-26,LAW501,Harvard,non-Stem,1,23003,43.08
140525184529168,2024-09-29,LAW501,Harvard,non-Stem,2,20008,53.5
140525184521232,2024-04-24,LAW501,Harvard,non-Stem,3,20555,46.52
140525184528848,2024-07-04,LAW401,Harvard,non-Stem,3,16701,59.8
140525184522192,2024-12-04,LAW401,Harvard,non-Stem,3,16827,45.25
140525184518736,2024-11-30,LAW501,Harvard,non-Stem,4,,
140525184526800,2024-06-09,LAW401,Harvard,non-Stem,3,15050,43.97
140525184518992,,LAW501,Harvard,non-Stem,3,21769,57.38
140525184516368,2024-06-27,LAW401,Harvard,non-Stem,3,17123,47.26
140525184531792,2024-10-09,LAW501,Harvard,non-Stem,3,21482,47.85
140525184531600,2024-05-22,LAW401,Harvard,non-Stem,4,17517,48.41
140525184521808,2024-03-20,LAW401,Harvard,non-Stem,4,16343,44.15
140525184530448,2024-11-15,LAW501,Harvard,non-Stem,2,20413,47.86
140525184526096,,LAW501,Harvard,non-Stem,3,20239,53.06
140525184520336,2024-07-04,LAW401,Harvard,non-Stem,3,,
140525184519760,2024-12-09,LAW501,Harvard,non-Stem,3,20617,50.4
140525184527504,2024-11-19,LAW401,Harvard,non-Stem,5,15009,54.34
140525184521168,2024-12-07,LAW501,Harvard,non-Stem,2,20456,59.13
140525184526864,2024-09-15,LAW501,Harvard,non-Stem,3,20800,47.44
140525184531088,2024-04-18,LAW501,Harvard,non-Stem,3,20326,41.89
140525184521936,2024-08-04,LAW401,Harvard,non-Stem,2,16465,43.1
140525184519568,2024-08-19,LAW501,Harvard,non-Stem,2,21421,63.78
140525184517648,2024-08-15,LAW501,Harvard,non-Stem,4,20302,78.23
140525184520016,2024-12-30,LAW601,Harvard,non-Stem,4,27307,67.4
140525184526032,2024-09-14,LAW501,Harvard,non-Stem,3,21917,75.38
140525184518800,2024-12-03,LAW401,Harvard,non-Stem,3,15398,56.68
140525184523152,2024-09-05,LAW501,Harvard,non-Stem,3,22044,57.56
140525184527824,2024-12-24,LAW401,Harvard,non-Stem,2,15304,46.24
140525184519440,2024-09-15,LAW401,Harvard,non-Stem,2,16246,53.18
140525184523408,,LAW401,Harvard,non-Stem,4,15422,41.27
140525184518480,2024-06-10,LAW401,Harvard,non-Stem,4,15803,71.28
140525184521040,2024-12-16,LAW501,Harvard,non-Stem,4,20132,52.72
140525184528464,2024-10-22,LAW501,Harvard,non-Stem,,20023,69.92
140525184517968,2024-10-01,LAW401,Harvard,non-Stem,4,15773,78.57
140525184529552,2024-05-10,LAW401,Harvard,non-Stem,2,15153,48.68
140525184530384,2024-06-25,LAW601,Harvard,non-Stem,3,25829,50.47
140525184516432,2024-10-20,LAW501,Harvard,non-Stem,5,21286,54.15
140525184529936,2024-07-08,LAW401,Harvard,non-Stem,2,16097,73.9
140525184532240,2024-11-23,LAW501,Harvard,non-Stem,4,21007,68.4
140525184517840,2024-10-06,LAW501,Harvard,non-Stem,3,21625,59.79
140525184529680,2024-12-18,LAW401,Harvard,non-Stem,3,15179,64.01
140525184520976,2024-12-25,LAW401,Harvard,non-Stem,2,17543,64.79
140525184516176,2024-11-11,LAW501,Harvard,non-Stem,4,20689,86.28
140525184518416,2024-10-19,LAW401,Harvard,non-Stem,4,16157,41.56
140525184525968,2024-08-31,LAW401,Harvard,non-Stem,4,16307,44.22
140525184524176,2024-06-06,LAW401,Harvard,non-Stem,4,16252,57.27
140525184519312,2024-12-05,LAW401,Harvard,non-Stem,4,15611,63.07
140525184517200,2024-12-12,LAW501,Harvard,non-Stem,,23276,59.51
140525184518288,2024-05-05,LAW401,Harvard,non-Stem,4,17585,82.13
140525184519952,2024-05-30,LAW401,Harvard,non-Stem,5,15690,79.39
140525184520848,2024-12-08,LAW401,Harvard,non-Stem,2,15020,40.05
140525184531152,2024-09-07,LAW401,Harvard,non-Stem,1,,
140525184525712,2024-05-27,LAW401,Harvard,non-Stem,4,16025,41.43
140525184518864,2024-10-26,LAW401,Harvard,non-Stem,5,16450,77.34
140525184531920,2024-12-30,LAW501,Harvard,non-Stem,4,21059,75.37
140525184523984,2024-12-12,LAW501,Harvard,non-Stem,2,20714,63.51
140525184525584,2024-11-26,LAW401,Harvard,non-Stem,2,15699,41.74
140525184516624,2024-12-07,LAW401,Harvard,non-Stem,4,16509,49.21
140525184526928,2024-10-21,LAW501,Harvard,non-Stem,3,21899,59.49
140525184527440,2024-11-07,LAW501,Harvard,non-Stem,2,22764,47.75
140525184522064,2024-10-30,LAW501,Harvard,non-Stem,2,21454,46.24
140525184527888,2024-11-17,LAW401,Harvard,non-Stem,3,15757,54.49
140525184532432,2024-10-15,LAW501,Harvard,non-Stem,4,23516,56.46
140525184524432,2024-11-09,LAW401,Harvard,non-Stem,3,15522,43.42
140525184526416,2024-06-30,LAW401,Harvard,non-Stem,3,16369,76.58
140525184531344,2024-10-17,LAW401,Harvard,non-Stem,3,16017,55.37
140525184527952,2024-11-17,LAW501,Harvard,non-Stem,2,20064,48.77
140525184524752,2024-12-11,LAW401,Harvard,non-Stem,4,15219,80.81
140525184529616,2024-06-10,LAW401,Harvard,non-Stem,4,17383,41.35
140525184519120,2024-12-11,LAW501,Harvard,non-Stem,4,,
140525184528784,2024-09-24,LAW401,Harvard,non-Stem,3,16089,63.72
140525184525776,2024-07-30,LAW401,Harvard,non-Stem,2,15156,43.74
140525184524240,2024-11-02,LAW401,Harvard,non-Stem,2,15178,41.21
140525184520080,,LAW601,Harvard,non-Stem,3,25717,66.06
140525184520592,2024-12-02,LAW401,Harvard,non-Stem,3,19240,40.0
140525184526608,2024-09-14,LAW501,Harvard,non-Stem,4,20990,40.42
140525184532048,2024-08-09,LAW401,Harvard,non-Stem,2,15420,50.66
140525184529360,2024-10-17,LAW401,Harvard,non-Stem,4,17015,47.34
140525184526992,2024-06-01,LAW601,Harvard,non-Stem,2,25553,46.43
140525184522768,2024-12-08,LAW501,Harvard,non-Stem,3,22891,45.84
140525184517712,2024-05-31,LAW401,Harvard,non-Stem,4,16365,47.15
140525184530640,2024-10-01,LAW501,Harvard,non-Stem,3,20424,43.46
140525184524944,2024-11-15,LAW501,Harvard,non-Stem,2,,
140525184518352,2024-11-20,LAW501,Harvard,non-Stem,1,22424,61.88
140525184530192,2024-10-28,LAW501,Harvard,non-Stem,4,21258,47.95
140525184523728,2024-10-12,LAW401,Harvard,non-Stem,3,15046,43.95
140525184525904,2024-09-26,LAW401,Harvard,non-Stem,2,17750,42.82
140525184531856,2024-11-02,LAW401,Harvard,non-Stem,3,15502,41.32
140525184523536,2024-06-21,LAW501,Harvard,non-Stem,2,20547,53.13
140525184528656,2024-01-26,LAW601,Harvard,non-Stem,3,25403,40.64
140525184522128,2024-10-19,LAW401,Harvard,non-Stem,4,15854,75.79
140525184527760,2024-08-24,LAW401,Harvard,non-Stem,3,15995,55.53
140525184523472,2024-11-01,LAW501,Harvard,non-Stem,4,20820,52.42
140525184528976,2024-10-31,LAW501,Harvard,non-Stem,2,21363,76.87
140525184525136,2024-11-03,LAW501,Harvard,non-Stem,2,20910,54.55
140525184529296,2024-08-08,LAW501,Harvard,non-Stem,3,21647,52.41
140525184518096,2024-12-04,LAW401,Harvard,non-Stem,3,15802,47.98
140525184523792,2024-09-30,LAW501,Harvard,non-Stem,3,20777,87.01
140525184523024,2024-08-01,LAW501,Harvard,non-Stem,2,20571,49.22
140525184526288,2024-11-17,LAW401,Harvard,non-Stem,1,15572,48.7
140525184529808,2024-09-27,LAW501,Harvard,non-Stem,5,22666,44.27
140525184520272,2024-10-15,LAW401,Harvard,non-Stem,4,15443,46.1
140525184522256,2024-12-26,LAW501,Harvard,non-Stem,2,21129,51.5
140525184518224,2024-08-17,LAW401,Harvard,non-Stem,4,16146,46.1
140525184526736,2024-07-25,LAW501,Harvard,non-Stem,2,21961,45.0
140525184526480,2024-10-22,LAW401,Harvard,non-Stem,2,16305,55.7
140525184528528,2024-10-14,LAW501,Harvard,non-Stem,3,20783,46.3
140525184525072,2024-07-19,LAW401,Harvard,non-Stem,3,16860,47.03
140525184518672,,LAW401,Harvard,non-Stem,3,16924,49.41
140525184517136,2024-10-26,LAW401,Harvard,non-Stem,3,15302,58.42
140525184531984,2024-10-01,LAW401,Harvard,non-Stem,1,16087,66.53
140525184516496,2024-12-11,LAW501,Harvard,non-Stem,3,22141,60.47
140525184519184,2024-08-24,LAW601,Harvard,non-Stem,4,25355,43.06
140525181047952,2024-09-11,LAW401,Harvard,non-Stem,3,,
140525181056912,2024-12-08,LAW401,Harvard,non-Stem,2,,
140525181047568,2024-09-08,LAW401,Harvard,non-Stem,3,16823,47.61
140525181049936,2024-10-24,LAW601,Harvard,non-Stem,2,27528,57.75
140525181043728,2024-10-10,LAW501,Harvard,non-Stem,5,20531,77.32
140525181056848,2024-12-07,LAW401,Harvard,non-Stem,3,16713,41.82
140525181054544,2024-09-04,LAW401,Harvard,non-Stem,3,16753,40.24
140525181055888,2024-11-22,LAW401,Harvard,non-Stem,3,16133,54.52
140525181045328,2024-09-01,LAW501,Harvard,non-Stem,5,20131,70.94
140525181046416,2024-12-11,LAW501,Harvard,non-Stem,3,,
140525181050320,2024-12-20,LAW401,Harvard,non-Stem,2,15405,67.71
140525181047504,2024-10-15,LAW601,Harvard,non-Stem,3,25996,65.0
140525181051408,2024-12-13,LAW501,Harvard,non-Stem,3,21032,44.15
140525181045008,2024-09-15,LAW601,Harvard,non-Stem,3,25133,55.46
140525181043344,2024-10-13,LAW501,Harvard,non-Stem,4,24593,45.89
140525181054672,2024-10-03,LAW401,Harvard,non-Stem,2,17183,65.24
140525181044112,2024-12-01,LAW401,Harvard,non-Stem,2,15868,62.68
140525181044880,2024-08-16,LAW501,Harvard,non-Stem,2,20508,40.23
140525181052240,2024-09-15,LAW501,Harvard,non-Stem,3,20783,75.76
140525181050256,2024-11-22,LAW401,Harvard,non-Stem,4,15366,43.51
140525181053456,2024-05-07,LAW501,Harvard,non-Stem,5,20880,72.83
140525181042768,2024-10-27,LAW401,Harvard,non-Stem,3,16930,42.41
140525181047440,2024-10-28,LAW501,Harvard,non-Stem,3,20546,58.7
140525181045648,2024-05-23,LAW401,Harvard,non-Stem,3,15847,47.52
140525181057424,2024-12-29,LAW501,Harvard,non-Stem,3,20890,44.23
140525181051280,2024-08-27,LAW401,Harvard,non-Stem,3,17543,45.1
140525181058832,2024-11-10,LAW401,Harvard,non-Stem,3,15076,58.63
140525181058960,2024-09-07,LAW501,Harvard,non-Stem,3,22668,72.77
140525181057936,2024-10-27,LAW501,Harvard,non-Stem,3,,
140525181053392,2024-06-03,LAW501,Harvard,non-Stem,2,24280,52.29
140525181046288,2024-07-02,LAW401,Harvard,non-Stem,4,19035,58.02
140525181051984,2024-10-27,LAW401,Harvard,non-Stem,2,15678,63.5
140525181054416,2024-10-17,LAW401,Harvard,non-Stem,3,15417,57.68
140525181050768,2024-09-18,LAW401,Harvard,non-Stem,5,17976,50.92
140525181056080,2024-10-28,LAW601,Harvard,non-Stem,3,25124,56.61
140525181048208,2024-07-26,LAW401,Harvard,non-Stem,2,16721,62.89
140525181050000,2024-06-30,LAW401,Harvard,non-Stem,2,15252,52.96
140525181051216,2024-08-04,LAW401,Harvard,non-Stem,,15667,49.15
140525181055824,2024-09-16,LAW401,Harvard,non-Stem,1,15003,55.76
140525181046544,2024-12-08,LAW501,Harvard,non-Stem,2,23250,51.63
140525181043152,2024-12-16,LAW501,Harvard,non-Stem,4,21726,49.43
140525181058256,2024-12-11,LAW601,Harvard,non-Stem,3,27341,52.63
140525181057104,2024-11-24,LAW501,Harvard,non-Stem,3,21957,55.05
140525181054032,2024-11-28,LAW401,Harvard,non-Stem,4,15361,51.66
140525181058576,2024-08-13,LAW501,Harvard,non-Stem,4,20725,46.98
140525181045776,2024-11-20,LAW501,Harvard,non-Stem,2,21866,48.03
140525181053008,2024-11-14,LAW501,Harvard,non-Stem,4,21181,58.0
140525181058640,2024-07-15,LAW401,Harvard,non-Stem,,16430,69.04
140525181048592,2024-12-07,LAW501,Harvard,non-Stem,2,20380,47.13
140525181043920,2024-12-05,LAW401,Harvard,non-Stem,4,17352,65.29
140525181053264,2024-06-23,LAW401,Harvard,non-Stem,3,15410,72.39
140525181057808,2024-11-21,LAW401,Harvard,non-Stem,4,,
140525181058192,2024-12-01,LAW401,Harvard,non-Stem,2,15520,40.35
140525181047184,2024-06-12,LAW501,Harvard,non-Stem,3,20496,68.66
140525181057232,2024-10-19,LAW401,Harvard,non-Stem,2,18783,67.03
140525181054160,2024-11-17,LAW501,Harvard,non-Stem,3,22967,48.59
140525181044432,2024-07-22,LAW401,Harvard,non-Stem,4,16692,41.47
140525181057872,2024-06-28,LAW401,Harvard,non-Stem,2,15462,52.51
140525181057296,2024-11-25,LAW401,Harvard,non-Stem,4,15067,65.89
140525181054608,2024-12-09,LAW601,Harvard,non-Stem,4,25122,72.17
140525181053520,2024-12-14,LAW401,Harvard,non-Stem,2,15253,45.38
140525181055312,2024-12-14,LAW401,Harvard,non-Stem,2,17384,46.53
140525181048336,2024-03-13,LAW501,Harvard,non-Stem,2,20293,43.65
140525181055120,2024-12-22,LAW401,Harvard,non-Stem,3,,
140525181055952,2024-12-03,LAW401,Harvard,non-Stem,2,16032,69.26
140525181056528,2024-12-16,LAW501,Harvard,non-Stem,5,20247,45.76
140525181058704,2024-11-06,LAW401,Harvard,non-Stem,2,17090,58.82
140525181044368,2024-11-16,LAW501,Harvard,non-Stem,3,,
140525181049488,2024-10-02,LAW401,Harvard,non-Stem,4,15055,79.25
140525181051600,,LAW401,Harvard,non-Stem,3,16090,40.8
140525181054288,2024-06-23,LAW401,Harvard,non-Stem,4,15269,47.62
140525181051472,2024-05-25,LAW401,Harvard,non-Stem,3,,
140525181044944,2024-09-02,LAW501,Harvard,non-Stem,4,21934,58.08
140525181044304,2024-12-26,LAW401,Harvard,non-Stem,5,15862,76.61
140525181052496,2024-09-28,LAW401,Harvard,non-Stem,2,16050,63.17
140525181055184,2024-07-19,LAW501,Harvard,non-Stem,5,20069,67.95
140525181049808,2024-07-13,LAW501,Harvard,non-Stem,4,21150,59.78
140525181048272,2024-11-27,LAW401,Harvard,non-Stem,4,15921,66.05
140525181052624,2024-07-26,LAW501,Harvard,non-Stem,4,20145,48.39
140525181048528,2024-08-29,LAW501,Harvard,non-Stem,4,20363,52.87
140525181058128,2024-09-27,LAW401,Harvard,non-Stem,2,15780,52.25
140525181048080,2024-12-07,LAW401,Harvard,non-Stem,1,16193,47.43
140525181043408,2024-07-02,LAW501,Harvard,non-Stem,2,20362,48.65
140525181053584,2024-09-13,LAW501,Harvard,non-Stem,3,20361,42.45
140525181056656,2024-09-21,LAW501,Harvard,non-Stem,3,20461,56.98
140525181052432,2024-09-17,LAW401,Harvard,non-Stem,3,15612,53.43
140525181049552,2024-09-03,LAW501,Harvard,non-Stem,3,21609,76.04
140525181050704,2024-07-01,LAW501,Harvard,non-Stem,2,21980,50.59
140525181058448,2024-05-20,LAW401,Harvard,non-Stem,3,,
140525181052304,2024-12-23,LAW501,Harvard,non-Stem,5,20970,41.51
140525181054864,2024-09-06,LAW501,Harvard,non-Stem,4,21085,62.96
140525181051792,2024-12-27,LAW501,Harvard,non-Stem,1,,
140525181043536,2024-09-28,LAW501,Harvard,non-Stem,3,21742,46.64
140525181057680,2024-10-02,LAW401,Harvard,non-Stem,1,15441,40.11
140525181056464,2024-12-24,LAW401,Harvard,non-Stem,2,15010,50.38
140525181045712,2024-11-26,LAW601,Harvard,non-Stem,,25899,58.4
140525181056592,2024-06-26,LAW401,Harvard,non-Stem,3,17045,49.83
140525181058896,2024-10-14,LAW401,Harvard,non-Stem,4,17557,43.11
140525181056336,2024-07-18,LAW401,Harvard,non-Stem,4,18320,50.64
140525181048848,2024-11-01,LAW501,Harvard,non-Stem,2,20597,54.05
140525181055632,2024-07-22,LAW501,Harvard,non-Stem,2,22763,57.92
140525181054480,2024-09-02,LAW501,Harvard,non-Stem,4,20514,61.45
140525181050448,2024-12-12,LAW401,Harvard,non-Stem,3,16186,48.68
140525181044240,2024-11-28,LAW501,Harvard,non-Stem,1,20013,41.62
140525181049232,2024-05-13,LAW601,Harvard,non-Stem,1,26128,56.48
140525181049040,2024-11-30,LAW501,Harvard,non-Stem,4,20020,45.18
140525181053072,2024-09-01,LAW401,Harvard,non-Stem,4,16339,42.63
140525181046032,2024-11-15,LAW401,Harvard,non-Stem,2,15196,50.83
140525181055440,2024-10-27,LAW401,Harvard,non-Stem,3,16779,44.42
140525181050576,2024-10-29,LAW401,Harvard,non-Stem,2,17084,57.45
140525185125840,2024-09-07,LAW501,Harvard,non-Stem,4,,
140525185130256,2024-08-09,LAW401,Harvard,non-Stem,3,,
140525185122768,2024-09-20,LAW501,Harvard,non-Stem,3,21277,69.03
140525185127184,2024-05-04,LAW501,Harvard,non-Stem,1,,
140525185135248,2024-10-16,LAW501,Harvard,non-Stem,1,20897,68.42
140525185138320,2024-12-16,LAW501,Harvard,non-Stem,5,,
140525185133264,2024-08-18,LAW501,Harvard,non-Stem,,20063,71.7
140525185136528,2024-12-29,LAW501,Harvard,non-Stem,3,21235,66.4
140525185128912,2024-12-23,LAW401,Harvard,non-Stem,,16105,80.28
140525185132688,2024-10-04,LAW501,Harvard,non-Stem,4,22456,79.49
140525185124560,2024-12-25,LAW501,Harvard,non-Stem,2,20374,56.93
140525185131472,2024-09-09,LAW401,Harvard,non-Stem,5,15273,50.88
140525185123024,2024-06-02,LAW501,Harvard,non-Stem,4,,
140525185131024,2024-08-13,LAW601,Harvard,non-Stem,1,26309,53.06
140525185137296,2024-07-17,LAW401,Harvard,non-Stem,3,15432,41.35
140525185128016,2024-12-01,LAW401,Harvard,non-Stem,2,15204,40.1
140525185122512,2024-12-24,LAW501,Harvard,non-Stem,3,,
140525185123600,2024-11-29,LAW501,Harvard,non-Stem,2,21077,45.73
140525185138064,2024-10-16,LAW401,Harvard,non-Stem,2,16557,60.01
140525185132112,2024-11-13,LAW501,Harvard,non-Stem,3,20350,45.36
140525185125776,2024-11-07,LAW501,Harvard,non-Stem,3,20021,42.64
140525185124240,2024-10-11,LAW401,Harvard,non-Stem,1,16047,54.33
140525185127440,2024-11-20,LAW501,Harvard,non-Stem,2,,
140525185134032,2024-05-17,LAW501,Harvard,non-Stem,4,20172,64.56
140525185129808,2024-12-10,LAW501,Harvard,non-Stem,2,20299,48.23
140525185128208,2024-09-16,LAW401,Harvard,non-Stem,4,16272,41.21
140525185130448,2024-11-09,LAW501,Harvard,non-Stem,5,21533,71.22
140525185125136,2024-09-03,LAW401,Harvard,non-Stem,5,17044,45.13
140525185126992,2024-09-16,LAW601,Harvard,non-Stem,2,28144,48.68
140525185134480,2024-11-16,LAW601,Harvard,non-Stem,3,26390,70.83
140525185125072,2024-12-27,LAW401,Harvard,non-Stem,4,18014,48.93
140525185129296,2024-11-21,LAW501,Harvard,non-Stem,2,20069,80.87
140525185131536,2024-08-11,LAW401,Harvard,non-Stem,4,17085,59.58
140525185123088,2024-11-12,LAW501,Harvard,non-Stem,3,21012,50.5
140525185137424,2024-08-22,LAW501,Harvard,non-Stem,4,21887,48.1
140525185129040,2024-08-16,LAW501,Harvard,non-Stem,4,21266,66.17
140525185134352,2024-06-25,LAW501,Harvard,non-Stem,3,22521,56.79
140525185127504,2024-11-18,LAW501,Harvard,non-Stem,3,20400,48.72
140525185124048,2024-12-27,LAW601,Harvard,non-Stem,3,27485,73.86
140525185125712,,LAW401,Harvard,non-Stem,2,15089,44.77
140525185126480,2024-09-21,LAW501,Harvard,non-Stem,4,24415,70.03
140525185130960,2024-12-18,LAW501,Harvard,non-Stem,4,21272,42.99
140525185132304,2024-08-16,LAW501,Harvard,non-Stem,,21160,43.59
140525185130320,2024-06-20,LAW401,Harvard,non-Stem,3,16673,75.56
140525185123920,2024-09-04,LAW501,Harvard,non-Stem,,20271,64.07
140525185130704,2024-09-30,LAW501,Harvard,non-Stem,5,22756,58.24
140525185132240,2024-10-09,LAW401,Harvard,non-Stem,4,18712,52.03
140525185130000,,LAW401,Harvard,non-Stem,2,17365,49.03
140525185122448,2024-12-11,LAW601,Harvard,non-Stem,3,26028,41.65
140525185136912,2024-04-25,LAW401,Harvard,non-Stem,3,15905,56.41
140525185136336,2024-11-20,LAW501,Harvard,non-Stem,1,21621,44.17
140525185126096,2024-11-22,LAW501,Harvard,non-Stem,1,23384,58.75
140525185127120,2024-12-26,LAW401,Harvard,non-Stem,,15603,58.17
140525185138128,2024-10-25,LAW401,Harvard,non-Stem,3,,
140525185123536,2024-10-27,LAW401,Harvard,non-Stem,5,15078,45.67
140525185137680,2024-12-22,LAW401,Harvard,non-Stem,2,15294,49.04
140525185132368,2024-07-21,LAW401,Harvard,non-Stem,3,15841,52.43
140525185138448,2024-12-04,LAW501,Harvard,non-Stem,4,,
140525185133776,2024-07-08,LAW501,Harvard,non-Stem,3,20107,41.61
140525185126416,2024-05-19,LAW501,Harvard,non-Stem,5,21997,51.25
140525185129936,2024-12-05,LAW401,Harvard,non-Stem,2,15443,48.36
140525179286224,2024-11-07,LAW501,Harvard,non-Stem,2,,
140525179275792,2024-12-08,LAW501,Harvard,non-Stem,3,22005,72.42
140525179274768,2024-09-20,LAW501,Harvard,non-Stem,5,,
140525179284688,2024-04-20,LAW401,Harvard,non-Stem,3,15161,47.06
140525179285712,2024-11-14,LAW501,Harvard,non-Stem,2,20374,43.82
140525179279568,2024-09-20,LAW401,Harvard,non-Stem,5,17596,52.61
140525179273936,2024-11-21,LAW501,Harvard,non-Stem,3,21864,43.21
140525179280208,2024-12-16,LAW401,Harvard,non-Stem,5,17186,66.15
140525179284240,2024-08-11,LAW401,Harvard,non-Stem,3,15047,48.27
140525179282576,2024-10-01,LAW401,Harvard,non-Stem,4,15737,48.15
140525179283856,2024-11-23,LAW501,Harvard,non-Stem,2,22293,54.25
140525179275536,2024-10-29,LAW501,Harvard,non-Stem,2,20155,44.73
140525179274448,2024-06-11,LAW501,Harvard,non-Stem,2,20124,46.88
140525179282064,2024-09-28,LAW401,Harvard,non-Stem,3,15447,55.37
140525179276688,2024-12-18,LAW501,Harvard,non-Stem,4,20078,53.18
140525179276240,2024-04-20,LAW501,Harvard,non-Stem,3,20249,63.36
140525179276880,2024-12-30,LAW501,Harvard,non-Stem,3,20589,56.47
140525179273744,2024-10-08,LAW401,Harvard,non-Stem,2,,
140525179287632,2024-07-18,LAW501,Harvard,non-Stem,2,20770,40.77
140525179275216,2024-09-20,LAW401,Harvard,non-Stem,5,17872,60.3
140525179280080,2024-07-08,LAW401,Harvard,non-Stem,4,17392,46.68
140525179278032,2024-12-14,LAW401,Harvard,non-Stem,3,15831,41.81
140525179279312,2024-11-23,LAW501,Harvard,non-Stem,3,20459,53.17
140525179282320,2024-08-11,LAW601,Harvard,non-Stem,2,25490,71.86
140525179286544,,LAW501,Harvard,non-Stem,2,21281,42.55
140525179289232,2024-11-15,LAW401,Harvard,non-Stem,2,17215,67.12
140525179282000,2024-12-28,LAW401,Harvard,non-Stem,4,19542,44.68
140525179276304,2024-08-26,LAW501,Harvard,non-Stem,3,20127,55.06
140525179287312,2024-10-08,LAW501,Harvard,non-Stem,1,20944,43.46
140525179278928,2024-12-27,LAW401,Harvard,non-Stem,4,15232,41.57
140525179276944,2024-11-15,LAW501,Harvard,non-Stem,3,20285,45.87
140525179285200,2024-06-20,LAW501,Harvard,non-Stem,3,,
140525179285776,2024-12-26,LAW401,Harvard,non-Stem,3,17690,45.47
140525179289296,2024-09-20,LAW601,Harvard,non-Stem,3,26216,72.2
140525179287760,2024-06-24,LAW601,Harvard,non-Stem,1,25679,43.85
140525179275024,2024-12-10,LAW401,Harvard,non-Stem,3,15418,78.42
140525179285264,2024-06-26,LAW501,Harvard,non-Stem,2,20293,43.59
140525179273680,2024-08-06,LAW401,Harvard,non-Stem,3,17394,45.93
140525179281232,2024-12-03,LAW401,Harvard,non-Stem,2,15801,66.67
140525179277968,2024-10-14,LAW501,Harvard,non-Stem,4,21351,72.62
140525179277008,2024-10-20,LAW501,Harvard,non-Stem,,20596,48.29
140525179285136,2024-05-12,LAW501,Harvard,non-Stem,4,20817,68.15
140525179275920,2024-07-22,LAW401,Harvard,non-Stem,4,,
140525179276496,2024-09-11,LAW501,Harvard,non-Stem,5,22333,50.87
140525179279440,2024-12-25,LAW401,Harvard,non-Stem,3,16666,43.37
140525179283664,2024-09-25,LAW501,Harvard,non-Stem,2,21572,54.01
140525179288528,,LAW401,Harvard,non-Stem,5,16951,60.99
140525179281936,,LAW501,Harvard,non-Stem,5,20195,49.79
140525179281360,2024-12-08,LAW401,Harvard,non-Stem,1,15741,62.84
140525179273616,2024-07-08,LAW501,Harvard,non-Stem,3,22828,59.7
140525179288016,2024-10-22,LAW401,Harvard,non-Stem,4,15560,45.92
140525179287184,2024-09-30,LAW501,Harvard,non-Stem,3,22340,42.32
140525179280912,2024-07-23,LAW401,Harvard,non-Stem,4,15575,40.07
140525179274128,2024-11-11,LAW501,Harvard,non-Stem,5,20526,64.85
140525179278288,2024-10-14,LAW601,Harvard,non-Stem,3,26883,49.02
140525179283536,2024-12-16,LAW501,Harvard,non-Stem,2,20705,43.55
140525179289104,2024-07-29,LAW501,Harvard,non-Stem,4,20407,55.64
140525179278800,2024-03-15,LAW501,Harvard,non-Stem,3,21200,62.36
140525179281616,2024-12-09,LAW401,Harvard,non-Stem,4,15808,42.12
140525179280720,2024-10-09,LAW401,Harvard,non-Stem,3,18866,61.5
140525179280464,2024-09-11,LAW401,Harvard,non-Stem,3,16021,50.8
140525179278480,2024-06-10,LAW501,Harvard,non-Stem,4,20065,60.42
140525179277264,2024-12-07,LAW501,Harvard,non-Stem,,21854,51.12
140525179276816,2024-10-17,LAW501,Harvard,non-Stem,2,20652,51.12
140525179285904,2024-12-02,LAW401,Harvard,non-Stem,4,15609,51.21
140525179289040,2024-09-24,LAW501,Harvard,non-Stem,3,22883,40.89
140525179273872,2024-12-03,LAW401,Harvard,non-Stem,3,,
140525179286608,2024-09-13,LAW501,Harvard,non-Stem,1,20021,52.96
140525179288208,2024-10-01,LAW601,Harvard,non-Stem,2,,
140525179273424,2024-08-25,LAW401,Harvard,non-Stem,2,16909,45.76
140525179286672,2024-09-28,LAW401,Harvard,non-Stem,3,17598,42.77
140525179289552,2024-11-17,LAW401,Harvard,non-Stem,4,15018,48.96
140525179279056,2024-12-07,LAW501,Harvard,non-Stem,4,20248,68.73
140525179275984,2024-09-29,LAW501,Harvard,non-Stem,4,21972,44.48
140525179277200,2024-09-08,LAW501,Harvard,non-Stem,2,20283,40.28
140525179279952,2024-10-25,LAW401,Harvard,non-Stem,2,18913,69.55
140525179283600,2024-06-03,LAW401,Harvard,non-Stem,2,15839,41.66
140525179285008,,LAW501,Harvard,non-Stem,3,21376,53.84
140525179276112,2024-10-27,LAW501,Harvard,non-Stem,3,21091,54.77
140525179278544,2024-05-28,LAW401,Harvard,non-Stem,2,15227,44.29
140525179275728,2024-11-07,LAW501,Harvard,non-Stem,5,20942,59.81
140525179273360,2024-12-16,LAW401,Harvard,non-Stem,2,15181,62.62
140525179283472,2024-07-19,LAW401,Harvard,non-Stem,4,15372,50.55
140525179281040,2024-01-01,LAW401,Harvard,non-Stem,4,15994,70.51
140525179277456,2024-11-08,LAW401,Harvard,non-Stem,4,16177,51.3
140525179280272,2024-11-03,LAW401,Harvard,non-Stem,2,15867,51.43
140525179280976,2024-08-23,LAW501,Harvard,non-Stem,2,20240,55.69
140525179287248,2024-09-03,LAW401,Harvard,non-Stem,4,15160,88.46
140525179283792,2024-10-19,LAW501,Harvard,non-Stem,4,22525,46.9
140525179282768,2024-11-10,LAW501,Harvard,non-Stem,2,20416,79.8
140525179277904,2024-12-03,LAW401,Harvard,non-Stem,4,15307,49.72
140525179284560,2024-07-06,LAW401,Harvard,non-Stem,4,16576,44.74
140525179274384,2024-08-26,LAW601,Harvard,non-Stem,4,27191,55.05
140525179282512,2024-11-19,LAW401,Harvard,non-Stem,4,17258,85.02
140525179279760,2024-12-04,LAW501,Harvard,non-Stem,4,20280,44.5
140525179286416,2024-09-12,LAW501,Harvard,non-Stem,2,20074,78.93
140525179286288,2024-05-21,LAW401,Harvard,non-Stem,3,15089,41.93
140525179282832,2024-07-23,LAW401,Harvard,non-Stem,3,16160,41.14
140525179288976,2024-11-20,LAW501,Harvard,non-Stem,4,23042,51.46
140525179288272,2024-05-07,LAW401,Harvard,non-Stem,4,15333,51.8
140525179277584,2024-11-03,LAW501,Harvard,non-Stem,4,22888,76.17
140525179285520,2024-03-18,LAW401,Harvard,non-Stem,3,15800,49.43
140525179284368,2024-11-28,LAW401,Harvard,non-Stem,5,16615,50.8
140525179284432,2024-09-26,LAW401,Harvard,non-Stem,2,17221,42.99
140525177972432,2024-12-07,LAW401,Harvard,non-Stem,4,17387,63.06
140525177978512,2024-08-06,LAW401,Harvard,non-Stem,1,17371,67.38
140525177973200,2024-06-29,LAW401,Harvard,non-Stem,2,15507,40.43
140525177962640,2024-08-21,LAW401,Harvard,non-Stem,3,15583,44.03
140525177966416,2024-09-15,LAW501,Harvard,non-Stem,1,20030,53.09
140525177970704,2024-11-29,LAW501,Harvard,non-Stem,3,,
140525177971472,2024-07-28,LAW501,Harvard,non-Stem,4,20971,67.75
140525177968976,2024-07-12,LAW401,Harvard,non-Stem,2,15265,50.05
140525177967440,2024-06-26,LAW401,Harvard,non-Stem,4,,
140525177968464,2024-11-05,LAW501,Harvard,non-Stem,2,23049,44.95
140525177974992,2024-12-25,LAW401,Harvard,non-Stem,3,15152,71.99
140525177972688,2024-12-21,LAW401,Harvard,non-Stem,2,16614,40.72
140525177963664,2024-11-02,LAW501,Harvard,non-Stem,2,21441,41.78
140525177971984,2024-10-12,LAW401,Harvard,non-Stem,3,15576,45.25
140525177966928,2024-09-23,LAW501,Harvard,non-Stem,3,20266,57.01
140525177964368,2024-11-15,LAW501,Harvard,non-Stem,3,,
140525177977488,2024-10-05,LAW401,Harvard,non-Stem,1,15616,67.37
140525177969936,2024-08-07,LAW501,Harvard,non-Stem,2,,
140525177974480,2024-08-14,LAW401,Harvard,non-Stem,4,,
140525177973456,2024-10-25,LAW401,Harvard,non-Stem,4,16799,67.13
140525177965392,2024-07-30,LAW401,Harvard,non-Stem,4,16509,40.55
140525177969424,2024-09-02,LAW401,Harvard,non-Stem,2,17478,55.05
140525177975952,2024-08-19,LAW401,Harvard,non-Stem,,16019,44.77
140525177963152,2024-11-18,LAW501,Harvard,non-Stem,3,21372,80.11
140525177969232,2024-12-06,LAW401,Harvard,non-Stem,2,15139,82.27
140525177967952,2024-10-15,LAW401,Harvard,non-Stem,3,15468,45.36
140525177962896,2024-11-28,LAW501,Harvard,non-Stem,4,22403,41.39
140525177978768,2024-08-26,LAW401,Harvard,non-Stem,2,18824,45.05
140525177976464,2024-12-09,LAW401,Harvard,non-Stem,2,17260,40.13
140525177965648,2024-06-02,LAW401,Harvard,non-Stem,3,16837,67.52
140525177972176,2024-11-11,LAW401,Harvard,non-Stem,3,,
140525177966160,2024-11-26,LAW401,Harvard,non-Stem,4,15076,47.35
140525177973712,2024-11-27,LAW401,Harvard,non-Stem,5,15798,58.17
140525177975248,2024-12-14,LAW501,Harvard,non-Stem,4,21479,43.74
140525185372944,2024-10-24,LAW401,Harvard,non-Stem,2,,
140525185370960,2024-12-15,LAW501,Harvard,non-Stem,2,20383,78.29
140525185369168,2024-12-06,LAW401,Harvard,non-Stem,2,15362,49.3
140525185368848,2024-12-31,LAW401,Harvard,non-Stem,2,16010,44.97
140525185382480,2024-08-31,LAW501,Harvard,non-Stem,5,20095,63.6
140525185382992,2024-09-26,LAW501,Harvard,non-Stem,2,20807,62.92
140525185370896,2024-11-03,LAW401,Harvard,non-Stem,2,15886,45.12
140525185370832,2024-08-21,LAW401,Harvard,non-Stem,2,,
140525185370448,2024-09-24,LAW501,Harvard,non-Stem,3,,
140525185373072,2024-06-13,LAW401,Harvard,non-Stem,3,16358,56.28
140525185372368,2024-11-24,LAW401,Harvard,non-Stem,3,,
140525185384272,2024-09-04,LAW501,Harvard,non-Stem,,21735,61.24
140525185380368,2024-09-23,LAW401,Harvard,non-Stem,3,15982,64.96
140525185374736,2024-11-03,LAW401,Harvard,non-Stem,2,17372,63.34
140525185369488,2024-07-14,LAW401,Harvard,non-Stem,3,16816,65.46
140525185378896,,LAW401,Harvard,non-Stem,4,15211,60.54
140525185375056,2024-09-29,LAW501,Harvard,non-Stem,4,20100,53.45
140525185375184,2024-10-31,LAW501,Harvard,non-Stem,3,21689,48.85
140525185376080,2024-09-15,LAW401,Harvard,non-Stem,3,15867,49.83
140525185375760,,LAW401,Harvard,non-Stem,2,16049,54.95
140525185381072,2024-12-14,LAW401,Harvard,non-Stem,5,16443,43.54
140525185380880,2024-09-03,LAW601,Harvard,non-Stem,4,25261,47.83
140525185371664,2024-10-07,LAW401,Harvard,non-Stem,3,16090,53.38
140525185379088,,LAW501,Harvard,non-Stem,5,21885,42.46
140525185381520,,LAW501,Harvard,non-Stem,3,20177,77.54
140525185384144,2024-11-01,LAW501,Harvard,non-Stem,4,23288,76.32
140525185383440,2024-11-10,LAW501,Harvard,non-Stem,2,21425,57.76
140525185374928,2024-05-15,LAW401,Harvard,non-Stem,5,17168,45.64
140525185368208,2024-08-28,LAW401,Harvard,non-Stem,3,18614,46.15
140525185379920,2024-05-28,LAW501,Harvard,non-Stem,3,21138,43.77
140525185371728,2024-11-06,LAW501,Harvard,non-Stem,3,22980,64.8
140525185373264,2024-12-19,LAW401,Harvard,non-Stem,4,15152,41.21
140525185371152,2024-10-03,LAW401,Harvard,non-Stem,2,16637,54.12
140525185374416,2024-12-18,LAW501,Harvard,non-Stem,4,20554,41.74
140525185383760,2024-12-29,LAW401,Harvard,non-Stem,3,17898,54.42
140525185375376,2024-08-20,LAW401,Harvard,non-Stem,3,15989,44.66
140525185379856,,LAW601,Harvard,non-Stem,2,26327,52.9
140525185373456,2024-09-01,LAW501,Harvard,non-Stem,3,21571,41.54
140525185368720,2024-10-03,LAW501,Harvard,non-Stem,2,21409,40.54
140525185368976,2024-12-01,LAW401,Harvard,non-Stem,4,,
140525185373520,2024-11-25,LAW401,Harvard,non-Stem,3,17451,49.82
140525185376848,2024-10-21,LAW401,Harvard,non-Stem,2,17097,47.46
140525185380816,2024-12-12,LAW501,Harvard,non-Stem,,21090,40.07
140525185376400,,LAW401,Harvard,non-Stem,,15985,77.12
140525185373392,2024-09-18,LAW401,Harvard,non-Stem,4,15750,51.85
140525185378704,2024-11-05,LAW401,Harvard,non-Stem,4,16887,46.42
140525185373008,2024-07-15,LAW401,Harvard,non-Stem,,16256,42.75
140525185372560,2024-10-04,LAW501,Harvard,non-Stem,2,21662,54.05
140525185380688,2024-09-07,LAW401,Harvard,non-Stem,4,17014,44.41
140525185376784,2024-03-21,LAW401,Harvard,non-Stem,3,16047,44.49
140525185371216,2024-08-09,LAW501,Harvard,non-Stem,5,23369,82.65
140525185369616,2024-12-16,LAW601,Harvard,non-Stem,4,27638,42.38
140525185373328,2024-11-22,LAW601,Harvard,non-Stem,3,26674,46.24
140525185376336,2024-07-01,LAW401,Harvard,non-Stem,3,17341,51.0
140525185380560,2024-09-17,LAW601,Harvard,non-Stem,3,26972,50.16
140525185383632,2024-08-20,LAW401,Harvard,non-Stem,4,16653,82.78
140525185380048,2024-08-14,LAW401,Harvard,non-Stem,4,16348,60.08
140525185377360,2024-08-10,LAW501,Harvard,non-Stem,4,20044,41.6
140525185369872,2024-11-24,LAW401,Harvard,non-Stem,5,15297,47.59
140525185382416,2024-07-03,LAW401,Harvard,non-Stem,2,15025,59.07
140525185373968,2024-10-10,LAW501,Harvard,non-Stem,3,21607,47.39
140525185383184,,LAW501,Harvard,non-Stem,4,20678,70.3
140525185373712,2024-05-25,LAW501,Harvard,non-Stem,3,20526,43.77
140525185381776,2024-10-26,LAW401,Harvard,non-Stem,4,18213,42.04
140525185379664,2024-11-08,LAW501,Harvard,non-Stem,2,22664,64.69
140525185372176,2024-07-12,LAW501,Harvard,non-Stem,3,23381,49.87
140525185369424,2024-09-29,LAW401,Harvard,non-Stem,4,15418,47.74
140525185381584,2024-08-30,LAW401,Harvard,non-Stem,5,15037,51.49
140525185374288,2024-09-03,LAW401,Harvard,non-Stem,3,15498,53.68
140525185372688,2024-10-21,LAW401,Harvard,non-Stem,2,16166,51.34
140525185378064,,LAW501,Harvard,non-Stem,2,22172,54.59
140525185378256,2024-12-01,LAW501,Harvard,non-Stem,2,21340,59.89
140525185380496,2024-11-10,LAW401,Harvard,non-Stem,4,15342,56.73
140525185376208,2024-11-04,LAW501,Harvard,non-Stem,5,20312,43.42
140525185371856,2024-11-29,LAW501,Harvard,non-Stem,2,22895,59.22
140525185371408,2024-12-27,LAW401,Harvard,non-Stem,1,15151,76.08
140525185372624,2024-12-19,LAW401,Harvard,non-Stem,3,15822,52.78
140525185368144,2024-10-05,LAW501,Harvard,non-Stem,,21080,40.56
140525185368592,2024-11-10,LAW501,Harvard,non-Stem,4,,
140525185369680,2024-09-24,LAW401,Harvard,non-Stem,1,,
140525185380752,2024-10-28,LAW501,Harvard,non-Stem,2,22244,40.81
140525185371984,2024-09-24,LAW401,Harvard,non-Stem,2,15455,40.78
140525185384080,2024-09-16,LAW401,Harvard,non-Stem,4,15860,70.54
140525185379984,2024-12-10,LAW401,Harvard,non-Stem,2,17137,40.52
140525185381712,2024-07-27,LAW401,Harvard,non-Stem,3,16658,43.61
140525185369744,2024-12-17,LAW401,Harvard,non-Stem,5,15183,41.6
140525185375696,2024-09-28,LAW401,Harvard,non-Stem,3,18643,52.71
140525185378640,2024-11-21,LAW401,Harvard,non-Stem,4,16818,43.73
140525185370128,2024-06-23,LAW401,Harvard,non-Stem,2,15494,46.83
140525185381968,2024-11-08,LAW501,Harvard,non-Stem,3,21046,44.5
140525185368336,2024-12-21,LAW401,Harvard,non-Stem,2,15155,66.57
140525185369104,2024-12-03,LAW501,Harvard,non-Stem,1,,
140525185370256,2024-07-08,LAW401,Harvard,non-Stem,4,17375,47.87
140525185379216,2024-12-30,LAW401,Harvard,non-Stem,2,16337,46.18
140525185368464,2024-10-27,LAW501,Harvard,non-Stem,2,21041,48.98
140525185369232,2024-08-15,LAW501,Harvard,non-Stem,2,20215,41.75
140525185383248,2024-05-28,LAW401,Harvard,non-Stem,4,17906,76.61
140525185384016,2024-07-29,LAW401,Harvard,non-Stem,4,15431,52.48
140525185374608,2024-09-16,LAW401,Harvard,non-Stem,4,17851,46.79
140525185378832,2024-09-16,LAW501,Harvard,non-Stem,2,,
140525185374800,2024-10-26,LAW501,Harvard,non-Stem,4,,
140525185383056,2024-12-02,LAW501,Harvard,non-Stem,2,20743,40.99
140525185373904,2024-07-26,LAW401,Harvard,non-Stem,,15926,72.86
140525185381904,2024-05-20,LAW501,Harvard,non-Stem,4,22392,45.71
140525185379024,2024-10-09,LAW401,Harvard,non-Stem,5,15347,47.85
140525185368912,2024-04-18,LAW501,Harvard,non-Stem,,20473,59.26
140525185382928,2024-12-11,LAW501,Harvard,non-Stem,2,21015,41.69
140525185384208,2024-12-11,LAW401,Harvard,non-Stem,5,16443,40.46
140525185378576,2024-12-10,LAW501,Harvard,non-Stem,2,20028,41.66
140525185369936,2024-05-14,LAW401,Harvard,non-Stem,4,16593,53.36
140525185383312,2024-12-06,LAW501,Harvard,non-Stem,3,20528,42.66
140525185377040,2024-10-30,LAW501,Harvard,non-Stem,2,20788,51.19
140525185370320,2024-08-09,LAW401,Harvard,non-Stem,3,16781,61.42
140525185383568,2024-12-18,LAW501,Harvard,non-Stem,,20069,41.09
140525135045200,2024-09-19,LAW501,Harvard,non-Stem,3,22142,41.35
140525135038032,2024-10-14,LAW501,Harvard,non-Stem,4,22859,60.2
140525135052560,2024-12-14,LAW401,Harvard,non-Stem,1,15958,42.37
140525135048208,,LAW401,Harvard,non-Stem,3,15735,41.02
140525135044688,2024-10-04,LAW401,Harvard,non-Stem,,17704,41.15
140525135039568,2024-11-25,LAW401,Harvard,non-Stem,2,15909,51.57
140525135043408,2024-10-01,LAW501,Harvard,non-Stem,4,21791,61.62
140525135051280,2024-01-28,LAW401,Harvard,non-Stem,,16565,42.85
140525135037328,2024-09-25,LAW501,Harvard,non-Stem,3,21387,44.22
140525135043152,2024-11-20,LAW501,Harvard,non-Stem,4,20116,45.95
140525135038288,2024-07-14,LAW401,Harvard,non-Stem,3,15837,49.13
140525135050768,2024-08-30,LAW501,Harvard,non-Stem,5,20661,51.65
140525135045456,2024-12-18,LAW501,Harvard,non-Stem,2,20421,52.75
140525135040848,2024-07-01,LAW501,Harvard,non-Stem,2,20709,42.04
140525135050512,2024-08-11,LAW601,Harvard,non-Stem,3,26881,71.83
140525135049744,2024-09-23,LAW501,Harvard,non-Stem,3,20848,51.46
140525135040592,2024-08-29,LAW501,Harvard,non-Stem,3,21367,72.55
140525135040080,2024-11-05,LAW401,Harvard,non-Stem,5,15350,40.12
140525135045712,2024-10-06,LAW501,Harvard,non-Stem,2,20043,45.12
140525135042896,2024-08-02,LAW401,Harvard,non-Stem,1,19159,55.62
140525135048720,2024-11-22,LAW401,Harvard,non-Stem,2,15347,54.66
140525135037840,2024-03-10,LAW401,Harvard,non-Stem,4,16682,58.76
140525135050000,2024-10-27,LAW401,Harvard,non-Stem,2,15833,89.92
140525135052048,,LAW501,Harvard,non-Stem,,20403,66.5
140525135039824,2024-11-05,LAW401,Harvard,non-Stem,2,16209,40.87
140525135043920,2024-12-19,LAW401,Harvard,non-Stem,5,15719,42.64
140525135048464,2024-07-08,LAW401,Harvard,non-Stem,4,15014,68.8
140525135041104,2024-10-10,LAW401,Harvard,non-Stem,3,15924,40.05
140525135050256,2024-11-11,LAW401,Harvard,non-Stem,1,16158,64.05
140525135046416,2024-09-26,LAW501,Harvard,non-Stem,,21421,41.35
140525185121168,2024-10-12,LAW401,Harvard,non-Stem,4,16780,49.89
140525185120976,,LAW501,Harvard,non-Stem,3,22303,62.69
140525185121936,2024-10-16,LAW501,Harvard,non-Stem,2,20126,43.66
140525137572880,2024-10-28,LAW501,Harvard,non-Stem,,20719,47.28
140525137563728,2024-07-05,LAW601,Harvard,non-Stem,4,,
140525137570576,2024-12-01,LAW501,Harvard,non-Stem,2,23372,81.44
140525137574352,2024-07-21,LAW501,Harvard,non-Stem,5,20307,45.15
140525137562192,2024-05-15,LAW401,Harvard,non-Stem,4,15717,41.04
140525137563984,2024-09-04,LAW501,Harvard,non-Stem,2,23765,69.25
140525137573904,2024-02-14,LAW601,Harvard,non-Stem,5,26715,46.59
140525137566032,2024-10-10,LAW501,Harvard,non-Stem,4,20807,57.96
140525137570320,2024-10-27,LAW401,Harvard,non-Stem,3,17210,52.36
140525137568784,2024-08-02,LAW401,Harvard,non-Stem,2,16050,52.91
140525137560912,2024-12-31,LAW501,Harvard,non-Stem,2,21412,41.78
140525137565776,2024-08-05,LAW501,Harvard,non-Stem,4,20340,66.26
140525137569296,2024-10-30,LAW501,Harvard,non-Stem,3,20540,70.65
140525137561680,2024-10-14,LAW401,Harvard,non-Stem,2,15829,48.74
140525137560400,2024-10-28,LAW501,Harvard,non-Stem,3,22920,54.64
140525137575120,2024-09-17,LAW401,Harvard,non-Stem,3,17184,89.04
140525137574160,2024-07-27,LAW401,Harvard,non-Stem,2,15299,50.35
140525137565264,2024-11-13,LAW401,Harvard,non-Stem,4,15742,60.94
140525137569552,2024-11-01,LAW401,Harvard,non-Stem,3,18083,44.91
140525137567760,2024-12-24,LAW401,Harvard,non-Stem,4,16436,61.85
140525137571344,2024-09-27,LAW401,Harvard,non-Stem,4,15284,46.04
140525137566992,2024-11-06,LAW401,Harvard,non-Stem,2,,
140525137567248,2024-09-24,LAW401,Harvard,non-Stem,2,16236,61.82
140525137561424,2024-11-09,LAW401,Harvard,non-Stem,3,15102,44.48
140525137572112,2024-09-21,LAW501,Harvard,non-Stem,1,20554,64.78
140525137562704,2024-11-06,LAW501,Harvard,non-Stem,1,21029,40.13
140525137561168,2024-11-24,LAW401,Harvard,non-Stem,4,17359,53.45
140525137565520,2024-11-16,LAW501,Harvard,non-Stem,5,22054,40.87
140525137559696,2024-09-25,LAW501,Harvard,non-Stem,3,20095,51.32
140525137561936,2024-12-25,LAW501,Harvard,non-Stem,4,20160,44.45
140525137564240,2024-11-28,LAW401,Harvard,non-Stem,4,15142,79.99
140525137560208,2024-11-11,LAW401,Harvard,non-Stem,4,18141,64.79
140525137573392,2024-12-16,LAW501,Harvard,non-Stem,2,21076,72.13
140525139515024,2024-12-07,LAW501,Harvard,non-Stem,5,20680,41.41
140525139511440,2024-11-25,LAW501,Harvard,non-Stem,3,20721,81.2
140525139518864,,LAW501,Harvard,non-Stem,4,21323,44.65
140525139510480,2024-10-16,LAW401,Harvard,non-Stem,4,15059,71.82
140525139509456,2024-10-20,LAW401,Harvard,non-Stem,3,17293,43.5
140525139514000,2024-08-10,LAW401,Harvard,non-Stem,2,,
140525139511696,2024-12-15,LAW401,Harvard,non-Stem,3,19318,72.28
140525139521936,2024-09-11,LAW401,Harvard,non-Stem,3,16257,43.86
140525139523984,2024-10-20,LAW501,Harvard,non-Stem,3,21230,47.54
140525139517328,2024-11-16,LAW401,Harvard,non-Stem,2,15565,55.31
140525139523472,2024-11-14,LAW401,Harvard,non-Stem,2,15167,60.38
140525139511952,2024-12-14,LAW501,Harvard,non-Stem,1,,
140525139525264,2024-10-28,LAW501,Harvard,non-Stem,2,20121,89.3
140525139515536,2024-12-31,LAW501,Harvard,non-Stem,2,21731,53.67
140525139512464,2024-10-03,LAW501,Harvard,non-Stem,5,20561,44.47
140525139510992,2024-05-18,LAW501,Harvard,non-Stem,2,21625,49.64
140525139518608,,LAW401,Harvard,non-Stem,1,17347,57.76
140525139521424,2024-04-14,LAW401,Harvard,non-Stem,3,15388,55.15
140525139524496,2024-07-28,LAW401,Harvard,non-Stem,4,16702,84.42
140525139513232,2024-12-09,LAW401,Harvard,non-Stem,3,15131,49.79
140525139515792,2024-12-01,LAW401,Harvard,non-Stem,3,15651,52.3
140525139515280,2024-10-18,LAW401,Harvard,non-Stem,4,16633,59.71
140525139514512,2024-06-02,LAW401,Harvard,non-Stem,2,15011,62.75
140525139513744,2024-11-23,LAW401,Harvard,non-Stem,2,18335,45.09
140525139521680,2024-06-19,LAW401,Harvard,non-Stem,2,16102,41.97
140525139522704,2024-10-25,LAW501,Harvard,non-Stem,,,
140525139512720,2024-06-22,LAW501,Harvard,non-Stem,1,21532,69.62
140525139511248,2024-10-12,LAW501,Harvard,non-Stem,2,20077,66.77
140525139520656,2024-07-29,LAW501,Harvard,non-Stem,2,20307,50.7
140525139520912,2024-10-09,LAW401,Harvard,non-Stem,4,16147,60.37
140525139516816,2024-11-21,LAW401,Harvard,non-Stem,4,15580,45.15
140525139522448,2024-12-23,LAW401,Harvard,non-Stem,3,15281,48.73
140525139514768,2024-12-02,LAW601,Harvard,non-Stem,4,25815,46.21
140525178431696,2024-10-09,LAW401,Harvard,non-Stem,1,16141,46.13
140525178428880,,LAW501,Harvard,non-Stem,4,20207,76.71
140525178427344,2024-11-14,LAW501,Harvard,non-Stem,3,20042,43.1
140525178426320,2024-09-18,LAW501,Harvard,non-Stem,1,20222,41.64
140525178435984,2024-08-26,LAW501,Harvard,non-Stem,1,,
140525178437520,2024-06-09,LAW501,Harvard,non-Stem,4,20337,56.57
140525178429904,2024-08-19,LAW501,Harvard,non-Stem,2,21625,55.3
140525178429648,2024-03-28,LAW601,Harvard,non-Stem,,25479,45.78
140525178432464,2024-07-26,LAW501,Harvard,non-Stem,2,21232,54.28
140525178436752,2024-05-10,LAW401,Harvard,non-Stem,2,16214,73.65
140525178428112,2024-10-03,LAW601,Harvard,non-Stem,4,26534,58.59
140525178425040,2024-12-24,LAW501,Harvard,non-Stem,4,24158,55.9
140525178424784,2024-06-18,LAW501,Harvard,non-Stem,2,22802,41.37
140525178431952,2024-08-11,LAW501,Harvard,non-Stem,2,22255,71.56
140525178426064,2024-10-04,LAW601,Harvard,non-Stem,3,27814,53.95
140525178433680,2024-08-16,LAW401,Harvard,non-Stem,3,15228,71.38
140525178430672,,LAW501,Harvard,non-Stem,3,20514,71.56
140525178436240,2024-04-13,LAW401,Harvard,non-Stem,2,15198,87.95
140525178422992,,LAW401,Harvard,non-Stem,4,,
140525178436496,2024-09-04,LAW401,Harvard,non-Stem,3,16693,43.75
140525178430160,2024-08-20,LAW401,Harvard,non-Stem,4,16142,77.1
140525178437264,2024-10-09,LAW401,Harvard,non-Stem,3,15423,75.35
140525178425296,2024-06-06,LAW501,Harvard,non-Stem,3,21913,65.53
140525178432208,2024-09-17,LAW401,Harvard,non-Stem,2,16132,63.05
140525178427600,2024-12-09,LAW401,Harvard,non-Stem,1,17119,43.22
140525178422480,2024-10-19,LAW501,Harvard,non-Stem,2,20531,55.49
140525178435216,2024-10-19,LAW501,Harvard,non-Stem,3,21148,42.86
140525178423760,2024-12-25,LAW501,Harvard,non-Stem,1,,
140525178426832,2024-05-03,LAW401,Harvard,non-Stem,3,17603,70.29
140525178432976,2024-12-19,LAW501,Harvard,non-Stem,2,20574,67.98
140525178428624,2024-10-27,LAW501,Harvard,non-Stem,3,21320,45.56
140525178424528,2024-12-14,LAW501,Harvard,non-Stem,4,21494,79.1
140525178434704,,LAW401,Harvard,non-Stem,4,15411,52.44
140525178435728,2024-12-29,LAW501,Harvard,non-Stem,2,23259,54.37
140525178433424,2024-11-04,LAW501,Harvard,non-Stem,2,20662,48.08
140525137604816,2024-09-15,LAW401,Harvard,non-Stem,1,15259,59.76
140525137596880,2024-12-30,LAW401,Harvard,non-Stem,2,15506,49.31
140525137603792,2024-09-26,LAW601,Harvard,non-Stem,2,27474,43.1
140525137604304,2024-08-01,LAW401,Harvard,non-Stem,4,15203,42.77
140525137606864,2024-12-14,LAW401,Harvard,non-Stem,4,15980,52.16
140525137602000,2024-11-20,LAW401,Harvard,non-Stem,3,,
140525137593872,2024-10-28,LAW401,Harvard,non-Stem,3,17212,56.89
140525137597136,2024-08-07,LAW501,Harvard,non-Stem,2,23199,47.64
140525137600464,2024-10-31,LAW501,Harvard,non-Stem,5,20633,51.49
140525137597904,2024-07-17,LAW501,Harvard,non-Stem,3,21700,56.52
140525137593616,2024-10-09,LAW401,Harvard,non-Stem,4,16538,80.78
140525137605840,2024-08-31,LAW401,Harvard,non-Stem,,18559,63.96
140525137607312,2024-10-03,LAW401,Harvard,non-Stem,3,,
140525137608080,2024-06-25,LAW401,Harvard,non-Stem,5,,
140525137602256,2024-07-26,LAW501,Harvard,non-Stem,2,20605,49.13
140525137604560,2024-06-25,LAW501,Harvard,non-Stem,2,,
140525137601744,2024-11-21,LAW401,Harvard,non-Stem,5,15433,78.39
140525137603536,2024-07-30,LAW501,Harvard,non-Stem,3,20150,81.2
140525137608592,2024-11-30,LAW401,Harvard,non-Stem,1,15399,47.06
140525137605328,2024-12-18,LAW501,Harvard,non-Stem,5,21618,43.11
140525137599440,2024-12-13,LAW601,Harvard,non-Stem,5,27661,63.61
140525137598160,2024-12-29,LAW501,Harvard,non-Stem,2,22886,60.85
140525137600720,2024-12-12,LAW501,Harvard,non-Stem,2,21666,43.54
140525137593104,2024-10-28,LAW501,Harvard,non-Stem,3,21153,41.26
140525137602768,2024-10-25,LAW401,Harvard,non-Stem,4,16079,66.52
140525137607824,2024-12-12,LAW601,Harvard,non-Stem,4,25978,41.35
140525137596624,2024-09-30,LAW401,Harvard,non-Stem,4,15066,41.12
140525137594128,2024-06-18,LAW501,Harvard,non-Stem,4,20066,60.19
140525137592592,2024-11-25,LAW401,Harvard,non-Stem,3,16798,43.0
140525137606352,2024-07-29,LAW501,Harvard,non-Stem,2,23300,51.69
140525137592848,2024-12-03,LAW401,Harvard,non-Stem,2,16984,47.65
140526253034064,2024-08-25,LAW401,Harvard,non-Stem,1,15234,60.78
140525179484304,2024-08-30,LAW401,Harvard,non-Stem,3,16187,71.52
140525179484240,2024-05-02,LAW501,Harvard,non-Stem,4,21836,57.49
140525179485200,,LAW601,Harvard,non-Stem,,26067,72.01
140525179473744,2024-06-25,LAW401,Harvard,non-Stem,4,15817,69.56
140525179471376,2024-11-24,LAW601,Harvard,non-Stem,2,25896,44.8
140525179473936,2024-08-17,LAW401,Harvard,non-Stem,2,16176,59.4
140525179482896,2024-11-07,LAW401,Harvard,non-Stem,4,17499,53.18
140525179477008,2024-12-10,LAW501,Harvard,non-Stem,3,,
140525179470800,2024-06-03,LAW401,Harvard,non-Stem,3,16042,47.46
140525179479248,2024-12-09,LAW501,Harvard,non-Stem,2,20688,62.1
140525179476048,2024-11-14,LAW401,Harvard,non-Stem,4,17346,52.81
140525179474384,,LAW501,Harvard,non-Stem,3,24026,55.5
140525179482320,2024-12-12,LAW501,Harvard,non-Stem,3,20138,50.24
140525179470288,2024-10-03,LAW401,Harvard,non-Stem,4,17310,41.6
140525179480784,2024-11-12,LAW501,Harvard,non-Stem,4,20134,73.6
140525179472848,2024-12-09,LAW501,Harvard,non-Stem,4,23312,51.57
140525179481872,2024-12-31,LAW501,Harvard,non-Stem,3,,
140525179485904,2024-11-01,LAW401,Harvard,non-Stem,3,17500,64.28
140525179481616,2024-10-20,LAW401,Harvard,non-Stem,3,16212,48.03
140525179481680,2024-12-08,LAW501,Harvard,non-Stem,1,22301,43.7
140525179485648,2024-11-18,LAW501,Harvard,non-Stem,2,21652,69.65
140525179485520,2024-07-29,LAW401,Harvard,non-Stem,2,16009,43.93
140525179478096,2024-05-09,LAW401,Harvard,non-Stem,4,16235,43.85
140525179480464,2024-05-05,LAW501,Harvard,non-Stem,5,21387,70.74
140525179485712,2024-08-07,LAW501,Harvard,non-Stem,4,,
140525179471120,2024-10-22,LAW501,Harvard,non-Stem,3,20510,61.68
140525179470352,2024-10-29,LAW401,Harvard,non-Stem,4,15268,69.8
140525179483472,2024-12-19,LAW501,Harvard,non-Stem,4,20065,58.32
140525179477392,2024-11-02,LAW401,Harvard,non-Stem,2,15482,70.98
140525179484112,2024-10-07,LAW601,Harvard,non-Stem,4,28182,41.98
140525179486032,2024-04-12,LAW501,Harvard,non-Stem,4,20435,62.44
140525179474320,2024-11-27,LAW501,Harvard,non-Stem,5,22029,48.03
140525179474576,2024-12-04,LAW401,Harvard,non-Stem,2,16925,52.88
140525179485968,2024-12-06,LAW501,Harvard,non-Stem,2,21107,41.58
140525179479440,2024-12-08,LAW401,Harvard,non-Stem,3,16250,56.81
140525179481936,,LAW501,Harvard,non-Stem,4,23787,70.05
140525179477072,2024-10-08,LAW401,Harvard,non-Stem,,15718,59.56
140525179473424,2024-12-06,LAW401,Harvard,non-Stem,1,16990,50.92
140525179484752,2024-12-03,LAW501,Harvard,non-Stem,3,21560,65.15
140525179483984,2024-06-24,LAW401,Harvard,non-Stem,3,15353,47.47
140525179470096,2024-12-30,LAW401,Harvard,non-Stem,3,,
140525179482064,2024-12-28,LAW401,Harvard,non-Stem,3,15891,44.12
140525179478480,2024-11-10,LAW601,Harvard,non-Stem,3,27569,52.23
140525179483344,2024-10-14,LAW401,Harvard,non-Stem,2,,
140525179480016,2024-08-22,LAW601,Harvard,non-Stem,3,26746,59.17
140525179485328,2024-10-16,LAW501,Harvard,non-Stem,3,,
140525179477584,2024-11-28,LAW401,Harvard,non-Stem,3,16060,89.08
140525179478992,2024-12-30,LAW401,Harvard,non-Stem,2,15726,42.46
140525179470672,2024-11-29,LAW401,Harvard,non-Stem,2,15780,73.14
140525179480080,2024-06-25,LAW401,Harvard,non-Stem,4,18045,64.66
140525179486160,2024-12-08,LAW501,Harvard,non-Stem,3,23084,49.56
140525179483216,2024-12-03,LAW401,Harvard,non-Stem,4,15635,45.44
140525179481104,2024-07-18,LAW401,Harvard,non-Stem,3,17225,54.66
140525179475024,2024-09-30,LAW501,Harvard,non-Stem,3,23400,56.74
140525179483088,2024-08-27,LAW401,Harvard,non-Stem,2,16026,81.21
140525179483856,2024-09-03,LAW501,Harvard,non-Stem,3,20020,61.97
140525179479888,2024-09-23,LAW501,Harvard,non-Stem,1,20854,53.23
140525179478288,2024-12-19,LAW501,Harvard,non-Stem,2,22252,44.34
140525179477840,2024-10-02,LAW501,Harvard,non-Stem,5,20689,48.74
140525179475792,2024-08-12,LAW401,Harvard,non-Stem,2,15592,57.26
140525179480400,2024-12-01,LAW501,Harvard,non-Stem,1,20918,58.45
140525179472144,2024-11-21,LAW401,Harvard,non-Stem,4,15994,45.04
140525179472400,2024-11-30,LAW501,Harvard,non-Stem,2,21683,42.98
140525179477776,2024-12-08,LAW601,Harvard,non-Stem,4,27097,40.82
140525179477264,2024-06-14,LAW501,Harvard,non-Stem,3,23303,71.08
140525179475664,2024-10-11,LAW401,Harvard,non-Stem,4,16317,59.86
140525179474192,2024-11-14,LAW501,Harvard,non-Stem,,20679,43.02
140525179478352,2024-06-19,LAW401,Harvard,non-Stem,,16233,63.62
140525179481296,2024-08-11,LAW401,Harvard,non-Stem,2,15862,54.06
140525179482384,2024-10-24,LAW501,Harvard,non-Stem,5,21711,49.25
140525179479568,2024-09-24,LAW501,Harvard,non-Stem,3,21558,67.59
140525179473168,2024-12-08,LAW501,Harvard,non-Stem,3,20246,50.33
140525179484688,2024-11-29,LAW401,Harvard,non-Stem,4,15154,50.79
140525179477456,2024-11-15,LAW501,Harvard,non-Stem,2,20714,60.71
140525179485456,2024-10-23,LAW401,Harvard,non-Stem,4,16294,60.66
140525179470544,2024-08-30,LAW501,Harvard,non-Stem,4,,
140525179477136,2024-11-30,LAW401,Harvard,non-Stem,4,15016,48.92
140525179473616,2024-04-06,LAW401,Harvard,non-Stem,1,15990,75.02
140525179469904,2024-11-20,LAW501,Harvard,non-Stem,1,23415,45.85
140525179482128,2024-11-19,LAW501,Harvard,non-Stem,3,20163,69.51
140525179472272,2024-08-11,LAW401,Harvard,non-Stem,4,16432,50.23
140525179480656,2024-11-22,LAW401,Harvard,non-Stem,3,15541,43.5
140525179475088,2024-09-18,LAW501,Harvard,non-Stem,3,23237,42.01
140525179470992,2024-09-18,LAW501,Harvard,non-Stem,4,21153,45.27
140525179479504,,LAW501,Harvard,non-Stem,4,21400,56.34
140525179484944,2024-09-17,LAW501,Harvard,non-Stem,2,19999,43.36
140525179478736,2024-06-18,LAW501,Harvard,non-Stem,2,20428,46.37
140525179474704,2024-06-18,LAW401,Harvard,non-Stem,5,16952,48.83
140525179478160,2024-07-05,LAW401,Harvard,non-Stem,2,16362,45.63
140525179471760,2024-12-21,LAW501,Harvard,non-Stem,4,20615,88.02
140525179470160,2024-04-17,LAW401,Harvard,non-Stem,4,16661,53.56
140525179476496,2024-12-31,LAW401,Harvard,non-Stem,3,15051,68.82
140525179477520,2024-08-11,LAW501,Harvard,non-Stem,2,,
140525179483728,2024-08-19,LAW401,Harvard,non-Stem,1,16240,57.11
140525179481424,2024-09-05,LAW501,Harvard,non-Stem,5,22714,78.34
140525179472016,2024-12-25,LAW501,Harvard,non-Stem,4,21168,54.49
140525179471888,2024-11-09,LAW401,Harvard,non-Stem,5,15755,53.65
140525179484880,2024-11-25,LAW501,Harvard,non-Stem,3,20186,45.73
140525179477904,2024-09-02,LAW501,Harvard,non-Stem,2,20303,52.33
140525179472784,2024-05-31,LAW401,Harvard,non-Stem,1,16859,49.98
140525179476752,2024-11-30,LAW501,Harvard,non-Stem,4,21079,42.59
140525179480848,2024-11-23,LAW501,Harvard,non-Stem,2,23383,53.99
140525179476368,2024-07-26,LAW601,Harvard,non-Stem,3,25392,83.77
140525179485392,2024-11-25,LAW501,Harvard,non-Stem,1,23010,56.98
140525185702672,2024-05-18,LAW501,Harvard,non-Stem,2,,
140525185697680,2024-08-12,LAW401,Harvard,non-Stem,2,16395,79.07
140525185709840,2024-05-05,LAW501,Harvard,non-Stem,2,20319,44.94
140525185704400,2024-04-26,LAW401,Harvard,non-Stem,4,15603,74.13
140525185700944,2024-12-17,LAW401,Harvard,non-Stem,3,16920,69.43
140525185708176,,LAW401,Harvard,non-Stem,1,17696,41.61
140525185697232,2024-07-26,LAW501,Harvard,non-Stem,1,,
140525185711824,2024-04-20,LAW501,Harvard,non-Stem,3,20741,47.59
140525185699280,2024-07-24,LAW401,Harvard,non-Stem,3,,
140525185702480,2024-11-03,LAW401,Harvard,non-Stem,3,17621,66.08
140525185705936,2024-12-28,LAW401,Harvard,non-Stem,3,15988,47.34
140525185696912,2024-06-17,LAW501,Harvard,non-Stem,2,21549,73.85
140525185709136,2024-12-10,LAW401,Harvard,non-Stem,4,17488,56.04
140525185710352,2024-08-12,LAW401,Harvard,non-Stem,4,,
140525185699088,2024-09-24,LAW501,Harvard,non-Stem,3,22240,48.05
140525185701136,2024-10-17,LAW401,Harvard,non-Stem,2,16538,40.82
140525185703888,2024-06-13,LAW501,Harvard,non-Stem,3,21843,73.37
140525185710672,,LAW401,Harvard,non-Stem,3,18017,42.39
140525185705552,2024-12-06,LAW401,Harvard,non-Stem,2,19278,49.59
140525185701456,2024-10-31,LAW401,Harvard,non-Stem,3,15599,40.7
140525185707344,2024-10-11,LAW401,Harvard,non-Stem,2,15442,62.27
140525185707600,2024-09-13,LAW501,Harvard,non-Stem,1,23019,55.77
140525185696976,2024-11-23,LAW601,Harvard,non-Stem,3,25375,64.06
140525185696208,2024-08-19,LAW501,Harvard,non-Stem,3,,
140525185703184,2024-09-15,LAW601,Harvard,non-Stem,3,28096,69.85
140525185702416,2024-04-02,LAW601,Harvard,non-Stem,4,25773,54.63
140525185704976,2024-05-15,LAW401,Harvard,non-Stem,3,,
140525185703248,2024-03-20,LAW401,Harvard,non-Stem,2,17953,60.4
140525185711184,2024-09-02,LAW401,Harvard,non-Stem,4,17522,44.64
140525185702736,2024-08-13,LAW501,Harvard,non-Stem,4,20395,70.22
140525185701200,2024-08-08,LAW501,Harvard,non-Stem,2,20760,56.87
140525185705168,2024-12-14,LAW401,Harvard,non-Stem,2,16123,57.56
140525185698640,2024-07-18,LAW401,Harvard,non-Stem,4,15077,43.07
140525185703376,2024-06-24,LAW401,Harvard,non-Stem,3,16506,49.79
140525185696848,2024-12-23,LAW501,Harvard,non-Stem,2,21130,47.5
140525185706320,,LAW401,Harvard,non-Stem,1,17311,62.46
140525185701584,2024-09-11,LAW601,Harvard,non-Stem,1,25647,66.58
140525185698768,2024-05-13,LAW401,Harvard,non-Stem,3,16167,72.99
140525185711952,2024-11-10,LAW501,Harvard,non-Stem,4,21239,46.79
140525185705616,2024-08-24,LAW501,Harvard,non-Stem,5,20218,72.66
140525185702160,2024-11-24,LAW501,Harvard,non-Stem,2,20473,47.61
140525185707536,2024-12-24,LAW501,Harvard,non-Stem,2,20257,62.59
140525185700880,2024-07-27,LAW401,Harvard,non-Stem,4,15338,46.37
140525185711568,2024-09-18,LAW401,Harvard,non-Stem,4,15451,76.52
140525185708752,2024-07-13,LAW501,Harvard,non-Stem,4,23473,51.9
140525185701712,2024-09-02,LAW601,Harvard,non-Stem,1,,
140525185702352,2024-10-21,LAW401,Harvard,non-Stem,4,15846,65.89
140525185697360,2024-09-08,LAW401,Harvard,non-Stem,2,15269,76.88
140525185705424,2024-11-21,LAW501,Harvard,non-Stem,4,20061,41.98
140525185711632,2024-12-20,LAW401,Harvard,non-Stem,4,17535,40.68
140525185701328,2024-11-05,LAW401,Harvard,non-Stem,4,17289,61.84
140525185701904,2024-10-28,LAW501,Harvard,non-Stem,5,22451,46.95
140525185709648,2024-10-15,LAW501,Harvard,non-Stem,4,20899,44.87
140525185707024,2024-10-29,LAW401,Harvard,non-Stem,4,15141,41.0
140525185703632,2024-11-27,LAW401,Harvard,non-Stem,3,16948,80.4
140525185699408,2024-11-10,LAW401,Harvard,non-Stem,5,15898,50.65
140525185706512,2024-08-12,LAW501,Harvard,non-Stem,4,21520,79.17
140525185711888,2024-10-21,LAW501,Harvard,non-Stem,2,20298,49.74
140525185703120,2024-10-13,LAW401,Harvard,non-Stem,2,17043,40.06
140525185711056,2024-12-30,LAW401,Harvard,non-Stem,3,,
140525185708368,2024-11-02,LAW501,Harvard,non-Stem,4,21637,43.53
140525185700432,2024-06-04,LAW501,Harvard,non-Stem,1,20396,66.0
140525185698064,2024-06-17,LAW401,Harvard,non-Stem,3,18181,41.8
140525185704656,2024-10-11,LAW501,Harvard,non-Stem,2,20572,62.31
140525185709904,,LAW501,Harvard,non-Stem,3,24313,43.64
140525185710096,2024-11-07,LAW501,Harvard,non-Stem,3,20579,53.15
140525185701968,2024-03-03,LAW401,Harvard,non-Stem,3,17598,59.64
140525185703696,2024-09-10,LAW501,Harvard,non-Stem,5,21233,43.73
140525185696016,,LAW501,Harvard,non-Stem,3,21509,67.77
140525185696528,2024-11-13,LAW501,Harvard,non-Stem,1,,
140525185696720,2024-11-23,LAW601,Harvard,non-Stem,4,25418,40.52
140525185704592,2024-11-29,LAW401,Harvard,non-Stem,4,15122,51.85
140525185707984,2024-10-29,LAW401,Harvard,non-Stem,3,15284,45.98
140525185705488,2024-06-27,LAW401,Harvard,non-Stem,4,16809,40.88
140525185702224,2024-09-20,LAW401,Harvard,non-Stem,4,17426,45.15
140525185706960,2024-11-10,LAW501,Harvard,non-Stem,4,21389,54.22
140525185697744,2024-09-21,LAW401,Harvard,non-Stem,4,17974,42.19
140525185700816,2024-12-11,LAW401,Harvard,non-Stem,,15995,57.55
140525185703952,,LAW401,Harvard,non-Stem,5,17088,57.38
140525185704912,2024-08-11,LAW601,Harvard,non-Stem,2,25293,57.19
140525185696336,2024-10-19,LAW401,Harvard,non-Stem,1,,
140525185698896,2024-12-24,LAW401,Harvard,non-Stem,1,15638,52.15
140525185699152,2024-11-23,LAW401,Harvard,non-Stem,3,16156,41.03
140525185711440,2024-12-18,LAW401,Harvard,non-Stem,3,16420,47.08
140525185706768,2024-10-19,LAW501,Harvard,non-Stem,5,20742,49.42
140525185704720,2024-09-24,LAW401,Harvard,non-Stem,4,15024,40.32
140525185697040,2024-08-24,LAW401,Harvard,non-Stem,3,17319,64.61
140525185709392,2024-09-24,LAW501,Harvard,non-Stem,3,20147,74.76
140525185696080,2024-11-12,LAW501,Harvard,non-Stem,2,20677,84.79
140525185710544,2024-09-01,LAW401,Harvard,non-Stem,4,16887,51.03
140525185711120,2024-08-05,LAW401,Harvard,non-Stem,3,17085,67.9
140525185702608,2024-11-16,LAW401,Harvard,non-Stem,2,15904,45.08
140525185701072,2024-06-07,LAW501,Harvard,non-Stem,2,20601,42.97
140525185698832,2024-10-24,LAW501,Harvard,non-Stem,3,20788,50.82
140525185706064,2024-09-20,LAW401,Harvard,non-Stem,2,16227,81.05
140525185705296,2024-06-02,LAW401,Harvard,non-Stem,3,17517,63.13
140525185711696,2024-07-26,LAW401,Harvard,non-Stem,3,15333,40.84
140525185709328,2024-10-06,LAW401,Harvard,non-Stem,4,15344,66.05
140525185696272,,LAW401,Harvard,non-Stem,3,15813,40.16
140525185699920,2024-11-27,LAW501,Harvard,non-Stem,2,20904,64.91
140525185709520,2024-07-06,LAW401,Harvard,non-Stem,4,18806,68.94
140525185710928,2024-05-19,LAW401,Harvard,non-Stem,4,17517,61.41
140525185709584,,LAW501,Harvard,non-Stem,5,21804,58.71
140525185700112,2024-11-20,LAW501,Harvard,non-Stem,5,20449,55.91
140525136337936,2024-11-24,LAW501,Harvard,non-Stem,2,21541,58.3
140525136335888,2024-10-19,LAW501,Harvard,non-Stem,4,21870,40.8
140525136330896,2024-06-30,LAW401,Harvard,non-Stem,4,18609,40.89
140525136337424,2024-05-12,LAW401,Harvard,non-Stem,2,18003,79.92
140525136333456,2024-11-06,LAW501,Harvard,non-Stem,4,20402,44.04
140525136336400,2024-11-01,LAW501,Harvard,non-Stem,2,20472,52.9
140525136339984,,LAW501,Harvard,non-Stem,3,20451,70.26
140525136334672,2024-12-21,LAW401,Harvard,non-Stem,3,16140,55.99
140525136340752,2024-09-30,LAW401,Harvard,non-Stem,2,15282,64.38
140525136345296,2024-12-27,LAW501,Harvard,non-Stem,2,20958,47.43
140525136337680,2024-09-27,LAW501,Harvard,non-Stem,2,21985,51.88
140525136346512,2024-08-16,LAW601,Harvard,non-Stem,2,26272,44.24
140525136333968,2024-10-16,LAW501,Harvard,non-Stem,4,22244,43.44
140525136342800,2024-10-25,LAW401,Harvard,non-Stem,4,18209,42.28
140525136334480,2024-07-04,LAW401,Harvard,non-Stem,3,17780,73.01
140525136342288,,LAW401,Harvard,non-Stem,2,15745,49.14
140525136344336,2024-11-09,LAW401,Harvard,non-Stem,3,15937,58.47
140525136335120,2024-07-19,LAW501,Harvard,non-Stem,5,22017,42.94
140525136344592,2024-09-14,LAW501,Harvard,non-Stem,2,20504,41.73
140525136339728,2024-07-31,LAW501,Harvard,non-Stem,3,20328,43.57
140525136346768,2024-11-23,LAW501,Harvard,non-Stem,3,,
140525136334928,2024-07-03,LAW401,Harvard,non-Stem,3,15453,58.99
140525136343568,2024-08-28,LAW501,Harvard,non-Stem,3,21227,66.57
140525136337168,2024-11-04,LAW501,Harvard,non-Stem,3,20159,48.1
140525136341776,2024-12-18,LAW501,Harvard,non-Stem,2,22156,42.1
140525136331408,2024-11-06,LAW501,Harvard,non-Stem,2,20915,48.05
140526254493968,2024-11-05,LAW501,Harvard,non-Stem,4,20370,40.71
140526254494544,2024-12-19,LAW401,Harvard,non-Stem,2,15262,53.78
140525136367312,2024-10-06,LAW401,Harvard,non-Stem,2,,
140525136365008,2024-12-16,LAW401,Harvard,non-Stem,2,17220,79.92
140525136378832,2024-07-17,LAW401,Harvard,non-Stem,3,15689,71.43
140525136370640,2024-09-24,LAW501,Harvard,non-Stem,4,20239,48.28
140525136364240,2024-12-09,LAW501,Harvard,non-Stem,4,22740,53.94
140525136376272,2024-10-06,LAW501,Harvard,non-Stem,3,20431,49.24
140525136376016,2024-04-10,LAW401,Harvard,non-Stem,4,15586,57.96
140525136365264,2024-12-11,LAW401,Harvard,non-Stem,5,15413,51.43
140525136370384,2024-11-10,LAW401,Harvard,non-Stem,3,17062,64.18
140525136378576,2024-10-07,LAW401,Harvard,non-Stem,2,16940,41.28
140525136366800,2024-11-01,LAW501,Harvard,non-Stem,1,20720,48.93
140525136369872,2024-03-31,LAW401,Harvard,non-Stem,2,17178,64.06
140525136374224,,LAW601,Harvard,non-Stem,2,,
140525136375760,2024-10-06,LAW401,Harvard,non-Stem,3,16410,40.66
140525136368848,2024-09-20,LAW501,Harvard,non-Stem,2,22832,48.46
140525136366032,2024-12-08,LAW501,Harvard,non-Stem,2,22745,44.56
140525136373712,2024-05-13,LAW401,Harvard,non-Stem,3,16141,50.1
140525136378320,,LAW401,Harvard,non-Stem,,16975,55.54
140525136368336,2024-12-26,LAW401,Harvard,non-Stem,5,17225,46.48
140525136372176,2024-10-23,LAW401,Harvard,non-Stem,5,15071,54.69
140525136370128,2024-12-11,LAW501,Harvard,non-Stem,3,22985,69.6
140525136363984,2024-06-27,LAW501,Harvard,non-Stem,,22489,44.51
140525136369104,2024-10-29,LAW401,Harvard,non-Stem,4,16286,42.29
140525136366544,2024-12-13,LAW601,Harvard,non-Stem,4,25105,75.51
140525136377040,2024-11-06,LAW401,Harvard,non-Stem,3,15223,53.16
140525136379088,2024-12-11,LAW401,Harvard,non-Stem,4,15253,65.13
140525136379792,2024-06-09,LAW401,Harvard,non-Stem,4,15221,48.08
140525136368080,2024-12-23,LAW501,Harvard,non-Stem,2,20412,59.76
140525136364752,,LAW601,Harvard,non-Stem,3,25381,53.7
140525136376528,2024-07-14,LAW401,Harvard,non-Stem,4,16999,40.56
140525136371920,2024-10-16,LAW501,Harvard,non-Stem,,21102,60.28
140525136379344,2024-12-31,LAW401,Harvard,non-Stem,3,15552,40.24
140525136365776,2024-11-21,LAW401,Harvard,non-Stem,4,15333,53.6
140525177945232,,LAW501,Harvard,non-Stem,2,20320,51.68
140525177937296,2024-11-13,LAW501,Harvard,non-Stem,3,20981,72.99
140525177942672,2024-09-16,LAW401,Harvard,non-Stem,2,18058,58.72
140525177935056,2024-12-11,LAW501,Harvard,non-Stem,3,20046,74.98
140525177935760,2024-11-15,LAW401,Harvard,non-Stem,2,15152,46.35
140525177943696,2024-11-12,LAW401,Harvard,non-Stem,4,16608,59.54
140525177938064,2024-08-09,LAW501,Harvard,non-Stem,2,20442,54.93
140525177941904,2024-12-14,LAW401,Harvard,non-Stem,5,15527,63.16
140525177941392,2024-12-09,LAW401,Harvard,non-Stem,4,17096,74.36
140525177931472,2024-11-19,LAW401,Harvard,non-Stem,3,16919,42.6
140525177937040,2024-04-15,LAW401,Harvard,non-Stem,2,16671,52.35
140525177930960,,LAW501,Harvard,non-Stem,1,20564,47.11
140525177937808,2024-08-14,LAW401,Harvard,non-Stem,2,16691,41.99
140525177938576,2024-09-09,LAW401,Harvard,non-Stem,3,15090,73.59
140525177940624,2024-10-27,LAW401,Harvard,non-Stem,2,15204,60.48
140525177933520,2024-09-17,LAW401,Harvard,non-Stem,3,15352,77.84
140525177938832,,LAW501,Harvard,non-Stem,2,20281,54.29
140525177937552,2024-07-27,LAW501,Harvard,non-Stem,2,20127,67.61
140525177931728,2024-12-01,LAW401,Harvard,non-Stem,3,16847,40.62
140525177944464,2024-12-09,LAW601,Harvard,non-Stem,3,26113,77.06
140525177933776,2024-11-09,LAW501,Harvard,non-Stem,4,20723,49.13
140525177936528,2024-09-13,LAW401,Harvard,non-Stem,5,16369,40.76
140525177942160,2024-12-30,LAW401,Harvard,non-Stem,4,15980,63.98
140525177941136,2024-10-02,LAW401,Harvard,non-Stem,2,16554,65.71
140525177942416,2024-09-07,LAW401,Harvard,non-Stem,3,18001,46.69
140525177933264,2024-09-18,LAW501,Harvard,non-Stem,2,20233,66.16
140525177940112,2024-11-16,LAW501,Harvard,non-Stem,3,20049,59.61
140525177944976,2024-12-28,LAW501,Harvard,non-Stem,,22060,61.0
140525177941648,2024-12-25,LAW501,Harvard,non-Stem,3,20267,71.12
140525177932752,2024-12-28,LAW401,Harvard,non-Stem,4,15917,49.71
140525177936016,2024-04-06,LAW401,Harvard,non-Stem,4,17486,57.91
140525133368720,2024-07-25,LAW501,Harvard,non-Stem,3,22248,57.67
140525133369744,2024-06-03,LAW501,Harvard,non-Stem,2,23096,54.71
140525133365392,2024-09-28,LAW401,Harvard,non-Stem,3,17780,57.3
140525133366928,2024-10-12,LAW401,Harvard,non-Stem,1,,
140525133368208,2024-09-25,LAW501,Harvard,non-Stem,2,21482,48.78
140525133368976,2024-03-24,LAW501,Harvard,non-Stem,4,21132,43.94
140525133378384,2024-11-13,LAW501,Harvard,non-Stem,4,20373,60.04
140525133367440,2024-12-04,LAW501,Harvard,non-Stem,3,,
140525133370960,2024-05-05,LAW601,Harvard,non-Stem,2,25721,55.12
140525133367696,2024-11-30,LAW501,Harvard,non-Stem,3,20384,43.33
140525133368464,2024-12-05,LAW501,Harvard,non-Stem,4,21506,40.5
140525133367952,2024-11-28,LAW401,Harvard,non-Stem,3,15036,53.25
140525133366160,2024-09-13,LAW501,Harvard,non-Stem,4,20376,44.65
140525133373520,2024-05-02,LAW401,Harvard,non-Stem,4,16689,45.22
140525133372496,2024-07-15,LAW501,Harvard,non-Stem,2,21855,41.61
140525133375824,2024-10-31,LAW401,Harvard,non-Stem,4,15841,52.09
140525133373776,2024-11-10,LAW401,Harvard,non-Stem,4,19005,67.84
140525182108624,2024-11-08,LAW501,Harvard,non-Stem,2,21117,56.26
140525182114448,2024-11-06,LAW501,Harvard,non-Stem,4,21679,75.24
140525182117008,2024-11-23,LAW401,Harvard,non-Stem,4,15325,51.66
140525182120528,2024-12-18,LAW501,Harvard,non-Stem,3,24243,58.52
140525182117840,2024-11-05,LAW501,Harvard,non-Stem,,21366,42.8
140525182113744,2024-10-23,LAW501,Harvard,non-Stem,2,20548,40.25
140525182114128,2024-12-16,LAW401,Harvard,non-Stem,3,15624,42.71
140525182116048,2024-12-20,LAW401,Harvard,non-Stem,2,16733,54.43
140525182108176,2024-12-14,LAW401,Harvard,non-Stem,4,,
140525182107728,2024-11-22,LAW501,Harvard,non-Stem,,21227,63.13
140525182116304,2024-12-08,LAW401,Harvard,non-Stem,2,16626,40.57
140525182115472,2024-09-01,LAW501,Harvard,non-Stem,3,21386,41.12
140525182107920,2024-05-28,LAW401,Harvard,non-Stem,3,18052,72.3
140525182110352,2024-04-13,LAW501,Harvard,non-Stem,2,20667,49.94
140525182114768,2024-12-07,LAW401,Harvard,non-Stem,4,15358,61.08
140525182114512,2024-10-11,LAW501,Harvard,non-Stem,3,22957,50.06
140525182110608,2024-11-11,LAW501,Harvard,non-Stem,5,22405,41.88
140525182123472,2024-10-11,LAW501,Harvard,non-Stem,1,21337,60.69
140525182108304,2024-07-08,LAW401,Harvard,non-Stem,5,16393,52.81
140525182113424,2024-09-11,LAW401,Harvard,non-Stem,4,16392,57.18
140525182122448,2024-04-02,LAW501,Harvard,non-Stem,1,21007,52.48
140525182120656,2024-08-05,LAW401,Harvard,non-Stem,3,15076,60.55
140525182118736,2024-09-22,LAW401,Harvard,non-Stem,3,15712,45.7
140525182115216,2024-07-08,LAW401,Harvard,non-Stem,2,16923,43.96
140525182115728,2024-12-20,LAW401,Harvard,non-Stem,3,15965,74.33
140525182113104,2024-06-14,LAW401,Harvard,non-Stem,3,16666,43.53
140525182109328,2024-08-07,LAW401,Harvard,non-Stem,2,17916,68.49
140525182122256,2024-10-31,LAW501,Harvard,non-Stem,3,23459,50.61
140525182114000,2024-12-01,LAW501,Harvard,non-Stem,2,20905,41.32
140525182120976,2024-09-22,LAW501,Harvard,non-Stem,3,20939,48.33
140525182113040,2024-07-16,LAW401,Harvard,non-Stem,2,16316,52.58
140525182117200,2024-09-27,LAW401,Harvard,non-Stem,3,15971,53.51
140525182115920,2024-12-28,LAW401,Harvard,non-Stem,1,15369,44.13
140525182115792,2024-09-22,LAW401,Harvard,non-Stem,5,16104,68.47
140525182121552,2024-12-16,LAW401,Harvard,non-Stem,2,15953,65.67
140525182109584,,LAW401,Harvard,non-Stem,3,,
140525182117072,2024-09-11,LAW401,Harvard,non-Stem,,15368,43.0
140525182116496,2024-08-29,LAW501,Harvard,non-Stem,4,20043,54.48
140525182115984,2024-10-31,LAW501,Harvard,non-Stem,5,21802,49.02
140525182117712,2024-05-19,LAW401,Harvard,non-Stem,3,15526,50.97
140525182110288,2024-12-05,LAW501,Harvard,non-Stem,2,22061,45.02
140525182116816,2024-10-13,LAW401,Harvard,non-Stem,3,17035,56.96
140525182109968,2024-09-29,LAW401,Harvard,non-Stem,,15302,58.72
140525182121232,2024-12-12,LAW401,Harvard,non-Stem,4,17609,48.53
140525182118992,2024-07-12,LAW401,Harvard,non-Stem,3,15100,44.29
140525182112016,2024-10-08,LAW401,Harvard,non-Stem,1,15230,63.83
140525182123920,2024-12-28,LAW401,Harvard,non-Stem,3,16749,59.07
140525182109840,2024-09-17,LAW501,Harvard,non-Stem,3,21148,55.46
140525182116432,2024-05-31,LAW401,Harvard,non-Stem,3,16725,60.24
140525182114192,2024-11-14,LAW501,Harvard,non-Stem,2,,
140525182107984,2024-12-04,LAW501,Harvard,non-Stem,1,,
140525182123792,2024-12-01,LAW401,Harvard,non-Stem,3,15205,52.62
140525182118928,2024-12-09,LAW401,Harvard,non-Stem,2,16015,57.4
140525182123024,2024-12-04,LAW501,Harvard,non-Stem,1,21207,49.72
140525182111888,2024-10-25,LAW401,Harvard,non-Stem,4,15168,51.0
140525182119184,2024-12-21,LAW401,Harvard,non-Stem,2,16836,48.24
140525182117392,2024-12-11,LAW501,Harvard,non-Stem,2,20322,53.72
140525182119952,2024-12-27,LAW401,Harvard,non-Stem,4,16244,57.06
140525182122192,2024-09-16,LAW501,Harvard,non-Stem,5,,
140525182119888,2024-10-05,LAW501,Harvard,non-Stem,3,21624,50.11
140525182118224,2024-11-02,LAW501,Harvard,non-Stem,3,20880,82.23
140525182108112,2024-07-11,LAW401,Harvard,non-Stem,3,18397,57.34
140525182116688,2024-10-09,LAW501,Harvard,non-Stem,3,20889,70.46
140525182120912,2024-10-24,LAW401,Harvard,non-Stem,3,16495,49.72
140525182112592,2024-03-14,LAW501,Harvard,non-Stem,2,,
140525182121936,2024-12-19,LAW401,Harvard,non-Stem,,16552,43.05
140525182121296,2024-10-06,LAW401,Harvard,non-Stem,3,15841,49.6
140525182118480,2024-06-05,LAW401,Harvard,non-Stem,5,15193,61.36
140525182120016,2024-11-13,LAW601,Harvard,non-Stem,4,25325,46.93
140525182119248,2024-05-10,LAW401,Harvard,non-Stem,4,17400,70.03
140525182123984,2024-12-15,LAW401,Harvard,non-Stem,4,16996,48.24
140525182111440,2024-10-05,LAW401,Harvard,non-Stem,5,,
140525182117648,2024-11-15,LAW501,Harvard,non-Stem,3,20169,54.14
140525182110736,2024-09-18,LAW501,Harvard,non-Stem,4,20802,42.06
140525182117904,2024-11-24,LAW401,Harvard,non-Stem,2,16505,58.37
140525182115024,2024-12-20,LAW501,Harvard,non-Stem,2,21311,48.12
140525182115536,2024-12-13,LAW501,Harvard,non-Stem,2,20952,66.64
140525182120784,2024-11-11,LAW401,Harvard,non-Stem,1,17818,40.85
140525182110864,2024-12-05,LAW501,Harvard,non-Stem,3,20782,47.26
140525182110928,2024-12-05,LAW501,Harvard,non-Stem,,20744,40.79
140525182113616,2024-06-03,LAW501,Harvard,non-Stem,4,20189,56.38
140525182115280,2024-11-27,LAW401,Harvard,non-Stem,5,15276,63.71
140525182121488,2024-10-29,LAW401,Harvard,non-Stem,2,,
140525182119376,2024-11-13,LAW401,Harvard,non-Stem,1,15141,78.64
140525182122704,2024-12-30,LAW501,Harvard,non-Stem,4,21730,46.93
140525182123664,2024-09-27,LAW401,Harvard,non-Stem,3,16146,43.62
140525182117456,2024-12-30,LAW401,Harvard,non-Stem,2,15352,56.98
140525182116176,2024-09-01,LAW401,Harvard,non-Stem,2,15205,43.32
140525182115152,2024-12-03,LAW401,Harvard,non-Stem,3,15685,40
140525182108560,2024-09-16,LAW401,Harvard,non-Stem,3,15053,75.67
140525182114384,2024-10-21,LAW601,Harvard,non-Stem,2,25314,47.14
140525182113680,2024-07-20,LAW501,Harvard,non-Stem,4,,
140525182110800,2024-07-17,LAW401,Harvard,non-Stem,2,15065,65.33
140525182109712,2024-08-09,LAW401,Harvard,non-Stem,2,19812,50.3
140525182112400,2024-10-04,LAW401,Harvard,non-Stem,5,17296,78.09
140525182122832,2024-07-10,LAW401,Harvard,non-Stem,5,16596,57.66
140525182113168,2024-09-01,LAW601,Harvard,non-Stem,3,25590,44.3
140525182119504,,LAW401,Harvard,non-Stem,2,19148,52.99
140525136648592,2024-07-16,LAW501,Harvard,non-Stem,2,21098,73.12
140525136645840,2024-12-07,LAW401,Harvard,non-Stem,4,15013,43.96
140525136656272,2024-05-22,LAW501,Harvard,non-Stem,4,21592,87.27
140525136646864,2024-10-30,LAW401,Harvard,non-Stem,4,15164,86.66
140525136655120,2024-08-27,LAW501,Harvard,non-Stem,3,21529,48.57
140525136655504,2024-09-12,LAW401,Harvard,non-Stem,2,16183,59.32
140525136650128,2024-09-15,LAW401,Harvard,non-Stem,4,16574,63.73
140525136647056,2024-09-10,LAW401,Harvard,non-Stem,3,17977,46.92
140525136657296,2024-07-13,LAW401,Harvard,non-Stem,4,,
140525136649616,2024-12-01,LAW401,Harvard,non-Stem,4,15504,60.04
140525136649360,2024-11-26,LAW501,Harvard,non-Stem,3,21604,41.37
140525136647312,2024-07-31,LAW501,Harvard,non-Stem,1,21038,56.39
140525136651408,2024-10-02,LAW501,Harvard,non-Stem,2,20777,45.44
140525136644880,2024-10-22,LAW401,Harvard,non-Stem,4,,
140525136645328,2024-11-11,LAW401,Harvard,non-Stem,,15041,41.18
140525136657552,2024-09-19,LAW501,Harvard,non-Stem,3,23536,50.91
140525136654352,2024-07-10,LAW501,Harvard,non-Stem,3,21521,81.07
140525136646608,2024-08-16,LAW501,Harvard,non-Stem,4,21095,43.92
140525136648080,2024-11-11,LAW501,Harvard,non-Stem,2,20643,49.02
140525136642128,2024-05-24,LAW601,Harvard,non-Stem,1,27506,46.88
140525136650640,2024-09-26,LAW601,Harvard,non-Stem,3,,
140525136647824,2024-11-19,LAW501,Harvard,non-Stem,2,22034,63.28
140525136657808,2024-12-13,LAW401,Harvard,non-Stem,2,15693,42.7
140525136645584,2024-07-22,LAW401,Harvard,non-Stem,4,16942,64.02
140525136643856,2024-09-21,LAW501,Harvard,non-Stem,3,20978,61.73
140525136649872,2024-08-02,LAW501,Harvard,non-Stem,3,,
140525136651664,2024-08-26,LAW401,Harvard,non-Stem,4,17740,49.31
140525136651152,2024-08-24,LAW401,Harvard,non-Stem,2,15602,40.2
140525136654096,2024-10-17,LAW401,Harvard,non-Stem,3,16271,43.91
140525136654864,2024-09-30,LAW501,Harvard,non-Stem,2,20070,40.56
140525136656528,2024-11-13,LAW401,Harvard,non-Stem,3,15606,45.31
140525136650384,2024-11-03,LAW401,Harvard,non-Stem,3,16836,49.88
140525136646096,2024-10-02,LAW501,Harvard,non-Stem,3,20444,40.98
140525136644112,2024-08-02,LAW501,Harvard,non-Stem,3,20150,80.84
140525182938448,2024-11-08,LAW401,Harvard,non-Stem,3,16039,66.08
140525188525264,2024-11-23,LAW401,Harvard,non-Stem,3,15736,61.9
140525188525648,2024-08-13,LAW401,Harvard,non-Stem,3,15897,66.4
140525188516432,2024-06-23,LAW501,Harvard,non-Stem,3,24257,65.42
140525188517584,2024-05-31,LAW501,Harvard,non-Stem,2,22009,78.31
140525188525392,,LAW401,Harvard,non-Stem,4,17946,42.86
140525962300304,2024-09-16,LAW401,Harvard,non-Stem,4,,
140525962302608,2024-09-15,LAW401,Harvard,non-Stem,2,18015,79.22
140525962308304,2024-12-04,LAW501,Harvard,non-Stem,2,20950,58.67
140525962309904,2024-10-01,LAW401,Harvard,non-Stem,2,16102,58.04
140525962301776,2024-06-25,LAW401,Harvard,non-Stem,3,16039,46.69
140525962302224,2024-08-18,LAW401,Harvard,non-Stem,1,15004,52.21
140525962303376,2024-11-10,LAW501,Harvard,non-Stem,4,20764,48.09
140525962300752,2024-12-19,LAW401,Harvard,non-Stem,3,16011,43.82
140525962305936,2024-10-22,LAW501,Harvard,non-Stem,4,20445,40.18
140525962303056,,LAW401,Harvard,non-Stem,2,,
140525962298064,2024-12-21,LAW501,Harvard,non-Stem,1,21505,59.96
140525962302672,2024-08-26,LAW401,Harvard,non-Stem,2,15405,43.9
140525133301712,2024-05-22,LAW401,Harvard,non-Stem,,15849,49.47
140525133309328,2024-12-21,LAW501,Harvard,non-Stem,2,20208,40.73
140525133312912,2024-08-30,LAW501,Harvard,non-Stem,4,24033,47.23
140525133309072,,LAW401,Harvard,non-Stem,4,,
140525133303440,2024-06-09,LAW501,Harvard,non-Stem,4,21597,45.77
140525133309584,2024-08-25,LAW501,Harvard,non-Stem,3,23022,50.2
140525133302160,2024-06-22,LAW401,Harvard,non-Stem,1,15968,40.49
140525133306512,2024-12-13,LAW501,Harvard,non-Stem,3,20257,41.42
140525133313424,2024-10-25,LAW501,Harvard,non-Stem,4,20209,59.2
140525133310864,2024-10-07,LAW401,Harvard,non-Stem,3,15106,67.6
140525133315728,2024-11-08,LAW501,Harvard,non-Stem,3,22407,74.41
140525133315472,2024-12-18,LAW401,Harvard,non-Stem,4,16285,58.98
140525133308048,2024-07-31,LAW601,Harvard,non-Stem,2,25564,68.04
140525133310352,2024-09-20,LAW401,Harvard,non-Stem,4,18510,55.47
140525133313936,2024-09-24,LAW401,Harvard,non-Stem,2,18221,62.8
140525133306256,2024-11-09,LAW501,Harvard,non-Stem,3,24231,43.76
140525133312656,2024-09-03,LAW501,Harvard,non-Stem,2,20212,72.41
140525133315216,2024-10-14,LAW401,Harvard,non-Stem,4,16093,69.4
140525133300688,2024-09-25,LAW401,Harvard,non-Stem,2,15936,44.33
140525133311888,2024-08-18,LAW401,Harvard,non-Stem,2,17642,61.09
140525133314704,2024-10-03,LAW401,Harvard,non-Stem,3,15494,41.59
140525133300944,2024-12-26,LAW401,Harvard,non-Stem,3,16043,44.65
140525133306768,2024-11-12,LAW501,Harvard,non-Stem,2,20078,87.6
140525133310608,2024-12-11,LAW401,Harvard,non-Stem,4,15207,44.87
140525133315984,2024-09-29,LAW501,Harvard,non-Stem,2,21564,44.91
140525133313168,2024-11-25,LAW401,Harvard,non-Stem,1,16136,40.05
140525133303184,2024-09-17,LAW401,Harvard,non-Stem,4,18194,40.82
140525133307024,2024-03-12,LAW501,Harvard,non-Stem,3,21908,70.46
140525133314448,2024-11-27,LAW401,Harvard,non-Stem,2,15844,49.96
140525133307536,2024-11-15,LAW501,Harvard,non-Stem,,23204,42.18
140525133314960,2024-09-30,LAW401,Harvard,non-Stem,4,15756,67.67
140525133311120,2024-10-10,LAW401,Harvard,non-Stem,3,15176,65.13
140525133301456,2024-05-15,LAW501,Harvard,non-Stem,2,21377,45.68
140525188741072,,LAW401,Harvard,non-Stem,1,16192,43.47
140525188740304,2024-12-25,LAW401,Harvard,non-Stem,2,16510,70.91
140525188741584,2024-08-24,LAW501,Harvard,non-Stem,4,21961,62.95
140525188740944,2024-12-25,LAW501,Harvard,non-Stem,2,21680,85.52
140525188741520,2024-08-11,LAW401,Harvard,non-Stem,4,15636,41.0
140525188727760,2024-10-28,LAW401,Harvard,non-Stem,3,16393,70.82
140525188740816,2024-10-30,LAW501,Harvard,non-Stem,4,22171,82.32
140525188741200,2024-12-27,LAW501,Harvard,non-Stem,5,20120,41.35
140525188741712,2024-10-11,LAW401,Harvard,non-Stem,3,17517,41.53
140525188742288,,LAW501,Harvard,non-Stem,4,20835,48.93
140525188740432,2024-10-06,LAW401,Harvard,non-Stem,1,16821,42.97
140525191928656,2024-11-16,LAW501,Harvard,non-Stem,2,20678,56.21
140525191924368,2024-12-24,LAW401,Harvard,non-Stem,4,16271,43.04
140525191929808,2024-10-24,LAW401,Harvard,non-Stem,3,15736,49.84
140525191924240,2024-10-19,LAW501,Harvard,non-Stem,5,20013,53.27
140525191929616,2024-09-25,LAW601,Harvard,non-Stem,,26435,45.66
140525185169552,2024-10-02,LAW501,Harvard,non-Stem,,21919,63.99
140525185161552,2024-09-01,LAW501,Harvard,non-Stem,3,20877,50.19
140525185162896,,LAW401,Harvard,non-Stem,5,,
140525185156176,2024-04-30,LAW401,Harvard,non-Stem,,16416,52.82
140525185164048,2024-11-14,LAW501,Harvard,non-Stem,5,,
140525185159952,2024-11-19,LAW401,Harvard,non-Stem,3,17135,40.42
140525185169936,2024-11-07,LAW501,Harvard,non-Stem,2,20822,40.21
140525185164176,2024-12-06,LAW401,Harvard,non-Stem,2,17234,44.62
140525185157328,2024-12-16,LAW401,Harvard,non-Stem,4,15411,71.3
140525185171152,2024-11-29,LAW401,Harvard,non-Stem,3,15239,53.95
140525185169360,2024-09-26,LAW501,Harvard,non-Stem,3,21327,70.73
140525185159120,2024-12-11,LAW401,Harvard,non-Stem,4,16911,40.64
140525185168400,2024-12-09,LAW501,Harvard,non-Stem,2,21484,54.88
140525185161616,2024-09-22,LAW401,Harvard,non-Stem,4,16603,60.25
140525185157712,2024-07-20,LAW501,Harvard,non-Stem,3,,
140525185157584,2024-10-20,LAW501,Harvard,non-Stem,5,21141,54.65
140525185170832,2024-08-15,LAW501,Harvard,non-Stem,3,20126,56.44
140525185161168,2024-11-03,LAW501,Harvard,non-Stem,2,21116,41.24
140525185158480,2024-04-08,LAW501,Harvard,non-Stem,2,21075,48.47
140525185156944,2024-10-07,LAW601,Harvard,non-Stem,2,26314,75.88
140525185168656,2024-11-12,LAW501,Harvard,non-Stem,4,20475,53.29
140525185168016,2024-05-29,LAW401,Harvard,non-Stem,4,17323,51.85
140525185169104,2024-09-07,LAW501,Harvard,non-Stem,3,21245,49.55
140525185164432,2024-11-06,LAW501,Harvard,non-Stem,3,22962,42.71
140525185162128,2024-06-01,LAW501,Harvard,non-Stem,3,,
140525185158160,2024-07-22,LAW501,Harvard,non-Stem,4,20231,51.99
140525185155344,,LAW501,Harvard,non-Stem,2,20171,75.61
140525185165904,2024-12-03,LAW501,Harvard,non-Stem,4,22199,45.94
140525185163024,2024-11-30,LAW501,Harvard,non-Stem,3,21411,61.23
140525185160784,2024-11-18,LAW601,Harvard,non-Stem,3,26873,42.94
140525185158416,2024-12-18,LAW601,Harvard,non-Stem,4,28024,84.8
140525185169424,2024-12-19,LAW501,Harvard,non-Stem,2,20613,53.7
140525185161872,2024-12-14,LAW501,Harvard,non-Stem,4,20399,45.8
140525185159440,2024-10-13,LAW401,Harvard,non-Stem,3,16703,49.24
140525185168272,2024-06-24,LAW501,Harvard,non-Stem,2,,
140525185170448,,LAW501,Harvard,non-Stem,2,20413,49.99
140525185170576,2024-11-08,LAW401,Harvard,non-Stem,3,15486,56.95
140525185155856,2024-07-07,LAW501,Harvard,non-Stem,4,20437,63.11
140525185158928,2024-10-03,LAW501,Harvard,non-Stem,2,20708,68.54
140525185169296,2024-12-05,LAW401,Harvard,non-Stem,2,17664,75.24
140525185156432,2024-12-13,LAW501,Harvard,non-Stem,3,21397,49.91
140525185163536,2024-11-23,LAW501,Harvard,non-Stem,3,20527,44.57
140525185156048,2024-05-13,LAW401,Harvard,non-Stem,5,16217,66.99
140525185159888,2024-12-26,LAW501,Harvard,non-Stem,4,21560,52.95
140525185163152,2024-12-23,LAW401,Harvard,non-Stem,4,15401,71.06
140525185156624,2024-06-02,LAW501,Harvard,non-Stem,3,22740,57.27
140525185165200,2024-12-11,LAW501,Harvard,non-Stem,4,20556,53.35
140525185161040,2024-11-12,LAW501,Harvard,non-Stem,1,21176,46.59
140525185163088,2024-11-19,LAW401,Harvard,non-Stem,5,15636,51.26
140525185164816,2024-08-08,LAW401,Harvard,non-Stem,2,,
140525185167760,2024-05-16,LAW401,Harvard,non-Stem,3,15493,55.16
140525185156880,2024-12-10,LAW401,Harvard,non-Stem,3,16257,74.83
140525185163408,2024-10-11,LAW501,Harvard,non-Stem,2,21859,43.45
140525185160592,,LAW401,Harvard,non-Stem,3,18027,67.31
140525185155664,2024-10-24,LAW401,Harvard,non-Stem,3,16621,45.94
140525185163664,2024-06-27,LAW401,Harvard,non-Stem,3,16914,40.81
140525185166608,2024-09-20,LAW401,Harvard,non-Stem,3,15087,41.01
140525185167248,2024-07-11,LAW501,Harvard,non-Stem,3,20208,45.57
140525185159760,2024-11-05,LAW501,Harvard,non-Stem,4,20291,40.41
140525185160400,2024-09-22,LAW501,Harvard,non-Stem,,23617,48.36
140525185157072,2024-11-07,LAW501,Harvard,non-Stem,3,21876,76.48
140525185160528,2024-11-07,LAW501,Harvard,non-Stem,5,23272,50.97
140525184108368,,LAW501,Harvard,non-Stem,3,21096,49.91
140525184117712,2024-11-21,LAW401,Harvard,non-Stem,2,18467,60.35
140525184122512,2024-08-26,LAW501,Harvard,non-Stem,2,,
140525184113680,2024-11-16,LAW401,Harvard,non-Stem,4,17929,70.29
140525184107472,2024-10-26,LAW501,Harvard,non-Stem,4,21528,64.65
140525184119952,2024-06-23,LAW501,Harvard,non-Stem,2,20887,87.22
140525184109072,2024-12-11,LAW401,Harvard,non-Stem,,16223,48.84
140525184109776,,LAW401,Harvard,non-Stem,5,17853,69.77
140525184109008,2024-12-24,LAW501,Harvard,non-Stem,2,21548,68.0
140525184107344,2024-09-06,LAW401,Harvard,non-Stem,3,15006,73.04
140525184122384,2024-11-28,LAW501,Harvard,non-Stem,1,21556,61.74
140525184112400,2024-12-24,LAW501,Harvard,non-Stem,3,20700,50.58
140525184120912,2024-08-24,LAW501,Harvard,non-Stem,2,22691,75.97
140525184115984,2024-12-05,LAW501,Harvard,non-Stem,4,,
140525184114064,2024-09-21,LAW401,Harvard,non-Stem,2,18720,51.49
140525184114640,2024-04-17,LAW401,Harvard,non-Stem,4,15364,48.75
140525184116176,2024-12-30,LAW501,Harvard,non-Stem,5,22095,77.23
140525184109904,,LAW501,Harvard,non-Stem,2,20883,42.64
140525184114832,2024-11-05,LAW501,Harvard,non-Stem,2,20190,42.75
140525184118480,2024-09-09,LAW601,Harvard,non-Stem,4,27996,60.75
140525184107792,2024-09-08,LAW401,Harvard,non-Stem,3,15233,47.2
140525184106576,2024-08-15,LAW501,Harvard,non-Stem,3,21441,40.52
140525184118736,2024-10-27,LAW501,Harvard,non-Stem,1,22453,46.08
140525184114128,2024-08-13,LAW501,Harvard,non-Stem,3,20081,52.59
140525184120272,2024-12-19,LAW601,Harvard,non-Stem,4,25529,43.23
140525184122704,2024-10-14,LAW601,Harvard,non-Stem,3,25958,46.76
140525184122192,2024-08-24,LAW401,Harvard,non-Stem,2,17413,40
140525184114448,2024-10-17,LAW401,Harvard,non-Stem,2,15272,55.14
140525184107024,2024-08-10,LAW601,Harvard,non-Stem,2,25666,45.16
140525184112144,,LAW401,Harvard,non-Stem,2,15516,52.53
140525184113616,2024-09-17,LAW401,Harvard,non-Stem,3,17881,64.2
140525184117968,2024-12-28,LAW401,Harvard,non-Stem,3,16825,40.68
140525184112592,2024-10-06,LAW401,Harvard,non-Stem,3,15156,45.74
140525184108304,2024-09-14,LAW501,Harvard,non-Stem,3,22189,65.29
140525184115920,2024-07-02,LAW501,Harvard,non-Stem,2,21807,72.36
140525184119056,2024-02-21,LAW501,Harvard,non-Stem,3,21001,46.87
140525184108240,2024-12-18,LAW401,Harvard,non-Stem,4,15167,41.21
140525184116752,2024-07-22,LAW401,Harvard,non-Stem,4,16517,42.51
140525184112784,2024-08-10,LAW401,Harvard,non-Stem,4,15030,70.78
140525184122256,2024-07-11,LAW401,Harvard,non-Stem,3,,
140525184111568,2024-08-16,LAW501,Harvard,non-Stem,5,20630,40.22
140525184109392,2024-09-12,LAW501,Harvard,non-Stem,1,20193,40.9
140525184119248,2024-10-04,LAW601,Harvard,non-Stem,3,27302,60.8
140525184107280,2024-12-11,LAW601,Harvard,non-Stem,2,25632,72.95
140525184110160,2024-12-23,LAW401,Harvard,non-Stem,3,15353,46.56
140525184118032,2024-10-18,LAW501,Harvard,non-Stem,2,21054,47.21
140525184116240,2024-05-07,LAW501,Harvard,non-Stem,3,20009,40.83
140525184110800,2024-08-29,LAW501,Harvard,non-Stem,2,20386,43.83
140525184117392,2024-12-23,LAW501,Harvard,non-Stem,2,,
140525184111056,2024-12-27,LAW501,Harvard,non-Stem,4,20021,40.5
140525184109136,2024-12-24,LAW501,Harvard,non-Stem,2,21400,70.75
140525184113872,2024-08-18,LAW501,Harvard,non-Stem,1,22413,52.78
140525184121680,2024-11-02,LAW401,Harvard,non-Stem,4,16272,54.25
140525184115600,2024-08-13,LAW501,Harvard,non-Stem,3,20837,44.91
140525184110352,2024-12-27,LAW501,Harvard,non-Stem,1,21734,69.9
140525184120144,2024-07-01,LAW501,Harvard,non-Stem,2,20814,56.31
140525184111760,2024-10-02,LAW401,Harvard,non-Stem,5,16662,53.19
140525184106704,2024-07-25,LAW501,Harvard,non-Stem,3,20259,61.54
140525184121488,2024-10-05,LAW501,Harvard,non-Stem,5,21091,42.98
140525184116624,2024-10-08,LAW501,Harvard,non-Stem,3,22031,52.37
140525184119504,2024-05-23,LAW401,Harvard,non-Stem,,15917,45.8
140525184113552,2024-12-17,LAW501,Harvard,non-Stem,4,20212,57.0
140525184112528,2024-10-17,LAW401,Harvard,non-Stem,4,16999,63.02
140525184114192,2024-04-21,LAW401,Harvard,non-Stem,2,17718,72.86
140525184113808,2024-11-20,LAW401,Harvard,non-Stem,3,17762,64.2
140525184107728,,LAW401,Harvard,non-Stem,3,15331,83.92
140525184122640,,LAW501,Harvard,non-Stem,3,21367,74.24
140525184108816,2024-11-06,LAW601,Harvard,non-Stem,,26020,56.78
140525184107984,2024-08-04,LAW401,Harvard,non-Stem,4,16162,40.63
140525184120528,2024-12-30,LAW401,Harvard,non-Stem,4,15439,67.71
140525184116688,2024-12-02,LAW401,Harvard,non-Stem,1,15435,71.48
140525184109584,2024-08-12,LAW601,Harvard,non-Stem,2,25870,67.28
140525184113104,,LAW501,Harvard,non-Stem,2,21164,76.08
140525184110416,2024-06-14,LAW401,Harvard,non-Stem,2,15309,46.24
140525184116496,2024-08-25,LAW401,Harvard,non-Stem,4,,
140525184108112,2024-11-07,LAW501,Harvard,non-Stem,3,22446,70.9
140525184111248,2024-12-14,LAW401,Harvard,non-Stem,4,15469,44.47
140525184111888,2024-12-16,LAW501,Harvard,non-Stem,4,22113,45.71
140525184113296,2024-10-03,LAW501,Harvard,non-Stem,2,21614,55.42
140525184114576,2024-11-06,LAW501,Harvard,non-Stem,3,21358,56.88
140525184115344,2024-05-23,LAW401,Harvard,non-Stem,4,16076,57.1
140525184109648,,LAW501,Harvard,non-Stem,1,,
140525184106960,2024-04-22,LAW401,Harvard,non-Stem,5,16859,68.52
140525184106768,2024-06-21,LAW401,Harvard,non-Stem,3,17095,49.71
140525184121936,2024-05-20,LAW401,Harvard,non-Stem,5,16428,73.67
140525184119568,2024-11-07,LAW401,Harvard,non-Stem,2,16706,42.18
140525184111312,2024-08-10,LAW501,Harvard,non-Stem,3,20380,47.72
140525184109328,2024-12-11,LAW501,Harvard,non-Stem,2,22244,63.47
140525184108752,2024-12-02,LAW501,Harvard,non-Stem,2,22130,47.85
140525184110608,2024-12-21,LAW501,Harvard,non-Stem,1,21333,51.62
140525184112848,2024-09-22,LAW401,Harvard,non-Stem,5,16278,63.03
140525184111120,2024-11-19,LAW401,Harvard,non-Stem,3,15435,43.08
140525184115472,2024-11-04,LAW401,Harvard,non-Stem,1,15502,40.48
140525184121616,2024-09-27,LAW601,Harvard,non-Stem,2,26882,40.04
140525184114896,2024-07-07,LAW501,Harvard,non-Stem,1,21351,59.62
140525184112272,2024-10-30,LAW601,Harvard,non-Stem,4,27578,66.06
140525184113360,2024-10-30,LAW501,Harvard,non-Stem,2,21303,48.13
140525184112912,2024-12-17,LAW401,Harvard,non-Stem,4,18467,66.96
140525184120976,2024-06-12,LAW401,Harvard,non-Stem,2,15391,80.85
140525183834000,2024-11-18,LAW401,Harvard,non-Stem,3,16799,43.81
140525183842448,2024-06-20,LAW601,Harvard,non-Stem,4,27774,50.56
140525183833232,2024-06-07,LAW501,Harvard,non-Stem,2,21367,40.95
140525183831760,2024-11-18,LAW401,Harvard,non-Stem,5,15021,47.12
140525183842256,2024-12-11,LAW401,Harvard,non-Stem,4,18185,83.58
140525183828624,2024-05-16,LAW501,Harvard,non-Stem,3,21466,41.81
140525183830032,2024-08-01,LAW501,Harvard,non-Stem,5,24009,42.14
140525183834896,2024-12-05,LAW401,Harvard,non-Stem,4,15176,40.52
140525183841424,2024-07-25,LAW501,Harvard,non-Stem,3,20157,42.14
140525183830736,2024-12-28,LAW401,Harvard,non-Stem,3,15191,65.28
140525183842000,2024-06-01,LAW401,Harvard,non-Stem,2,16916,61.34
140525183833104,2024-11-27,LAW501,Harvard,non-Stem,2,20437,69.3
140525183842768,2024-06-27,LAW501,Harvard,non-Stem,4,20042,47.72
140525183831056,2024-08-04,LAW401,Harvard,non-Stem,3,16171,59.02
140525183835088,2024-11-07,LAW401,Harvard,non-Stem,3,15372,64.61
140525183843984,2024-12-01,LAW401,Harvard,non-Stem,5,15302,64.27
140525183840336,2024-07-14,LAW401,Harvard,non-Stem,3,17537,51.81
140525183834256,2024-12-07,LAW501,Harvard,non-Stem,2,20864,45.72
140525183844304,2024-10-17,LAW401,Harvard,non-Stem,4,16856,51.26
140525183829008,2024-06-15,LAW501,Harvard,non-Stem,2,21422,55.19
140525183840848,2024-10-12,LAW401,Harvard,non-Stem,3,15299,46.35
140525183829264,2024-06-02,LAW401,Harvard,non-Stem,5,15135,54.8
140525183842832,2024-11-03,LAW501,Harvard,non-Stem,3,21241,58.53
140525183840272,2024-09-06,LAW401,Harvard,non-Stem,4,17440,49.26
140525183828240,2024-12-24,LAW401,Harvard,non-Stem,4,16625,68.38
140525183837584,2024-10-30,LAW501,Harvard,non-Stem,2,21417,77.75
140525183832976,2024-12-01,LAW401,Harvard,non-Stem,4,16926,48.92
140525183834768,2024-04-15,LAW401,Harvard,non-Stem,2,15373,65.09
140525183840464,2024-09-18,LAW401,Harvard,non-Stem,3,19275,49.09
140525183835408,2024-10-04,LAW401,Harvard,non-Stem,3,15215,55.49
140525183839824,2024-10-11,LAW401,Harvard,non-Stem,2,16358,54.92
140525183833552,2024-12-24,LAW501,Harvard,non-Stem,4,21245,61.99
140525183842960,2024-10-27,LAW501,Harvard,non-Stem,4,20850,76.79
140525183832208,2024-11-06,LAW501,Harvard,non-Stem,3,,
140525183837136,2024-11-17,LAW501,Harvard,non-Stem,2,21637,52.46
140525183843728,2024-12-20,LAW501,Harvard,non-Stem,4,22730,44.93
140525183834832,2024-04-05,LAW501,Harvard,non-Stem,5,,
140525183830544,2024-12-03,LAW401,Harvard,non-Stem,2,15230,48.67
140525183838544,2024-09-02,LAW401,Harvard,non-Stem,3,15609,61.44
140525183843472,2024-11-06,LAW401,Harvard,non-Stem,2,16149,80.02
140525183839888,2024-11-13,LAW501,Harvard,non-Stem,4,20670,46.54
140525183832080,2024-08-16,LAW501,Harvard,non-Stem,3,20895,60.32
140525183837008,2024-12-18,LAW401,Harvard,non-Stem,1,17249,46.98
140525183832720,2024-11-17,LAW401,Harvard,non-Stem,3,15756,74.37
140525183829776,2024-05-06,LAW401,Harvard,non-Stem,2,,
140525183832336,2024-11-13,LAW601,Harvard,non-Stem,4,26260,44.05
140525183828688,2024-11-09,LAW401,Harvard,non-Stem,1,16436,47.02
140525183836752,2024-12-20,LAW501,Harvard,non-Stem,5,20718,58.14
140525183830992,2024-08-27,LAW401,Harvard,non-Stem,2,15161,55.69
140525183830480,2024-05-23,LAW401,Harvard,non-Stem,1,15982,65.71
140525183840016,2024-10-11,LAW401,Harvard,non-Stem,4,15259,46.98
140525183839760,2024-11-23,LAW501,Harvard,non-Stem,3,22870,51.14
140525183829904,2024-10-02,LAW401,Harvard,non-Stem,4,,
140525183835152,2024-08-25,LAW501,Harvard,non-Stem,3,20076,50.5
140525183830224,2024-11-17,LAW401,Harvard,non-Stem,3,16471,55.35
140525183832272,2024-09-10,LAW501,Harvard,non-Stem,4,22659,69.71
140525183839120,2024-12-03,LAW401,Harvard,non-Stem,4,16103,46.66
140525183841040,2024-09-10,LAW401,Harvard,non-Stem,2,17004,60.89
140525183838608,2024-11-14,LAW401,Harvard,non-Stem,2,17369,47.93
140525183839056,2024-10-28,LAW501,Harvard,non-Stem,3,20375,52.31
140525183832016,2024-12-08,LAW601,Harvard,non-Stem,2,,
140525183837072,2024-09-25,LAW501,Harvard,non-Stem,4,,
140525183830928,2024-10-23,LAW501,Harvard,non-Stem,3,22927,48.98
140525183833616,2024-08-20,LAW401,Harvard,non-Stem,2,18739,43.65
140525183843344,2024-11-02,LAW501,Harvard,non-Stem,5,21199,74.69
140525183837776,2024-11-04,LAW601,Harvard,non-Stem,2,27650,44.93
140525183835664,2024-11-07,LAW401,Harvard,non-Stem,3,15125,44.73
140525183835792,2024-11-28,LAW401,Harvard,non-Stem,3,15118,47.17
140525183837648,2024-11-30,LAW501,Harvard,non-Stem,5,22720,49.36
140525183843280,2024-12-24,LAW601,Harvard,non-Stem,3,,
140525183831952,2024-10-13,LAW501,Harvard,non-Stem,4,20558,75.39
140525183835280,,LAW501,Harvard,non-Stem,3,21428,57.69
140525183844112,2024-09-26,LAW501,Harvard,non-Stem,2,20269,45.55
140525183836880,2024-12-16,LAW501,Harvard,non-Stem,4,20728,55.93
140525183839248,2024-10-14,LAW401,Harvard,non-Stem,1,17135,45.55
140525183828176,2024-09-03,LAW401,Harvard,non-Stem,1,15984,56.59
140525183831568,2024-12-28,LAW501,Harvard,non-Stem,2,20791,74.33
140525183843792,2024-09-14,LAW501,Harvard,non-Stem,2,20927,43.4
140525183843088,2024-11-29,LAW401,Harvard,non-Stem,4,16414,43.56
140525183840592,2024-09-17,LAW501,Harvard,non-Stem,4,20482,48.19
140525183840720,2024-08-27,LAW401,Harvard,non-Stem,,15029,67.71
140525183828304,2024-08-11,LAW501,Harvard,non-Stem,3,22700,66.81
140525183836048,2024-12-07,LAW401,Harvard,non-Stem,3,15502,42.77
140525183836816,2024-11-21,LAW401,Harvard,non-Stem,3,17182,55.04
140525183838416,2024-07-30,LAW401,Harvard,non-Stem,2,17157,47.93
140525183836112,2024-12-05,LAW501,Harvard,non-Stem,4,20337,46.56
140525183828880,2024-09-30,LAW501,Harvard,non-Stem,4,21976,41.71
140525183842576,2024-11-28,LAW501,Harvard,non-Stem,4,20183,69.61
140525183841680,2024-10-31,LAW501,Harvard,non-Stem,1,20323,45.18
140525183829136,2024-12-20,LAW501,Harvard,non-Stem,3,20648,71.94
140525183838800,2024-08-29,LAW501,Harvard,non-Stem,2,21273,68.69
140525183830416,2024-12-15,LAW401,Harvard,non-Stem,2,,
140525183828048,2024-04-19,LAW401,Harvard,non-Stem,1,15097,58.93
140525180444816,2024-07-11,LAW501,Harvard,non-Stem,2,22379,55.42
140525180451408,2024-10-13,LAW501,Harvard,non-Stem,2,21379,46.46
140525180442384,2024-02-13,LAW401,Harvard,non-Stem,5,18087,46.64
140525180448976,,LAW501,Harvard,non-Stem,1,20604,48.54
140525180444880,2024-08-04,LAW401,Harvard,non-Stem,3,17626,44.32
140525180446416,2024-11-15,LAW501,Harvard,non-Stem,5,,
140525180438800,2024-12-28,LAW401,Harvard,non-Stem,3,17037,78.61
140525180443536,2024-11-12,LAW601,Harvard,non-Stem,3,26152,54.85
140525180447824,2024-09-14,LAW501,Harvard,non-Stem,3,21460,46.06
140525180436880,2024-11-16,LAW401,Harvard,non-Stem,3,,
140525180436624,2024-04-25,LAW401,Harvard,non-Stem,3,15408,50.94
140525180437968,2024-12-27,LAW601,Harvard,non-Stem,,27183,55.49
140525180450384,2024-12-18,LAW501,Harvard,non-Stem,2,20763,61.86
140525180449744,2024-09-17,LAW501,Harvard,non-Stem,2,22727,79.77
140525180445456,2024-12-17,LAW401,Harvard,non-Stem,3,15327,47.29
140525180449552,2024-08-17,LAW501,Harvard,non-Stem,2,21414,45.63
140525180440912,2024-09-08,LAW501,Harvard,non-Stem,1,,
140525180440272,2024-04-28,LAW401,Harvard,non-Stem,2,15598,58.2
140525180440144,2024-12-25,LAW401,Harvard,non-Stem,4,16595,46.22
140525180451792,2024-11-23,LAW401,Harvard,non-Stem,2,16568,59.65
140525180437584,2024-10-14,LAW501,Harvard,non-Stem,2,21223,48.07
140525180450832,2024-11-28,LAW401,Harvard,non-Stem,3,17527,57.35
140525180442640,,LAW401,Harvard,non-Stem,3,15823,47.67
140525180447760,2024-11-14,LAW501,Harvard,non-Stem,3,,
140525180442128,2024-08-01,LAW401,Harvard,non-Stem,4,15691,58.36
140525180440656,2024-11-01,LAW501,Harvard,non-Stem,4,21844,43.39
140525180447696,2024-12-21,LAW501,Harvard,non-Stem,4,20239,77.13
140525180444944,2024-12-15,LAW401,Harvard,non-Stem,3,15913,79.09
140525180441040,2024-07-14,LAW401,Harvard,non-Stem,5,15416,57.17
140525180445136,2024-12-12,LAW401,Harvard,non-Stem,2,15685,48.89
140525180442000,2024-10-19,LAW401,Harvard,non-Stem,4,15880,56.49
140525180446096,2024-12-08,LAW401,Harvard,non-Stem,2,15373,60.09
140525180451472,2024-08-24,LAW501,Harvard,non-Stem,4,21398,64.87
140525180446608,,LAW401,Harvard,non-Stem,3,15898,80.0
140525180444688,,LAW501,Harvard,non-Stem,3,21618,45.66
140525180443024,2024-09-09,LAW401,Harvard,non-Stem,2,16279,46.78
140525180440976,2024-09-16,LAW401,Harvard,non-Stem,2,17498,49.66
140525180450448,2024-07-28,LAW401,Harvard,non-Stem,3,15235,63.4
140525180451728,2024-10-05,LAW401,Harvard,non-Stem,2,16141,48.23
140525180438544,2024-12-06,LAW501,Harvard,non-Stem,3,,
140525180449872,2024-10-09,LAW501,Harvard,non-Stem,2,,
140525180442064,2024-10-06,LAW401,Harvard,non-Stem,4,15156,59.28
140525180442960,2024-10-02,LAW501,Harvard,non-Stem,3,21014,71.2
140525180437328,2024-10-14,LAW601,Harvard,non-Stem,2,26773,51.58
140525180451920,2024-10-28,LAW501,Harvard,non-Stem,3,20540,58.64
140525180440848,2024-05-14,LAW401,Harvard,non-Stem,2,15277,52.57
140525180443792,2024-10-19,LAW401,Harvard,non-Stem,4,,
140525180444048,2024-11-05,LAW401,Harvard,non-Stem,3,,
140525180439248,2024-12-09,LAW401,Harvard,non-Stem,4,15219,45.25
140525180445072,2024-10-08,LAW401,Harvard,non-Stem,2,15020,46.21
140525180446736,2024-07-21,LAW401,Harvard,non-Stem,1,15038,60.48
140525180443600,2024-12-21,LAW501,Harvard,non-Stem,3,20765,42.39
140525180448720,,LAW401,Harvard,non-Stem,3,15448,44.04
140525180445712,2024-06-19,LAW501,Harvard,non-Stem,3,20414,46.55
140525180438992,2024-08-27,LAW401,Harvard,non-Stem,4,17961,77.57
140525180443408,2024-11-29,LAW401,Harvard,non-Stem,2,,
140525180438160,2024-10-27,LAW601,Harvard,non-Stem,2,25781,43.7
140525180448528,2024-11-05,LAW401,Harvard,non-Stem,4,15760,64.03
140525180444112,2024-12-29,LAW401,Harvard,non-Stem,4,15883,45.24
140525180449232,2024-07-10,LAW501,Harvard,non-Stem,2,20989,53.02
140525180451664,2024-11-17,LAW501,Harvard,non-Stem,2,20633,69.12
140525180439952,2024-12-21,LAW501,Harvard,non-Stem,3,20024,51.43
140525180446800,2024-11-18,LAW501,Harvard,non-Stem,3,22587,47.5
140525180448656,2024-12-13,LAW501,Harvard,non-Stem,4,21566,42.66
140525180441680,2024-03-23,LAW501,Harvard,non-Stem,5,20914,53.95
140525180438608,2024-10-01,LAW401,Harvard,non-Stem,,,
140525180444176,2024-11-14,LAW501,Harvard,non-Stem,,20979,55.01
140525180446992,2024-12-28,LAW401,Harvard,non-Stem,4,15113,56.89
140525180442320,2024-08-26,LAW501,Harvard,non-Stem,2,23253,55.04
140525180443984,2024-05-20,LAW501,Harvard,non-Stem,4,20502,45.66
140525180439568,2024-11-27,LAW501,Harvard,non-Stem,4,20303,51.02
140525180437520,2024-07-24,LAW401,Harvard,non-Stem,1,16001,42.15
140525180450768,2024-12-27,LAW401,Harvard,non-Stem,4,15653,42.76
140525180440592,2024-11-24,LAW501,Harvard,non-Stem,3,22137,47.27
140525180441296,2024-09-19,LAW501,Harvard,non-Stem,1,22223,46.05
140525180440080,2024-11-24,LAW501,Harvard,non-Stem,3,20987,56.65
140525180450704,2024-07-10,LAW601,Harvard,non-Stem,2,27861,40.18
140525180451344,2024-11-11,LAW401,Harvard,non-Stem,5,17476,43.62
140525180438736,2024-09-17,LAW501,Harvard,non-Stem,4,21636,54.22
140525180446160,2024-04-23,LAW601,Harvard,non-Stem,1,25823,46.72
140525180438096,2024-11-03,LAW601,Harvard,non-Stem,3,26518,43.35
140525180446928,2024-10-09,LAW401,Harvard,non-Stem,2,16464,53.16
140525180452176,2024-09-12,LAW401,Harvard,non-Stem,4,17746,41.89
140525180444560,2024-08-24,LAW401,Harvard,non-Stem,3,17127,56.66
140525180446224,2024-12-10,LAW501,Harvard,non-Stem,3,20699,74.3
140525180452240,2024-06-07,LAW401,Harvard,non-Stem,1,15515,46.96
140525180436816,2024-12-25,LAW401,Harvard,non-Stem,5,17666,74.86
140525180444432,2024-07-27,LAW501,Harvard,non-Stem,3,21086,58.49
140525180439632,2024-09-02,LAW501,Harvard,non-Stem,4,22783,46.9
140525180439056,2024-09-29,LAW401,Harvard,non-Stem,3,17226,76.8
140525180438864,2024-09-11,LAW501,Harvard,non-Stem,2,20098,73.76
140525180452624,2024-04-02,LAW401,Harvard,non-Stem,4,15157,44.69
140525180437008,2024-12-22,LAW401,Harvard,non-Stem,3,,
140525180451984,2024-12-02,LAW401,Harvard,non-Stem,4,,
140525180452688,2024-12-24,LAW501,Harvard,non-Stem,3,20457,62.23
140525180437200,2024-10-22,LAW501,Harvard,non-Stem,2,20046,70.61
140525180449040,2024-12-22,LAW401,Harvard,non-Stem,1,15220,45.25
140525180440400,2024-07-14,LAW401,Harvard,non-Stem,2,15498,41.94
140525180438352,2024-10-12,LAW501,Harvard,non-Stem,3,20213,44.42
140525180441104,2024-12-07,LAW401,Harvard,non-Stem,3,15693,51.98
140525180451856,2024-12-05,LAW401,Harvard,non-Stem,2,,
140525180445328,2024-05-17,LAW501,Harvard,non-Stem,3,20635,53.8
140525180451152,2024-12-19,LAW501,Harvard,non-Stem,1,23307,52.23
140525180445200,2024-12-24,LAW401,Harvard,non-Stem,4,15315,42.22
140525180443856,2024-10-21,LAW401,Harvard,non-Stem,4,16704,59.3
140525180449424,2024-07-31,LAW401,Harvard,non-Stem,5,15568,67.95
140525180447440,2024-11-13,LAW401,Harvard,non-Stem,3,16484,60.29
140525180439120,2024-04-16,LAW501,Harvard,non-Stem,4,22590,43.75
140525137840336,2024-10-26,LAW401,Harvard,non-Stem,2,15093,55.79
140525137840848,2024-12-27,LAW601,Harvard,non-Stem,1,27286,49.03
140525137844624,2024-12-14,LAW401,Harvard,non-Stem,2,15203,54.52
140525137849680,2024-12-07,LAW501,Harvard,non-Stem,2,20727,42.6
140525137839568,2024-11-07,LAW501,Harvard,non-Stem,3,,
140525137842064,2024-07-04,LAW501,Harvard,non-Stem,3,20509,48.34
140525137840080,2024-12-03,LAW501,Harvard,non-Stem,4,20285,78.91
140525137852624,2024-12-17,LAW401,Harvard,non-Stem,3,16662,47.54
140525137851920,2024-08-30,LAW501,Harvard,non-Stem,3,20868,63.69
140525137839120,2024-11-29,LAW501,Harvard,non-Stem,2,20059,49.98
140525137838608,2024-11-09,LAW401,Harvard,non-Stem,4,16006,55.93
140525137847888,2024-06-18,LAW401,Harvard,non-Stem,3,,
140525137850896,2024-07-24,LAW501,Harvard,non-Stem,1,20865,51.04
140525137839376,2024-09-19,LAW401,Harvard,non-Stem,3,17817,48.15
140525137838352,,LAW501,Harvard,non-Stem,2,20722,52.98
140525137854416,2024-11-23,LAW501,Harvard,non-Stem,3,,
140525137842320,2024-10-20,LAW601,Harvard,non-Stem,4,,
140525137850640,2024-11-07,LAW401,Harvard,non-Stem,3,17120,40.86
140525137845840,2024-08-08,LAW501,Harvard,non-Stem,4,21035,57.65
140525137843856,,LAW501,Harvard,non-Stem,4,20119,61.11
140525137853648,2024-11-10,LAW601,Harvard,non-Stem,3,26289,55.95
140525137853904,2024-11-25,LAW401,Harvard,non-Stem,3,17501,52.76
140525137844368,2024-12-28,LAW501,Harvard,non-Stem,2,21907,41.01
140525137852880,2024-07-02,LAW401,Harvard,non-Stem,3,16566,57.81
140525137842576,2024-09-26,LAW401,Harvard,non-Stem,3,16722,48.13
140525137838864,2024-09-04,LAW501,Harvard,non-Stem,4,20186,59.97
140525137846352,2024-06-16,LAW501,Harvard,non-Stem,2,22095,59.33
140525137841360,2024-07-03,LAW401,Harvard,non-Stem,,18448,41.15
140525137843600,2024-10-14,LAW401,Harvard,non-Stem,3,15253,53.8
140525137848400,2024-10-22,LAW401,Harvard,non-Stem,3,15552,53.73
140525137851664,2024-08-20,LAW501,Harvard,non-Stem,2,22222,64.83
140525137843344,2024-12-14,LAW401,Harvard,non-Stem,4,18747,48.38
140525185604176,2024-10-20,LAW501,Harvard,non-Stem,1,21647,70.61
140525185609040,2024-08-07,LAW501,Harvard,non-Stem,2,22598,51.8
140525185609936,2024-11-19,LAW401,Harvard,non-Stem,2,16080,43.04
140525185604624,2024-08-15,LAW401,Harvard,non-Stem,2,16220,41.69
140525185605712,2024-05-31,LAW501,Harvard,non-Stem,3,23741,44.81
140525185608272,2024-12-24,LAW501,Harvard,non-Stem,3,21173,50.69
140525185613520,2024-10-30,LAW501,Harvard,non-Stem,2,20308,62.12
140525185603280,2024-12-19,LAW501,Harvard,non-Stem,4,20139,40.57
140525185600208,2024-12-25,LAW401,Harvard,non-Stem,3,16465,60.21
140525185598928,2024-07-13,LAW401,Harvard,non-Stem,2,15205,57.61
140525185605136,2024-12-05,LAW401,Harvard,non-Stem,2,,
140525185613584,2024-12-26,LAW401,Harvard,non-Stem,3,17100,46.24
140525185606096,2024-09-27,LAW401,Harvard,non-Stem,,15033,58.48
140525185610704,2024-11-07,LAW501,Harvard,non-Stem,3,20792,71.78
140525185611984,2024-09-23,LAW501,Harvard,non-Stem,2,20566,55.07
140525185604560,2024-03-14,LAW501,Harvard,non-Stem,,22618,48.79
140525185609424,2024-09-30,LAW401,Harvard,non-Stem,4,15453,47.19
140525185606992,,LAW501,Harvard,non-Stem,5,22968,54.66
140525185601488,2024-12-20,LAW501,Harvard,non-Stem,2,20712,40.29
140525185609552,2024-11-24,LAW501,Harvard,non-Stem,3,21882,66.78
140525185601616,2024-10-22,LAW501,Harvard,non-Stem,2,20913,41.22
140525185598480,2024-10-03,LAW401,Harvard,non-Stem,1,15517,56.21
140525185609744,2024-12-25,LAW501,Harvard,non-Stem,4,22639,68.57
140525185605904,2024-12-04,LAW401,Harvard,non-Stem,4,15857,40.15
140525185604368,2024-04-29,LAW501,Harvard,non-Stem,5,22425,59.39
140525185598224,2024-12-26,LAW401,Harvard,non-Stem,1,15046,41.67
140525185601360,2024-09-05,LAW401,Harvard,non-Stem,2,15593,43.0
140525185600976,2024-02-28,LAW601,Harvard,non-Stem,3,26507,40.1
140525185602576,2024-12-27,LAW501,Harvard,non-Stem,2,20591,67.66
140525185611536,,LAW501,Harvard,non-Stem,3,,
140525185606736,2024-12-08,LAW501,Harvard,non-Stem,2,21766,49.76
140525185609168,2024-11-07,LAW501,Harvard,non-Stem,4,,
140525185599568,,LAW401,Harvard,non-Stem,3,16364,66.11
140525185612560,2024-10-07,LAW501,Harvard,non-Stem,5,20904,47.42
140525185608976,2024-10-02,LAW401,Harvard,non-Stem,2,16433,47.85
140525185609680,2024-07-08,LAW401,Harvard,non-Stem,2,15637,73.52
140525185604944,2024-08-05,LAW501,Harvard,non-Stem,3,,
140525185598864,2024-12-18,LAW401,Harvard,non-Stem,2,,
140525185600272,2024-10-22,LAW401,Harvard,non-Stem,2,17289,44.91
140525185603664,2024-10-22,LAW501,Harvard,non-Stem,4,20533,40.17
140525185600592,2024-09-01,LAW401,Harvard,non-Stem,5,15352,61.56
140525185610832,2024-11-28,LAW601,Harvard,non-Stem,4,26215,55.31
140525185597904,2024-08-21,LAW401,Harvard,non-Stem,3,15196,50.01
140525185612368,2024-07-07,LAW501,Harvard,non-Stem,2,22147,44.18
140525185605200,2024-07-02,LAW501,Harvard,non-Stem,5,21248,59.51
140525185600528,2024-08-09,LAW501,Harvard,non-Stem,,20646,48.01
140525185602832,2024-12-27,LAW401,Harvard,non-Stem,3,,
140525185606480,2024-12-26,LAW501,Harvard,non-Stem,3,21734,60.4
140525185610000,2024-12-21,LAW401,Harvard,non-Stem,,15688,55.26
140525185612304,2024-11-11,LAW601,Harvard,non-Stem,3,25653,67.83
140525185599184,2024-10-30,LAW501,Harvard,non-Stem,2,22589,47.98
140525185606416,2024-11-23,LAW501,Harvard,non-Stem,2,,
140525185611344,2024-10-30,LAW501,Harvard,non-Stem,2,20200,66.82
140525185602128,2024-09-13,LAW501,Harvard,non-Stem,3,20120,48.14
140525185612624,2024-11-11,LAW601,Harvard,non-Stem,2,26745,74.76
140525185601040,2024-07-03,LAW401,Harvard,non-Stem,4,15156,48.87
140525185605648,2024-05-19,LAW501,Harvard,non-Stem,,20297,63.85
140525185602768,2024-10-30,LAW601,Harvard,non-Stem,3,26481,50.94
140525185602896,2024-08-21,LAW501,Harvard,non-Stem,3,20893,51.33
140525185608144,2024-08-14,LAW401,Harvard,non-Stem,4,15830,55.59
140525185601872,2024-11-29,LAW401,Harvard,non-Stem,4,15524,52.68
140525185602640,2024-10-13,LAW401,Harvard,non-Stem,2,16742,58.85
140525185610320,2024-08-25,LAW601,Harvard,non-Stem,4,25603,64.2
140525185605328,2024-10-30,LAW401,Harvard,non-Stem,4,17357,40.0
140525185604688,2024-09-22,LAW401,Harvard,non-Stem,3,15079,51.32
140525185612496,2024-04-23,LAW501,Harvard,non-Stem,3,,
140525185599248,2024-11-28,LAW401,Harvard,non-Stem,4,16105,63.91
140525185609232,2024-09-18,LAW501,Harvard,non-Stem,3,22407,46.68
140525185611280,2024-04-26,LAW401,Harvard,non-Stem,3,15769,46.78
140525185612240,2024-10-26,LAW501,Harvard,non-Stem,4,23946,40.81
140525185607376,2024-12-08,LAW401,Harvard,non-Stem,,16914,40.23
140525185600784,2024-03-30,LAW401,Harvard,non-Stem,3,15362,51.67
140525185610960,2024-11-23,LAW501,Harvard,non-Stem,1,,
140525185609488,2024-12-19,LAW401,Harvard,non-Stem,4,17614,55.46
140525185606224,2024-12-09,LAW501,Harvard,non-Stem,1,20008,57.91
140525185613648,2024-12-20,LAW401,Harvard,non-Stem,4,16321,48.53
140525185612688,2024-06-20,LAW401,Harvard,non-Stem,4,15781,47.42
140525179142992,2024-09-02,LAW401,Harvard,non-Stem,2,15937,56.65
140525179149072,2024-12-16,LAW501,Harvard,non-Stem,4,21593,49.7
140525179150288,2024-12-06,LAW401,Harvard,non-Stem,3,15065,65.94
140525179154896,2024-10-15,LAW501,Harvard,non-Stem,5,20002,40.06
140525179156112,2024-10-26,LAW501,Harvard,non-Stem,3,22289,73.32
140525179144720,2024-07-18,LAW501,Harvard,non-Stem,2,22847,64.15
140525179147408,2024-08-03,LAW401,Harvard,non-Stem,4,18607,45.17
140525179148304,2024-12-18,LAW501,Harvard,non-Stem,2,23295,52.8
140525179158160,2024-10-07,LAW501,Harvard,non-Stem,3,20886,42.88
140525179157968,2024-08-03,LAW501,Harvard,non-Stem,3,20350,69.46
140525179143312,2024-08-08,LAW401,Harvard,non-Stem,4,16288,43.35
140525179152144,2024-03-03,LAW401,Harvard,non-Stem,2,15694,48.45
140525179149008,2024-05-12,LAW501,Harvard,non-Stem,2,,
140525179149328,2024-12-22,LAW401,Harvard,non-Stem,4,17522,40.43
140525179146704,2024-09-08,LAW501,Harvard,non-Stem,2,23548,65.53
140525179146000,2024-12-20,LAW401,Harvard,non-Stem,4,17987,44.64
140525179150608,2024-11-29,LAW401,Harvard,non-Stem,1,,
140525179143888,2024-07-19,LAW401,Harvard,non-Stem,1,15508,43.25
140525179146640,2024-11-26,LAW401,Harvard,non-Stem,4,15749,58.19
140525179143248,2024-09-20,LAW401,Harvard,non-Stem,3,15528,50.86
140525179148688,2024-07-29,LAW401,Harvard,non-Stem,2,15204,54.3
140525179151376,2024-09-03,LAW501,Harvard,non-Stem,4,20106,53.2
140525179154128,2024-06-28,LAW501,Harvard,non-Stem,4,,
140525179142736,2024-12-18,LAW501,Harvard,non-Stem,2,20435,53.19
140525179152528,2024-05-21,LAW401,Harvard,non-Stem,4,15220,52.97
140525179144784,2024-12-14,LAW501,Harvard,non-Stem,3,22088,76.34
140525179144528,2024-08-24,LAW401,Harvard,non-Stem,3,16458,48.08
140525179146896,2024-03-25,LAW501,Harvard,non-Stem,4,20548,72.53
140525179153168,2024-12-03,LAW501,Harvard,non-Stem,3,22333,47.36
140525179154320,2024-07-02,LAW401,Harvard,non-Stem,4,16277,59.09
140525179148816,2024-11-26,LAW401,Harvard,non-Stem,2,16359,41.47
140525179147280,2024-11-25,LAW401,Harvard,non-Stem,2,15763,42.28
140525179144400,2024-09-16,LAW501,Harvard,non-Stem,5,,
140525179155536,2024-12-23,LAW501,Harvard,non-Stem,3,,
140525179145744,2024-06-11,LAW401,Harvard,non-Stem,4,16619,43.96
140525179155088,2024-07-20,LAW501,Harvard,non-Stem,5,20307,44.59
140525179145040,2024-08-14,LAW501,Harvard,non-Stem,4,21165,59.07
140525179156432,2024-12-11,LAW501,Harvard,non-Stem,2,,
140525179149392,2024-12-15,LAW501,Harvard,non-Stem,4,,
140525179148048,2024-03-23,LAW501,Harvard,non-Stem,2,21745,51.85
140525179148176,2024-11-22,LAW601,Harvard,non-Stem,3,27516,40.36
140525179151120,2024-12-24,LAW501,Harvard,non-Stem,2,20337,68.64
140525179147664,2024-05-05,LAW501,Harvard,non-Stem,4,20277,92.81
140525179157584,2024-12-19,LAW401,Harvard,non-Stem,2,16150,41.63
140525179147728,2024-07-18,LAW501,Harvard,non-Stem,4,21203,43.38
140525179153808,2024-03-11,LAW401,Harvard,non-Stem,3,,
140525179152464,,LAW401,Harvard,non-Stem,4,,
140525179150352,2024-11-13,LAW501,Harvard,non-Stem,2,22658,44.27
140525179154640,2024-04-17,LAW501,Harvard,non-Stem,1,23305,42.41
140525179147984,2024-08-11,LAW401,Harvard,non-Stem,4,17625,48.42
140525179157648,2024-11-04,LAW401,Harvard,non-Stem,3,16427,44.18
140525179153104,2024-10-26,LAW501,Harvard,non-Stem,4,20980,45.17
140525179149456,2024-07-16,LAW401,Harvard,non-Stem,1,15202,60.86
140525179147024,2024-12-09,LAW501,Harvard,non-Stem,4,20306,44.86
140525179148432,2024-12-01,LAW401,Harvard,non-Stem,2,15043,52.49
140525179144016,2024-12-03,LAW401,Harvard,non-Stem,3,16913,63.69
140525179151248,2024-12-28,LAW501,Harvard,non-Stem,4,20468,45.22
140525179145808,2024-09-08,LAW401,Harvard,non-Stem,2,18212,62.04
140525179142608,2024-09-09,LAW401,Harvard,non-Stem,2,17751,40.96
140525179155664,2024-11-20,LAW501,Harvard,non-Stem,1,20041,41.37
140525179147792,2024-12-17,LAW501,Harvard,non-Stem,5,21159,53.61
140525179149200,2024-10-02,LAW401,Harvard,non-Stem,2,17018,47.89
140525179142288,2024-05-12,LAW501,Harvard,non-Stem,2,20742,53.17
140525179157520,2024-09-03,LAW501,Harvard,non-Stem,3,20533,55.59
140525179147920,2024-06-09,LAW501,Harvard,non-Stem,3,21847,56.25
140525179148240,2024-11-23,LAW401,Harvard,non-Stem,5,15766,71.85
140525179149520,2024-12-27,LAW401,Harvard,non-Stem,3,16321,42.65
140525179153040,2024-11-16,LAW401,Harvard,non-Stem,4,15103,41.32
140525179156240,2024-12-20,LAW601,Harvard,non-Stem,2,25910,46.41
140525179156688,2024-04-26,LAW501,Harvard,non-Stem,5,21006,45.22
140525179158480,2024-12-06,LAW501,Harvard,non-Stem,4,20148,40.64
140525179145936,2024-10-21,LAW401,Harvard,non-Stem,2,,
140525179149584,2024-09-17,LAW401,Harvard,non-Stem,5,18764,61.44
140525179143376,2024-12-01,LAW401,Harvard,non-Stem,4,15272,45.78
140525179147536,2024-09-12,LAW501,Harvard,non-Stem,4,21791,84.36
140525179156560,2024-04-26,LAW501,Harvard,non-Stem,5,20499,42.03
140525179142416,2024-11-14,LAW401,Harvard,non-Stem,2,16009,41.3
140525179145488,2024-09-14,LAW501,Harvard,non-Stem,3,,
140525179144208,2024-12-02,LAW501,Harvard,non-Stem,3,,
140525179145680,2024-04-22,LAW401,Harvard,non-Stem,3,,
140525179156880,2024-12-30,LAW501,Harvard,non-Stem,2,22559,67.79
140525179154512,2024-10-04,LAW401,Harvard,non-Stem,2,15488,44.86
140525179143952,,LAW501,Harvard,non-Stem,2,20489,40.12
140525179150416,2024-11-02,LAW401,Harvard,non-Stem,1,17445,42.08
140525179151504,2024-10-10,LAW501,Harvard,non-Stem,3,20758,64.14
140525179150096,2024-09-11,LAW501,Harvard,non-Stem,2,21572,40.65
140525179151824,2024-12-16,LAW501,Harvard,non-Stem,4,20750,56.1
140525179150224,2024-09-24,LAW401,Harvard,non-Stem,3,16477,44.78
140525179152400,2024-10-30,LAW401,Harvard,non-Stem,5,16680,48.19
140525179154384,2024-12-19,LAW601,Harvard,non-Stem,2,25632,52.7
140525179156624,2024-09-04,LAW501,Harvard,non-Stem,3,20905,42.21
140525179145424,2024-10-30,LAW501,Harvard,non-Stem,3,21457,84.08
140525179143504,2024-11-28,LAW501,Harvard,non-Stem,3,20108,41.68
140525179148752,2024-06-20,LAW601,Harvard,non-Stem,3,25993,55.53
140525179145232,2024-11-11,LAW401,Harvard,non-Stem,1,17570,58.27
140525179154832,2024-10-16,LAW501,Harvard,non-Stem,4,,
140525179157712,2024-09-30,LAW501,Harvard,non-Stem,3,21713,59.32
140525179155472,2024-06-13,LAW401,Harvard,non-Stem,3,18334,43.23
140525179156176,2024-12-15,LAW401,Harvard,non-Stem,4,17555,52.89
140525179151056,2024-11-14,LAW501,Harvard,non-Stem,3,22705,45.87
140525179148496,2024-12-03,LAW501,Harvard,non-Stem,4,20641,66.43
140526255709072,2024-07-26,LAW401,Harvard,non-Stem,4,15327,49.44
140525182201616,2024-09-09,LAW401,Harvard,non-Stem,3,15083,65.41
140525182195536,2024-10-22,LAW501,Harvard,non-Stem,3,21510,45.74
140525182193168,2024-07-14,LAW501,Harvard,non-Stem,3,20819,40.67
140525182199824,2024-11-10,LAW501,Harvard,non-Stem,2,21586,48.69
140525182203792,2024-12-11,LAW401,Harvard,non-Stem,3,17816,42.66
140525182191952,2024-09-29,LAW401,Harvard,non-Stem,4,15966,47.27
140525182193232,2024-11-30,LAW501,Harvard,non-Stem,3,20294,58.7
140525182202256,2024-09-20,LAW401,Harvard,non-Stem,3,15488,63.89
140525182204112,2024-10-28,LAW401,Harvard,non-Stem,4,17974,67.02
140525182205904,2024-08-21,LAW501,Harvard,non-Stem,,20668,40.41
140525182189904,2024-12-21,LAW501,Harvard,non-Stem,3,21834,45.13
140525182193616,,LAW401,Harvard,non-Stem,3,,
140525182190928,2024-12-20,LAW401,Harvard,non-Stem,2,15047,48.84
140525182198032,2024-06-11,LAW601,Harvard,non-Stem,4,28341,44.71
140525182195152,2024-08-10,LAW601,Harvard,non-Stem,2,26897,67.54
140525182204368,2024-09-09,LAW501,Harvard,non-Stem,4,20182,62.07
140525182202064,2024-09-23,LAW501,Harvard,non-Stem,2,22680,58.09
140525182196688,2024-05-22,LAW501,Harvard,non-Stem,3,20551,54.85
140525182200976,2024-12-17,LAW401,Harvard,non-Stem,2,16369,52.23
140525182194000,2024-08-29,LAW401,Harvard,non-Stem,2,18849,51.56
140525182203152,2024-11-21,LAW601,Harvard,non-Stem,2,,
140525182202576,2024-12-15,LAW401,Harvard,non-Stem,3,15576,50.25
140525182193936,2024-08-13,LAW501,Harvard,non-Stem,5,21848,53.81
140525182196176,2024-10-29,LAW501,Harvard,non-Stem,3,21097,65.59
140525182200720,2024-05-24,LAW401,Harvard,non-Stem,3,16769,52.21
140525182194640,2024-12-06,LAW401,Harvard,non-Stem,3,15830,46.82
140525182196560,2024-06-17,LAW501,Harvard,non-Stem,2,22884,46.55
140525182199568,2024-12-15,LAW401,Harvard,non-Stem,2,16337,51.09
140525182190864,2024-08-26,LAW501,Harvard,non-Stem,2,21113,49.13
140525182202512,2024-11-04,LAW401,Harvard,non-Stem,5,16886,46.38
140525182205264,2024-10-29,LAW601,Harvard,non-Stem,,25213,56.0
140525182202768,2024-06-24,LAW501,Harvard,non-Stem,4,22828,57.65
140525182198608,2024-12-17,LAW401,Harvard,non-Stem,2,17601,56.36
140525182204816,2024-11-16,LAW501,Harvard,non-Stem,1,20635,44.57
140525182198352,2024-12-03,LAW401,Harvard,non-Stem,4,15049,82.21
140525182204752,2024-08-30,LAW601,Harvard,non-Stem,4,26739,48.19
140525182204880,2024-03-10,LAW501,Harvard,non-Stem,4,21554,46.25
140525182200848,2024-11-07,LAW401,Harvard,non-Stem,4,15384,68.46
140525182199376,2024-05-01,LAW401,Harvard,non-Stem,1,15201,43.17
140525182198992,2024-12-27,LAW501,Harvard,non-Stem,3,20047,47.94
140525182196816,2024-06-27,LAW501,Harvard,non-Stem,2,20568,79.19
140525182192656,2024-12-16,LAW401,Harvard,non-Stem,3,17560,63.89
140525182194704,2024-10-29,LAW501,Harvard,non-Stem,3,20288,75.21
140525182201552,2024-09-08,LAW401,Harvard,non-Stem,3,15508,46.01
140525182198224,2024-06-20,LAW401,Harvard,non-Stem,4,15542,45.5
140525182195408,2024-10-01,LAW401,Harvard,non-Stem,4,15237,52.3
140525182195984,2024-10-21,LAW401,Harvard,non-Stem,2,15142,41.79
140525182204560,2024-12-10,LAW501,Harvard,non-Stem,2,20931,44.26
140525182203024,2024-08-11,LAW401,Harvard,non-Stem,3,16158,43.75
140525182196944,2024-09-30,LAW501,Harvard,non-Stem,2,20542,74.57
140525182202384,2024-12-04,LAW401,Harvard,non-Stem,3,15260,44.09
140525182194192,2024-10-19,LAW401,Harvard,non-Stem,2,,
140525182198736,2024-11-09,LAW601,Harvard,non-Stem,2,28162,46.74
140525182199056,2024-12-18,LAW501,Harvard,non-Stem,5,20009,61.92
140525182189648,2024-11-21,LAW401,Harvard,non-Stem,1,16591,49.34
140525182194128,2024-05-13,LAW501,Harvard,non-Stem,3,21696,56.58
140525182190416,2024-12-24,LAW501,Harvard,non-Stem,2,21939,64.99
140525182199120,2024-12-27,LAW601,Harvard,non-Stem,4,25933,40.34
140525182191888,2024-11-12,LAW501,Harvard,non-Stem,3,21147,50.7
140525182197264,2024-12-25,LAW401,Harvard,non-Stem,2,15334,56.89
140525182198544,2024-10-18,LAW401,Harvard,non-Stem,4,16180,81.2
140525182194960,2024-08-17,LAW401,Harvard,non-Stem,4,16599,51.36
140525182192208,2024-11-18,LAW501,Harvard,non-Stem,4,20199,59.3
140525182196048,2024-12-25,LAW401,Harvard,non-Stem,5,18714,41.47
140525182192464,2024-12-17,LAW501,Harvard,non-Stem,2,22099,58.88
140525182195024,2024-09-19,LAW501,Harvard,non-Stem,3,20635,57.9
140525182200272,2024-12-08,LAW401,Harvard,non-Stem,4,16399,41.44
140525182198288,2024-12-24,LAW501,Harvard,non-Stem,3,20717,65.41
140525182205648,2024-09-10,LAW501,Harvard,non-Stem,3,22804,43.74
140525182191376,2024-08-16,LAW401,Harvard,non-Stem,3,15096,44.58
140525182194448,2024-10-07,LAW401,Harvard,non-Stem,2,16149,58.33
140525182204048,2024-08-17,LAW501,Harvard,non-Stem,3,21462,49.59
140525182194256,2024-11-13,LAW501,Harvard,non-Stem,2,21257,71.44
140525182189840,2024-11-10,LAW401,Harvard,non-Stem,2,15137,41.69
140525182191696,2024-10-22,LAW501,Harvard,non-Stem,3,21766,62.29
140525182205520,2024-11-29,LAW501,Harvard,non-Stem,3,22079,64.85
140525182201104,2024-12-14,LAW501,Harvard,non-Stem,2,,
140525182203536,2024-10-24,LAW601,Harvard,non-Stem,2,26783,42.95
140525182201808,2024-06-02,LAW501,Harvard,non-Stem,4,22319,74.76
140525182201040,2024-12-03,LAW401,Harvard,non-Stem,3,17003,48.05
140525182203664,2024-12-22,LAW501,Harvard,non-Stem,3,20382,40.28
140525182202000,2024-10-20,LAW501,Harvard,non-Stem,3,20813,42.8
140525182201360,2024-06-30,LAW401,Harvard,non-Stem,3,16327,63.92
140525182190800,2024-09-20,LAW401,Harvard,non-Stem,2,16155,70.23
140525182205072,2024-05-16,LAW501,Harvard,non-Stem,3,22437,41.77
140525182203088,2024-08-28,LAW501,Harvard,non-Stem,3,22689,50.24
140525182204432,2024-11-22,LAW501,Harvard,non-Stem,1,,
140525182203600,2024-12-20,LAW501,Harvard,non-Stem,4,20457,41.4
140525182199248,2024-10-08,LAW401,Harvard,non-Stem,5,15058,69.25
140525182197968,2024-12-02,LAW401,Harvard,non-Stem,4,16646,52.27
140525182196240,2024-12-17,LAW401,Harvard,non-Stem,3,15742,79.85
140525182191312,,LAW401,Harvard,non-Stem,4,16319,42.96
140525182195920,2024-08-15,LAW401,Harvard,non-Stem,,17244,53.65
140525182195216,2024-11-22,LAW501,Harvard,non-Stem,2,20622,51.39
140525182190160,2024-11-11,LAW501,Harvard,non-Stem,2,22951,43.97
140525182204176,2024-05-15,LAW501,Harvard,non-Stem,2,20088,52.18
140525182196304,2024-08-12,LAW401,Harvard,non-Stem,2,17586,82.24
140525182193360,2024-03-10,LAW401,Harvard,non-Stem,3,16895,83.64
140526244001616,2024-11-13,LAW401,Harvard,non-Stem,2,15843,53.68
140526243995856,2024-12-18,LAW401,Harvard,non-Stem,3,,
140526243994640,2024-10-14,LAW401,Harvard,non-Stem,3,15388,42.88
140526244001424,2024-10-22,LAW401,Harvard,non-Stem,4,,
140526244003536,2024-09-10,LAW601,Harvard,non-Stem,2,25418,62.66
140526243999376,2024-10-27,LAW401,Harvard,non-Stem,4,17965,60.03
140526243996880,2024-11-28,LAW401,Harvard,non-Stem,3,15377,61.77
140526243994768,2024-05-14,LAW501,Harvard,non-Stem,4,22535,60.94
140526243995664,2024-12-15,LAW401,Harvard,non-Stem,4,17423,52.94
140526243997328,2024-01-01,LAW501,Harvard,non-Stem,5,20921,81.93
140526243994576,2024-12-12,LAW501,Harvard,non-Stem,4,22691,46.0
140526243999760,2024-06-09,LAW501,Harvard,non-Stem,5,21350,63.16
140526243997968,2024-12-01,LAW401,Harvard,non-Stem,3,17151,45.36
140526243996816,2024-11-29,LAW401,Harvard,non-Stem,2,17235,60.78
140526244001552,2024-12-06,LAW401,Harvard,non-Stem,4,15280,59.91
140526243999696,2024-10-09,LAW401,Harvard,non-Stem,,,
140526243998160,2024-08-27,LAW501,Harvard,non-Stem,2,21146,42.79
140526244000208,2024-11-25,LAW401,Harvard,non-Stem,1,16604,42.97
140526243997904,2024-10-11,LAW501,Harvard,non-Stem,2,21202,42.51
140526244002832,2024-07-18,LAW501,Harvard,non-Stem,4,20370,51.31
140526244003152,2024-11-26,LAW501,Harvard,non-Stem,2,22205,48.1
140526243993936,2024-10-06,LAW501,Harvard,non-Stem,3,20490,55.94
140526243999888,2024-09-20,LAW501,Harvard,non-Stem,2,20961,66.18
140526243998992,2024-11-03,LAW501,Harvard,non-Stem,4,20021,75.41
140526243994704,2024-06-07,LAW401,Harvard,non-Stem,2,15150,40.75
140526243995344,2024-12-05,LAW401,Harvard,non-Stem,3,17213,49.6
140526243997712,2024-12-06,LAW501,Harvard,non-Stem,2,,
140526244000400,,LAW401,Harvard,non-Stem,2,16671,63.91
140526244002192,2024-10-19,LAW401,Harvard,non-Stem,4,15072,43.93
140526243997264,2024-10-31,LAW401,Harvard,non-Stem,5,16124,40.95
140526244001872,2024-07-30,LAW401,Harvard,non-Stem,2,15958,50.35
140526244002448,2024-12-01,LAW401,Harvard,non-Stem,2,15163,51.29
140526244002000,2024-11-15,LAW401,Harvard,non-Stem,4,15991,64.54
140526244001680,2024-08-26,LAW601,Harvard,non-Stem,5,26389,56.66
140526243998352,2024-11-23,LAW501,Harvard,non-Stem,3,20314,62.5
140526244002384,2024-09-19,LAW601,Harvard,non-Stem,5,25084,44.34
140526243997840,2024-12-28,LAW401,Harvard,non-Stem,2,15018,64.81
140526243995728,2024-11-17,LAW501,Harvard,non-Stem,2,,
140526244001808,2024-12-11,LAW501,Harvard,non-Stem,3,20612,49.29
140526243999440,2024-11-22,LAW501,Harvard,non-Stem,2,20169,53.09
140526243999184,2024-09-20,LAW501,Harvard,non-Stem,3,21355,61.07
140526244002064,2024-10-13,LAW401,Harvard,non-Stem,3,15490,44.73
140526243995152,2024-07-12,LAW401,Harvard,non-Stem,3,15810,49.66
140526244001232,2024-07-21,LAW401,Harvard,non-Stem,3,16781,59.9
140526243998416,2024-12-08,LAW501,Harvard,non-Stem,1,22467,71.91
140526243999056,2024-12-13,LAW401,Harvard,non-Stem,3,,
140526243994832,2024-08-09,LAW401,Harvard,non-Stem,4,15213,44.84
140526243997520,2024-10-07,LAW401,Harvard,non-Stem,3,15504,42.55
140526243987600,2024-09-13,LAW401,Harvard,non-Stem,2,16366,72.68
140526243995216,2024-11-06,LAW401,Harvard,non-Stem,4,15661,54.56
140526243988048,2024-07-28,LAW401,Harvard,non-Stem,3,18523,46.47
140526243994896,2024-12-06,LAW501,Harvard,non-Stem,3,20557,41.9
140526243995600,2024-09-19,LAW501,Harvard,non-Stem,2,20121,43.12
140526243997584,2024-08-08,LAW401,Harvard,non-Stem,2,15662,42.38
140526243999952,,LAW401,Harvard,non-Stem,3,16283,40.1
140526243997392,2024-10-11,LAW501,Harvard,non-Stem,3,,
140526243998224,2024-11-08,LAW501,Harvard,non-Stem,2,20429,56.19
140526243996496,2024-10-04,LAW401,Harvard,non-Stem,2,15359,64.76
140526244002128,2024-12-01,LAW401,Harvard,non-Stem,4,15039,55.55
140526243998672,2024-12-27,LAW401,Harvard,non-Stem,3,15462,59.47
140525180293776,2024-10-24,LAW401,Harvard,non-Stem,4,15270,49.82
140525180290000,2024-11-26,LAW501,Harvard,non-Stem,2,22591,56.77
140525180303056,2024-07-24,LAW401,Harvard,non-Stem,4,15943,42.93
140525180291984,,LAW401,Harvard,non-Stem,2,,
140525180291280,2024-12-30,LAW501,Harvard,non-Stem,2,20446,57.77
140525180289168,2024-10-29,LAW401,Harvard,non-Stem,3,15144,71.74
140525180293264,2024-12-16,LAW501,Harvard,non-Stem,4,22207,56.22
140525180291216,2024-05-03,LAW501,Harvard,non-Stem,3,21063,42.62
140525180295568,2024-10-04,LAW501,Harvard,non-Stem,4,20867,52.58
140525180299344,2024-10-24,LAW401,Harvard,non-Stem,2,18232,54.28
140525180290896,2024-12-12,LAW501,Harvard,non-Stem,3,20765,82.28
140525180297360,2024-09-07,LAW401,Harvard,non-Stem,3,16967,81.58
140525180292112,2024-12-08,LAW401,Harvard,non-Stem,3,,
140525180303120,2024-08-09,LAW501,Harvard,non-Stem,2,,
140525180300880,2024-09-29,LAW401,Harvard,non-Stem,5,18198,51.42
140525180292560,2024-12-01,LAW401,Harvard,non-Stem,2,18000,42.62
140525180303376,2024-03-31,LAW401,Harvard,non-Stem,2,17277,58.24
140525180290768,2024-08-10,LAW401,Harvard,non-Stem,1,,
140525180296208,2024-11-07,LAW601,Harvard,non-Stem,3,26228,63.62
140525180298064,2024-10-10,LAW401,Harvard,non-Stem,1,17245,72.13
140525180300048,2024-09-03,LAW501,Harvard,non-Stem,,22978,58.73
140525180304720,2024-12-10,LAW401,Harvard,non-Stem,4,15538,41.03
140525180292752,2024-09-28,LAW601,Harvard,non-Stem,2,25480,66.55
140525180294864,2024-12-24,LAW401,Harvard,non-Stem,3,17555,46.26
140525180301328,2024-11-09,LAW401,Harvard,non-Stem,3,15076,51.59
140525180302096,2024-07-21,LAW401,Harvard,non-Stem,3,16892,41.68
140525180304912,2024-10-28,LAW401,Harvard,non-Stem,3,16473,42.47
140525180303440,2024-11-27,LAW601,Harvard,non-Stem,2,26433,41.42
140525180298896,2024-12-25,LAW501,Harvard,non-Stem,2,20256,45.98
140525180290448,2024-09-17,LAW501,Harvard,non-Stem,1,20859,61.29
140525180297488,2024-10-31,LAW401,Harvard,non-Stem,2,17637,42.54
140525180298640,2024-09-03,LAW501,Harvard,non-Stem,1,21288,49.22
140525180297040,2024-11-28,LAW501,Harvard,non-Stem,5,20226,46.34
140525180300560,2024-11-24,LAW401,Harvard,non-Stem,2,16880,56.09
140525180289744,2024-06-01,LAW501,Harvard,non-Stem,2,20779,50.97
140525180303504,2024-12-24,LAW401,Harvard,non-Stem,3,15358,41.58
140525180300112,,LAW501,Harvard,non-Stem,5,20666,85.31
140525180300432,2024-12-23,LAW401,Harvard,non-Stem,2,16719,63.94
140525180303632,2024-10-27,LAW601,Harvard,non-Stem,2,25638,40.07
140525180293840,2024-10-28,LAW401,Harvard,non-Stem,1,17696,41.52
140525180296848,2024-05-29,LAW601,Harvard,non-Stem,5,25906,84.69
140525180304656,,LAW401,Harvard,non-Stem,2,16598,49.68
140525180293008,,LAW501,Harvard,non-Stem,4,,
140525180289872,2024-10-28,LAW401,Harvard,non-Stem,3,17340,73.0
140525180299280,2024-08-06,LAW401,Harvard,non-Stem,,16915,71.78
140525180301648,2024-11-03,LAW501,Harvard,non-Stem,4,,
140525180289616,2024-11-16,LAW401,Harvard,non-Stem,3,18093,55.05
140525180300304,2024-12-21,LAW501,Harvard,non-Stem,2,21848,66.01
140525180291792,2024-12-21,LAW401,Harvard,non-Stem,5,16944,49.22
140525180298000,2024-06-07,LAW601,Harvard,non-Stem,4,27206,42.04
140525180302800,2024-12-17,LAW401,Harvard,non-Stem,3,17819,56.37
140525180292176,2024-10-06,LAW501,Harvard,non-Stem,1,22068,49.1
140525180296464,2024-09-01,LAW401,Harvard,non-Stem,3,19033,64.79
140525180305168,2024-09-27,LAW501,Harvard,non-Stem,3,22202,40.61
140525180303824,2024-08-21,LAW501,Harvard,non-Stem,2,20093,63.1
140525180302032,2024-09-12,LAW501,Harvard,non-Stem,2,21595,65.37
140525180301456,2024-06-17,LAW501,Harvard,non-Stem,2,20021,43.19
140525180292688,2024-10-05,LAW501,Harvard,non-Stem,4,21257,58.36
140525180291024,2024-12-25,LAW601,Harvard,non-Stem,3,25131,59.74
140525180295312,2024-11-28,LAW401,Harvard,non-Stem,1,15030,53.42
140525180298832,2024-10-22,LAW401,Harvard,non-Stem,1,16298,59.79
140525180289360,,LAW401,Harvard,non-Stem,1,16017,69.28
140525180293136,2024-10-09,LAW501,Harvard,non-Stem,3,,
140525180301840,2024-07-27,LAW501,Harvard,non-Stem,2,21255,47.58
140525180291472,2024-11-06,LAW401,Harvard,non-Stem,3,15921,61.32
140525180301136,2024-12-03,LAW401,Harvard,non-Stem,3,,
140525180303568,2024-12-20,LAW401,Harvard,non-Stem,2,17664,63.48
140525180303952,2024-11-10,LAW501,Harvard,non-Stem,3,21044,58.27
140525180302864,2024-12-26,LAW501,Harvard,non-Stem,3,21478,85.66
140525180291664,2024-11-08,LAW501,Harvard,non-Stem,2,20232,41.41
140525180299856,2024-10-21,LAW401,Harvard,non-Stem,3,15542,49.51
140525180293200,2024-07-10,LAW401,Harvard,non-Stem,4,16523,44.76
140525180298128,,LAW501,Harvard,non-Stem,4,20676,44.65
140525180294992,2024-12-08,LAW401,Harvard,non-Stem,2,16235,50.17
140525180304976,2024-12-20,LAW401,Harvard,non-Stem,3,17669,64.6
140525180299088,2024-03-20,LAW501,Harvard,non-Stem,4,20993,69.65
140525180294800,,LAW401,Harvard,non-Stem,4,,
140525180298384,2024-09-28,LAW401,Harvard,non-Stem,2,15978,65.84
140525180290064,2024-11-24,LAW401,Harvard,non-Stem,4,15459,48.07
140525180303312,2024-07-27,LAW501,Harvard,non-Stem,5,22228,41.35
140525180298320,2024-12-31,LAW401,Harvard,non-Stem,2,16230,51.47
140525180292496,2024-08-23,LAW501,Harvard,non-Stem,2,22777,65.21
140525180303888,2024-12-18,LAW601,Harvard,non-Stem,5,25828,46.12
140525180298768,2024-11-15,LAW501,Harvard,non-Stem,3,20012,70.64
140525180293456,2024-10-30,LAW401,Harvard,non-Stem,,16893,50.54
140525180289936,2024-10-11,LAW401,Harvard,non-Stem,3,16156,67.54
140525180297744,2024-11-05,LAW501,Harvard,non-Stem,5,20604,44.53
140525180305360,2024-11-05,LAW501,Harvard,non-Stem,3,22146,63.64
140525180294928,2024-11-14,LAW501,Harvard,non-Stem,3,21044,50.12
140525180305232,2024-05-31,LAW401,Harvard,non-Stem,2,18459,46.33
140525180296592,2024-11-08,LAW401,Harvard,non-Stem,5,16100,55.25
140525180293072,2024-12-26,LAW401,Harvard,non-Stem,4,,
140525180296976,2024-11-24,LAW501,Harvard,non-Stem,,23620,42.97
140525180297872,2024-12-01,LAW501,Harvard,non-Stem,3,21940,41.63
140525180302608,2024-11-26,LAW501,Harvard,non-Stem,4,20383,73.32
140525180305104,2024-11-17,LAW401,Harvard,non-Stem,3,16805,54.19
140525180300752,2024-10-15,LAW401,Harvard,non-Stem,3,16925,50.13
140525180296272,2024-08-03,LAW501,Harvard,non-Stem,4,21501,46.14
140525180291088,2024-08-19,LAW401,Harvard,non-Stem,2,17368,50.28
140525180302416,2024-08-08,LAW501,Harvard,non-Stem,4,20596,43.46
140525180292304,,LAW501,Harvard,non-Stem,1,20943,51.84
140525180302160,2024-10-13,LAW401,Harvard,non-Stem,2,16918,68.23
140525180293328,2024-12-18,LAW401,Harvard,non-Stem,2,17964,45.87
140525180300368,2024-04-07,LAW501,Harvard,non-Stem,2,24317,62.33
140525180300688,2024-07-10,LAW501,Harvard,non-Stem,4,,
140525180304464,,LAW501,Harvard,non-Stem,3,20477,41.18
140525121246224,2024-10-10,LAW401,Harvard,non-Stem,2,16142,45.27
140525121254288,2024-06-18,LAW401,Harvard,non-Stem,3,17206,41.0
140525121242448,2024-07-23,LAW501,Harvard,non-Stem,,22253,44.58
140525121241936,2024-10-16,LAW501,Harvard,non-Stem,3,20012,54.44
140525121242128,2024-11-21,LAW501,Harvard,non-Stem,,21484,50.92
140525121241808,2024-10-11,LAW601,Harvard,non-Stem,4,25153,52.28
140525121256080,2024-11-25,LAW501,Harvard,non-Stem,4,20628,91.62
140525121249616,2024-05-15,LAW401,Harvard,non-Stem,3,18524,46.01
140525121241680,,LAW401,Harvard,non-Stem,2,15282,47.88
140525121248784,2024-11-12,LAW401,Harvard,non-Stem,1,15091,54.95
140525121250832,2024-06-16,LAW501,Harvard,non-Stem,2,21588,69.67
140525121250768,2024-11-06,LAW501,Harvard,non-Stem,3,22429,44.55
140525121245136,2024-09-01,LAW401,Harvard,non-Stem,3,16291,59.68
140525121243280,2024-08-09,LAW501,Harvard,non-Stem,4,21385,45.18
140525121249296,2024-07-06,LAW501,Harvard,non-Stem,1,20528,57.72
140525121241616,2024-12-13,LAW501,Harvard,non-Stem,3,24524,43.47
140525121246864,2024-10-26,LAW401,Harvard,non-Stem,4,15463,64.69
140525121252816,2024-12-23,LAW401,Harvard,non-Stem,4,16502,61.41
140525121253008,2024-10-05,LAW401,Harvard,non-Stem,3,15398,57.41
140525121254928,2024-10-29,LAW401,Harvard,non-Stem,3,15809,61.45
140525121250128,2024-11-21,LAW401,Harvard,non-Stem,3,15619,55.45
140525121252240,2024-12-07,LAW501,Harvard,non-Stem,3,21015,70.8
140525121244944,2024-12-16,LAW401,Harvard,non-Stem,,17194,49.95
140525121251664,2024-08-20,LAW401,Harvard,non-Stem,3,16258,50.32
140525121245520,2024-11-23,LAW501,Harvard,non-Stem,4,21796,50.82
140525121253456,2024-11-10,LAW501,Harvard,non-Stem,1,21057,46.73
140525121248976,,LAW501,Harvard,non-Stem,4,20094,58.24
140525121252560,2024-03-05,LAW501,Harvard,non-Stem,2,20427,44.09
140525121241744,2024-09-12,LAW401,Harvard,non-Stem,3,15449,54.81
140525121241552,2024-08-11,LAW401,Harvard,non-Stem,3,16426,47.5
140525121241488,2024-05-15,LAW401,Harvard,non-Stem,3,16363,81.92
140525121253392,2024-05-10,LAW601,Harvard,non-Stem,4,25676,44.59
140525121253264,2024-06-14,LAW501,Harvard,non-Stem,4,20678,51.51
140525121248720,2024-12-18,LAW601,Harvard,non-Stem,4,26713,44.22
140525121251344,2024-11-28,LAW501,Harvard,non-Stem,3,20507,50.4
140525121242768,2024-06-11,LAW401,Harvard,non-Stem,3,18477,40.67
140525121246736,2024-12-24,LAW401,Harvard,non-Stem,2,18936,43.88
140525121251152,2024-08-12,LAW501,Harvard,non-Stem,2,22099,43.08
140525121245584,2024-10-08,LAW501,Harvard,non-Stem,4,21745,45.67
140525121248400,2024-08-08,LAW501,Harvard,non-Stem,3,22489,45.78
140525121247696,2024-04-21,LAW501,Harvard,non-Stem,5,21462,40.58
140525121244368,2024-10-15,LAW401,Harvard,non-Stem,3,15764,74.8
140525121245072,2024-10-24,LAW401,Harvard,non-Stem,3,16002,49.66
140525121248528,2024-11-28,LAW401,Harvard,non-Stem,1,17292,40.27
140525121256720,2024-11-28,LAW401,Harvard,non-Stem,3,17297,74.23
140525121242576,2024-08-02,LAW401,Harvard,non-Stem,4,15619,40.16
140525121243600,2024-10-17,LAW501,Harvard,non-Stem,4,21867,55.79
140525121244240,2024-10-06,LAW501,Harvard,non-Stem,3,23209,42.76
140525121248912,2024-10-29,LAW501,Harvard,non-Stem,2,24583,50.78
140525121257168,2024-10-10,LAW401,Harvard,non-Stem,3,15309,44.67
140525121242384,2024-08-05,LAW501,Harvard,non-Stem,1,22542,46.83
140525121254992,2024-12-22,LAW501,Harvard,non-Stem,3,20730,67.2
140525121255568,2024-07-08,LAW501,Harvard,non-Stem,4,,
140525121256016,2024-10-20,LAW401,Harvard,non-Stem,5,17814,77.89
140525121248016,2024-09-14,LAW401,Harvard,non-Stem,2,15117,44.12
140525121244496,2024-10-11,LAW401,Harvard,non-Stem,2,15108,45.44
140525121246928,2024-11-26,LAW501,Harvard,non-Stem,3,20461,91.63
140525121246160,2024-07-12,LAW401,Harvard,non-Stem,4,16035,72.58
140525121243792,2024-08-16,LAW601,Harvard,non-Stem,2,25385,59.3
140525121251984,2024-12-12,LAW501,Harvard,non-Stem,4,21778,50.3
140525121252304,2024-10-24,LAW401,Harvard,non-Stem,3,16666,60.63
140525121245968,2024-09-24,LAW501,Harvard,non-Stem,5,20421,68.38
140525121253840,2024-12-01,LAW501,Harvard,non-Stem,4,24538,71.88
140525121254224,2024-12-25,LAW401,Harvard,non-Stem,4,16347,53.82
140525121255760,2024-10-26,LAW601,Harvard,non-Stem,3,25068,61.43
140525121242704,2024-12-05,LAW401,Harvard,non-Stem,2,16173,78.54
140525121257296,2024-11-16,LAW601,Harvard,non-Stem,,26066,44.66
140525121246992,2024-12-25,LAW401,Harvard,non-Stem,,15190,78.2
140525121251216,2024-09-30,LAW401,Harvard,non-Stem,3,15594,63.39
140525121248272,2024-11-10,LAW401,Harvard,non-Stem,5,18040,47.32
140525121247376,2024-10-05,LAW401,Harvard,non-Stem,3,15952,62.36
140525121252624,2024-10-30,LAW501,Harvard,non-Stem,2,20625,54.92
140525121244880,2024-12-01,LAW401,Harvard,non-Stem,2,16140,49.09
140525121242320,2024-10-02,LAW501,Harvard,non-Stem,2,20818,44.3
140525121255440,2024-04-28,LAW401,Harvard,non-Stem,2,16465,53.04
140525121250704,2024-11-11,LAW501,Harvard,non-Stem,2,,
140525121250192,2024-10-21,LAW501,Harvard,non-Stem,5,20468,48.91
140525121252432,2024-12-03,LAW501,Harvard,non-Stem,2,20431,73.93
140525121257424,2024-05-09,LAW401,Harvard,non-Stem,3,15778,58.3
140525121248848,2024-03-21,LAW501,Harvard,non-Stem,3,21869,51.46
140525121247184,2024-12-20,LAW401,Harvard,non-Stem,3,15270,65.04
140525121253136,2024-10-29,LAW401,Harvard,non-Stem,4,15302,70.82
140525121256592,,LAW501,Harvard,non-Stem,4,20209,60.62
140525121253584,2024-11-02,LAW501,Harvard,non-Stem,3,22006,51.01
140525121250576,2024-08-14,LAW501,Harvard,non-Stem,3,20512,50.41
140525121251536,2024-11-06,LAW401,Harvard,non-Stem,4,15059,40.84
140525121246288,2024-09-30,LAW401,Harvard,non-Stem,3,15886,67.61
140525121253776,2024-06-14,LAW401,Harvard,non-Stem,2,17772,61.8
140525121255504,2024-07-14,LAW501,Harvard,non-Stem,3,20046,50.89
140525121250512,2024-12-17,LAW501,Harvard,non-Stem,3,20394,59.69
140525121246480,2024-09-24,LAW501,Harvard,non-Stem,1,22548,66.32
140525121252496,2024-12-05,LAW501,Harvard,non-Stem,3,20341,71.4
140525121247120,2024-10-03,LAW501,Harvard,non-Stem,4,21233,48.26
140525121254032,2024-09-10,LAW401,Harvard,non-Stem,2,15727,48.42
140525121244752,2024-10-28,LAW501,Harvard,non-Stem,3,20485,47.69
140525121247568,2024-10-24,LAW501,Harvard,non-Stem,2,21172,47.87
140525121256656,,LAW501,Harvard,non-Stem,3,21973,42.31
140525121254160,2024-02-18,LAW401,Harvard,non-Stem,5,17244,53.18
140525121242064,2024-12-14,LAW501,Harvard,non-Stem,4,21832,48.93
140525121246800,2024-11-11,LAW501,Harvard,non-Stem,,20748,78.87
140525121248656,2024-12-22,LAW401,Harvard,non-Stem,3,15093,50.47
140525121255312,2024-10-12,LAW501,Harvard,non-Stem,4,20161,42.15
140525121250896,2024-11-07,LAW501,Harvard,non-Stem,2,20498,70.05
140525121253904,2024-07-04,LAW401,Harvard,non-Stem,4,15494,60.62
140525121255888,2024-12-25,LAW501,Harvard,non-Stem,3,21120,60.98
140525121249232,2024-10-26,LAW401,Harvard,non-Stem,3,18257,67.52
140525121246352,2024-12-01,LAW401,Harvard,non-Stem,3,18308,43.0
140525121249488,2024-09-20,LAW501,Harvard,non-Stem,4,22614,49.31
140525121254096,2024-08-04,LAW501,Harvard,non-Stem,3,20412,42.77
140525121251728,2024-11-18,LAW401,Harvard,non-Stem,3,,
140525121255696,,LAW401,Harvard,non-Stem,2,16723,65.65
140525121242512,2024-08-05,LAW501,Harvard,non-Stem,1,20918,44.53
140525121249744,,LAW501,Harvard,non-Stem,2,21627,45.93
140525121243664,2024-06-24,LAW601,Harvard,non-Stem,3,27829,45.55
140525121244048,2024-05-27,LAW401,Harvard,non-Stem,4,15100,59.63
140525121247504,2024-11-07,LAW501,Harvard,non-Stem,4,21004,41.3
140525121254416,2024-09-16,LAW501,Harvard,non-Stem,2,21311,62.42
140525121256784,2024-06-06,LAW401,Harvard,non-Stem,2,16878,45.3
140525121252368,2024-08-09,LAW501,Harvard,non-Stem,4,20744,70.46
140525121242256,2024-11-11,LAW501,Harvard,non-Stem,4,20883,43.34
140525121244560,2024-10-04,LAW601,Harvard,non-Stem,1,25190,66.48
140525121244688,,LAW601,Harvard,non-Stem,2,25457,51.89
140525121257232,2024-05-31,LAW401,Harvard,non-Stem,4,15480,56.03
140525121255120,2024-07-29,LAW401,Harvard,non-Stem,3,17696,44.5
140525121245840,2024-11-22,LAW401,Harvard,non-Stem,3,17620,46.93
140525121241168,2024-06-07,LAW501,Harvard,non-Stem,4,23091,41.28
140525121249424,2024-12-31,LAW501,Harvard,non-Stem,5,20437,52.44
140525121245904,2024-12-17,LAW601,Harvard,non-Stem,2,25151,42.17
140525121250384,2024-07-20,LAW501,Harvard,non-Stem,3,21013,54.16
140525121251408,2024-04-27,LAW501,Harvard,non-Stem,2,20511,68.85
140525121247824,2024-11-17,LAW401,Harvard,non-Stem,4,17584,44.02
140525121242640,2024-11-11,LAW501,Harvard,non-Stem,2,22034,73.84
140525121249808,2024-07-03,LAW401,Harvard,non-Stem,3,15265,47.83
140525121242960,2024-12-20,LAW501,Harvard,non-Stem,2,21985,61.01
140525121254544,2024-11-18,LAW501,Harvard,non-Stem,4,24138,66.64
140525121253968,2024-11-03,LAW401,Harvard,non-Stem,2,17311,46.95
140525137413392,2024-12-09,LAW501,Harvard,non-Stem,3,20779,46.34
140525137419984,2024-09-30,LAW601,Harvard,non-Stem,2,25217,43.85
140525137417232,2024-09-27,LAW401,Harvard,non-Stem,2,16246,42.49
140525137426128,2024-09-09,LAW501,Harvard,non-Stem,5,23021,52.0
140525137412624,2024-04-23,LAW401,Harvard,non-Stem,3,,
140525137419216,2024-08-20,LAW401,Harvard,non-Stem,3,17255,58.79
140525137421776,,LAW501,Harvard,non-Stem,4,,
140525137421520,2024-11-24,LAW601,Harvard,non-Stem,,25120,41.36
140525137413648,2024-11-26,LAW501,Harvard,non-Stem,3,21444,42.9
140525137418960,,LAW401,Harvard,non-Stem,2,16223,53.63
140525137420752,2024-12-27,LAW501,Harvard,non-Stem,3,20370,64.46
140525137423568,2024-08-08,LAW501,Harvard,non-Stem,3,21472,62.61
140525137412368,2024-08-23,LAW401,Harvard,non-Stem,1,16135,59.24
140525137427600,2024-12-21,LAW501,Harvard,non-Stem,4,21341,52.43
140525137414672,2024-10-31,LAW501,Harvard,non-Stem,4,21961,55.96
140525137425360,2024-10-09,LAW501,Harvard,non-Stem,3,20536,42.94
140525137426896,2024-11-14,LAW401,Harvard,non-Stem,3,15230,58.66
140525137426384,2024-12-06,LAW601,Harvard,non-Stem,4,27020,43.86
140525137425872,2024-12-11,LAW501,Harvard,non-Stem,2,21645,40.66
140525137426640,2024-11-17,LAW501,Harvard,non-Stem,2,22069,45.96
140525137414416,2024-09-26,LAW501,Harvard,non-Stem,2,20623,67.55
140525137418704,2024-06-28,LAW601,Harvard,non-Stem,4,27211,43.8
140525137421008,2024-12-25,LAW401,Harvard,non-Stem,4,15560,58.99
140525137414928,2024-10-02,LAW401,Harvard,non-Stem,3,17839,46.49
140525137419728,2024-11-22,LAW401,Harvard,non-Stem,2,15292,42.55
140525137424080,2024-07-07,LAW601,Harvard,non-Stem,4,26074,40.04
140525137414160,2024-11-16,LAW401,Harvard,non-Stem,,,
140525137428112,2024-06-07,LAW401,Harvard,non-Stem,2,16305,79.28
140525137427856,2024-09-20,LAW401,Harvard,non-Stem,2,15103,62.9
140525137415184,2024-12-10,LAW401,Harvard,non-Stem,2,16504,52.45
140525137416464,2024-12-27,LAW401,Harvard,non-Stem,2,15690,55.96
140525137415696,2024-12-01,LAW401,Harvard,non-Stem,2,15809,42.34
140525185413200,2024-11-03,LAW401,Harvard,non-Stem,2,17320,67.26
140525185408144,2024-08-31,LAW401,Harvard,non-Stem,4,15216,41.1
140525185408080,2024-11-23,LAW501,Harvard,non-Stem,4,20015,42.65
140525185404368,2024-12-25,LAW401,Harvard,non-Stem,4,15461,74.67
140525185406160,2024-08-29,LAW601,Harvard,non-Stem,2,25386,43.27
140525185415248,2024-09-21,LAW501,Harvard,non-Stem,1,20257,41.39
140525185413520,2024-12-18,LAW401,Harvard,non-Stem,2,15900,63.66
140525185402192,2024-08-28,LAW501,Harvard,non-Stem,4,,
140525185410768,2024-06-12,LAW401,Harvard,non-Stem,5,17565,41.61
140525185406608,2024-11-08,LAW501,Harvard,non-Stem,3,20134,43.8
140525185415440,2024-08-15,LAW401,Harvard,non-Stem,5,16782,47.77
140525185404112,2024-11-26,LAW501,Harvard,non-Stem,3,20965,51.18
140525185410064,2024-11-01,LAW401,Harvard,non-Stem,4,16759,48.86
140525185412304,2024-07-26,LAW401,Harvard,non-Stem,4,16555,41.06
140525185406544,2024-12-18,LAW601,Harvard,non-Stem,3,25302,41.56
140525185408656,2024-12-06,LAW401,Harvard,non-Stem,3,15893,50.99
140525185405136,,LAW401,Harvard,non-Stem,1,15368,71.01
140525185412240,2024-09-24,LAW401,Harvard,non-Stem,3,15739,50.84
140525185411792,2024-12-04,LAW401,Harvard,non-Stem,3,15133,43.36
140525185404752,2024-10-29,LAW401,Harvard,non-Stem,4,15258,65.04
140525185401936,2024-11-12,LAW401,Harvard,non-Stem,1,15933,59.51
140525185410896,2024-05-22,LAW401,Harvard,non-Stem,2,18177,55.95
140525185413264,2024-10-12,LAW401,Harvard,non-Stem,4,16128,75.06
140525185413904,2024-12-23,LAW401,Harvard,non-Stem,2,17278,47.63
140525185404624,2024-04-26,LAW501,Harvard,non-Stem,3,22177,43.31
140525185406032,2024-12-23,LAW501,Harvard,non-Stem,3,20230,51.86
140525185413072,2024-12-27,LAW401,Harvard,non-Stem,5,15244,73.63
140525185416336,2024-12-28,LAW401,Harvard,non-Stem,3,15818,67.01
140525185402704,2024-10-08,LAW501,Harvard,non-Stem,1,21103,43.79
140525185404560,2024-12-22,LAW401,Harvard,non-Stem,3,17048,50.2
140525185415888,2024-09-06,LAW401,Harvard,non-Stem,3,,
140525185401168,2024-10-30,LAW401,Harvard,non-Stem,,15585,84.47
140525185408208,2024-10-18,LAW401,Harvard,non-Stem,3,,
140525185402512,2024-12-25,LAW401,Harvard,non-Stem,2,,
140525185412176,2024-10-13,LAW501,Harvard,non-Stem,1,21304,52.68
140525185404496,2024-12-09,LAW401,Harvard,non-Stem,3,15484,53.4
140525185406416,2024-10-16,LAW501,Harvard,non-Stem,4,20757,45.76
140525185403024,2024-07-29,LAW401,Harvard,non-Stem,2,18344,59.7
140525185412752,2024-12-14,LAW401,Harvard,non-Stem,2,15190,63.84
140525185411344,2024-11-24,LAW401,Harvard,non-Stem,2,,
140525185401296,2024-11-18,LAW401,Harvard,non-Stem,4,15860,52.55
140525185417104,2024-10-29,LAW401,Harvard,non-Stem,3,17369,61.9
140525185416208,2024-12-17,LAW401,Harvard,non-Stem,4,15339,45.63
140525185407632,2024-12-17,LAW501,Harvard,non-Stem,,20859,44.05
140525185405520,2024-07-04,LAW601,Harvard,non-Stem,4,27170,41.39
140525185408976,2024-12-02,LAW501,Harvard,non-Stem,4,20563,57.35
140525185414224,2024-08-21,LAW501,Harvard,non-Stem,3,21092,44.03
140525185410512,2024-11-08,LAW601,Harvard,non-Stem,3,25458,51.74
140525185408016,2024-11-05,LAW401,Harvard,non-Stem,3,18061,55.65
140525185411408,,LAW401,Harvard,non-Stem,2,16929,56.44
140525185417040,2024-05-21,LAW501,Harvard,non-Stem,3,22375,47.14
140525185415056,2024-12-30,LAW501,Harvard,non-Stem,4,20157,71.86
140525185416016,2024-08-17,LAW501,Harvard,non-Stem,2,20008,57.0
140525185404304,2024-09-26,LAW401,Harvard,non-Stem,3,15681,41.68
140525185402000,2024-10-29,LAW501,Harvard,non-Stem,3,21019,54.26
140525185402064,2024-10-09,LAW401,Harvard,non-Stem,5,15998,62.09
140525185405200,2024-11-09,LAW501,Harvard,non-Stem,3,23142,40.16
140525185409680,2024-10-22,LAW401,Harvard,non-Stem,3,17852,46.03
140525185402832,2024-07-12,LAW601,Harvard,non-Stem,2,25577,42.11
140525185415696,2024-12-04,LAW601,Harvard,non-Stem,2,25086,61.54
140525185408784,2024-12-13,LAW501,Harvard,non-Stem,4,21472,40.1
140525185411984,2024-11-29,LAW501,Harvard,non-Stem,2,21059,53.97
140525185406288,2024-10-21,LAW501,Harvard,non-Stem,2,21998,48.76
140525185412944,2024-11-20,LAW501,Harvard,non-Stem,4,20139,64.16
140525185409744,2024-09-01,LAW601,Harvard,non-Stem,3,27136,70.58
140525185413008,2024-08-25,LAW401,Harvard,non-Stem,3,18527,43.11
140525185411728,2024-08-14,LAW501,Harvard,non-Stem,1,20786,56.55
140525185414352,2024-08-15,LAW501,Harvard,non-Stem,3,22812,47.64
140525185407120,2024-12-21,LAW401,Harvard,non-Stem,5,,
140525185405840,2024-12-13,LAW501,Harvard,non-Stem,1,20632,47.83
140525185402768,2024-04-13,LAW401,Harvard,non-Stem,,16918,53.39
140525185405392,2024-08-20,LAW401,Harvard,non-Stem,4,16545,43.16
140525185411216,2024-09-12,LAW401,Harvard,non-Stem,4,18216,41.7
140525185406352,2024-11-25,LAW401,Harvard,non-Stem,3,16801,59.04
140525185406736,2024-09-17,LAW501,Harvard,non-Stem,3,22268,54.26
140525185404048,2024-10-10,LAW501,Harvard,non-Stem,1,21350,75.93
140525185416080,2024-11-25,LAW501,Harvard,non-Stem,3,23320,54.73
140525185404816,2024-07-23,LAW501,Harvard,non-Stem,2,21435,66.41
140525185405328,2024-07-23,LAW501,Harvard,non-Stem,2,,
140525185408528,2024-08-03,LAW501,Harvard,non-Stem,4,21167,51.6
140525185411920,2024-07-23,LAW401,Harvard,non-Stem,2,15324,43.77
140525185407440,2024-11-04,LAW501,Harvard,non-Stem,1,23330,66.82
140525185412688,2024-10-25,LAW401,Harvard,non-Stem,3,15140,51.76
140525185410960,2024-12-01,LAW401,Harvard,non-Stem,1,15219,45.64
140525185408912,2024-08-16,LAW501,Harvard,non-Stem,2,22772,46.5
140525185403408,2024-12-12,LAW401,Harvard,non-Stem,4,16290,55.93
140525185410384,2024-12-18,LAW401,Harvard,non-Stem,3,15745,40.31
140525185412048,2024-05-12,LAW501,Harvard,non-Stem,2,21198,60.68
140525185416848,2024-12-13,LAW401,Harvard,non-Stem,3,15685,53.25
140525185408272,2024-07-14,LAW501,Harvard,non-Stem,3,21231,49.56
140525185408464,,LAW601,Harvard,non-Stem,2,25106,63.98
140525185405072,2024-10-16,LAW401,Harvard,non-Stem,1,15207,49.68
140525185405904,2024-08-01,LAW501,Harvard,non-Stem,5,20717,74.5
140525185409296,2024-10-22,LAW401,Harvard,non-Stem,3,15679,70.73
140525185407760,2024-12-06,LAW501,Harvard,non-Stem,4,,
140525185406800,2024-10-19,LAW501,Harvard,non-Stem,,20450,87.68
140525185403344,2024-11-17,LAW401,Harvard,non-Stem,4,17009,40.78
140525185403792,2024-07-22,LAW501,Harvard,non-Stem,1,20751,70.37
140525185405008,2024-05-28,LAW501,Harvard,non-Stem,3,23960,55.07
140525185414032,2024-09-30,LAW501,Harvard,non-Stem,,,
140525185411664,2024-10-24,LAW601,Harvard,non-Stem,4,26898,45.43
140526233851664,2024-10-23,LAW601,Harvard,non-Stem,2,,
140526233850256,,LAW501,Harvard,non-Stem,2,20550,40.48
140525185205584,2024-11-06,LAW401,Harvard,non-Stem,4,15256,66.37
140525185214160,2024-12-11,LAW501,Harvard,non-Stem,3,20018,91.96
140525185205264,2024-08-31,LAW501,Harvard,non-Stem,1,21834,50.53
140525185212240,2024-09-11,LAW401,Harvard,non-Stem,4,15088,41.27
140525185211984,2024-08-05,LAW401,Harvard,non-Stem,1,18094,45.13
140525185215696,2024-05-30,LAW501,Harvard,non-Stem,4,21774,43.87
140525185216656,2024-09-11,LAW501,Harvard,non-Stem,3,22018,47.53
140525185212880,2024-08-14,LAW501,Harvard,non-Stem,2,21404,48.69
140525185209872,2024-10-10,LAW401,Harvard,non-Stem,4,15250,44.43
140525185205968,2024-11-27,LAW401,Harvard,non-Stem,3,16873,53.51
140525185205328,,LAW401,Harvard,non-Stem,2,,
140525185215248,2024-10-05,LAW401,Harvard,non-Stem,4,18649,47.97
140525185211088,2024-07-11,LAW501,Harvard,non-Stem,2,21598,68.59
140525962806544,2024-12-16,LAW501,Harvard,non-Stem,4,20438,49.65
140525962812048,2024-10-27,LAW501,Harvard,non-Stem,3,20090,53.03
140525962818896,2024-12-11,LAW601,Harvard,non-Stem,3,29397,41.72
140525962813712,2024-11-10,LAW401,Harvard,non-Stem,4,16298,52.58
140525962815568,2024-06-17,LAW401,Harvard,non-Stem,3,15711,45.5
140525962819088,2024-11-22,LAW501,Harvard,non-Stem,2,20689,51.3
140525962815312,2024-09-29,LAW501,Harvard,non-Stem,3,22245,60.84
140525962811856,2024-11-16,LAW501,Harvard,non-Stem,2,,
140525962808080,2024-10-11,LAW401,Harvard,non-Stem,4,15883,84.58
140525962808528,2024-11-28,LAW401,Harvard,non-Stem,4,16177,54.29
140525962812944,2024-10-08,LAW401,Harvard,non-Stem,4,15957,56.83
140525962811088,2024-07-04,LAW401,Harvard,non-Stem,3,15713,53.29
140525962817616,2024-10-25,LAW401,Harvard,non-Stem,3,16888,66.86
140525962807632,2024-08-27,LAW401,Harvard,non-Stem,3,17499,48.47
140525962819664,2024-12-02,LAW401,Harvard,non-Stem,1,15296,75.04
140525962820496,2024-11-26,LAW501,Harvard,non-Stem,2,,
140525962814096,2024-12-18,LAW501,Harvard,non-Stem,4,20131,54.39
140525962813520,2024-12-15,LAW601,Harvard,non-Stem,4,26155,48.51
140525962816400,2024-11-09,LAW401,Harvard,non-Stem,3,,
140525962808912,2024-12-28,LAW501,Harvard,non-Stem,3,,
140525962814864,2024-08-03,LAW401,Harvard,non-Stem,2,15879,41.9
140525962808336,2024-08-31,LAW401,Harvard,non-Stem,2,16908,56.16
140525962813776,2024-12-26,LAW601,Harvard,non-Stem,3,25266,66.3
140525962812752,2024-12-27,LAW501,Harvard,non-Stem,2,20450,47.23
140525962813008,2024-05-22,LAW501,Harvard,non-Stem,3,21558,46.54
140525962820112,2024-08-17,LAW401,Harvard,non-Stem,4,15407,43.04
140525962818832,2024-12-24,LAW401,Harvard,non-Stem,2,18224,57.27
140525962809872,2024-12-04,LAW401,Harvard,non-Stem,4,15145,57.03
140525962805776,2024-12-08,LAW401,Harvard,non-Stem,4,16663,61.38
140525962805840,2024-11-24,LAW401,Harvard,non-Stem,3,15011,42.48
140525962814672,2024-02-25,LAW401,Harvard,non-Stem,2,15752,58.57
140525962813328,2024-09-04,LAW401,Harvard,non-Stem,2,16005,46.67
140525962808592,2024-11-14,LAW501,Harvard,non-Stem,5,20913,59.12
140525962815376,2024-06-16,LAW501,Harvard,non-Stem,5,20380,44.58
140525962813392,2024-12-11,LAW401,Harvard,non-Stem,1,15308,49.56
140525962817104,2024-12-30,LAW401,Harvard,non-Stem,3,17506,43.86
140525962811600,2024-08-24,LAW501,Harvard,non-Stem,4,21073,53.36
140525962820176,2024-09-05,LAW501,Harvard,non-Stem,4,20955,80.56
140525962810512,2024-09-30,LAW501,Harvard,non-Stem,4,20350,44.57
140525962818320,2024-12-03,LAW501,Harvard,non-Stem,,20171,60.61
140525962810000,2024-12-11,LAW601,Harvard,non-Stem,4,27556,58.12
140525962816976,2024-11-29,LAW501,Harvard,non-Stem,,20425,81.26
140525962808656,2024-11-06,LAW501,Harvard,non-Stem,4,20817,54.6
140525962813968,2024-10-19,LAW501,Harvard,non-Stem,4,23396,59.24
140525962814288,2024-06-14,LAW401,Harvard,non-Stem,3,15479,50.62
140525962817552,2024-10-11,LAW501,Harvard,non-Stem,3,21628,52.47
140525962809488,2024-12-12,LAW501,Harvard,non-Stem,2,22381,44.94
140525962807312,2024-08-22,LAW501,Harvard,non-Stem,2,24202,42.22
140525962817360,2024-08-18,LAW601,Harvard,non-Stem,4,25227,48.81
140525962811216,2024-10-28,LAW501,Harvard,non-Stem,4,21344,53.93
140525962814608,2024-12-04,LAW601,Harvard,non-Stem,4,25690,41.39
140525962808848,2024-06-07,LAW401,Harvard,non-Stem,3,15271,77.65
140525962809360,2024-11-23,LAW401,Harvard,non-Stem,2,,
140525962816720,2024-05-08,LAW501,Harvard,non-Stem,4,,
140525962818256,2024-07-26,LAW501,Harvard,non-Stem,1,,
140525962817296,2024-11-26,LAW401,Harvard,non-Stem,4,15904,63.74
140525962817744,2024-06-14,LAW601,Harvard,non-Stem,4,25080,46.26
140525962809744,2024-12-25,LAW501,Harvard,non-Stem,3,21056,52.41
140525962815248,2024-10-19,LAW401,Harvard,non-Stem,4,,
140525962817488,2024-08-16,LAW501,Harvard,non-Stem,2,20416,66.24
140525962811792,2024-12-26,LAW401,Harvard,non-Stem,3,15704,44.25
140525962808208,2024-04-28,LAW401,Harvard,non-Stem,4,17667,49.98
140525962818960,2024-12-08,LAW501,Harvard,non-Stem,2,20587,43.15
140525962806032,2024-12-01,LAW501,Harvard,non-Stem,4,21056,54.27
140525962816144,2024-11-28,LAW401,Harvard,non-Stem,4,16049,44.34
140525962814032,2024-12-15,LAW501,Harvard,non-Stem,2,20616,41.69
140525962813456,2024-12-24,LAW501,Harvard,non-Stem,4,23677,69.31
140525962813264,2024-08-24,LAW501,Harvard,non-Stem,2,20536,47.62
140525962820432,2024-11-04,LAW501,Harvard,non-Stem,4,22640,45.62
140525962818512,2024-10-29,LAW501,Harvard,non-Stem,2,20979,82.32
140525962813648,2024-06-26,LAW501,Harvard,non-Stem,3,20982,68.94
140525962817232,2024-11-05,LAW501,Harvard,non-Stem,3,20148,61.32
140525962819984,2024-11-11,LAW501,Harvard,non-Stem,2,,
140525962819472,2024-08-18,LAW401,Harvard,non-Stem,3,15191,41.88
140525962812176,2024-05-15,LAW401,Harvard,non-Stem,2,16930,48.78
140525962806608,2024-11-12,LAW501,Harvard,non-Stem,4,23958,40.77
140525962816784,2024-12-16,LAW401,Harvard,non-Stem,2,,
140525962810576,2024-12-23,LAW401,Harvard,non-Stem,2,,
140525962810128,2024-11-30,LAW501,Harvard,non-Stem,2,20315,74.35
140525962808272,2024-12-31,LAW401,Harvard,non-Stem,3,,
140525962806864,2024-11-23,LAW401,Harvard,non-Stem,4,15498,49.94
140525962807824,2024-12-02,LAW501,Harvard,non-Stem,4,20335,49.32
140525962814736,2024-11-23,LAW401,Harvard,non-Stem,3,16481,73.16
140525962815056,2024-12-09,LAW501,Harvard,non-Stem,2,20515,47.26
140525185575120,2024-12-06,LAW501,Harvard,non-Stem,3,21003,54.24
140525185571344,2024-08-31,LAW501,Harvard,non-Stem,1,20744,42.92
140525185569616,2024-07-29,LAW401,Harvard,non-Stem,1,15116,58.84
140525185567824,2024-07-14,LAW401,Harvard,non-Stem,3,15380,47.96
140525185580048,2024-10-12,LAW501,Harvard,non-Stem,3,20057,43.24
140525185572688,2024-06-24,LAW501,Harvard,non-Stem,4,22060,70.33
140525185574224,2024-11-22,LAW401,Harvard,non-Stem,3,15628,56.96
140525185577936,2024-12-03,LAW601,Harvard,non-Stem,4,25208,41.98
140525185568720,2024-12-05,LAW501,Harvard,non-Stem,3,,
140525185579856,2024-12-04,LAW501,Harvard,non-Stem,4,21101,83.31
140525185574608,2024-09-10,LAW501,Harvard,non-Stem,4,21377,46.35
140525185571472,2024-11-24,LAW601,Harvard,non-Stem,3,26050,40.13
140525185578832,2024-09-28,LAW501,Harvard,non-Stem,2,22493,64.09
140525185576912,2024-12-19,LAW601,Harvard,non-Stem,3,25480,43.24
140525185573072,2024-11-16,LAW501,Harvard,non-Stem,4,20923,42.27
140525185578896,2024-10-02,LAW601,Harvard,non-Stem,4,,
140525185570832,2024-07-06,LAW401,Harvard,non-Stem,3,16970,41.52
140525185569296,2024-09-07,LAW501,Harvard,non-Stem,5,21925,70.92
140525185572112,2024-12-23,LAW501,Harvard,non-Stem,4,20873,50.19
140525185577232,2024-10-15,LAW501,Harvard,non-Stem,1,20120,44.31
140525185569040,2024-10-28,LAW501,Harvard,non-Stem,3,20377,47.06
140525185565008,2024-08-20,LAW401,Harvard,non-Stem,2,18397,52.06
140525185579600,2024-11-30,LAW501,Harvard,non-Stem,1,23296,61.94
140525185577424,2024-08-19,LAW501,Harvard,non-Stem,4,20492,43.29
140525185573008,,LAW601,Harvard,non-Stem,2,27435,40.27
140525185574992,2024-12-31,LAW401,Harvard,non-Stem,2,17175,40.93
140525185574352,2024-07-30,LAW501,Harvard,non-Stem,4,22596,67.01
140525185569360,2024-10-30,LAW401,Harvard,non-Stem,3,16392,63.89
140525185573648,2024-12-05,LAW501,Harvard,non-Stem,2,20034,46.41
140525185570640,2024-06-27,LAW401,Harvard,non-Stem,4,17552,99
140525185570192,2024-11-16,LAW501,Harvard,non-Stem,3,20295,47.25
140525185571728,2024-11-06,LAW401,Harvard,non-Stem,2,18909,40.24
140525185567440,2024-11-10,LAW501,Harvard,non-Stem,2,21305,82.91
140525185570000,2024-12-29,LAW401,Harvard,non-Stem,5,15650,50.23
140525185566160,2024-09-28,LAW501,Harvard,non-Stem,5,21740,45.49
140525185580304,2024-08-26,LAW501,Harvard,non-Stem,4,20320,53.1
140525185565520,2024-05-16,LAW401,Harvard,non-Stem,4,18051,63.31
140525185573712,2024-08-20,LAW501,Harvard,non-Stem,2,22336,70.31
140525185576592,2024-09-11,LAW401,Harvard,non-Stem,2,15030,53.8
140525185566608,2024-07-02,LAW501,Harvard,non-Stem,2,20873,42.62
140525185565712,2024-09-07,LAW501,Harvard,non-Stem,4,20362,48.45
140525185569488,2024-12-29,LAW601,Harvard,non-Stem,2,25053,47.98
140525185573904,2024-09-28,LAW501,Harvard,non-Stem,4,20380,67.18
140525185579792,2024-11-09,LAW501,Harvard,non-Stem,3,24730,78.58
140525185580560,2024-08-28,LAW401,Harvard,non-Stem,2,16262,77.19
140525185569232,2024-08-24,LAW501,Harvard,non-Stem,3,20066,42.84
140525185571984,2024-06-26,LAW401,Harvard,non-Stem,1,16829,68.95
140525185572304,2024-10-15,LAW401,Harvard,non-Stem,4,16038,65.54
140525185573136,2024-06-07,LAW401,Harvard,non-Stem,2,15535,69.03
140525185579920,2024-12-22,LAW401,Harvard,non-Stem,3,18164,46.53
140525185566096,2024-08-17,LAW501,Harvard,non-Stem,3,21286,54.72
140525185575312,2024-09-10,LAW501,Harvard,non-Stem,5,21166,60.18
140525185580240,2024-12-25,LAW501,Harvard,non-Stem,4,22745,67.1
140525185570896,2024-11-02,LAW401,Harvard,non-Stem,3,17350,46.31
140525185571664,2024-11-11,LAW501,Harvard,non-Stem,,20993,41.92
140525185573456,2024-07-10,LAW501,Harvard,non-Stem,4,23092,42.43
140525185567568,2024-11-29,LAW501,Harvard,non-Stem,4,21624,40.36
140525185578768,2024-12-24,LAW401,Harvard,non-Stem,2,16490,72.62
140525185578512,2024-09-26,LAW401,Harvard,non-Stem,2,15618,61.44
140525185572432,2024-07-31,LAW401,Harvard,non-Stem,5,18020,41.96
140525185578640,2024-11-30,LAW501,Harvard,non-Stem,2,20058,49.0
140525185574864,2024-12-07,LAW401,Harvard,non-Stem,3,17061,58.48
140525185572816,2024-12-10,LAW501,Harvard,non-Stem,3,22045,51.3
140525185576464,2024-11-22,LAW501,Harvard,non-Stem,1,21703,52.48
140525136455312,2024-07-09,LAW501,Harvard,non-Stem,1,20119,49.8
140525136459856,2024-12-26,LAW401,Harvard,non-Stem,4,16956,45.42
140525136450960,2024-11-17,LAW401,Harvard,non-Stem,3,16645,50.29
140525136460880,2024-10-03,LAW401,Harvard,non-Stem,5,15285,50.25
140525136452752,2024-09-26,LAW401,Harvard,non-Stem,2,16927,76.88
140525136446736,2024-10-04,LAW401,Harvard,non-Stem,3,15147,45.11
140525136459600,2024-08-16,LAW501,Harvard,non-Stem,2,22218,43.06
140525136453264,2024-08-17,LAW401,Harvard,non-Stem,3,17851,59.04
140525136450000,2024-11-12,LAW501,Harvard,non-Stem,2,20182,79.24
140525136456016,2024-09-27,LAW501,Harvard,non-Stem,2,20582,53.35
140525136448976,2024-12-16,LAW501,Harvard,non-Stem,4,20617,47.05
140525136461136,2024-12-02,LAW401,Harvard,non-Stem,4,15246,40.58
140525136455824,2024-12-22,LAW501,Harvard,non-Stem,3,,
140525136449488,2024-11-23,LAW401,Harvard,non-Stem,3,19356,51.41
140525136450768,2024-10-24,LAW401,Harvard,non-Stem,4,16250,80.24
140525136447504,2024-10-01,LAW401,Harvard,non-Stem,1,,
140525136460112,2024-05-04,LAW401,Harvard,non-Stem,3,15909,51.34
140525136457296,2024-08-09,LAW401,Harvard,non-Stem,3,15692,41.7
140525136458064,2024-08-02,LAW401,Harvard,non-Stem,3,15893,41.2
140525136452240,2024-09-27,LAW401,Harvard,non-Stem,3,18628,69.13
140525136451472,2024-09-16,LAW601,Harvard,non-Stem,2,27728,52.37
140525136459088,2024-12-19,LAW401,Harvard,non-Stem,3,16057,82.62
140525136449744,2024-07-17,LAW501,Harvard,non-Stem,1,22071,71.87
140525136451216,2024-10-27,LAW501,Harvard,non-Stem,3,21185,67.36
140525136446992,2024-11-23,LAW501,Harvard,non-Stem,1,22519,40.3
140525136455568,2024-12-23,LAW601,Harvard,non-Stem,2,26194,46.97
140525136448720,2024-10-11,LAW401,Harvard,non-Stem,,16415,46.21
140525136460368,2024-08-03,LAW501,Harvard,non-Stem,5,21486,66.05
140525136450256,2024-12-17,LAW401,Harvard,non-Stem,3,16780,77.42
140525136456272,2024-07-16,LAW501,Harvard,non-Stem,2,23036,80.14
140525136456784,2024-05-26,LAW401,Harvard,non-Stem,2,16065,61.51
140525136448272,2024-08-04,LAW401,Harvard,non-Stem,3,16022,41.99
140525136451984,2024-04-03,LAW501,Harvard,non-Stem,,21758,59.75
140525178053584,2024-12-27,LAW401,Harvard,non-Stem,3,15042,57.37
140525178057872,2024-11-17,LAW501,Harvard,non-Stem,2,20146,78.29
140525178048656,2024-11-16,LAW401,Harvard,non-Stem,3,15476,46.24
140525178052304,2024-12-27,LAW501,Harvard,non-Stem,3,23195,71.34
140525178059664,2024-09-15,LAW601,Harvard,non-Stem,2,25716,61.44
140525178047120,2024-11-14,LAW601,Harvard,non-Stem,2,26966,50.45
140525178052560,2024-12-25,LAW501,Harvard,non-Stem,3,21109,41.64
140525178050384,2024-12-27,LAW601,Harvard,non-Stem,4,26110,53.48
140525178047376,2024-11-23,LAW501,Harvard,non-Stem,3,22105,53.81
140525178059920,2024-07-16,LAW401,Harvard,non-Stem,3,15296,41.92
140525178050896,2024-11-27,LAW401,Harvard,non-Stem,3,15690,70.98
140525178045584,2024-09-26,LAW501,Harvard,non-Stem,5,20484,66.45
140525178053072,2024-09-30,LAW401,Harvard,non-Stem,3,16659,42.64
140525178054800,2024-11-19,LAW501,Harvard,non-Stem,3,23678,58.41
140525178060176,2024-12-18,LAW401,Harvard,non-Stem,2,15555,62.26
140525178051856,2024-08-27,LAW401,Harvard,non-Stem,3,15070,58.43
140525178048144,2024-08-16,LAW401,Harvard,non-Stem,4,17318,53.31
140525178045328,2024-09-20,LAW501,Harvard,non-Stem,,21247,44.65
140525178049616,2024-08-09,LAW401,Harvard,non-Stem,3,16420,51.26
140525178046608,2024-10-25,LAW501,Harvard,non-Stem,3,20092,59.75
140525178044816,2024-09-15,LAW501,Harvard,non-Stem,3,22108,62.64
140525178059152,2024-12-09,LAW401,Harvard,non-Stem,3,18354,58.52
140525178055568,2024-10-13,LAW401,Harvard,non-Stem,2,15197,48.4
140525178057104,2024-05-15,LAW501,Harvard,non-Stem,4,20954,47.44
140525178047888,2024-09-07,LAW501,Harvard,non-Stem,2,,
140525178054288,2024-10-25,LAW501,Harvard,non-Stem,3,20281,80.97
140525178045072,2024-12-16,LAW401,Harvard,non-Stem,3,17185,75.24
140525178057616,2024-11-26,LAW501,Harvard,non-Stem,3,20514,50.89
140525178056080,2024-10-21,LAW501,Harvard,non-Stem,2,24171,73.07
140525139429328,2024-03-28,LAW401,Harvard,non-Stem,2,16282,46.32
140525139428560,2024-10-08,LAW401,Harvard,non-Stem,2,15085,58.2
140525139434192,2024-12-19,LAW501,Harvard,non-Stem,3,21045,45.0
140525139431632,2024-09-06,LAW401,Harvard,non-Stem,3,16297,63.13
140525139428048,2024-09-16,LAW501,Harvard,non-Stem,1,20478,71.64
140525139437392,2024-11-30,LAW501,Harvard,non-Stem,5,23799,51.09
140525139428816,2024-09-12,LAW401,Harvard,non-Stem,4,17033,43.38
140525139441488,2024-12-31,LAW401,Harvard,non-Stem,4,15650,52.53
140525139433168,2024-07-01,LAW401,Harvard,non-Stem,1,15239,49.06
140525139442512,2024-12-13,LAW401,Harvard,non-Stem,3,17132,41.59
140525139439440,2024-11-23,LAW401,Harvard,non-Stem,3,16613,55.41
140525139433936,2024-12-08,LAW501,Harvard,non-Stem,2,20642,41.59
140525139432144,2024-08-21,LAW401,Harvard,non-Stem,3,16182,43.37
140525139431376,2024-06-13,LAW401,Harvard,non-Stem,4,16454,73.76
140525139440208,2024-07-04,LAW401,Harvard,non-Stem,2,,
140525139427536,2024-11-04,LAW501,Harvard,non-Stem,2,,
140525139430608,2024-09-28,LAW501,Harvard,non-Stem,4,23539,52.5
140525139435344,2024-11-21,LAW501,Harvard,non-Stem,5,22538,60.75
140525139436880,2024-12-22,LAW401,Harvard,non-Stem,4,15011,45.52
140525139443280,2024-06-19,LAW601,Harvard,non-Stem,3,26401,66.89
140525139442256,2024-11-04,LAW501,Harvard,non-Stem,3,23176,51.0
140525139429584,2024-10-27,LAW401,Harvard,non-Stem,1,16569,41.45
140525139439952,2024-11-18,LAW401,Harvard,non-Stem,3,17194,62.33
140525139441232,2024-12-11,LAW501,Harvard,non-Stem,3,22438,45.49
140525139437904,2024-06-17,LAW401,Harvard,non-Stem,3,16432,52.3
140525139433680,2024-03-04,LAW401,Harvard,non-Stem,4,,
140525139440720,2024-12-24,LAW501,Harvard,non-Stem,4,20881,40.9
140525139435600,2024-09-02,LAW401,Harvard,non-Stem,4,16816,62.11
140525188880656,2024-09-19,LAW601,Harvard,non-Stem,4,27243,44.3
140525188890320,2024-07-19,LAW501,Harvard,non-Stem,4,20974,67.55
140525188887952,2024-09-02,LAW401,Harvard,non-Stem,4,16231,60.68
140525188878288,2024-12-30,LAW401,Harvard,non-Stem,3,15562,40.41
140525188880528,2024-10-30,LAW501,Harvard,non-Stem,,20047,43.74
140525188888656,2024-09-28,LAW401,Harvard,non-Stem,4,16168,43.14
140525188889040,2024-03-19,LAW501,Harvard,non-Stem,3,21472,57.11
140525188883408,2024-10-16,LAW401,Harvard,non-Stem,3,15556,51.1
140525188877904,2024-10-18,LAW401,Harvard,non-Stem,2,15930,44.57
140525188880464,2024-10-20,LAW601,Harvard,non-Stem,3,26313,58.42
140525188877840,2024-10-24,LAW401,Harvard,non-Stem,2,15643,44.4
140525188875600,2024-12-20,LAW401,Harvard,non-Stem,,17501,51.37
140525188888400,2024-09-18,LAW501,Harvard,non-Stem,,21714,78.93
140525188883088,2024-10-13,LAW401,Harvard,non-Stem,3,15901,71.05
140525188889936,2024-10-04,LAW601,Harvard,non-Stem,2,25049,64.22
140525188881360,2024-06-08,LAW601,Harvard,non-Stem,4,26042,44.29
140525188886160,2024-12-10,LAW401,Harvard,non-Stem,1,16304,40.58
140525188883280,2024-11-13,LAW601,Harvard,non-Stem,4,26531,46.15
140525188877392,2024-12-26,LAW401,Harvard,non-Stem,3,19124,47.74
140525188880592,2024-04-21,LAW501,Harvard,non-Stem,2,,
140525188875024,2024-05-19,LAW501,Harvard,non-Stem,3,24109,43.93
140525188879184,2024-12-08,LAW501,Harvard,non-Stem,2,21859,45.88
140525188884688,2024-09-13,LAW501,Harvard,non-Stem,3,20854,59.46
140525188874576,2024-12-16,LAW401,Harvard,non-Stem,3,15002,45.97
140525188879568,2024-11-17,LAW501,Harvard,non-Stem,1,21014,60.89
140525188874448,2024-11-28,LAW501,Harvard,non-Stem,3,20991,47.86
140525188882256,2024-10-01,LAW501,Harvard,non-Stem,2,21049,53.01
140525188887376,2024-12-07,LAW501,Harvard,non-Stem,4,22378,73.46
140525188875280,2024-07-20,LAW601,Harvard,non-Stem,3,28113,44.63
140525188876816,2024-11-26,LAW501,Harvard,non-Stem,4,21119,44.92
140525188875088,2024-12-29,LAW501,Harvard,non-Stem,3,22207,43.5
140525188881808,2024-11-30,LAW501,Harvard,non-Stem,3,20778,40.36
140525188880976,2024-12-21,LAW401,Harvard,non-Stem,,17643,43.54
140525188874512,2024-06-30,LAW501,Harvard,non-Stem,4,20396,59.61
140525188885456,2024-09-28,LAW401,Harvard,non-Stem,4,,
140525188885520,2024-08-07,LAW401,Harvard,non-Stem,2,15011,57.74
140525188884944,2024-12-21,LAW401,Harvard,non-Stem,3,18227,45.73
140525188889104,2024-12-21,LAW501,Harvard,non-Stem,3,22604,46.99
140525188886352,2024-11-26,LAW601,Harvard,non-Stem,2,25726,43.02
140525188875472,2024-11-23,LAW501,Harvard,non-Stem,4,20294,46.87
140525188887440,2024-08-03,LAW401,Harvard,non-Stem,3,18812,41.62
140525188883664,2024-11-12,LAW501,Harvard,non-Stem,3,20321,48.21
140525188876624,2024-12-05,LAW501,Harvard,non-Stem,1,20592,69.61
140525188886864,,LAW501,Harvard,non-Stem,4,21991,52.1
140525188883920,2024-11-24,LAW401,Harvard,non-Stem,3,15869,75.2
140525188877968,2024-10-19,LAW401,Harvard,non-Stem,3,16721,42.79
140525188881424,2024-10-25,LAW501,Harvard,non-Stem,2,23242,45.93
140525188879248,2024-07-19,LAW401,Harvard,non-Stem,4,15151,77.02
140525188884560,2024-12-16,LAW501,Harvard,non-Stem,2,20666,42.03
140525188888784,,LAW401,Harvard,non-Stem,3,17623,59.38
140525188888976,2024-10-05,LAW401,Harvard,non-Stem,4,17009,48.75
140525188882000,2024-12-14,LAW501,Harvard,non-Stem,2,22106,84.18
140525188881872,2024-07-12,LAW401,Harvard,non-Stem,3,15825,44.9
140525188876560,2024-12-16,LAW401,Harvard,non-Stem,3,15905,48.9
140525188884048,2024-12-21,LAW401,Harvard,non-Stem,3,18552,54.59
140525188885904,2024-12-25,LAW401,Harvard,non-Stem,4,16064,72.24
140525188890128,2024-12-06,LAW501,Harvard,non-Stem,4,20702,51.01
140525188889552,2024-12-10,LAW501,Harvard,non-Stem,,20878,52.16
140525188886928,2024-09-22,LAW401,Harvard,non-Stem,1,16430,55.56
140525188881168,2024-10-27,LAW401,Harvard,non-Stem,2,,
140525188883792,2024-11-25,LAW401,Harvard,non-Stem,1,15645,67.19
140525188888144,2024-10-18,LAW501,Harvard,non-Stem,4,20122,40.7
140525188878352,2024-12-08,LAW401,Harvard,non-Stem,3,17389,50.51
140525188885968,,LAW501,Harvard,non-Stem,5,21300,40.49
140525188890512,2024-12-23,LAW401,Harvard,non-Stem,2,15877,51.23
140525188883024,2024-09-04,LAW501,Harvard,non-Stem,5,21156,51.32
140525188887888,2024-10-10,LAW401,Harvard,non-Stem,4,15819,47.7
140525188876368,2024-12-13,LAW501,Harvard,non-Stem,2,20792,53.81
140525188888528,2024-06-19,LAW401,Harvard,non-Stem,4,16874,44.55
140525188883472,2024-08-27,LAW401,Harvard,non-Stem,,15428,69.14
140525188874960,2024-12-31,LAW401,Harvard,non-Stem,3,19099,48.69
140525188878096,2024-11-09,LAW401,Harvard,non-Stem,2,17389,44.15
140525188889360,2024-07-11,LAW401,Harvard,non-Stem,4,16924,57.53
140525188888208,2024-11-26,LAW401,Harvard,non-Stem,3,15788,43.01
140525188876496,2024-08-18,LAW401,Harvard,non-Stem,5,16300,61.9
140525188886416,2024-08-09,LAW601,Harvard,non-Stem,4,25963,56.65
140525188886096,,LAW401,Harvard,non-Stem,1,15096,43.63
140525188885392,2024-06-06,LAW501,Harvard,non-Stem,4,21488,49.02
140525188883536,2024-10-22,LAW501,Harvard,non-Stem,2,21223,77.22
140525188874704,2024-10-02,LAW501,Harvard,non-Stem,4,20689,57.81
140525188881936,2024-09-26,LAW401,Harvard,non-Stem,3,,
140525188886608,2024-06-02,LAW401,Harvard,non-Stem,4,16141,59.0
140525188885648,2024-12-17,LAW501,Harvard,non-Stem,5,21686,46.06
140525188887056,2024-09-19,LAW401,Harvard,non-Stem,2,16793,44.91
140525188879824,2024-09-30,LAW401,Harvard,non-Stem,4,15908,46.86
140525188886736,2024-07-09,LAW401,Harvard,non-Stem,1,15855,68.08
140525188882384,2024-12-21,LAW401,Harvard,non-Stem,3,15502,78.07
140525188876432,,LAW501,Harvard,non-Stem,2,20708,46.94
140525188890448,2024-10-14,LAW501,Harvard,non-Stem,4,21096,71.5
140525188880912,2024-10-02,LAW401,Harvard,non-Stem,5,,
140525188889168,2024-11-30,LAW501,Harvard,non-Stem,4,20576,73.0
140525188875984,2024-11-07,LAW401,Harvard,non-Stem,2,16136,50.13
140525188885584,2024-12-26,LAW401,Harvard,non-Stem,5,15506,55.27
140525188879120,2024-11-06,LAW401,Harvard,non-Stem,2,15336,44.82
140525188883856,,LAW501,Harvard,non-Stem,4,21060,50.8
140525188881744,2024-09-07,LAW401,Harvard,non-Stem,2,16353,55.49
140525182895184,2024-09-20,LAW501,Harvard,non-Stem,3,22045,58.86
140525182908560,2024-12-29,LAW501,Harvard,non-Stem,3,21908,49.48
140525182905296,,LAW501,Harvard,non-Stem,4,23595,58.58
140525182902672,2024-08-05,LAW401,Harvard,non-Stem,2,15881,41.5
140525182900112,2024-11-16,LAW401,Harvard,non-Stem,3,15242,45.03
140525182898448,2024-11-13,LAW401,Harvard,non-Stem,2,17020,58.75
140525182908048,2024-11-05,LAW501,Harvard,non-Stem,2,19999,45.52
140525182900496,2024-10-03,LAW401,Harvard,non-Stem,5,15052,52.67
140525182899344,2024-12-01,LAW501,Harvard,non-Stem,2,22911,80.74
140525182905040,2024-11-23,LAW401,Harvard,non-Stem,4,17124,63.91
140525182904912,2024-12-28,LAW601,Harvard,non-Stem,2,25735,57.56
140525182903312,2024-12-27,LAW501,Harvard,non-Stem,5,23452,58.15
140525182903120,2024-07-18,LAW401,Harvard,non-Stem,,16599,53.32
140525182902928,2024-10-17,LAW401,Harvard,non-Stem,4,16042,78.95
140525182904144,2024-09-13,LAW501,Harvard,non-Stem,4,20684,42.32
140525182895760,2024-09-17,LAW501,Harvard,non-Stem,5,20111,51.25
140525182903504,2024-10-11,LAW501,Harvard,non-Stem,3,22614,42.97
140525182895056,2024-11-08,LAW401,Harvard,non-Stem,3,16609,43.97
140525182910288,2024-11-21,LAW501,Harvard,non-Stem,2,20236,52.64
140525182895120,2024-05-06,LAW501,Harvard,non-Stem,4,20475,46.73
140525182905104,2024-07-27,LAW501,Harvard,non-Stem,3,22497,57.53
140525182908240,2024-12-05,LAW401,Harvard,non-Stem,,18584,41.9
140525182905552,2024-10-22,LAW401,Harvard,non-Stem,2,16327,54.33
140525182897040,2024-09-28,LAW401,Harvard,non-Stem,2,16553,53.17
140525182909008,2024-09-10,LAW401,Harvard,non-Stem,3,16435,65.27
140525182902160,2024-04-05,LAW401,Harvard,non-Stem,4,16559,44.55
140525182908304,2024-07-23,LAW401,Harvard,non-Stem,4,15280,57.66
140525182909200,2024-09-17,LAW401,Harvard,non-Stem,3,17407,66.58
140525182904976,2024-09-19,LAW501,Harvard,non-Stem,3,22265,44.34
140525182906768,2024-12-03,LAW401,Harvard,non-Stem,1,16566,95.19
140525182900944,2024-12-21,LAW501,Harvard,non-Stem,2,20831,75.02
140525182896080,2024-08-17,LAW501,Harvard,non-Stem,3,21008,47.7
140525182895440,2024-06-30,LAW401,Harvard,non-Stem,3,15014,72.63
140525182900304,2024-12-29,LAW501,Harvard,non-Stem,4,20778,61.39
140525182902992,2024-12-21,LAW401,Harvard,non-Stem,1,15351,43.97
140525182894992,2024-12-26,LAW501,Harvard,non-Stem,2,23565,52.41
140525182897488,2024-07-18,LAW501,Harvard,non-Stem,4,22261,43.82
140525182898960,2024-11-01,LAW501,Harvard,non-Stem,4,20553,45.78
140525182897168,2024-05-07,LAW501,Harvard,non-Stem,3,21575,40.79
140525182909456,2024-02-17,LAW501,Harvard,non-Stem,3,20947,43.77
140525182894800,2024-09-28,LAW501,Harvard,non-Stem,4,22832,41.0
140525182906192,2024-09-06,LAW401,Harvard,non-Stem,5,16104,53.37
140525182909712,2024-12-28,LAW501,Harvard,non-Stem,2,22406,49.78
140525182903248,2024-09-10,LAW401,Harvard,non-Stem,3,15191,49.61
140525182895824,2024-05-22,LAW501,Harvard,non-Stem,1,21935,74.7
140525182908432,2024-09-04,LAW401,Harvard,non-Stem,2,,
140525182900688,2024-05-12,LAW501,Harvard,non-Stem,3,22072,61.1
140525182900752,2024-12-05,LAW401,Harvard,non-Stem,3,15521,42.84
140525182909072,2024-09-23,LAW401,Harvard,non-Stem,4,15990,63.98
140525182894288,2024-11-05,LAW501,Harvard,non-Stem,,21532,44.3
140525182909264,2024-07-19,LAW401,Harvard,non-Stem,4,15103,44.14
140525182904272,2024-09-13,LAW401,Harvard,non-Stem,3,16128,64.33
140525182900176,2024-12-04,LAW401,Harvard,non-Stem,2,18684,65.26
140525182899728,2024-10-22,LAW601,Harvard,non-Stem,3,27018,49.96
140525182910224,,LAW501,Harvard,non-Stem,2,20296,47.58
140525182898512,2024-10-06,LAW501,Harvard,non-Stem,3,20752,41.46
140525182904016,2024-09-30,LAW501,Harvard,non-Stem,,20820,69.72
140525182898576,2024-07-27,LAW401,Harvard,non-Stem,2,15452,54.86
140525182901392,2024-06-09,LAW401,Harvard,non-Stem,2,,
140525182910032,2024-10-11,LAW401,Harvard,non-Stem,2,15573,71.4
140525182897616,2024-12-05,LAW501,Harvard,non-Stem,4,22096,49.03
140525182901136,2024-03-15,LAW501,Harvard,non-Stem,2,22015,81.45
140525182895888,2024-07-25,LAW501,Harvard,non-Stem,3,23379,74.16
140525182896656,2024-12-09,LAW501,Harvard,non-Stem,4,20073,42.65
140525182898064,2024-11-12,LAW501,Harvard,non-Stem,2,,
140525182908752,2024-12-13,LAW501,Harvard,non-Stem,5,20676,51.47
140525182904080,,LAW401,Harvard,non-Stem,4,16322,67.62
140525182902480,2024-09-01,LAW501,Harvard,non-Stem,4,20383,51.86
140525182896272,2024-12-22,LAW501,Harvard,non-Stem,3,21193,69.15
140525182898256,2024-07-03,LAW501,Harvard,non-Stem,4,23356,69.78
140525182901008,2024-06-03,LAW601,Harvard,non-Stem,1,27893,49.01
140525182896400,2024-12-14,LAW401,Harvard,non-Stem,5,18693,54.35
140525182902224,2024-12-24,LAW501,Harvard,non-Stem,,,
140525182900624,2024-06-05,LAW401,Harvard,non-Stem,2,16398,50.24
140525182901776,2024-11-10,LAW401,Harvard,non-Stem,2,17874,41.36
140525182907664,2024-09-25,LAW501,Harvard,non-Stem,1,22873,40.69
140525182907408,2024-08-03,LAW401,Harvard,non-Stem,,17064,40.24
140525182897552,2024-12-08,LAW601,Harvard,non-Stem,4,26222,45.43
140525182908816,2024-11-03,LAW501,Harvard,non-Stem,4,,
140525182900432,2024-12-10,LAW401,Harvard,non-Stem,2,18139,40.14
140525182902800,2024-11-17,LAW401,Harvard,non-Stem,,16336,44.47
140525182895312,2024-12-27,LAW401,Harvard,non-Stem,5,29999,55.15
140525182908368,2024-10-09,LAW601,Harvard,non-Stem,5,25536,40.58
140525182902736,2024-11-17,LAW401,Harvard,non-Stem,3,18856,54.01
140525182904720,2024-10-31,LAW501,Harvard,non-Stem,4,22229,48.22
140525182894672,2024-12-28,LAW501,Harvard,non-Stem,2,20423,73.78
140525182905872,,LAW501,Harvard,non-Stem,4,20197,43.09
140525182899216,2024-11-13,LAW401,Harvard,non-Stem,3,17746,50.19
140525182899472,2024-10-17,LAW601,Harvard,non-Stem,3,26466,61.05
140525182894480,2024-12-26,LAW401,Harvard,non-Stem,4,,
140525182898832,,LAW501,Harvard,non-Stem,1,20656,56.82
140525182907152,2024-09-20,LAW401,Harvard,non-Stem,5,15070,54.29
140525182903952,2024-10-20,LAW401,Harvard,non-Stem,2,,
140525182901840,2024-08-28,LAW501,Harvard,non-Stem,2,21767,45.25
140525182904784,2024-12-04,LAW401,Harvard,non-Stem,3,15733,61.86
140525182899920,2024-03-17,LAW501,Harvard,non-Stem,4,20714,47.49
140525182901648,2024-11-23,LAW401,Harvard,non-Stem,4,16004,40.69
140525182898704,2024-11-27,LAW401,Harvard,non-Stem,5,16015,43.13
140525182902416,2024-11-27,LAW501,Harvard,non-Stem,2,20692,58.17
140525182902288,2024-10-19,LAW401,Harvard,non-Stem,4,17344,43.15
140525182904336,2024-10-15,LAW501,Harvard,non-Stem,3,22022,44.32
140525182905616,2024-09-10,LAW501,Harvard,non-Stem,2,20495,55.44
140525182904528,2024-10-14,LAW401,Harvard,non-Stem,2,16103,68.13
140525182907088,2024-07-14,LAW501,Harvard,non-Stem,2,20944,77.7
140525182894160,2024-10-28,LAW501,Harvard,non-Stem,4,20121,49.1
140525182905424,2024-10-05,LAW501,Harvard,non-Stem,2,,
140525182906832,2024-12-05,LAW501,Harvard,non-Stem,4,21427,40.6
140525182906064,2024-08-01,LAW401,Harvard,non-Stem,2,16082,43.39
140525182905936,2024-12-07,LAW501,Harvard,non-Stem,2,20238,52.66
140525182903056,2024-12-20,LAW401,Harvard,non-Stem,3,18389,67.85
140525182904592,2024-07-06,LAW501,Harvard,non-Stem,4,20446,68.21
140525182906256,2024-11-27,LAW501,Harvard,non-Stem,2,22902,66.51
140525182895632,2024-10-02,LAW401,Harvard,non-Stem,4,18032,49.26
140525182897808,2024-10-23,LAW401,Harvard,non-Stem,2,16534,66.83
140525182908496,2024-11-18,LAW501,Harvard,non-Stem,4,21718,53.18
140525182908944,2024-12-20,LAW401,Harvard,non-Stem,2,16670,50.64
140525182907536,2024-10-13,LAW401,Harvard,non-Stem,3,16269,58.98
140525182902608,2024-06-08,LAW501,Harvard,non-Stem,3,22809,52.76
140525182901904,2024-08-13,LAW401,Harvard,non-Stem,2,15120,53.79
140525182897296,2024-11-11,LAW401,Harvard,non-Stem,1,16503,51.46
140525182899536,2024-11-22,LAW501,Harvard,non-Stem,2,20986,54.45
140525138928144,2024-11-09,LAW401,Harvard,non-Stem,2,15377,51.24
140525138930192,2024-12-23,LAW501,Harvard,non-Stem,,21571,62.12
140525138922000,2024-08-07,LAW401,Harvard,non-Stem,3,15848,64.96
140525138925840,2024-07-14,LAW501,Harvard,non-Stem,3,22345,44.5
140525138923024,2024-08-13,LAW501,Harvard,non-Stem,2,21272,55.82
140525138929424,2024-11-03,LAW501,Harvard,non-Stem,4,21350,44.11
140525138921232,2024-09-03,LAW401,Harvard,non-Stem,2,16266,48.17
140525138929680,2024-11-13,LAW501,Harvard,non-Stem,1,20029,43.03
140525138933008,2024-09-02,LAW401,Harvard,non-Stem,4,15307,41.53
140525138927888,2024-12-25,LAW501,Harvard,non-Stem,3,21162,69.78
140525138928400,2024-07-31,LAW501,Harvard,non-Stem,3,,
140525138923536,2024-10-04,LAW401,Harvard,non-Stem,2,17310,46.27
140525138934800,2024-11-02,LAW401,Harvard,non-Stem,4,15849,45.88
140525138924816,2024-12-28,LAW501,Harvard,non-Stem,5,20016,72.67
140525138920208,2024-11-16,LAW501,Harvard,non-Stem,4,20902,49.28
140525138929168,2024-11-23,LAW501,Harvard,non-Stem,5,21098,46.22
140525138920976,2024-12-03,LAW401,Harvard,non-Stem,4,15454,65.94
140525138935568,2024-08-13,LAW401,Harvard,non-Stem,1,18114,60.61
140525138932240,2024-12-22,LAW401,Harvard,non-Stem,5,15571,57.22
140525138926608,2024-10-26,LAW501,Harvard,non-Stem,4,20819,57.55
140525138932752,2024-11-29,LAW401,Harvard,non-Stem,2,16584,47.87
140525138920720,2024-10-23,LAW501,Harvard,non-Stem,4,21281,43.09
140525138919952,2024-12-15,LAW401,Harvard,non-Stem,3,17251,47.16
140525138933776,2024-07-12,LAW501,Harvard,non-Stem,4,20844,64.45
140525138935760,2024-11-23,LAW501,Harvard,non-Stem,3,21473,42.85
140525138922256,2024-02-26,LAW501,Harvard,non-Stem,2,22635,43.2
140525138934544,2024-11-09,LAW501,Harvard,non-Stem,5,20778,59.52
140525138921744,2024-11-06,LAW401,Harvard,non-Stem,1,16474,48.88
140525138922512,2024-06-20,LAW501,Harvard,non-Stem,2,20264,67.39
140525138926352,2024-12-08,LAW501,Harvard,non-Stem,2,,
140525138925584,2024-11-03,LAW401,Harvard,non-Stem,3,17005,52.66
140525180794256,2024-09-20,LAW501,Harvard,non-Stem,4,20543,54.58
140525180780688,2024-09-08,LAW401,Harvard,non-Stem,4,15528,47.57
140525180786192,2024-10-17,LAW401,Harvard,non-Stem,4,17031,54.97
140525180783760,2024-12-25,LAW501,Harvard,non-Stem,2,20360,42.38
140525180790672,2024-10-12,LAW401,Harvard,non-Stem,3,16856,45.51
140525180790160,2024-11-09,LAW401,Harvard,non-Stem,3,17785,44.86
140525180795536,2024-07-16,LAW401,Harvard,non-Stem,3,16491,69.47
140525180785040,2024-11-03,LAW501,Harvard,non-Stem,3,20384,52.01
140525180793360,2024-11-15,LAW501,Harvard,non-Stem,4,20575,88.42
140525180790928,2024-09-02,LAW501,Harvard,non-Stem,1,22164,40.7
140525180786960,2024-12-19,LAW401,Harvard,non-Stem,4,16060,41.56
140525180787472,2024-12-27,LAW601,Harvard,non-Stem,4,27756,48.48
140525180785936,2024-09-04,LAW601,Harvard,non-Stem,4,,
140525180795408,2024-05-19,LAW501,Harvard,non-Stem,5,,
140525180785296,2024-11-18,LAW401,Harvard,non-Stem,2,17612,63.92
140525180780624,2024-11-23,LAW401,Harvard,non-Stem,4,15388,75.01
140525180790864,2024-11-07,LAW501,Harvard,non-Stem,,,
140525180787216,2024-10-18,LAW401,Harvard,non-Stem,,17275,45.33
140525180795472,2024-10-17,LAW501,Harvard,non-Stem,3,20862,41.53
140525180790352,2024-10-31,LAW401,Harvard,non-Stem,4,15183,53.16
140525180793104,,LAW501,Harvard,non-Stem,1,20668,42.36
140525180782352,2024-12-04,LAW401,Harvard,non-Stem,3,15892,45.51
140525180789328,2024-08-24,LAW401,Harvard,non-Stem,2,17125,58.17
140525180790416,2024-11-15,LAW501,Harvard,non-Stem,3,21933,65.68
140525180793680,2024-10-28,LAW401,Harvard,non-Stem,5,16826,65.35
140525180792400,2024-10-11,LAW401,Harvard,non-Stem,5,16697,55.3
140525180793872,2024-12-23,LAW401,Harvard,non-Stem,1,15351,48.04
140525180781584,2024-08-31,LAW401,Harvard,non-Stem,3,,
140525180787728,2024-11-16,LAW501,Harvard,non-Stem,4,22156,89.81
140525180785168,2024-11-02,LAW501,Harvard,non-Stem,,20916,51.4
140525180786256,2024-12-21,LAW401,Harvard,non-Stem,2,18689,46.22
140525180786064,2024-10-01,LAW401,Harvard,non-Stem,2,18395,41.19
140525180793168,2024-10-04,LAW501,Harvard,non-Stem,3,20445,47.77
140525180788368,2024-11-11,LAW501,Harvard,non-Stem,2,20959,55.35
140525180794704,2024-12-01,LAW501,Harvard,non-Stem,3,20395,44.69
140525180782544,2024-12-15,LAW501,Harvard,non-Stem,4,23561,43.49
140525180792592,2024-12-16,LAW401,Harvard,non-Stem,2,15232,53.69
140525180794640,2024-08-17,LAW501,Harvard,non-Stem,5,22127,41.38
140525180795280,2024-09-03,LAW401,Harvard,non-Stem,3,15373,60.62
140525180782736,2024-12-03,LAW401,Harvard,non-Stem,3,15056,41.21
140525180795664,2024-12-05,LAW401,Harvard,non-Stem,3,15470,47.36
140525180783504,2024-09-27,LAW401,Harvard,non-Stem,3,16711,44.44
140525180796304,2024-05-10,LAW501,Harvard,non-Stem,4,22390,67.57
140525180794960,2024-07-15,LAW401,Harvard,non-Stem,3,16611,49.49
140525180796880,2024-07-18,LAW501,Harvard,non-Stem,3,20302,42.28
140525180780944,2024-11-04,LAW401,Harvard,non-Stem,2,16514,49.98
140525180784208,2024-08-26,LAW401,Harvard,non-Stem,4,16450,41.84
140525180789008,2024-12-10,LAW401,Harvard,non-Stem,5,18717,50.46
140525180784464,2024-10-11,LAW401,Harvard,non-Stem,3,17172,50.04
140525180784656,2024-08-03,LAW401,Harvard,non-Stem,4,17413,57.37
140525180794448,2024-09-01,LAW401,Harvard,non-Stem,4,16319,43.48
140525180788880,2024-09-10,LAW401,Harvard,non-Stem,3,16455,58.37
140525180789712,2024-12-07,LAW501,Harvard,non-Stem,4,20348,55.01
140525180796240,2024-09-22,LAW501,Harvard,non-Stem,2,20259,47.26
140525180794000,2024-06-21,LAW601,Harvard,non-Stem,3,25763,43.02
140525180792976,2024-11-27,LAW501,Harvard,non-Stem,4,20400,74.63
140525180788688,2024-06-12,LAW501,Harvard,non-Stem,5,21653,77.42
140525180796048,2024-04-07,LAW501,Harvard,non-Stem,1,20921,46.95
140525180790736,2024-09-12,LAW401,Harvard,non-Stem,2,15588,46.74
140525180782928,2024-06-07,LAW601,Harvard,non-Stem,3,25705,51.08
140525180796496,2024-10-20,LAW401,Harvard,non-Stem,2,16509,68.25
140525180789904,2024-11-03,LAW501,Harvard,non-Stem,3,20786,59.68
140525180790800,2024-10-14,LAW501,Harvard,non-Stem,1,20134,58.2
140525180781456,2024-11-12,LAW501,Harvard,non-Stem,2,21321,41.07
140525180783184,2024-12-13,LAW601,Harvard,non-Stem,2,25829,40.08
140525180790544,2024-08-20,LAW501,Harvard,non-Stem,3,22108,51.82
140525180781328,2024-07-01,LAW401,Harvard,non-Stem,5,16810,66.27
140525180790096,2024-10-24,LAW601,Harvard,non-Stem,2,26092,75.17
140525180787600,,LAW401,Harvard,non-Stem,4,15891,48.03
140525180788496,2024-11-07,LAW401,Harvard,non-Stem,3,16407,48.22
140525180787344,2024-11-20,LAW401,Harvard,non-Stem,2,16711,45.68
140525180788624,2024-12-18,LAW401,Harvard,non-Stem,2,15387,44.82
140525180795920,2024-12-06,LAW601,Harvard,non-Stem,2,25637,87.5
140525180787856,2024-12-17,LAW501,Harvard,non-Stem,4,23305,40.54
140525180787280,2024-10-15,LAW501,Harvard,non-Stem,3,,
140525180796816,2024-09-21,LAW501,Harvard,non-Stem,2,20475,49.6
140525180790608,2024-12-30,LAW501,Harvard,non-Stem,3,20450,53.82
140525180793744,2024-10-05,LAW401,Harvard,non-Stem,4,,
140525180782608,2024-07-21,LAW401,Harvard,non-Stem,1,17403,44.11
140525180792784,2024-12-10,LAW401,Harvard,non-Stem,2,15119,54.74
140525180787664,2024-10-25,LAW401,Harvard,non-Stem,4,16000,43.27
140525180785424,2024-10-17,LAW501,Harvard,non-Stem,4,20306,45.46
140525180781712,2024-10-09,LAW401,Harvard,non-Stem,3,16785,51.22
140525180787024,2024-06-24,LAW501,Harvard,non-Stem,4,20858,47.22
140525180781520,2024-10-15,LAW401,Harvard,non-Stem,4,16274,41.79
140525180781648,2024-10-05,LAW401,Harvard,non-Stem,3,16139,42.87
140525180782224,2024-12-09,LAW401,Harvard,non-Stem,2,15088,71.01
140525180785744,2024-11-12,LAW501,Harvard,non-Stem,,20435,66.18
140525180791568,2024-07-01,LAW501,Harvard,non-Stem,1,22379,43.59
140525180787984,2024-11-24,LAW401,Harvard,non-Stem,3,15342,64.81
140525180789520,2024-12-05,LAW401,Harvard,non-Stem,2,15915,46.37
140525180780880,2024-07-15,LAW501,Harvard,non-Stem,4,20108,40.19
140525177464976,2024-09-05,LAW601,Harvard,non-Stem,4,26109,61.08
140525177468176,2024-12-26,LAW401,Harvard,non-Stem,1,15368,42.06
140525177470608,2024-06-20,LAW501,Harvard,non-Stem,3,21967,40.29
140525177467664,2024-11-07,LAW401,Harvard,non-Stem,,15346,44.94
140525177459088,2024-12-26,LAW501,Harvard,non-Stem,3,,
140525177458768,2024-11-02,LAW401,Harvard,non-Stem,4,18732,44.65
140525177465296,,LAW501,Harvard,non-Stem,4,21172,43.12
140525177465104,,LAW501,Harvard,non-Stem,5,21319,48.23
140525177462992,2024-12-31,LAW501,Harvard,non-Stem,4,20275,45.37
140525177470480,2024-09-23,LAW501,Harvard,non-Stem,4,20422,54.31
140525177455760,2024-07-14,LAW501,Harvard,non-Stem,4,20473,67.24
140525177457232,2024-11-10,LAW401,Harvard,non-Stem,1,16789,44.3
140525177456848,2024-12-18,LAW501,Harvard,non-Stem,4,20295,45.57
140525177466000,2024-09-09,LAW601,Harvard,non-Stem,4,25873,59.37
140525177470352,,LAW401,Harvard,non-Stem,4,16925,44.16
140525177465168,2024-12-15,LAW401,Harvard,non-Stem,4,15101,47.03
140525177469328,2024-11-10,LAW501,Harvard,non-Stem,3,20258,70.65
140525177463824,2024-10-29,LAW501,Harvard,non-Stem,3,20140,46.24
140525177462672,,LAW401,Harvard,non-Stem,3,15394,41.92
140525177458128,2024-09-15,LAW501,Harvard,non-Stem,3,20425,55.12
140525177458000,2024-07-21,LAW401,Harvard,non-Stem,4,15902,77.11
140525177460752,2024-09-18,LAW401,Harvard,non-Stem,3,16499,43.45
140525177466640,2024-09-19,LAW401,Harvard,non-Stem,2,15940,41.92
140525177466512,2024-12-04,LAW501,Harvard,non-Stem,3,21304,43.2
140525177469648,2024-11-10,LAW501,Harvard,non-Stem,3,,
140525177456208,2024-09-08,LAW501,Harvard,non-Stem,4,20387,51.68
140525177460240,2024-09-17,LAW501,Harvard,non-Stem,3,20025,47.3
140525177468944,2024-09-28,LAW401,Harvard,non-Stem,3,,
140525177469904,2024-12-07,LAW401,Harvard,non-Stem,2,15160,44.32
140525177458384,2024-12-11,LAW501,Harvard,non-Stem,3,22002,40.57
140525177463056,2024-11-21,LAW401,Harvard,non-Stem,4,15740,41.17
140525177458832,2024-08-14,LAW601,Harvard,non-Stem,4,25378,55.96
140525177454672,2024-10-10,LAW501,Harvard,non-Stem,2,20221,70.06
140525177455184,2024-08-12,LAW401,Harvard,non-Stem,5,16337,66.41
140525177455056,2024-09-23,LAW601,Harvard,non-Stem,4,27879,84.99
140525177462032,2024-12-10,LAW401,Harvard,non-Stem,3,15673,57.1
140525177454800,2024-08-09,LAW501,Harvard,non-Stem,3,20465,60.25
140525177462800,2024-10-21,LAW401,Harvard,non-Stem,3,18076,53.13
140525177460816,2024-12-08,LAW501,Harvard,non-Stem,3,21538,64.5
140525177456464,2024-09-25,LAW401,Harvard,non-Stem,3,,
140525177458256,2024-12-29,LAW501,Harvard,non-Stem,4,20240,44.08
140525177459472,2024-09-28,LAW401,Harvard,non-Stem,3,17443,42.13
140525177468432,2024-09-04,LAW401,Harvard,non-Stem,2,16192,67.29
140525177466256,2024-07-17,LAW501,Harvard,non-Stem,4,20100,43.77
140525177454992,2024-08-21,LAW401,Harvard,non-Stem,3,,
140525177456272,2024-12-24,LAW501,Harvard,non-Stem,,20800,45.26
140525177469968,2024-11-29,LAW401,Harvard,non-Stem,1,16367,53.03
140525177462544,2024-11-05,LAW401,Harvard,non-Stem,1,15319,51.7
140525177470928,2024-12-14,LAW501,Harvard,non-Stem,4,21455,56.73
140525177467152,2024-09-22,LAW401,Harvard,non-Stem,4,16510,43.08
140525177461584,2024-09-17,LAW501,Harvard,non-Stem,1,20619,63.36
140525177470864,2024-11-19,LAW501,Harvard,non-Stem,3,20023,52.82
140525177470288,2024-09-30,LAW401,Harvard,non-Stem,4,15320,51.86
140525177468240,2024-11-14,LAW601,Harvard,non-Stem,2,25431,52.78
140525177468688,2024-04-30,LAW401,Harvard,non-Stem,2,15278,40.4
140525177461904,2024-09-02,LAW401,Harvard,non-Stem,5,15669,44.89
140525177459280,2024-10-28,LAW401,Harvard,non-Stem,1,17075,47.48
140525177459664,2024-07-19,LAW601,Harvard,non-Stem,2,25217,41.43
140525177457616,2024-11-06,LAW401,Harvard,non-Stem,3,16568,53.5
140525177464336,2024-09-11,LAW601,Harvard,non-Stem,3,26315,62.08
140525177467344,2024-07-08,LAW501,Harvard,non-Stem,4,20371,46.34
140525177466192,2024-11-22,LAW601,Harvard,non-Stem,4,25641,44.21
140525177459856,2024-10-25,LAW401,Harvard,non-Stem,4,16325,42.37
140525177465872,2024-07-08,LAW501,Harvard,non-Stem,3,20267,40.24
140525177457296,2024-11-13,LAW401,Harvard,non-Stem,3,15845,41.87
140525177459600,2024-11-25,LAW501,Harvard,non-Stem,4,22990,41.21
140525177469584,2024-10-16,LAW401,Harvard,non-Stem,2,16804,72.43
140525177463760,2024-08-17,LAW401,Harvard,non-Stem,4,18080,44.9
140525177464144,2024-09-01,LAW501,Harvard,non-Stem,4,21298,43.23
140525177463248,,LAW401,Harvard,non-Stem,4,15656,55.47
140525177460496,2024-10-09,LAW401,Harvard,non-Stem,2,15125,42.91
140525177469712,2024-09-08,LAW501,Harvard,non-Stem,3,20665,42.95
140525177459792,2024-11-25,LAW501,Harvard,non-Stem,2,20103,48.78
140525177463568,2024-12-19,LAW401,Harvard,non-Stem,2,15254,54.08
140525177459024,2024-08-22,LAW401,Harvard,non-Stem,3,15652,52.43
140525177463120,2024-08-20,LAW501,Harvard,non-Stem,3,23348,49.75
140525177462096,2024-08-18,LAW401,Harvard,non-Stem,4,15750,55.64
140525177459536,2024-11-06,LAW401,Harvard,non-Stem,2,17197,55.29
140525177460048,2024-12-11,LAW401,Harvard,non-Stem,1,15687,44.01
140525177460432,,LAW401,Harvard,non-Stem,3,15213,55.57
140525177457808,2024-02-20,LAW501,Harvard,non-Stem,4,21057,43.4
140525177458512,2024-10-08,LAW401,Harvard,non-Stem,2,16186,41.29
140525177468816,2024-06-10,LAW601,Harvard,non-Stem,3,25387,54.56
140525177456080,2024-09-28,LAW601,Harvard,non-Stem,2,,
140525177461840,2024-12-24,LAW501,Harvard,non-Stem,3,20912,56.75
140525177468560,2024-10-13,LAW401,Harvard,non-Stem,5,15461,51.25
140525177469456,,LAW401,Harvard,non-Stem,3,15259,45.41
140525177466768,2024-10-20,LAW501,Harvard,non-Stem,2,20259,60.18
140525177465808,2024-11-26,LAW401,Harvard,non-Stem,3,15912,40.03
140525177458640,2024-12-11,LAW501,Harvard,non-Stem,,20165,54.23
140525177455504,2024-08-27,LAW501,Harvard,non-Stem,5,22333,62.22
140525177464016,2024-12-29,LAW501,Harvard,non-Stem,1,21716,44.37
140525177457872,2024-06-02,LAW501,Harvard,non-Stem,3,20546,48.67
140525177462416,2024-11-25,LAW501,Harvard,non-Stem,2,22228,77.71
140525177465232,2024-12-07,LAW501,Harvard,non-Stem,4,20575,67.36
140525177465616,2024-10-17,LAW401,Harvard,non-Stem,4,17026,46.86
140525177464272,2024-12-11,LAW501,Harvard,non-Stem,4,21023,46.02
140525177470736,2024-09-01,LAW501,Harvard,non-Stem,4,22838,51.4
140525177461648,2024-08-30,LAW501,Harvard,non-Stem,4,21615,68.44
140525177459344,2024-08-16,LAW501,Harvard,non-Stem,3,21942,48.27
140525177457040,2024-10-30,LAW401,Harvard,non-Stem,5,,
140525177465552,2024-09-27,LAW401,Harvard,non-Stem,2,16283,41.19
140525177463184,2024-12-26,LAW401,Harvard,non-Stem,1,16342,43.1
140525177464208,2024-05-28,LAW401,Harvard,non-Stem,5,16041,40.71
140525177463440,2024-10-22,LAW501,Harvard,non-Stem,1,20015,46.63
140525177465040,2024-07-21,LAW401,Harvard,non-Stem,1,15452,48.39
140525177459152,2024-10-23,LAW601,Harvard,non-Stem,3,25860,73.43
140525177464080,2024-12-24,LAW401,Harvard,non-Stem,2,16100,68.55
140525177491216,,LAW401,Harvard,non-Stem,2,15300,50.07
140525177489104,2024-10-30,LAW601,Harvard,non-Stem,4,25668,46.18
140525177497168,2024-12-22,LAW501,Harvard,non-Stem,1,20253,45.36
140525177500624,2024-05-02,LAW501,Harvard,non-Stem,5,,
140525177502928,2024-09-26,LAW501,Harvard,non-Stem,2,20353,72.71
140525177500816,2024-06-24,LAW501,Harvard,non-Stem,3,20381,41.2
140525177491536,2024-08-15,LAW401,Harvard,non-Stem,1,15395,46.43
140525177491664,2024-12-15,LAW501,Harvard,non-Stem,3,21652,49.97
140525177501008,2024-09-12,LAW501,Harvard,non-Stem,4,20850,83.69
140525177498704,2024-10-09,LAW501,Harvard,non-Stem,4,23559,71.68
140525177498832,2024-11-11,LAW601,Harvard,non-Stem,2,26011,45.75
140525177498896,2024-08-17,LAW501,Harvard,non-Stem,3,,
140525177499792,2024-12-10,LAW501,Harvard,non-Stem,3,22207,51.34
140525177493072,2024-11-17,LAW501,Harvard,non-Stem,2,21043,68.45
140525177488848,2024-10-28,LAW401,Harvard,non-Stem,4,17168,45.46
140525177489488,2024-04-10,LAW601,Harvard,non-Stem,2,26935,52.28
140525177487440,2024-07-29,LAW401,Harvard,non-Stem,3,15908,41.34
140525177498064,2024-05-20,LAW401,Harvard,non-Stem,3,15416,77.85
140525177499984,2024-10-02,LAW401,Harvard,non-Stem,3,15576,42.41
140525177488976,2024-12-06,LAW601,Harvard,non-Stem,3,25357,92.33
140525177487632,2024-11-02,LAW401,Harvard,non-Stem,2,16808,83.42
140525177495568,2024-08-13,LAW401,Harvard,non-Stem,3,15394,42.74
140525177491472,2024-05-23,LAW501,Harvard,non-Stem,2,20622,52.22
140525177492944,2024-11-06,LAW401,Harvard,non-Stem,4,15763,51.72
140525177494800,2024-07-18,LAW401,Harvard,non-Stem,5,15696,78.89
140525177500560,2024-09-16,LAW401,Harvard,non-Stem,2,15697,40.61
140525177491792,2024-05-18,LAW501,Harvard,non-Stem,4,21397,62.6
140525177492816,2024-10-28,LAW501,Harvard,non-Stem,3,21724,41.28
140525177495888,2024-07-03,LAW501,Harvard,non-Stem,3,20520,48.82
140525177495312,2024-10-10,LAW401,Harvard,non-Stem,3,15969,59.4
140525177501264,2024-03-23,LAW501,Harvard,non-Stem,2,20041,58.89
140525177499600,2024-11-22,LAW401,Harvard,non-Stem,2,17988,40.76
140525177493264,2024-11-17,LAW501,Harvard,non-Stem,,21475,67.73
140525177501776,2024-08-16,LAW401,Harvard,non-Stem,3,17115,60.07
140525177497360,2024-09-06,LAW601,Harvard,non-Stem,2,26128,84.57
140525177496080,2024-07-08,LAW501,Harvard,non-Stem,4,20126,52.96
140525177503568,2024-12-11,LAW501,Harvard,non-Stem,3,23796,72.74
140525177488208,2024-06-12,LAW401,Harvard,non-Stem,4,17656,63.59
140525177487888,2024-10-01,LAW501,Harvard,non-Stem,4,21706,63.71
140525177488912,,LAW501,Harvard,non-Stem,3,21623,42.86
140525177487568,2024-06-18,LAW401,Harvard,non-Stem,4,15179,43.41
140525177495824,2024-06-06,LAW401,Harvard,non-Stem,1,15934,44.25
140525177496592,2024-05-14,LAW501,Harvard,non-Stem,1,20379,46.15
140525177496144,2024-10-20,LAW401,Harvard,non-Stem,3,15615,50.83
140525177490768,2024-04-08,LAW401,Harvard,non-Stem,3,15767,43.89
140525177488144,2024-09-01,LAW501,Harvard,non-Stem,1,20828,50.43
140525177500880,2024-11-09,LAW401,Harvard,non-Stem,1,16326,63.86
140525177496912,2024-08-23,LAW501,Harvard,non-Stem,1,20019,56.87
140525177494480,2024-10-10,LAW501,Harvard,non-Stem,5,22065,67.57
140525177490448,2024-11-02,LAW501,Harvard,non-Stem,4,22685,64.99
140525177497744,2024-12-07,LAW401,Harvard,non-Stem,,16213,67.36
140525177491152,2024-10-03,LAW401,Harvard,non-Stem,3,,
140525177493776,2024-05-09,LAW501,Harvard,non-Stem,2,21819,57.32
140525177501904,2024-10-17,LAW501,Harvard,non-Stem,4,20131,58.77
140525177497104,2024-06-27,LAW501,Harvard,non-Stem,4,22225,65.31
140525177499408,2024-10-07,LAW401,Harvard,non-Stem,,16538,43.2
140525177487824,2024-08-15,LAW401,Harvard,non-Stem,1,16691,51.23
140525177497424,2024-12-30,LAW501,Harvard,non-Stem,5,21338,44.96
140525177489232,2024-10-08,LAW601,Harvard,non-Stem,2,25651,68.14
140525177490960,2024-12-30,LAW401,Harvard,non-Stem,3,17104,47.81
140525177502032,2024-06-15,LAW501,Harvard,non-Stem,4,20256,61.33
140525177497936,2024-08-10,LAW401,Harvard,non-Stem,,15022,51.17
140525177496848,2024-07-12,LAW501,Harvard,non-Stem,4,20559,63.12
140525177494992,2024-12-23,LAW501,Harvard,non-Stem,3,20268,66.23
140525177498320,2024-05-12,LAW501,Harvard,non-Stem,1,21856,73.35
140525177492688,2024-03-16,LAW401,Harvard,non-Stem,4,16148,54.98
140525177493712,2024-03-09,LAW401,Harvard,non-Stem,4,15052,50.73
140525177493840,2024-12-28,LAW401,Harvard,non-Stem,3,16285,58.26
140525177494736,2024-12-09,LAW401,Harvard,non-Stem,1,15113,44.42
140525177494352,2024-11-07,LAW501,Harvard,non-Stem,2,21300,69.15
140525177499344,2024-12-30,LAW501,Harvard,non-Stem,2,20786,49.48
140525177503440,2024-12-04,LAW501,Harvard,non-Stem,4,21337,56.27
140525177488464,2024-12-16,LAW601,Harvard,non-Stem,2,25201,58.26
140525177496656,2024-07-27,LAW401,Harvard,non-Stem,4,15051,46.56
140525177503120,2024-08-31,LAW401,Harvard,non-Stem,4,15627,56.83
140525177502288,2024-12-26,LAW501,Harvard,non-Stem,2,,
140525177503312,2024-12-20,LAW401,Harvard,non-Stem,2,15192,41.98
140525177490128,2024-11-10,LAW601,Harvard,non-Stem,2,26091,50.76
140525177491024,2024-09-17,LAW501,Harvard,non-Stem,3,21111,51.9
140525177488720,2024-09-05,LAW401,Harvard,non-Stem,3,15667,69.12
140525177502352,2024-08-04,LAW501,Harvard,non-Stem,2,20933,48.99
140525177497872,2024-11-26,LAW401,Harvard,non-Stem,4,15227,53.82
140525177491728,2024-06-20,LAW401,Harvard,non-Stem,3,15852,58.23
140525177493008,2024-12-13,LAW501,Harvard,non-Stem,3,22644,43.05
140525177493584,2024-07-29,LAW401,Harvard,non-Stem,3,15651,65.26
140525177492624,2024-12-31,LAW601,Harvard,non-Stem,2,25512,54.12
140525177501648,2024-12-26,LAW501,Harvard,non-Stem,4,22073,70.48
140525177489808,2024-12-13,LAW501,Harvard,non-Stem,2,22608,41.45
140525177499728,2024-11-11,LAW501,Harvard,non-Stem,3,22701,43.72
140525177488784,2024-12-19,LAW601,Harvard,non-Stem,2,25176,64.09
140525177492240,2024-09-20,LAW401,Harvard,non-Stem,4,,
140525177500752,2024-07-04,LAW501,Harvard,non-Stem,4,20064,56.82
140525177493968,2024-10-22,LAW501,Harvard,non-Stem,3,,
140525177499856,2024-08-14,LAW501,Harvard,non-Stem,3,23101,51.77
140526252940560,2024-04-24,LAW401,Harvard,non-Stem,3,,
140525178681040,2024-05-28,LAW401,Harvard,non-Stem,2,,
140525178680784,2024-12-25,LAW401,Harvard,non-Stem,3,16817,53.69
140525178674832,2024-10-31,LAW401,Harvard,non-Stem,3,16989,55.99
140525178681296,2024-12-17,LAW501,Harvard,non-Stem,2,20326,47.3
140525178669072,2024-08-09,LAW501,Harvard,non-Stem,,,
140525178668816,2024-12-15,LAW501,Harvard,non-Stem,,20494,47.81
140525178682960,2024-10-14,LAW401,Harvard,non-Stem,2,15470,52.07
140525178672592,2024-06-10,LAW501,Harvard,non-Stem,3,20218,40.92
140525178667984,2024-11-14,LAW501,Harvard,non-Stem,4,,
140525178679120,2024-09-17,LAW501,Harvard,non-Stem,3,21710,45.56
140525178673232,2024-10-18,LAW601,Harvard,non-Stem,2,28577,55.7
140525178681680,2024-09-18,LAW501,Harvard,non-Stem,2,20934,42.36
140525178678864,2024-11-15,LAW501,Harvard,non-Stem,4,20667,59.39
140525178672144,2024-07-17,LAW501,Harvard,non-Stem,,,
140525178675472,2024-08-21,LAW501,Harvard,non-Stem,3,21475,46.43
140525178670096,2024-12-17,LAW401,Harvard,non-Stem,1,15471,63.4
140525178672656,2024-12-05,LAW501,Harvard,non-Stem,2,,
140525178682064,2024-11-17,LAW501,Harvard,non-Stem,3,21781,45.1
140525178671312,2024-09-25,LAW601,Harvard,non-Stem,2,26171,47.97
140525178681616,2024-12-25,LAW401,Harvard,non-Stem,1,17611,47.64
140525178670928,2024-09-17,LAW401,Harvard,non-Stem,2,15435,63.62
140525178676176,2024-11-26,LAW401,Harvard,non-Stem,2,15184,49.87
140525178670608,2024-04-19,LAW501,Harvard,non-Stem,5,20243,42.73
140525178675728,2024-09-21,LAW401,Harvard,non-Stem,,16179,60.36
140525178680400,2024-10-01,LAW401,Harvard,non-Stem,3,15138,47.34
140525178672080,2024-11-30,LAW401,Harvard,non-Stem,5,15101,43.52
140525178671056,2024-09-05,LAW401,Harvard,non-Stem,4,16505,49.03
140525178678800,2024-11-13,LAW501,Harvard,non-Stem,2,22897,53.78
140525178670416,2024-07-04,LAW401,Harvard,non-Stem,2,15320,46.21
140525178674384,2024-12-02,LAW401,Harvard,non-Stem,1,15064,52.83
140525178680848,2024-09-27,LAW501,Harvard,non-Stem,4,,
140525178676560,2024-12-01,LAW501,Harvard,non-Stem,4,21291,48.29
140525178667600,2024-11-18,LAW501,Harvard,non-Stem,3,,
140525178670736,2024-11-30,LAW501,Harvard,non-Stem,5,22340,75.7
140525178681936,2024-06-11,LAW401,Harvard,non-Stem,3,16119,70.14
140525178668752,2024-10-21,LAW501,Harvard,non-Stem,3,20280,41.35
140525178679376,2024-09-25,LAW401,Harvard,non-Stem,5,15546,43.93
140525178676816,2024-07-06,LAW501,Harvard,non-Stem,4,22241,69.97
140525178668304,2024-12-04,LAW501,Harvard,non-Stem,4,20318,60.01
140525178667536,2024-08-31,LAW601,Harvard,non-Stem,1,25122,73.57
140525178671376,2024-11-24,LAW501,Harvard,non-Stem,3,21410,61.79
140525178676496,2024-12-04,LAW401,Harvard,non-Stem,4,17710,48.95
140525178678224,2024-11-24,LAW401,Harvard,non-Stem,1,15290,54.5
140525178678736,2024-11-27,LAW601,Harvard,non-Stem,3,25492,65.29
140525178678288,2024-10-03,LAW401,Harvard,non-Stem,3,15144,44.07
140525178669904,,LAW601,Harvard,non-Stem,2,26129,58.19
140525178679632,,LAW501,Harvard,non-Stem,1,20229,54.52
140525178675536,2024-05-21,LAW401,Harvard,non-Stem,4,17934,74.37
140525178667280,2024-06-22,LAW401,Harvard,non-Stem,2,17484,42.83
140525178671696,2024-11-03,LAW401,Harvard,non-Stem,2,15089,74.34
140525178677968,2024-11-14,LAW401,Harvard,non-Stem,4,,
140525178675792,2024-03-28,LAW401,Harvard,non-Stem,2,16467,40.88
140525178668560,2024-11-28,LAW401,Harvard,non-Stem,2,,
140525178677904,2024-12-19,LAW401,Harvard,non-Stem,3,15302,54.8
140525178679824,,LAW501,Harvard,non-Stem,4,22056,95.98
140525178671632,2024-08-15,LAW601,Harvard,non-Stem,4,25344,54.25
140525178670544,2024-07-08,LAW401,Harvard,non-Stem,2,15407,48.34
140525178674192,2024-12-03,LAW401,Harvard,non-Stem,2,16784,70.73
140525178673936,2024-11-05,LAW401,Harvard,non-Stem,2,15482,61.08
140525178675664,2024-08-06,LAW401,Harvard,non-Stem,4,16142,52.86
140525178679888,2024-07-12,LAW401,Harvard,non-Stem,2,,
140525178675856,2024-08-06,LAW401,Harvard,non-Stem,2,15657,47.24
140525178669776,2024-08-23,LAW501,Harvard,non-Stem,4,20038,55.54
140525178677072,2024-08-26,LAW401,Harvard,non-Stem,2,16679,44.72
140525178668496,2024-10-08,LAW401,Harvard,non-Stem,4,18097,71.68
140525178676304,2024-10-15,LAW601,Harvard,non-Stem,4,,
140525178677328,2024-07-09,LAW501,Harvard,non-Stem,4,21421,45.02
140525178677712,2024-07-02,LAW501,Harvard,non-Stem,4,20488,82.97
140525178677200,2024-10-08,LAW501,Harvard,non-Stem,4,20604,46.87
140525178674960,2024-12-29,LAW501,Harvard,non-Stem,3,21028,61.06
140525178682576,2024-07-12,LAW501,Harvard,non-Stem,4,21215,47.98
140525178667664,2024-08-02,LAW501,Harvard,non-Stem,1,20549,44.02
140525178675216,2024-10-21,LAW501,Harvard,non-Stem,2,,
140525178674896,,LAW401,Harvard,non-Stem,3,15192,53.27
140525178672912,2024-12-10,LAW401,Harvard,non-Stem,3,18662,44.73
140525178676944,2024-09-22,LAW501,Harvard,non-Stem,1,20550,68.44
140525178670800,2024-10-22,LAW601,Harvard,non-Stem,5,25798,74.26
140525178682768,2024-11-29,LAW501,Harvard,non-Stem,3,20446,61.96
140525178675152,2024-10-24,LAW401,Harvard,non-Stem,4,16960,67.84
140525178678032,2024-09-20,LAW501,Harvard,non-Stem,3,23266,59.68
140525178669584,,LAW401,Harvard,non-Stem,3,15853,49.47
140525178674000,2024-09-14,LAW501,Harvard,non-Stem,5,20353,42.41
140525178671568,2024-09-12,LAW501,Harvard,non-Stem,3,20186,42.43
140525178680592,2024-06-12,LAW501,Harvard,non-Stem,,20635,51.35
140525178681360,2024-11-17,LAW501,Harvard,non-Stem,3,21549,45.15
140525178671952,2024-11-22,LAW401,Harvard,non-Stem,2,15629,49.96
140525178676048,2024-09-08,LAW401,Harvard,non-Stem,2,15644,65.68
140525178681808,2024-10-06,LAW501,Harvard,non-Stem,1,21136,50.01
140525178669520,2024-10-20,LAW401,Harvard,non-Stem,2,16264,51.9
140525178668048,2024-11-29,LAW401,Harvard,non-Stem,1,19524,42.15
140525178675280,2024-09-21,LAW501,Harvard,non-Stem,2,21911,45.27
140525178669264,2024-12-02,LAW501,Harvard,non-Stem,2,23519,47.09
140525178678096,2024-09-22,LAW401,Harvard,non-Stem,4,15228,57.77
140525178667728,2024-11-29,LAW401,Harvard,non-Stem,3,15875,86.84
140525178673680,2024-11-29,LAW401,Harvard,non-Stem,5,15821,65.09
140525178673360,,LAW401,Harvard,non-Stem,2,15538,50.71
140525178669136,2024-08-15,LAW601,Harvard,non-Stem,3,27564,61.39
140525178670032,2024-09-30,LAW401,Harvard,non-Stem,,16739,54.65
140525178672720,2024-12-20,LAW401,Harvard,non-Stem,4,15105,42.09
140525178682896,,LAW401,Harvard,non-Stem,3,16203,63.5
140525178677456,2024-09-02,LAW601,Harvard,non-Stem,4,27379,48.73
140525178675024,2024-11-05,LAW501,Harvard,non-Stem,4,21816,69.62
140525178680080,2024-11-29,LAW501,Harvard,non-Stem,,21552,50.59
140525178672400,2024-09-09,LAW401,Harvard,non-Stem,4,16824,54.48
140525178670352,2024-12-30,LAW401,Harvard,non-Stem,2,15442,44.47
140525178673168,2024-12-27,LAW401,Harvard,non-Stem,4,16757,42.02
140525178674512,2024-12-28,LAW401,Harvard,non-Stem,3,,
140525178672208,2024-07-25,LAW501,Harvard,non-Stem,2,21695,73.96
140525178682832,2024-09-26,LAW401,Harvard,non-Stem,1,16257,49.0
140525183572752,,LAW501,Harvard,non-Stem,2,,
140525183581008,2024-08-30,LAW501,Harvard,non-Stem,2,20927,58.28
140525183578704,2024-12-06,LAW501,Harvard,non-Stem,,23091,47.36
140525183568208,2024-12-23,LAW401,Harvard,non-Stem,5,17787,93.7
140525183574864,2024-09-01,LAW401,Harvard,non-Stem,3,15409,52.51
140525183573840,2024-11-20,LAW601,Harvard,non-Stem,2,26731,69.19
140525183569040,2024-11-18,LAW501,Harvard,non-Stem,1,21576,59.46
140525183576720,2024-10-26,LAW501,Harvard,non-Stem,2,,
140525183582096,2024-10-01,LAW401,Harvard,non-Stem,,15307,49.08
140525183574480,2024-07-17,LAW601,Harvard,non-Stem,4,26734,53.17
140525183570064,2024-09-05,LAW501,Harvard,non-Stem,3,20430,77.86
140525183568912,2024-11-29,LAW401,Harvard,non-Stem,2,16310,57.19
140525183570384,2024-12-23,LAW501,Harvard,non-Stem,3,,
140525183569680,2024-10-10,LAW401,Harvard,non-Stem,2,15936,55.91
140525183573264,2024-12-28,LAW401,Harvard,non-Stem,4,16756,53.73
140525183578448,2024-11-03,LAW501,Harvard,non-Stem,5,21027,47.28
140525183569872,2024-07-26,LAW501,Harvard,non-Stem,3,20502,51.9
140525183571408,2024-09-07,LAW401,Harvard,non-Stem,,16368,42.64
140525183573904,2024-10-28,LAW401,Harvard,non-Stem,3,17110,43.44
140525183567504,2024-07-10,LAW501,Harvard,non-Stem,2,23132,67.96
140525183577168,2024-07-14,LAW401,Harvard,non-Stem,1,16210,73.35
140525183569424,2024-11-07,LAW501,Harvard,non-Stem,,20200,66.12
140525183576208,2024-10-13,LAW401,Harvard,non-Stem,2,16199,48.05
140525183566800,2024-10-10,LAW401,Harvard,non-Stem,3,15685,70.27
140525183573968,2024-10-27,LAW501,Harvard,non-Stem,2,21668,44.73
140525183578064,2024-12-08,LAW401,Harvard,non-Stem,4,16182,59.41
140525183566672,2024-12-30,LAW501,Harvard,non-Stem,2,20003,69.24
140525183580368,2024-12-21,LAW401,Harvard,non-Stem,,16749,65.97
140525183576592,2024-10-12,LAW401,Harvard,non-Stem,,15588,71.0
140525183580112,,LAW401,Harvard,non-Stem,3,15667,63.95
140525183574032,2024-05-19,LAW501,Harvard,non-Stem,4,22243,72.01
140525183569232,2024-12-06,LAW401,Harvard,non-Stem,3,15234,78.52
140525183578320,2024-12-07,LAW401,Harvard,non-Stem,3,18109,71.87
140525183577936,2024-06-05,LAW501,Harvard,non-Stem,1,21604,62.41
140525183575504,2024-08-03,LAW501,Harvard,non-Stem,2,20175,52.09
140525183576784,2024-10-11,LAW501,Harvard,non-Stem,2,20745,49.53
140525183568784,2024-11-18,LAW501,Harvard,non-Stem,4,21091,49.51
140525183579280,2024-09-08,LAW501,Harvard,non-Stem,2,,
140525183571664,2024-07-09,LAW501,Harvard,non-Stem,4,23525,46.13
140525183575696,2024-11-01,LAW401,Harvard,non-Stem,1,18286,46.58
140525183580944,2024-11-04,LAW501,Harvard,non-Stem,4,,
140525183568720,2024-12-30,LAW601,Harvard,non-Stem,3,26087,72.64
140525183571600,2024-05-30,LAW401,Harvard,non-Stem,3,15089,46.07
140525183570256,2024-10-28,LAW401,Harvard,non-Stem,4,15161,45.0
140525183570448,2024-09-08,LAW401,Harvard,non-Stem,4,16358,73.92
140525183579024,2024-11-06,LAW501,Harvard,non-Stem,2,20684,55.47
140525183577232,2024-12-10,LAW501,Harvard,non-Stem,2,21682,49.77
140525183577424,2024-11-17,LAW501,Harvard,non-Stem,4,,
140525183575184,2024-09-05,LAW601,Harvard,non-Stem,2,26017,64.71
140525183568144,2024-11-12,LAW401,Harvard,non-Stem,2,15791,43.33
140525183571920,2024-08-14,LAW401,Harvard,non-Stem,3,15976,50.8
140525183575760,2024-10-12,LAW501,Harvard,non-Stem,1,20723,43.77
140525183570128,2024-12-25,LAW501,Harvard,non-Stem,3,20800,58.25
140525183574160,2024-04-22,LAW401,Harvard,non-Stem,3,16020,49.96
140525183575312,2024-10-01,LAW501,Harvard,non-Stem,2,20354,41.25
140525183579344,2024-11-16,LAW401,Harvard,non-Stem,3,16131,42.87
140525183570704,2024-12-27,LAW501,Harvard,non-Stem,3,20931,42.31
140525183567824,2024-10-28,LAW401,Harvard,non-Stem,2,17110,41.89
140525183566096,2024-11-30,LAW501,Harvard,non-Stem,2,21600,48.7
140525183571984,2024-10-28,LAW401,Harvard,non-Stem,2,16427,58.95
140525183567440,2024-11-22,LAW501,Harvard,non-Stem,3,20947,45.38
140525183567760,2024-08-29,LAW401,Harvard,non-Stem,2,15869,49.25
140525183570192,,LAW601,Harvard,non-Stem,3,25766,48.01
140525183566352,2024-12-11,LAW401,Harvard,non-Stem,3,17032,50.75
140525183570512,2024-06-20,LAW401,Harvard,non-Stem,4,15494,53.64
140525183579408,2024-10-24,LAW601,Harvard,non-Stem,2,27059,46.82
140525183575888,2024-05-12,LAW401,Harvard,non-Stem,2,16780,57.03
140525183566992,2024-09-02,LAW401,Harvard,non-Stem,4,17595,58.35
140525183579600,2024-06-19,LAW501,Harvard,non-Stem,3,21824,40.56
140525183575440,2024-08-08,LAW401,Harvard,non-Stem,4,16066,45.81
140525183567312,,LAW401,Harvard,non-Stem,2,15911,53.62
140525183578576,2024-11-28,LAW401,Harvard,non-Stem,4,17632,44.26
140525183576336,2024-11-23,LAW601,Harvard,non-Stem,4,26167,86.39
140525183569552,2024-09-10,LAW501,Harvard,non-Stem,4,20932,51.85
140525183581456,2024-12-20,LAW401,Harvard,non-Stem,2,15953,51.53
140525183565904,2024-12-04,LAW401,Harvard,non-Stem,3,18789,67.86
140525183580240,2024-12-17,LAW501,Harvard,non-Stem,2,20132,40.25
140525183579216,2024-07-09,LAW501,Harvard,non-Stem,3,,
140525183566032,2024-11-21,LAW501,Harvard,non-Stem,2,22357,52.2
140525183578832,2024-08-11,LAW501,Harvard,non-Stem,3,20924,60.67
140525183572880,2024-07-11,LAW401,Harvard,non-Stem,2,17470,51.88
140525183569104,,LAW401,Harvard,non-Stem,2,16172,54.37
140525183572240,2024-11-16,LAW401,Harvard,non-Stem,3,15902,47.22
140525183575120,2024-08-13,LAW501,Harvard,non-Stem,4,20604,53.21
140525183579920,2024-12-16,LAW601,Harvard,non-Stem,,27223,44.78
140525183572176,2024-11-23,LAW501,Harvard,non-Stem,3,21311,60.87
140525183578512,2024-10-17,LAW401,Harvard,non-Stem,4,15625,62.12
140525183575952,2024-10-23,LAW501,Harvard,non-Stem,4,,
140525183581840,2024-03-28,LAW501,Harvard,non-Stem,4,20079,81.02
140525183582032,2024-08-20,LAW501,Harvard,non-Stem,4,22472,47.59
140525183571472,2024-10-22,LAW401,Harvard,non-Stem,4,15236,43.69
140525183577552,2024-10-06,LAW501,Harvard,non-Stem,2,21938,44.56
140525183575568,2024-09-30,LAW401,Harvard,non-Stem,1,15137,67.39
140525183582160,2024-12-13,LAW401,Harvard,non-Stem,3,16160,41.74
140525183578896,2024-06-22,LAW401,Harvard,non-Stem,5,16506,70.99
140525183575632,2024-07-23,LAW601,Harvard,non-Stem,2,25119,46.06
140525183576016,2024-11-05,LAW401,Harvard,non-Stem,1,16963,60.68
140525183581776,2024-10-29,LAW501,Harvard,non-Stem,2,,
140525183571280,2024-07-01,LAW401,Harvard,non-Stem,4,15383,60.39
140525183566288,2024-08-08,LAW501,Harvard,non-Stem,3,20756,76.59
140525183577872,2024-12-26,LAW501,Harvard,non-Stem,3,21042,42.53
140525183580304,2024-07-31,LAW401,Harvard,non-Stem,4,,
140525183581392,2024-11-29,LAW501,Harvard,non-Stem,4,22005,70.21
140525183570960,2024-11-15,LAW401,Harvard,non-Stem,4,16227,46.05
140525183572624,2024-08-06,LAW501,Harvard,non-Stem,2,21399,44.16
140525183577296,2024-08-17,LAW501,Harvard,non-Stem,4,20705,59.01
140525183567120,2024-06-12,LAW401,Harvard,non-Stem,3,16938,42.27
140525183567952,2024-06-16,LAW401,Harvard,non-Stem,1,15037,72.68
140525183579472,2024-10-29,LAW401,Harvard,non-Stem,3,16879,52.62
140525183571152,2024-10-31,LAW501,Harvard,non-Stem,3,20690,54.43
140525183573392,2024-10-20,LAW501,Harvard,non-Stem,2,21326,45.92
140525183574544,2024-10-12,LAW501,Harvard,non-Stem,2,20835,42.52
140525183566160,,LAW401,Harvard,non-Stem,4,15783,42.33
140525183580176,2024-08-04,LAW501,Harvard,non-Stem,4,,
140525183581904,2024-10-26,LAW401,Harvard,non-Stem,4,15851,75.57
140525183569936,2024-10-30,LAW401,Harvard,non-Stem,3,15684,47.41
140525183577104,2024-06-15,LAW501,Harvard,non-Stem,3,20038,58.64
140525183571728,2024-10-21,LAW501,Harvard,non-Stem,2,21191,48.36
140525183574416,2024-09-04,LAW501,Harvard,non-Stem,2,20017,43.77
140525183577040,2024-12-18,LAW401,Harvard,non-Stem,5,16476,40.29
140525183576272,2024-10-31,LAW601,Harvard,non-Stem,2,27510,66.03
140525183581328,2024-07-14,LAW501,Harvard,non-Stem,4,23501,55.86
140525183580048,2024-10-11,LAW501,Harvard,non-Stem,5,20262,48.12
140525183572048,2024-11-22,LAW401,Harvard,non-Stem,3,15469,52.79
140525183576080,2024-08-14,LAW401,Harvard,non-Stem,4,15349,48.36
140525183581072,2024-12-25,LAW401,Harvard,non-Stem,3,16712,48.63
140525183581712,2024-08-27,LAW401,Harvard,non-Stem,4,15333,45.26
140525183580688,2024-11-20,LAW501,Harvard,non-Stem,1,20487,41.0
140525183570000,2024-12-03,LAW401,Harvard,non-Stem,4,18639,57.99
140525183577680,2024-10-21,LAW501,Harvard,non-Stem,4,20526,68.01
140525183566608,2024-11-02,LAW401,Harvard,non-Stem,2,17482,42.19
140525183574672,2024-06-09,LAW401,Harvard,non-Stem,3,15120,46.48
140525180609168,2024-10-28,LAW501,Harvard,non-Stem,3,21605,44.93
140525180611472,2024-09-08,LAW501,Harvard,non-Stem,4,21482,45.88
140525180609808,2024-10-07,LAW401,Harvard,non-Stem,2,17392,48.41
140525180609104,2024-08-22,LAW401,Harvard,non-Stem,4,18033,86.28
140525180606800,2024-11-01,LAW401,Harvard,non-Stem,3,18999,64.57
140525180601808,2024-11-28,LAW501,Harvard,non-Stem,2,20693,62.5
140525180605008,2024-11-25,LAW401,Harvard,non-Stem,2,15157,78.7
140525180611408,2024-09-25,LAW401,Harvard,non-Stem,3,15819,51.77
140525180616464,2024-12-07,LAW401,Harvard,non-Stem,3,15463,41.16
140525180607952,2024-05-27,LAW501,Harvard,non-Stem,3,20972,56.92
140525180612624,2024-12-31,LAW401,Harvard,non-Stem,4,16740,44.58
140525180610192,2024-12-08,LAW501,Harvard,non-Stem,4,20639,41.1
140525180604816,2024-08-20,LAW401,Harvard,non-Stem,3,16312,51.62
140525180603536,2024-12-27,LAW401,Harvard,non-Stem,3,15920,60.48
140525180608208,2024-09-24,LAW501,Harvard,non-Stem,,,
140525180608976,2024-12-21,LAW501,Harvard,non-Stem,4,20230,80.06
140525180602768,2024-07-27,LAW501,Harvard,non-Stem,3,20373,52.17
140525180611216,2024-12-07,LAW601,Harvard,non-Stem,5,27605,55.21
140525180605200,2024-08-19,LAW401,Harvard,non-Stem,5,15521,44.63
140525180609872,2024-09-27,LAW401,Harvard,non-Stem,3,15835,49.09
140525180601424,2024-12-16,LAW501,Harvard,non-Stem,1,23683,56.72
140525180602512,2024-12-23,LAW401,Harvard,non-Stem,4,,
140525180615376,2024-10-10,LAW501,Harvard,non-Stem,2,20612,41.83
140525180603856,2024-05-25,LAW401,Harvard,non-Stem,1,16318,51.15
140525180610704,2024-11-03,LAW401,Harvard,non-Stem,2,16191,67.52
140525180602832,2024-10-16,LAW501,Harvard,non-Stem,3,,
140525180606352,2024-11-03,LAW401,Harvard,non-Stem,2,15920,72.72
140525180602576,2024-08-27,LAW501,Harvard,non-Stem,3,22492,56.75
140525180601552,2024-10-07,LAW501,Harvard,non-Stem,2,,
140525180615952,2024-11-10,LAW401,Harvard,non-Stem,4,18068,68.87
140525180613008,,LAW501,Harvard,non-Stem,5,21770,48.12
140525180602960,2024-09-09,LAW401,Harvard,non-Stem,2,18253,60.76
140525180610768,2024-11-01,LAW401,Harvard,non-Stem,2,15359,50.63
140525180611664,2024-07-31,LAW501,Harvard,non-Stem,1,23836,53.56
140525180608272,2024-12-08,LAW401,Harvard,non-Stem,4,16451,54.45
140525180606096,2024-08-12,LAW401,Harvard,non-Stem,2,16224,52.69
140525180615440,2024-09-10,LAW401,Harvard,non-Stem,2,16234,64.9
140525180605328,2024-12-28,LAW401,Harvard,non-Stem,4,17915,47.61
140525180609936,2024-11-28,LAW601,Harvard,non-Stem,4,25929,40.07
140525180601488,2024-08-23,LAW401,Harvard,non-Stem,3,16256,41.83
140525180607696,2024-11-25,LAW401,Harvard,non-Stem,3,,
140525180605072,2024-06-17,LAW501,Harvard,non-Stem,1,20027,65.61
140525180601168,2024-11-08,LAW501,Harvard,non-Stem,5,22477,59.41
140525180605136,2024-10-26,LAW401,Harvard,non-Stem,1,15784,87.86
140525180616208,2024-10-24,LAW401,Harvard,non-Stem,4,15660,40.2
140525180603088,2024-06-16,LAW401,Harvard,non-Stem,,15464,86.02
140525180607440,2024-08-24,LAW501,Harvard,non-Stem,5,20687,68.1
140525180609360,2024-08-14,LAW601,Harvard,non-Stem,2,,
140525180612688,2024-03-30,LAW401,Harvard,non-Stem,1,,
140525180600976,,LAW401,Harvard,non-Stem,4,15191,44.73
140525180614736,2024-10-05,LAW501,Harvard,non-Stem,4,22080,46.81
140525180603472,2024-12-28,LAW501,Harvard,non-Stem,3,21414,43.24
140525180610448,2024-08-31,LAW501,Harvard,non-Stem,3,20090,47.65
140525180614800,2024-10-19,LAW601,Harvard,non-Stem,1,26188,51.63
140525180605392,2024-12-22,LAW501,Harvard,non-Stem,4,20457,64.52
140525180613968,2024-12-14,LAW401,Harvard,non-Stem,4,16458,55.53
140525180610256,2024-09-09,LAW401,Harvard,non-Stem,4,18739,40.94
140525180615568,2024-10-29,LAW401,Harvard,non-Stem,3,,
140525180609616,,LAW501,Harvard,non-Stem,4,20157,41.97
140525180612496,2024-12-10,LAW401,Harvard,non-Stem,4,17173,58.58
140525180608144,2024-11-30,LAW401,Harvard,non-Stem,3,16142,43.28
140525180607632,2024-04-01,LAW401,Harvard,non-Stem,2,15001,50.27
140525180612240,2024-11-10,LAW501,Harvard,non-Stem,2,21564,48.3
140525180616080,2024-10-18,LAW601,Harvard,non-Stem,5,25638,44.15
140525180606416,2024-08-17,LAW401,Harvard,non-Stem,2,15335,61.28
140525180602448,2024-12-26,LAW501,Harvard,non-Stem,2,20734,50.56
140525180614928,2024-11-18,LAW501,Harvard,non-Stem,3,20220,44.62
140525180606992,2024-10-23,LAW501,Harvard,non-Stem,,20351,42.9
140525180604048,2024-11-26,LAW401,Harvard,non-Stem,2,16917,62.49
140525180604240,2024-10-17,LAW501,Harvard,non-Stem,1,20044,50.32
140525180610064,2024-10-19,LAW401,Harvard,non-Stem,4,16698,45.91
140525180615696,2024-09-16,LAW501,Harvard,non-Stem,2,23356,41.48
140525180603600,2024-11-29,LAW401,Harvard,non-Stem,2,15626,61.88
140525180616592,2024-05-26,LAW401,Harvard,non-Stem,2,15546,47.74
140525180613520,2024-08-27,LAW401,Harvard,non-Stem,5,17305,53.54
140525180611728,2024-07-23,LAW401,Harvard,non-Stem,4,,
140525180613392,2024-12-19,LAW401,Harvard,non-Stem,1,15783,70.3
140525180609680,2024-12-28,LAW501,Harvard,non-Stem,2,20669,51.23
140525180613456,2024-11-16,LAW501,Harvard,non-Stem,3,23762,50.68
140525180616528,2024-12-15,LAW401,Harvard,non-Stem,3,15298,47.82
140525180616336,2024-03-26,LAW401,Harvard,non-Stem,4,16118,70.98
140525180610128,2024-10-28,LAW401,Harvard,non-Stem,4,15688,76.07
140525180615632,2024-09-07,LAW401,Harvard,non-Stem,2,15814,49.37
140525180605840,2024-11-18,LAW401,Harvard,non-Stem,3,19110,60.61
140525180609488,2024-11-04,LAW401,Harvard,non-Stem,4,15441,54.84
140525180603792,2024-10-15,LAW401,Harvard,non-Stem,4,15718,53.23
140525180614864,,LAW501,Harvard,non-Stem,5,20894,55.32
140525180614480,2024-12-24,LAW401,Harvard,non-Stem,3,,
140525180613904,2024-08-12,LAW501,Harvard,non-Stem,2,20867,55.98
140525180606160,2024-07-13,LAW401,Harvard,non-Stem,4,15436,67.23
140525180616016,2024-11-16,LAW501,Harvard,non-Stem,3,21118,44.45
140525180603216,2024-12-18,LAW601,Harvard,non-Stem,1,25596,67.87
140525180605584,2024-07-24,LAW401,Harvard,non-Stem,,17675,63.34
140525180603984,2024-09-01,LAW401,Harvard,non-Stem,5,16237,59.65
140525180611280,2024-11-08,LAW601,Harvard,non-Stem,5,25855,77.04
140525180600400,2024-12-18,LAW501,Harvard,non-Stem,4,22344,61.08
140525180604304,2024-09-06,LAW501,Harvard,non-Stem,5,21712,47.16
140525180611792,2024-10-05,LAW501,Harvard,non-Stem,3,20813,65.21
140525180606928,2024-10-06,LAW401,Harvard,non-Stem,3,15885,45.51
140525180610512,2024-09-12,LAW501,Harvard,non-Stem,3,,
140525180607056,2024-06-10,LAW401,Harvard,non-Stem,4,15825,47.19
140525180609744,2024-03-05,LAW401,Harvard,non-Stem,1,15413,69.53
140525180613200,2024-08-12,LAW401,Harvard,non-Stem,2,16015,47.92
140525180606032,2024-07-14,LAW401,Harvard,non-Stem,3,15551,49.23
140525180616272,2024-10-10,LAW401,Harvard,non-Stem,4,15848,66.98
140525180604752,2024-04-15,LAW401,Harvard,non-Stem,3,17353,65.26
140525180604496,2024-09-19,LAW401,Harvard,non-Stem,3,15484,79.79
140525180607824,2024-08-10,LAW401,Harvard,non-Stem,3,17172,64.35
140525180609040,2024-10-05,LAW401,Harvard,non-Stem,3,15263,41.94
140525180612752,2024-11-23,LAW401,Harvard,non-Stem,3,15257,70.11
140525184588560,2024-09-17,LAW401,Harvard,non-Stem,4,16509,55.75
140525184587408,2024-12-21,LAW401,Harvard,non-Stem,4,16874,75.62
140525184588880,2024-12-14,LAW401,Harvard,non-Stem,5,15202,44.63
140525184589392,2024-09-18,LAW501,Harvard,non-Stem,3,20118,45.11
140525184596112,,LAW501,Harvard,non-Stem,3,20824,75.54
140525184594576,2024-09-18,LAW401,Harvard,non-Stem,2,16969,58.41
140525184591056,2024-12-25,LAW401,Harvard,non-Stem,3,16987,51.21
140525184585936,2024-11-12,LAW501,Harvard,non-Stem,2,20041,44.83
140525184593744,2024-12-11,LAW401,Harvard,non-Stem,5,15930,46.48
140525184595664,2024-08-15,LAW401,Harvard,non-Stem,2,,
140525184587664,2024-10-20,LAW401,Harvard,non-Stem,4,15403,41.96
140525184596944,2024-11-09,LAW501,Harvard,non-Stem,3,20110,48.35
140525184587792,2024-11-20,LAW401,Harvard,non-Stem,3,16997,67.96
140525184594064,2024-08-21,LAW501,Harvard,non-Stem,4,20699,40.26
140525184585168,2024-09-11,LAW501,Harvard,non-Stem,2,22251,75.41
140525184587088,2024-12-16,LAW401,Harvard,non-Stem,1,16367,53.24
140525184590608,2024-11-27,LAW501,Harvard,non-Stem,3,20076,72.18
140525184592272,2024-12-08,LAW501,Harvard,non-Stem,4,20000,49.29
140525184587024,2024-10-31,LAW501,Harvard,non-Stem,3,22814,58.48
140525184592784,2024-12-10,LAW401,Harvard,non-Stem,2,,
140525184591568,2024-11-14,LAW501,Harvard,non-Stem,3,21652,67.79
140525184583376,2024-09-26,LAW501,Harvard,non-Stem,3,20068,58.31
140525184591888,2024-11-15,LAW501,Harvard,non-Stem,3,20942,48.79
140525184588432,2024-10-20,LAW401,Harvard,non-Stem,2,15257,61.3
140525184587152,,LAW501,Harvard,non-Stem,4,22372,68.51
140525184588304,2024-12-02,LAW501,Harvard,non-Stem,3,21309,41.37
140525184593424,2024-07-26,LAW501,Harvard,non-Stem,1,20854,50.15
140525184595024,2024-06-18,LAW501,Harvard,non-Stem,2,20555,81.77
140525184589136,2024-12-17,LAW601,Harvard,non-Stem,4,26071,68.78
140525184592336,2024-05-31,LAW501,Harvard,non-Stem,3,20141,41.86
140525184592912,2024-08-24,LAW501,Harvard,non-Stem,4,,
140525184595344,2024-07-13,LAW401,Harvard,non-Stem,4,16320,82.92
140525184581840,2024-11-07,LAW401,Harvard,non-Stem,1,16594,49.24
140525184585744,2024-11-11,LAW501,Harvard,non-Stem,3,20649,63.5
140525184584784,2024-08-18,LAW401,Harvard,non-Stem,2,,
140525184592656,2024-11-03,LAW501,Harvard,non-Stem,2,20478,44.49
140525184590352,2024-09-09,LAW401,Harvard,non-Stem,4,16064,53.34
140525184591312,2024-11-25,LAW501,Harvard,non-Stem,3,21067,41.93
140525184593168,2024-07-09,LAW501,Harvard,non-Stem,4,20618,42.53
140525184590416,2024-10-08,LAW501,Harvard,non-Stem,2,21339,56.4
140525184589776,2024-12-29,LAW401,Harvard,non-Stem,4,16406,61.11
140525184586000,2024-08-07,LAW401,Harvard,non-Stem,3,16223,92.04
140525184589072,2024-12-24,LAW401,Harvard,non-Stem,2,15220,48.58
140525184587984,2024-03-10,LAW401,Harvard,non-Stem,3,17433,42.72
140525184584400,2024-08-19,LAW501,Harvard,non-Stem,2,20323,87.72
140525184588688,2024-11-25,LAW501,Harvard,non-Stem,2,20764,44.72
140525184585680,2024-08-03,LAW501,Harvard,non-Stem,3,20131,52.9
140525184597840,2024-06-09,LAW501,Harvard,non-Stem,4,21194,46.65
140525184583632,2024-07-06,LAW401,Harvard,non-Stem,3,16101,40.27
140525184593872,2024-08-29,LAW401,Harvard,non-Stem,3,15536,47.16
140525184586256,2024-12-04,LAW401,Harvard,non-Stem,1,15572,58.67
140525184593232,2024-12-20,LAW501,Harvard,non-Stem,2,20469,62.75
140525184582608,2024-12-31,LAW401,Harvard,non-Stem,4,16806,52.26
140525184591696,2024-10-24,LAW501,Harvard,non-Stem,3,20656,58.58
140525184594640,2024-10-27,LAW401,Harvard,non-Stem,1,17469,61.72
140525184589648,2024-09-12,LAW501,Harvard,non-Stem,3,21788,72.95
140525184590288,2024-12-03,LAW401,Harvard,non-Stem,2,16403,48.34
140525184591376,2024-07-09,LAW501,Harvard,non-Stem,3,20169,87.62
140525184584656,2024-09-06,LAW501,Harvard,non-Stem,2,20245,61.29
140525184597264,2024-06-26,LAW501,Harvard,non-Stem,3,21026,70.27
140525184592528,2024-12-06,LAW501,Harvard,non-Stem,4,20898,51.76
140525184582288,2024-09-15,LAW401,Harvard,non-Stem,3,15224,56.28
140525184593936,2024-07-26,LAW401,Harvard,non-Stem,4,15539,41.84
140525184584208,2024-12-05,LAW501,Harvard,non-Stem,3,21579,61.71
140525184596560,2024-12-16,LAW401,Harvard,non-Stem,4,,
140525184597584,2024-05-18,LAW501,Harvard,non-Stem,2,20854,59.84
140525184583440,2024-11-20,LAW401,Harvard,non-Stem,2,16459,56.69
140525184592208,2024-09-30,LAW401,Harvard,non-Stem,3,15490,49.68
140525184596368,2024-07-12,LAW501,Harvard,non-Stem,3,20579,42.38
140525184592720,2024-12-02,LAW501,Harvard,non-Stem,3,,
140525184597328,2024-06-17,LAW501,Harvard,non-Stem,3,20018,40.27
140525185474000,2024-11-20,LAW401,Harvard,non-Stem,4,16799,77.63
140525183394960,2024-08-14,LAW401,Harvard,non-Stem,1,15908,43.51
140525184588752,2024-10-28,LAW401,Harvard,non-Stem,3,,
140525184587344,2024-09-18,LAW501,Harvard,non-Stem,3,20067,57.38
140525184589584,2024-12-06,LAW401,Harvard,non-Stem,5,17407,48.15
140525184593552,2024-11-25,LAW501,Harvard,non-Stem,3,22635,47.0
140525184583184,2024-10-17,LAW501,Harvard,non-Stem,1,20282,46.81
140525184592144,2024-11-25,LAW501,Harvard,non-Stem,3,20040,51.68
140525184596048,2024-06-18,LAW501,Harvard,non-Stem,3,20164,56.87
140525184594000,2024-09-30,LAW401,Harvard,non-Stem,3,16248,53.92
140525184588048,2024-09-10,LAW501,Harvard,non-Stem,1,23503,69.02
140525184592464,2024-07-10,LAW501,Harvard,non-Stem,4,,
140525184585424,2024-09-14,LAW501,Harvard,non-Stem,,21391,60.24
140525184596816,2024-11-25,LAW501,Harvard,non-Stem,3,20187,50.47
140525184583760,2024-08-16,LAW501,Harvard,non-Stem,1,20892,47.95
140525184590096,2024-11-07,LAW501,Harvard,non-Stem,2,22085,61.73
140525184585232,2024-06-24,LAW401,Harvard,non-Stem,5,16247,72.72
140525184585296,2024-10-12,LAW401,Harvard,non-Stem,3,15029,49.96
140525184584528,2024-07-05,LAW601,Harvard,non-Stem,,26103,47.33
140525184592016,2024-06-10,LAW501,Harvard,non-Stem,2,21222,66.12
140525184583504,2024-09-07,LAW501,Harvard,non-Stem,3,20716,57.53
140525184582096,2024-06-12,LAW401,Harvard,non-Stem,2,18408,80.74
140525184584976,2024-12-15,LAW401,Harvard,non-Stem,1,16668,80.34
140525184584016,2024-10-04,LAW401,Harvard,non-Stem,3,16970,59.94
140525184592976,2024-06-27,LAW401,Harvard,non-Stem,2,17542,52.0
140525184588816,2024-11-06,LAW601,Harvard,non-Stem,2,,
140525184585040,2024-12-31,LAW401,Harvard,non-Stem,3,18140,44.99
140525184595600,2024-11-27,LAW601,Harvard,non-Stem,3,25016,61.19
140525184594768,2024-10-13,LAW501,Harvard,non-Stem,3,21162,69.05
140525179320208,2024-10-28,LAW401,Harvard,non-Stem,4,15287,66.44
140525179314960,2024-10-05,LAW401,Harvard,non-Stem,3,15140,64.82
140525179317392,2024-08-30,LAW501,Harvard,non-Stem,4,20119,49.29
140525179310160,2024-11-25,LAW401,Harvard,non-Stem,3,15991,52.84
140525179312528,2024-11-09,LAW401,Harvard,non-Stem,3,15150,48.04
140525179319376,2024-11-01,LAW501,Harvard,non-Stem,2,22771,40.62
140525179310096,2024-12-24,LAW501,Harvard,non-Stem,3,20418,65.46
140525179314256,2024-10-02,LAW401,Harvard,non-Stem,2,15386,43.1
140525179311120,2024-11-19,LAW501,Harvard,non-Stem,2,21385,64.25
140525179306064,2024-04-03,LAW501,Harvard,non-Stem,4,20114,43.42
140525179315984,2024-06-06,LAW601,Harvard,non-Stem,4,25745,73.9
140525179318288,2024-12-21,LAW401,Harvard,non-Stem,4,17274,62.31
140525179314704,2024-12-25,LAW401,Harvard,non-Stem,2,17582,45.67
140525179313552,2024-11-07,LAW401,Harvard,non-Stem,2,17819,52.1
140525179318992,2024-08-14,LAW601,Harvard,non-Stem,3,26242,51.66
140525179321104,2024-10-29,LAW401,Harvard,non-Stem,4,,
140525179317520,2024-11-25,LAW401,Harvard,non-Stem,3,15795,42.54
140525179320464,2024-12-06,LAW501,Harvard,non-Stem,4,20984,63.6
140525179317200,2024-12-29,LAW501,Harvard,non-Stem,2,22086,64.65
140525179317456,2024-12-27,LAW401,Harvard,non-Stem,3,15406,46.29
140525179309392,2024-12-08,LAW501,Harvard,non-Stem,4,20454,72.28
140525179310864,2024-10-09,LAW401,Harvard,non-Stem,5,19003,56.74
140525179316496,2024-07-22,LAW501,Harvard,non-Stem,2,20445,40.47
140525179308880,2024-10-24,LAW401,Harvard,non-Stem,3,15154,41.31
140525179320656,2024-12-14,LAW401,Harvard,non-Stem,2,,
140525179321616,2024-08-21,LAW601,Harvard,non-Stem,3,26987,42.9
140525179315472,2024-11-23,LAW401,Harvard,non-Stem,2,16465,54.6
140525179315664,2024-10-22,LAW501,Harvard,non-Stem,1,21272,40.63
140525179319824,2024-12-08,LAW401,Harvard,non-Stem,2,15256,44.12
140525179319120,2024-07-15,LAW401,Harvard,non-Stem,2,15667,44.6
140525179320016,2024-12-22,LAW401,Harvard,non-Stem,3,17900,83.02
140525179311184,2024-12-16,LAW401,Harvard,non-Stem,2,15667,49.17
140525179317968,2024-09-08,LAW601,Harvard,non-Stem,2,,
140525179308368,2024-11-24,LAW501,Harvard,non-Stem,1,20198,51.13
140525179309328,2024-11-26,LAW501,Harvard,non-Stem,2,20278,61.54
140525179312016,2024-12-08,LAW401,Harvard,non-Stem,4,18917,54.01
140525179310992,2024-09-06,LAW501,Harvard,non-Stem,2,21030,41.76
140525179319056,2024-10-16,LAW501,Harvard,non-Stem,2,20531,48.62
140525179307344,2024-10-21,LAW401,Harvard,non-Stem,4,16108,45.36
140525179311632,2024-11-09,LAW601,Harvard,non-Stem,1,27463,65.37
140525179312144,2024-10-23,LAW501,Harvard,non-Stem,4,20844,59.77
140525179309008,2024-09-28,LAW501,Harvard,non-Stem,5,,
140525179312656,2024-10-24,LAW401,Harvard,non-Stem,2,15011,43.18
140525179312848,2024-11-29,LAW401,Harvard,non-Stem,1,15531,47.39
140525179307856,2024-12-12,LAW501,Harvard,non-Stem,4,,
140525179320720,2024-11-25,LAW501,Harvard,non-Stem,4,20404,54.72
140525179306576,2024-09-01,LAW401,Harvard,non-Stem,2,15499,47.93
140525179310736,2024-09-03,LAW501,Harvard,non-Stem,3,22962,56.69
140525179311760,2024-12-18,LAW501,Harvard,non-Stem,2,20885,42.94
140525179307728,2024-10-14,LAW401,Harvard,non-Stem,3,16209,52.73
140525179313808,2024-12-05,LAW601,Harvard,non-Stem,4,25983,42.37
140525179321168,,LAW501,Harvard,non-Stem,2,21686,42.39
140525179308624,2024-07-23,LAW401,Harvard,non-Stem,3,17699,49.26
140525179312400,2024-11-20,LAW401,Harvard,non-Stem,2,,
140525179315216,2024-10-20,LAW501,Harvard,non-Stem,5,20599,54.82
140525179313616,2024-09-13,LAW501,Harvard,non-Stem,4,21038,68.22
140525179306960,2024-09-20,LAW501,Harvard,non-Stem,,21493,85.84
140525179318928,2024-12-15,LAW501,Harvard,non-Stem,3,21736,47.6
140525179308496,2024-03-28,LAW501,Harvard,non-Stem,4,20796,43.0
140525179316944,2024-09-15,LAW501,Harvard,non-Stem,4,,
140525179306256,2024-12-16,LAW501,Harvard,non-Stem,2,,
140525179308304,2024-12-25,LAW501,Harvard,non-Stem,2,22703,65.48
140525179313936,2024-11-04,LAW401,Harvard,non-Stem,3,16216,45.74
140525179308752,2024-07-18,LAW401,Harvard,non-Stem,2,17143,73.71
140525179314064,2024-11-22,LAW501,Harvard,non-Stem,3,21592,59.49
140525179320848,2024-07-03,LAW401,Harvard,non-Stem,3,15084,46.14
140525179310544,2024-10-24,LAW501,Harvard,non-Stem,3,21709,41.59
140525179315920,2024-10-10,LAW501,Harvard,non-Stem,2,22319,68.69
140525179317264,2024-06-22,LAW501,Harvard,non-Stem,4,21411,48.49
140525179321936,2024-10-10,LAW601,Harvard,non-Stem,3,27083,44.44
140525179308240,2024-09-01,LAW401,Harvard,non-Stem,4,18043,44.47
140525179306128,2024-10-25,LAW401,Harvard,non-Stem,2,15436,43.5
140525179306448,2024-12-17,LAW401,Harvard,non-Stem,3,16249,51.04
140525179309904,2024-10-20,LAW501,Harvard,non-Stem,1,20320,48.7
140525179321680,,LAW501,Harvard,non-Stem,3,21080,42.55
140525179316176,2024-12-18,LAW601,Harvard,non-Stem,4,25921,49.55
140525179307792,2024-12-09,LAW501,Harvard,non-Stem,2,20741,44.45
140525179322256,2024-10-26,LAW601,Harvard,non-Stem,,26624,41.45
140525179308560,,LAW501,Harvard,non-Stem,3,20487,61.42
140525179321232,2024-04-14,LAW401,Harvard,non-Stem,3,16784,71.05
140525179316880,2024-09-20,LAW501,Harvard,non-Stem,4,21120,71.87
140525179315344,2024-11-17,LAW501,Harvard,non-Stem,4,20025,44.74
140525179312592,2024-07-28,LAW401,Harvard,non-Stem,,16032,42.86
140525179312272,2024-10-02,LAW501,Harvard,non-Stem,1,22590,58.13
140525179310032,2024-10-30,LAW401,Harvard,non-Stem,2,16329,44.75
140525179310288,2024-09-26,LAW501,Harvard,non-Stem,3,20426,40.32
140525179307984,2024-06-25,LAW401,Harvard,non-Stem,2,17438,50.15
140525179317136,2024-12-30,LAW401,Harvard,non-Stem,2,15434,52.63
140525179309840,2024-07-19,LAW501,Harvard,non-Stem,3,21024,64.09
140525179315152,2024-12-21,LAW401,Harvard,non-Stem,3,15338,64.33
140525179313296,2024-12-28,LAW401,Harvard,non-Stem,4,18279,43.77
140525179315856,2024-08-14,LAW501,Harvard,non-Stem,2,21263,54.57
140525179307152,2024-08-04,LAW401,Harvard,non-Stem,,16527,45.39
140525179306512,,LAW501,Harvard,non-Stem,3,21319,48.46
140525179316752,2024-05-24,LAW401,Harvard,non-Stem,3,15288,59.34
140525179314192,2024-10-16,LAW601,Harvard,non-Stem,4,26146,46.82
140525179310608,2024-11-22,LAW401,Harvard,non-Stem,,16558,58.03
140525179307024,2024-08-05,LAW401,Harvard,non-Stem,3,15244,60.04
140525179321360,2024-07-28,LAW401,Harvard,non-Stem,2,15035,73.52
140525179318800,2024-07-04,LAW501,Harvard,non-Stem,2,20207,59.04
140525179309584,2024-12-01,LAW501,Harvard,non-Stem,4,20431,56.39
140525179318096,2024-11-07,LAW501,Harvard,non-Stem,4,20764,48.95
140525179315728,2024-09-04,LAW401,Harvard,non-Stem,2,,
140525179312912,2024-12-23,LAW501,Harvard,non-Stem,5,23459,45.36
140525179319888,2024-07-19,LAW401,Harvard,non-Stem,4,16014,41.37
140525179309520,2024-09-23,LAW501,Harvard,non-Stem,5,20116,48.38
140525181459920,2024-12-02,LAW501,Harvard,non-Stem,3,22467,62.37
140525181463824,2024-10-26,LAW401,Harvard,non-Stem,,15786,41.97
140525181456016,2024-11-20,LAW401,Harvard,non-Stem,4,16059,40.39
140525181461712,2024-09-16,LAW501,Harvard,non-Stem,4,20292,66.91
140525181455184,2024-08-31,LAW401,Harvard,non-Stem,3,18766,49.56
140525181460624,2024-10-04,LAW401,Harvard,non-Stem,3,,
140525181467856,2024-09-27,LAW401,Harvard,non-Stem,4,18105,60.54
140525181454928,2024-04-02,LAW401,Harvard,non-Stem,,,
140525181462352,2024-09-14,LAW501,Harvard,non-Stem,2,21717,62.01
140525181465616,2024-12-16,LAW501,Harvard,non-Stem,4,21020,41.62
140525181458128,2024-09-15,LAW501,Harvard,non-Stem,2,21416,56.97
140525181466320,2024-12-31,LAW401,Harvard,non-Stem,2,16134,44.64
140525181468496,2024-10-21,LAW501,Harvard,non-Stem,,20821,65.36
140525181452368,2024-10-22,LAW501,Harvard,non-Stem,2,21517,52.96
140525181458512,2024-08-14,LAW401,Harvard,non-Stem,3,16523,46.41
140525181463312,2024-10-24,LAW601,Harvard,non-Stem,3,27036,45.85
140525181455632,2024-11-30,LAW501,Harvard,non-Stem,5,20048,51.45
140525181455376,2024-12-13,LAW401,Harvard,non-Stem,3,,
140525181453584,2024-09-26,LAW401,Harvard,non-Stem,4,16188,83.37
140525181460944,2024-11-27,LAW501,Harvard,non-Stem,4,21037,46.73
140525181463120,2024-12-09,LAW401,Harvard,non-Stem,4,15111,48.81
140525181461520,2024-11-21,LAW501,Harvard,non-Stem,1,24261,61.49
140525181453264,2024-12-28,LAW501,Harvard,non-Stem,2,20691,51.03
140525181464592,2024-11-13,LAW501,Harvard,non-Stem,2,20503,40.67
140525181466064,2024-12-27,LAW401,Harvard,non-Stem,2,15685,59.55
140525181468176,2024-09-29,LAW501,Harvard,non-Stem,3,21999,55.57
140525181468432,2024-12-10,LAW501,Harvard,non-Stem,3,23436,60.87
140525181461648,2024-12-16,LAW401,Harvard,non-Stem,2,18244,64.79
140525181467600,2024-07-13,LAW601,Harvard,non-Stem,2,25319,40.16
140525181455696,2024-11-07,LAW401,Harvard,non-Stem,3,15002,56.87
140525181453840,2024-10-09,LAW401,Harvard,non-Stem,1,15696,65.99
140525181458000,2024-09-07,LAW401,Harvard,non-Stem,2,15134,45.05
140525181464720,2024-07-03,LAW401,Harvard,non-Stem,4,,
140525181452752,2024-11-01,LAW501,Harvard,non-Stem,1,21110,52.14
140525181460048,2024-12-17,LAW501,Harvard,non-Stem,2,22078,50.77
140525181458448,2024-12-13,LAW401,Harvard,non-Stem,4,18388,44.83
140525181458896,2024-12-29,LAW501,Harvard,non-Stem,2,20014,64.26
140525181454096,2024-12-19,LAW501,Harvard,non-Stem,2,20793,53.22
140525181456464,2024-10-23,LAW401,Harvard,non-Stem,5,15569,63.53
140525181453456,2024-11-10,LAW401,Harvard,non-Stem,3,15587,65.42
140525181466192,2024-12-12,LAW401,Harvard,non-Stem,3,16893,58.44
140525181454992,2024-10-01,LAW401,Harvard,non-Stem,1,16714,70.6
140525181457744,2024-12-12,LAW501,Harvard,non-Stem,4,21543,46.18
140525181463696,2024-12-27,LAW501,Harvard,non-Stem,2,20144,50.9
140525181458960,2024-12-21,LAW501,Harvard,non-Stem,1,20491,73.63
140525181455440,2024-12-26,LAW501,Harvard,non-Stem,1,20784,42.42
140525181466576,2024-09-04,LAW501,Harvard,non-Stem,5,20535,59.57
140525181455504,2024-12-09,LAW501,Harvard,non-Stem,2,20269,42.15
140525181461776,2024-06-06,LAW501,Harvard,non-Stem,4,20952,51.68
140525181463760,2024-06-06,LAW601,Harvard,non-Stem,2,26135,40.34
140525181452624,2024-09-20,LAW501,Harvard,non-Stem,3,20019,50.26
140525181460688,2024-08-20,LAW501,Harvard,non-Stem,5,21141,54.3
140525181453904,2024-08-04,LAW401,Harvard,non-Stem,2,15349,42.64
140525181462864,2024-09-13,LAW401,Harvard,non-Stem,4,17785,44.0
140525181461200,2024-08-11,LAW401,Harvard,non-Stem,2,16705,54.93
140525181457488,2024-09-10,LAW501,Harvard,non-Stem,3,20469,59.04
140525181462544,2024-11-11,LAW501,Harvard,non-Stem,2,22146,57.14
140525181457168,2024-06-29,LAW401,Harvard,non-Stem,2,15662,61.43
140525181465680,2024-08-22,LAW601,Harvard,non-Stem,2,28003,53.63
140525181459984,2024-12-14,LAW501,Harvard,non-Stem,3,20403,63.64
140525181466640,2024-12-25,LAW501,Harvard,non-Stem,3,22343,68.05
140525181456144,2024-06-08,LAW501,Harvard,non-Stem,1,21120,40.22
140525181461328,2024-11-30,LAW501,Harvard,non-Stem,3,22139,66.35
140525181461456,2024-11-12,LAW401,Harvard,non-Stem,5,15160,57.53
140525181458640,2024-06-07,LAW501,Harvard,non-Stem,5,21457,59.6
140525181466448,2024-11-21,LAW601,Harvard,non-Stem,5,27538,43.25
140525181465808,2024-11-27,LAW501,Harvard,non-Stem,4,20071,85.24
140525181454736,2024-05-10,LAW401,Harvard,non-Stem,4,15897,80.48
140525181456208,2024-11-19,LAW401,Harvard,non-Stem,4,15824,79.5
140525181459600,,LAW601,Harvard,non-Stem,3,26467,50.6
140525181462736,2024-09-29,LAW401,Harvard,non-Stem,4,15140,50.17
140525181459536,2024-11-08,LAW401,Harvard,non-Stem,3,15853,46.52
140525181466896,2024-12-28,LAW401,Harvard,non-Stem,3,16416,64.0
140525181462672,2024-08-04,LAW401,Harvard,non-Stem,1,15004,57.64
140525181464912,2024-06-22,LAW601,Harvard,non-Stem,4,25212,45.66
140525181454544,2024-11-23,LAW401,Harvard,non-Stem,3,18347,53.01
140525181461264,2024-07-23,LAW501,Harvard,non-Stem,1,21876,46.71
140525181454608,2024-04-06,LAW501,Harvard,non-Stem,,20266,50.7
140525181466832,2024-09-09,LAW401,Harvard,non-Stem,4,,
140525181453200,2024-11-30,LAW501,Harvard,non-Stem,5,20289,60.6
140525181462480,2024-08-06,LAW501,Harvard,non-Stem,3,20918,58.62
140525181458576,2024-10-22,LAW401,Harvard,non-Stem,3,17034,49.72
140525181460496,2024-05-09,LAW501,Harvard,non-Stem,3,20659,56.13
140525181459664,2024-08-27,LAW401,Harvard,non-Stem,4,18074,48.79
140525181454480,2024-12-08,LAW401,Harvard,non-Stem,,16731,60.61
140525181458384,2024-07-30,LAW401,Harvard,non-Stem,2,15605,54.26
140525181462992,2024-11-21,LAW401,Harvard,non-Stem,2,16948,45.68
140525181461840,2024-07-17,LAW401,Harvard,non-Stem,3,15079,57.02
140525181464144,2024-12-30,LAW501,Harvard,non-Stem,4,20770,66.58
140525181452688,2024-11-27,LAW401,Harvard,non-Stem,4,,
140525181459728,2024-12-29,LAW501,Harvard,non-Stem,5,20614,49.19
140525181465872,2024-08-08,LAW501,Harvard,non-Stem,4,20540,50.22
140525181465424,2024-12-23,LAW401,Harvard,non-Stem,1,,
140525180848848,2024-12-07,LAW501,Harvard,non-Stem,3,20206,56.73
140525180862352,2024-11-07,LAW501,Harvard,non-Stem,4,21664,55.1
140525180848912,2024-09-13,LAW501,Harvard,non-Stem,4,22295,64.29
140525180847440,2024-12-08,LAW401,Harvard,non-Stem,,,
140525180848592,2024-10-05,LAW401,Harvard,non-Stem,3,16027,54.49
140525180851216,2024-08-27,LAW501,Harvard,non-Stem,1,21311,40.64
140525180855440,2024-12-22,LAW401,Harvard,non-Stem,2,15939,42.1
140525180853456,2024-06-03,LAW401,Harvard,non-Stem,1,16368,49.1
140525180858512,2024-10-13,LAW601,Harvard,non-Stem,3,26604,55.27
140525180857552,2024-10-25,LAW501,Harvard,non-Stem,3,20275,44.36
140525180846352,2024-11-02,LAW401,Harvard,non-Stem,4,15090,69.88
140525180860688,2024-12-26,LAW501,Harvard,non-Stem,4,,
140525180846864,2024-11-01,LAW401,Harvard,non-Stem,3,15643,83.93
140525180858256,2024-12-10,LAW501,Harvard,non-Stem,4,21548,47.34
140525180857232,2024-09-25,LAW501,Harvard,non-Stem,2,20767,46.05
140525180858704,2024-09-30,LAW501,Harvard,non-Stem,,21192,60.85
140525180861072,2024-11-25,LAW501,Harvard,non-Stem,2,20470,71.72
140525180857040,2024-10-05,LAW501,Harvard,non-Stem,5,22224,67.56
140525180852432,2024-03-12,LAW501,Harvard,non-Stem,4,20384,51.19
140525180847248,2024-09-03,LAW401,Harvard,non-Stem,1,15780,41.88
140525180860432,2024-12-05,LAW401,Harvard,non-Stem,3,15610,52.09
140525180847696,2024-11-12,LAW601,Harvard,non-Stem,1,28314,40.92
140525180857616,2024-12-10,LAW501,Harvard,non-Stem,4,24276,67.37
140525180860944,2024-12-25,LAW501,Harvard,non-Stem,4,20726,48.38
140525180849680,2024-09-08,LAW501,Harvard,non-Stem,4,21628,46.17
140525180853200,2024-11-14,LAW501,Harvard,non-Stem,2,21624,83.51
140525180855184,2024-12-23,LAW601,Harvard,non-Stem,2,25611,47.92
140525180859536,,LAW401,Harvard,non-Stem,3,16567,47.23
140525180854224,2024-07-13,LAW501,Harvard,non-Stem,2,,
140525180851920,2024-06-07,LAW401,Harvard,non-Stem,4,15377,55.76
140525180852624,2024-11-03,LAW501,Harvard,non-Stem,3,22079,45.59
140525180855824,2024-12-28,LAW401,Harvard,non-Stem,4,15250,47.71
140525180850704,2024-09-21,LAW401,Harvard,non-Stem,3,15841,51.28
140525180852304,2024-04-08,LAW401,Harvard,non-Stem,4,15898,67.06
140525180848720,2024-08-05,LAW401,Harvard,non-Stem,4,15059,52.78
140525180860176,2024-10-14,LAW501,Harvard,non-Stem,4,,
140525180850576,2024-08-03,LAW601,Harvard,non-Stem,3,26859,47.38
140525180851536,2024-12-24,LAW401,Harvard,non-Stem,5,15292,46.76
140525180859728,2024-12-05,LAW501,Harvard,non-Stem,2,21140,53.45
140525180855056,2024-06-17,LAW401,Harvard,non-Stem,5,,
140525180857872,2024-12-01,LAW401,Harvard,non-Stem,3,15919,50.41
140525180849936,2024-11-12,LAW401,Harvard,non-Stem,2,16594,53.76
140525180851600,2024-10-21,LAW401,Harvard,non-Stem,2,15962,41.83
140525180851408,2024-07-19,LAW501,Harvard,non-Stem,2,22365,42.68
140525180853712,2024-03-13,LAW401,Harvard,non-Stem,4,17810,74.15
140525180850960,2024-12-18,LAW401,Harvard,non-Stem,2,16059,53.99
140525180861776,2024-04-19,LAW501,Harvard,non-Stem,3,21804,71.22
140525180853584,2024-11-12,LAW401,Harvard,non-Stem,3,16521,67.76
140525180852944,2024-12-30,LAW501,Harvard,non-Stem,4,22251,46.07
140525180847504,2024-11-03,LAW501,Harvard,non-Stem,1,22989,52.76
140525180861136,2024-12-26,LAW501,Harvard,non-Stem,4,20264,52.73
140525180860752,2024-11-26,LAW401,Harvard,non-Stem,5,15037,82.37
140525180848400,2024-07-24,LAW401,Harvard,non-Stem,5,16974,49.97
140525180856592,2024-11-13,LAW401,Harvard,non-Stem,4,,
140525180852496,2024-08-04,LAW501,Harvard,non-Stem,,22047,50.28
140525180852752,2024-07-05,LAW401,Harvard,non-Stem,4,15300,74.31
140525180846608,2024-09-21,LAW501,Harvard,non-Stem,3,23292,49.06
140525180858640,2024-06-27,LAW501,Harvard,non-Stem,2,20348,50.58
140525180850768,2024-11-11,LAW501,Harvard,non-Stem,2,20188,54.31
140525180859600,2024-08-18,LAW401,Harvard,non-Stem,3,16712,41.89
140525180859856,2024-09-29,LAW501,Harvard,non-Stem,2,22696,72.54
140525180859920,2024-11-17,LAW501,Harvard,non-Stem,3,20646,40.14
140525180846992,2024-11-29,LAW401,Harvard,non-Stem,5,15068,51.96
140525180858832,2024-07-19,LAW401,Harvard,non-Stem,3,16688,40.08
140525180859792,2024-11-19,LAW401,Harvard,non-Stem,3,15408,49.92
140525180859280,2024-12-22,LAW401,Harvard,non-Stem,4,15499,66.74
140525180861968,2024-11-21,LAW401,Harvard,non-Stem,3,15435,41.4
140525180856848,2024-08-20,LAW401,Harvard,non-Stem,3,16198,65.99
140525180849488,2024-12-28,LAW601,Harvard,non-Stem,2,26388,47.41
140525180860368,2024-12-20,LAW501,Harvard,non-Stem,3,20054,65.42
140525180846160,2024-07-19,LAW501,Harvard,non-Stem,5,20511,56.53
140525180848528,2024-11-09,LAW401,Harvard,non-Stem,3,15887,75.8
140525180851664,2024-09-25,LAW401,Harvard,non-Stem,3,17517,69.35
140525180859088,2024-12-15,LAW401,Harvard,non-Stem,2,18432,48.0
140525180861840,2024-10-25,LAW501,Harvard,non-Stem,2,21331,54.95
140525180857360,2024-07-21,LAW501,Harvard,non-Stem,4,22015,49.77
140525180847376,2024-09-15,LAW501,Harvard,non-Stem,1,20039,56.84
140525180854608,2024-08-19,LAW401,Harvard,non-Stem,4,17428,45.13
140525180855696,2024-12-15,LAW501,Harvard,non-Stem,3,20034,42.58
140525180850128,2024-11-01,LAW501,Harvard,non-Stem,3,20945,55.6
140525180854928,2024-09-08,LAW501,Harvard,non-Stem,1,21483,44.59
140525180853968,2024-11-27,LAW401,Harvard,non-Stem,2,17594,53.15
140525180858064,,LAW501,Harvard,non-Stem,1,20015,46.03
140525180856784,2024-05-31,LAW401,Harvard,non-Stem,,15219,45.08
140525180847184,2024-07-23,LAW501,Harvard,non-Stem,5,,
140525180848208,2024-07-02,LAW601,Harvard,non-Stem,3,25778,47.01
140525180858896,2024-09-07,LAW501,Harvard,non-Stem,2,20805,52.11
140525180852560,2024-06-23,LAW401,Harvard,non-Stem,,15744,56.01
140525180848144,2024-11-26,LAW401,Harvard,non-Stem,4,16633,61.03
140525180862096,2024-12-31,LAW501,Harvard,non-Stem,1,,
140525180847632,2024-11-08,LAW401,Harvard,non-Stem,,16847,47.15
140525180854992,2024-12-10,LAW501,Harvard,non-Stem,2,21115,60.06
140525180860304,2024-12-16,LAW501,Harvard,non-Stem,3,22698,46.13
140525180855312,2024-07-26,LAW401,Harvard,non-Stem,3,15183,42.61
140525180858576,2024-11-10,LAW401,Harvard,non-Stem,2,,
140525180853264,2024-12-01,LAW501,Harvard,non-Stem,3,20085,48.26
140525180857744,2024-07-21,LAW401,Harvard,non-Stem,4,17916,61.07
140525180861328,2024-08-22,LAW501,Harvard,non-Stem,3,20442,58.53
140525180853136,2024-07-12,LAW401,Harvard,non-Stem,3,15371,61.85
140525180853520,2024-04-25,LAW401,Harvard,non-Stem,4,17111,43.13
140525180860816,2024-10-01,LAW501,Harvard,non-Stem,1,21063,51.13
140525180851984,2024-09-18,LAW601,Harvard,non-Stem,2,,
140525180848464,2024-11-23,LAW501,Harvard,non-Stem,4,22929,41.89
140525180850896,2024-11-01,LAW501,Harvard,non-Stem,2,21334,43.52
140525180847888,2024-11-20,LAW501,Harvard,non-Stem,2,21232,58.0
140525180853008,2024-06-28,LAW401,Harvard,non-Stem,1,18675,44.41
140525182972880,2024-09-09,LAW401,Harvard,non-Stem,3,,
140525182974800,2024-12-25,LAW401,Harvard,non-Stem,5,16303,66.31
140525182968976,2024-11-29,LAW401,Harvard,non-Stem,3,16619,43.15
140525182964688,2024-09-12,LAW501,Harvard,non-Stem,4,20776,40.65
140525182969488,2024-12-07,LAW401,Harvard,non-Stem,,15739,47.66
140525182964304,2024-10-11,LAW401,Harvard,non-Stem,2,16118,41.85
140525182961936,2024-11-22,LAW401,Harvard,non-Stem,3,19346,40.04
140525182973712,2024-12-12,LAW501,Harvard,non-Stem,4,20279,42.44
140525182961744,2024-07-01,LAW501,Harvard,non-Stem,1,23601,61.48
140525182964816,2024-04-13,LAW501,Harvard,non-Stem,4,22277,45.2
140525182971664,2024-12-26,LAW401,Harvard,non-Stem,4,17541,53.92
140525182963472,2024-08-08,LAW401,Harvard,non-Stem,4,15176,47.78
140525182965456,2024-08-01,LAW401,Harvard,non-Stem,3,15634,42.85
140525182970576,2024-09-28,LAW401,Harvard,non-Stem,2,16687,41.19
140525182965328,2024-10-01,LAW501,Harvard,non-Stem,3,20112,44.43
140525182963984,2024-09-03,LAW401,Harvard,non-Stem,2,,
140525182968336,2024-11-25,LAW401,Harvard,non-Stem,4,15356,54.2
140525182970128,2024-11-07,LAW401,Harvard,non-Stem,2,17393,43.68
140525182971216,2024-10-27,LAW501,Harvard,non-Stem,2,20435,42.09
140525182963216,2024-04-17,LAW501,Harvard,non-Stem,4,22836,48.43
140525182972048,2024-12-28,LAW501,Harvard,non-Stem,1,21352,41.3
140525182975376,2024-10-13,LAW401,Harvard,non-Stem,2,17501,50.91
140525182971792,2024-10-03,LAW401,Harvard,non-Stem,2,16390,45.92
140525182975632,2024-08-16,LAW501,Harvard,non-Stem,3,20076,70.28
140525182965520,2024-08-15,LAW401,Harvard,non-Stem,4,15268,49.12
140525182969104,2024-09-15,LAW501,Harvard,non-Stem,3,21399,42.74
140525182971152,2024-10-17,LAW401,Harvard,non-Stem,4,15451,43.96
140525182966480,2024-11-06,LAW401,Harvard,non-Stem,4,15895,69.69
140525182960080,2024-11-10,LAW501,Harvard,non-Stem,2,20224,40.51
140525182961104,2024-12-01,LAW401,Harvard,non-Stem,3,15507,66.89
140525182963088,2024-08-15,LAW501,Harvard,non-Stem,,20538,75.73
140525182965584,2024-05-27,LAW401,Harvard,non-Stem,2,17168,46.93
140525182970768,2024-04-13,LAW401,Harvard,non-Stem,2,15284,52.13
140525182969616,2024-05-20,LAW401,Harvard,non-Stem,2,,
140525182972368,2024-12-28,LAW401,Harvard,non-Stem,3,15978,59.11
140525182961424,2024-10-06,LAW501,Harvard,non-Stem,4,20193,55.84
140525182969040,2024-12-09,LAW401,Harvard,non-Stem,2,16095,61.12
140525182973072,2024-12-18,LAW501,Harvard,non-Stem,2,20578,50.36
140525182969360,2024-10-13,LAW401,Harvard,non-Stem,2,15247,45.12
140525182968464,2024-11-03,LAW501,Harvard,non-Stem,5,22549,44.56
140525182962448,2024-09-02,LAW501,Harvard,non-Stem,4,,
140525182968528,2024-09-23,LAW401,Harvard,non-Stem,2,15156,44.72
140525182973584,2024-12-09,LAW401,Harvard,non-Stem,5,15758,84.36
140525182975952,,LAW401,Harvard,non-Stem,4,18724,64.13
140525182965840,2024-11-02,LAW401,Harvard,non-Stem,3,18268,56.92
140525182964240,2024-09-04,LAW501,Harvard,non-Stem,,22356,57.91
140525182972560,2024-12-13,LAW401,Harvard,non-Stem,2,16041,51.48
140525182967952,2024-04-03,LAW501,Harvard,non-Stem,2,21150,49.22
140525182963600,2024-12-19,LAW401,Harvard,non-Stem,4,15785,68.16
140525182959888,2024-10-15,LAW601,Harvard,non-Stem,3,25823,52.99
140525182970896,2024-12-24,LAW401,Harvard,non-Stem,3,17315,48.9
140525182968272,2024-06-12,LAW501,Harvard,non-Stem,3,21734,40.77
140525182971856,,LAW501,Harvard,non-Stem,2,23685,44.0
140525182968848,2024-09-22,LAW401,Harvard,non-Stem,1,16159,43.23
140525182960464,2024-12-14,LAW501,Harvard,non-Stem,3,,
140525182972624,2024-11-01,LAW601,Harvard,non-Stem,3,24998,62.48
140525182967248,2024-08-08,LAW401,Harvard,non-Stem,,16438,47.92
140525182974288,2024-09-01,LAW401,Harvard,non-Stem,3,15158,47.1
140525182973840,2024-12-19,LAW401,Harvard,non-Stem,2,15384,44.43
140525182969744,2024-12-19,LAW401,Harvard,non-Stem,,15392,55.52
140525182966288,2024-05-16,LAW401,Harvard,non-Stem,4,16783,53.88
140525182975312,2024-12-25,LAW401,Harvard,non-Stem,4,15785,46.37
140525182962000,2024-12-29,LAW401,Harvard,non-Stem,2,15121,62.61
140525182969552,2024-12-05,LAW501,Harvard,non-Stem,2,21191,41.62
140525182975696,,LAW501,Harvard,non-Stem,3,20646,61.71
140525182968912,2024-10-05,LAW401,Harvard,non-Stem,4,15658,65.52
140525182974544,2024-07-03,LAW401,Harvard,non-Stem,2,17266,44.43
140525182969168,2024-08-20,LAW401,Harvard,non-Stem,4,,
140525182969296,2024-07-10,LAW501,Harvard,non-Stem,3,21609,55.31
140525182974864,2024-07-23,LAW401,Harvard,non-Stem,3,15643,43.81
140525182973776,2024-10-05,LAW401,Harvard,non-Stem,4,17920,60.68
140525182964496,2024-12-08,LAW501,Harvard,non-Stem,2,22950,90.07
140525182967120,2024-12-29,LAW501,Harvard,non-Stem,1,21874,54.17
140525182971280,,LAW401,Harvard,non-Stem,5,15952,45.39
140525182972176,2024-11-15,LAW401,Harvard,non-Stem,4,15438,64.02
140525182960976,2024-09-01,LAW501,Harvard,non-Stem,2,20500,48.62
140525182962064,2024-12-26,LAW501,Harvard,non-Stem,4,20035,45.6
140525182962320,2024-12-23,LAW401,Harvard,non-Stem,,16405,49.58
140525182975056,2024-10-08,LAW401,Harvard,non-Stem,3,15651,40.28
140525182964048,2024-12-04,LAW501,Harvard,non-Stem,5,21581,43.58
140525182966352,2024-09-09,LAW501,Harvard,non-Stem,3,22907,74.21
140525182960848,2024-08-30,LAW401,Harvard,non-Stem,3,18082,54.61
140525182974096,2024-10-02,LAW501,Harvard,non-Stem,3,,
140525182970384,2024-12-17,LAW501,Harvard,non-Stem,3,21553,65.47
140525182975568,2024-08-17,LAW501,Harvard,non-Stem,3,23093,64.56
140525182972304,2024-12-23,LAW401,Harvard,non-Stem,1,,
140525182960784,2024-10-22,LAW501,Harvard,non-Stem,3,21081,51.13
140525182971024,2024-11-03,LAW601,Harvard,non-Stem,4,25297,50.88
140525182975824,2024-11-20,LAW501,Harvard,non-Stem,4,20527,46.87
140525182970512,2024-08-30,LAW401,Harvard,non-Stem,3,15964,51.63
140525182964752,2024-06-24,LAW501,Harvard,non-Stem,2,20727,43.7
140525182973136,2024-12-08,LAW401,Harvard,non-Stem,5,15425,63.35
140525182959952,2024-09-14,LAW401,Harvard,non-Stem,1,17078,73.91
140525182971088,2024-12-29,LAW401,Harvard,non-Stem,5,15646,74.18
140525182963280,2024-12-02,LAW501,Harvard,non-Stem,5,21126,51.48
140525182973520,2024-12-14,LAW401,Harvard,non-Stem,4,16738,47.04
140525182973456,2024-12-15,LAW501,Harvard,non-Stem,3,23474,57.56
140525182970704,2024-08-10,LAW401,Harvard,non-Stem,2,18358,56.18
140525182972944,2024-07-11,LAW501,Harvard,non-Stem,4,20231,61.71
140525182960208,2024-11-26,LAW501,Harvard,non-Stem,1,20128,54.73
140525182962832,2024-09-19,LAW501,Harvard,non-Stem,3,22205,57.15
140525182962704,2024-05-13,LAW401,Harvard,non-Stem,4,15445,46.34
140525182965776,2024-11-22,LAW501,Harvard,non-Stem,4,20817,57.15
140525182962512,2024-11-23,LAW401,Harvard,non-Stem,1,18600,70.32
140525182971536,2024-12-21,LAW401,Harvard,non-Stem,,16948,58.71
140525139355792,2024-09-16,LAW501,Harvard,non-Stem,5,20429,51.04
140525139354512,2024-05-15,LAW501,Harvard,non-Stem,3,21833,48.23
140525139361168,2024-09-08,LAW501,Harvard,non-Stem,3,20925,45.77
140525139357328,2024-10-16,LAW401,Harvard,non-Stem,1,15068,41.9
140525139347152,2024-12-02,LAW501,Harvard,non-Stem,3,20289,42.93
140525139360400,2024-11-23,LAW401,Harvard,non-Stem,4,15588,55.61
140525139353488,2024-11-27,LAW501,Harvard,non-Stem,3,20022,51.19
140525139357584,2024-08-10,LAW501,Harvard,non-Stem,,20115,63.21
140525139358096,2024-06-02,LAW401,Harvard,non-Stem,3,18047,56.26
140525139360144,2024-11-25,LAW401,Harvard,non-Stem,3,16243,51.73
140525139359632,2024-11-30,LAW601,Harvard,non-Stem,3,29137,40.4
140525139354256,2024-09-16,LAW401,Harvard,non-Stem,2,17387,49.38
140525139361424,2024-10-30,LAW401,Harvard,non-Stem,1,16560,55.73
140525139346640,2024-11-24,LAW401,Harvard,non-Stem,1,18154,56.61
140525139351952,2024-05-15,LAW401,Harvard,non-Stem,4,15046,51.82
140525139359888,2024-09-21,LAW401,Harvard,non-Stem,2,15819,44.55
140525139358864,2024-09-10,LAW601,Harvard,non-Stem,3,27955,44.38
140525139356048,2024-10-29,LAW501,Harvard,non-Stem,4,20254,56.22
140525139358352,2024-10-28,LAW501,Harvard,non-Stem,4,21662,59.25
140525139350160,2024-11-10,LAW501,Harvard,non-Stem,3,20862,45.4
140525139352464,2024-12-13,LAW401,Harvard,non-Stem,3,17994,54.65
140525139348176,2024-04-29,LAW401,Harvard,non-Stem,4,15436,51.12
140525139348944,2024-10-31,LAW501,Harvard,non-Stem,1,20591,56.54
140525139350416,2024-09-13,LAW501,Harvard,non-Stem,4,21971,62.55
140525139345872,2024-12-18,LAW501,Harvard,non-Stem,,22221,70.15
140525139348432,2024-11-19,LAW501,Harvard,non-Stem,3,21713,55.76
140525962667280,2024-10-18,LAW401,Harvard,non-Stem,3,15349,43.45
140525178458128,2024-01-01,LAW401,Harvard,non-Stem,3,18792,52.3
140525178454096,2024-12-18,LAW501,Harvard,non-Stem,3,20871,44.67
140525178469392,2024-11-16,LAW501,Harvard,non-Stem,3,21769,50.31
140525178460816,2024-04-28,LAW401,Harvard,non-Stem,2,15012,42.18
140525178464400,2024-05-25,LAW401,Harvard,non-Stem,1,16014,42.2
140525178456656,2024-09-20,LAW501,Harvard,non-Stem,2,,
140525178461456,2024-10-09,LAW501,Harvard,non-Stem,5,21302,42.39
140525178469008,2024-11-03,LAW401,Harvard,non-Stem,5,17638,41.44
140525178463632,2024-10-25,LAW401,Harvard,non-Stem,2,15065,50.57
140525178470032,2024-12-29,LAW501,Harvard,non-Stem,5,21336,65.22
140525178457680,2024-12-06,LAW501,Harvard,non-Stem,4,22740,62.46
140525178459792,2024-10-09,LAW501,Harvard,non-Stem,2,22059,61.8
140525178466064,2024-06-14,LAW501,Harvard,non-Stem,5,21347,68.87
140525178463760,2024-11-25,LAW501,Harvard,non-Stem,3,20227,62.64
140525178463824,2024-10-28,LAW501,Harvard,non-Stem,2,20335,64.5
140525178469840,2024-09-07,LAW401,Harvard,non-Stem,3,,
140525178462672,2024-04-12,LAW501,Harvard,non-Stem,3,,
140525178462800,2024-12-23,LAW501,Harvard,non-Stem,4,21177,58.19
140525178469904,2024-09-14,LAW501,Harvard,non-Stem,2,20879,84.07
140525178460176,2024-11-25,LAW401,Harvard,non-Stem,3,16585,47.07
140525178465872,2024-11-28,LAW501,Harvard,non-Stem,4,21849,45.84
140525178460752,2024-12-07,LAW401,Harvard,non-Stem,3,16578,59.05
140525178459856,,LAW401,Harvard,non-Stem,4,15234,82.24
140525178466000,2024-12-09,LAW401,Harvard,non-Stem,2,16328,61.75
140525178459536,2024-11-16,LAW401,Harvard,non-Stem,4,15905,71.76
140525178468624,2024-10-23,LAW501,Harvard,non-Stem,3,20617,49.05
140525178462480,2024-12-28,LAW401,Harvard,non-Stem,3,15346,63.08
140525178467984,2024-11-18,LAW401,Harvard,non-Stem,4,15461,53.71
140525178457168,2024-08-03,LAW501,Harvard,non-Stem,3,21432,41.15
140525178465936,2024-12-06,LAW401,Harvard,non-Stem,2,15184,57.82
140525178468944,2024-12-04,LAW501,Harvard,non-Stem,4,20025,45.22
140525178460048,2024-12-24,LAW501,Harvard,non-Stem,4,20861,49.79
140525178462736,2024-09-08,LAW501,Harvard,non-Stem,4,21307,57.56
140525178462608,2024-04-07,LAW401,Harvard,non-Stem,3,15355,55.58
140525178454864,2024-08-14,LAW501,Harvard,non-Stem,3,20847,51.33
140525178456912,2024-11-17,LAW401,Harvard,non-Stem,3,15818,44.62
140525178461840,2024-12-17,LAW401,Harvard,non-Stem,2,17239,51.24
140525178458896,2024-09-14,LAW501,Harvard,non-Stem,2,20022,43.75
140525178462096,2024-08-25,LAW601,Harvard,non-Stem,,25002,87.96
140525178464848,2024-09-28,LAW501,Harvard,non-Stem,5,20986,40.03
140525178467472,2024-05-27,LAW501,Harvard,non-Stem,2,20266,47.65
140525178456080,2024-10-21,LAW401,Harvard,non-Stem,2,15506,76.01
140525178470288,2024-11-16,LAW401,Harvard,non-Stem,3,,
140525178457872,2024-11-04,LAW501,Harvard,non-Stem,2,20493,51.74
140525178465424,2024-12-04,LAW501,Harvard,non-Stem,4,22166,48.49
140525178463440,2024-09-15,LAW401,Harvard,non-Stem,1,16950,80.27
140525178461904,2024-10-18,LAW501,Harvard,non-Stem,4,23109,41.1
140525178468048,2024-12-09,LAW501,Harvard,non-Stem,2,20082,77.02
140525178464464,2024-11-29,LAW601,Harvard,non-Stem,2,26007,53.64
140525178465232,2024-07-06,LAW401,Harvard,non-Stem,4,16879,41.87
140525178468112,2024-10-21,LAW501,Harvard,non-Stem,2,22020,49.42
140525178456592,2024-06-04,LAW401,Harvard,non-Stem,5,15014,59.69
140525178455248,2024-05-25,LAW601,Harvard,non-Stem,2,25888,49.21
140525178464528,2024-07-09,LAW401,Harvard,non-Stem,4,15338,44.42
140525178467216,2024-06-29,LAW501,Harvard,non-Stem,4,22672,40.08
140525178456720,2024-10-06,LAW401,Harvard,non-Stem,3,15288,46.95
140525178455504,2024-08-01,LAW401,Harvard,non-Stem,3,15170,55.1
140525178456336,2024-12-10,LAW401,Harvard,non-Stem,5,15320,44.17
140525178466256,2024-12-03,LAW501,Harvard,non-Stem,4,22896,42.95
140525178466448,2024-08-12,LAW401,Harvard,non-Stem,3,18810,48.9
140525178462864,2024-11-23,LAW501,Harvard,non-Stem,3,20732,42.44
140525178464656,2024-12-06,LAW401,Harvard,non-Stem,3,15926,48.01
140525178463888,2024-12-20,LAW501,Harvard,non-Stem,3,21973,43.53
140525178468752,2024-11-05,LAW401,Harvard,non-Stem,3,17260,64.04
140525178464976,2024-11-26,LAW401,Harvard,non-Stem,2,17551,44.2
140525178460944,2024-06-20,LAW501,Harvard,non-Stem,3,23802,59.68
140525178454928,2024-11-22,LAW501,Harvard,non-Stem,3,20137,65.76
140525178467024,2024-11-13,LAW401,Harvard,non-Stem,4,15232,53.31
140525178458704,2024-05-30,LAW401,Harvard,non-Stem,1,15222,42.26
140525178463504,2024-09-08,LAW401,Harvard,non-Stem,3,17572,40.72
140525178456784,2024-12-11,LAW501,Harvard,non-Stem,3,20396,44.58
140525178462416,2024-11-09,LAW501,Harvard,non-Stem,4,23050,53.33
140525178461712,2024-08-16,LAW501,Harvard,non-Stem,4,20049,43.24
140525178461648,2024-11-16,LAW401,Harvard,non-Stem,2,,
140525178458640,2024-05-10,LAW501,Harvard,non-Stem,3,20507,45.6
140525178454416,2024-12-28,LAW501,Harvard,non-Stem,4,22617,53.3
140525178466512,2024-05-09,LAW501,Harvard,non-Stem,5,20284,43.37
140525178464784,2024-05-09,LAW501,Harvard,non-Stem,4,21576,61.12
140525178455760,2024-09-25,LAW501,Harvard,non-Stem,,20311,69.8
140525178462160,2024-12-24,LAW401,Harvard,non-Stem,3,16248,43.7
140525178462224,2024-09-15,LAW501,Harvard,non-Stem,5,20264,49.3
140525178465680,2024-08-25,LAW501,Harvard,non-Stem,3,21090,42.21
140525178457104,2024-12-16,LAW501,Harvard,non-Stem,3,20207,44.52
140525178461328,2024-06-29,LAW401,Harvard,non-Stem,3,18494,44.46
140525178469584,2024-08-23,LAW501,Harvard,non-Stem,4,22665,60.79
140525178459728,2024-11-24,LAW401,Harvard,non-Stem,2,15736,48.97
140525178469648,2024-12-21,LAW401,Harvard,non-Stem,3,16123,48.6
140525178465296,,LAW501,Harvard,non-Stem,1,21923,42.49
140525185746960,2024-08-09,LAW501,Harvard,non-Stem,2,20154,80.75
140525185756048,2024-08-11,LAW401,Harvard,non-Stem,3,17181,53.22
140525185756624,2024-12-15,LAW501,Harvard,non-Stem,3,20954,78.91
140525185745936,2024-08-28,LAW401,Harvard,non-Stem,4,15825,43.72
140525185759440,2024-10-15,LAW401,Harvard,non-Stem,4,16013,51.32
140525185748752,2024-07-20,LAW501,Harvard,non-Stem,2,24031,46.29
140525185752272,2024-10-23,LAW401,Harvard,non-Stem,2,16977,40.05
140525185754640,2024-12-24,LAW501,Harvard,non-Stem,2,20133,64.96
140525185757008,2024-09-30,LAW401,Harvard,non-Stem,2,15587,54.72
140525185761104,2024-11-01,LAW501,Harvard,non-Stem,4,20845,46.78
140525185749392,2024-11-17,LAW401,Harvard,non-Stem,4,16613,53.2
140525185754320,2024-06-26,LAW501,Harvard,non-Stem,4,21523,60.58
140525185747024,2024-10-14,LAW401,Harvard,non-Stem,3,15374,50.05
140525185747664,2024-06-11,LAW501,Harvard,non-Stem,4,,
140525185760464,2024-06-03,LAW401,Harvard,non-Stem,5,15413,48.88
140525185759632,2024-11-04,LAW501,Harvard,non-Stem,2,22763,42.67
140525185759568,2024-12-19,LAW501,Harvard,non-Stem,3,22907,65.49
140525185745616,2024-07-28,LAW401,Harvard,non-Stem,3,15381,43.79
140525185754512,2024-11-21,LAW601,Harvard,non-Stem,2,25728,63.32
140525185749776,2024-05-31,LAW501,Harvard,non-Stem,2,23868,48.27
140525185749136,2024-03-25,LAW401,Harvard,non-Stem,2,15639,71.22
140525185757328,2024-11-01,LAW401,Harvard,non-Stem,1,17105,49.75
140525185754000,2024-11-26,LAW401,Harvard,non-Stem,3,15089,40.98
140525185751888,2024-10-20,LAW501,Harvard,non-Stem,1,21419,63.3
140525185751120,2024-05-31,LAW401,Harvard,non-Stem,2,15605,47.94
140525185753296,2024-12-06,LAW501,Harvard,non-Stem,2,20688,40.32
140525185746704,2024-12-02,LAW501,Harvard,non-Stem,5,21364,44.22
140525185747088,2024-11-16,LAW401,Harvard,non-Stem,,16069,62.93
140525185755920,2024-08-20,LAW601,Harvard,non-Stem,2,28492,48.72
140525185753552,2024-12-25,LAW601,Harvard,non-Stem,4,26113,57.22
140525185754960,2024-03-23,LAW501,Harvard,non-Stem,4,22215,52.04
140525185755984,2024-10-15,LAW501,Harvard,non-Stem,2,22307,63.23
140525185756368,2024-11-22,LAW501,Harvard,non-Stem,5,21549,51.53
140525185747280,2024-07-08,LAW601,Harvard,non-Stem,3,25230,65.55
140525185757904,2024-10-04,LAW501,Harvard,non-Stem,2,20243,41.01
140525185753744,2024-11-12,LAW501,Harvard,non-Stem,3,,
140525185746192,2024-08-30,LAW401,Harvard,non-Stem,1,16853,49.97
140525185745168,2024-09-03,LAW401,Harvard,non-Stem,4,16516,45.94
140525185751312,2024-05-01,LAW401,Harvard,non-Stem,3,15701,60.94
140525185756816,2024-08-16,LAW501,Harvard,non-Stem,4,20175,59.83
140525185754384,2024-12-01,LAW401,Harvard,non-Stem,3,16553,57.64
140525185747472,2024-12-02,LAW601,Harvard,non-Stem,2,27439,43.27
140525185755088,2024-08-02,LAW501,Harvard,non-Stem,4,22085,66.51
140525185751760,2024-11-03,LAW401,Harvard,non-Stem,1,15336,61.65
140525185754128,2024-10-11,LAW501,Harvard,non-Stem,2,21951,47.47
140525185750160,2024-07-31,LAW401,Harvard,non-Stem,3,15141,56.11
140525185751376,2024-12-21,LAW501,Harvard,non-Stem,4,,
140525185746128,2024-08-27,LAW501,Harvard,non-Stem,3,20457,70.92
140525185749328,2024-06-06,LAW401,Harvard,non-Stem,4,15928,42.35
140525185755728,2024-11-02,LAW401,Harvard,non-Stem,4,15192,52.03
140525185760848,,LAW401,Harvard,non-Stem,4,,
140525185749264,2024-09-09,LAW501,Harvard,non-Stem,3,20273,48.52
140525185748816,2024-11-22,LAW501,Harvard,non-Stem,2,20149,71.29
140525185754832,2024-11-28,LAW401,Harvard,non-Stem,2,18854,58.64
140525185749072,2024-07-26,LAW401,Harvard,non-Stem,3,17946,50.82
140525185750544,2024-10-01,LAW401,Harvard,non-Stem,4,16549,45.2
140525185750096,2024-11-01,LAW501,Harvard,non-Stem,,20757,70.26
140525185759888,,LAW401,Harvard,non-Stem,4,17679,75.64
140525185753040,2024-12-24,LAW401,Harvard,non-Stem,,15675,52.48
140525185752080,2024-12-03,LAW501,Harvard,non-Stem,4,20584,55.12
140525185750800,2024-09-01,LAW401,Harvard,non-Stem,3,18056,51.99
140525185758928,2024-12-23,LAW501,Harvard,non-Stem,3,20714,48.47
140525185749968,2024-05-18,LAW501,Harvard,non-Stem,4,21640,76.81
140525185756880,2024-09-07,LAW501,Harvard,non-Stem,3,21109,48.87
140525185746768,2024-11-27,LAW501,Harvard,non-Stem,2,21603,70.29
140525185755408,2024-12-23,LAW401,Harvard,non-Stem,3,15579,42.1
140525185747408,2024-10-20,LAW401,Harvard,non-Stem,2,15687,56.67
140525185752592,,LAW401,Harvard,non-Stem,4,16402,49.1
140525185750864,2024-11-11,LAW501,Harvard,non-Stem,2,22912,80.62
140525185756304,2024-07-19,LAW501,Harvard,non-Stem,1,20680,77.76
140525185758992,2024-10-17,LAW501,Harvard,non-Stem,4,20975,47.36
140525185759760,2024-06-22,LAW501,Harvard,non-Stem,,23423,55.45
140525185758352,2024-10-15,LAW401,Harvard,non-Stem,3,15235,59.91
140525185757136,2024-03-15,LAW401,Harvard,non-Stem,4,15161,76.82
140525185748560,,LAW401,Harvard,non-Stem,4,15452,42.73
140525185745488,2024-12-06,LAW401,Harvard,non-Stem,2,16001,73.67
140525185746064,,LAW401,Harvard,non-Stem,4,16301,44.5
140525185749584,2024-12-29,LAW501,Harvard,non-Stem,2,20045,75.7
140525185746256,2024-08-10,LAW401,Harvard,non-Stem,1,18417,57.38
140525185745104,2024-12-21,LAW401,Harvard,non-Stem,3,,
140525185760016,2024-11-29,LAW501,Harvard,non-Stem,2,22253,74.02
140525185752400,2024-08-26,LAW501,Harvard,non-Stem,3,20784,62.46
140525185754064,2024-08-22,LAW401,Harvard,non-Stem,3,16044,44.38
140525185749712,2024-07-30,LAW501,Harvard,non-Stem,2,20245,44.01
140525185754896,2024-12-03,LAW501,Harvard,non-Stem,3,22067,51.41
140525185755664,2024-10-06,LAW401,Harvard,non-Stem,4,15969,40.79
140525185750352,2024-12-24,LAW401,Harvard,non-Stem,4,17076,47.28
140525185756432,2024-12-27,LAW401,Harvard,non-Stem,3,16132,53.05
140525185753808,2024-11-18,LAW501,Harvard,non-Stem,5,20025,49.66
140525185752208,2024-07-18,LAW401,Harvard,non-Stem,5,17882,40.44
140525185747152,2024-07-28,LAW401,Harvard,non-Stem,1,17034,52.67
140525185755472,2024-10-23,LAW501,Harvard,non-Stem,4,,
140525185748048,,LAW501,Harvard,non-Stem,2,20477,57.04
140525185747216,2024-07-08,LAW401,Harvard,non-Stem,2,15183,59.32
140525185754256,2024-08-10,LAW501,Harvard,non-Stem,,,
140525185753104,2024-10-08,LAW401,Harvard,non-Stem,5,15604,45.44
140525185750224,2024-08-30,LAW601,Harvard,non-Stem,3,25847,47.03
140525185756560,2024-10-07,LAW401,Harvard,non-Stem,3,15260,44.71
140525185755024,2024-09-03,LAW401,Harvard,non-Stem,,16029,42.08
140525185753424,2024-08-29,LAW401,Harvard,non-Stem,4,15979,40.34
140525185747792,,LAW401,Harvard,non-Stem,3,15036,82.69
140525185747728,2024-09-02,LAW501,Harvard,non-Stem,3,21018,61.74
140525185758864,2024-10-18,LAW501,Harvard,non-Stem,4,21361,78.33
140525185756112,2024-12-06,LAW501,Harvard,non-Stem,4,20074,59.75
140525185752016,2024-12-21,LAW501,Harvard,non-Stem,5,20614,48.24
140525185749520,2024-10-01,LAW401,Harvard,non-Stem,2,,
140525185750032,2024-08-14,LAW501,Harvard,non-Stem,3,20427,55.89
140525185759952,2024-11-04,LAW501,Harvard,non-Stem,2,20771,40.47
140525185753168,2024-07-10,LAW401,Harvard,non-Stem,4,17952,57.04
140525184063056,2024-11-19,LAW501,Harvard,non-Stem,4,20509,52.31
140525184062928,2024-07-13,LAW401,Harvard,non-Stem,3,15423,47.7
140525184072720,2024-08-30,LAW501,Harvard,non-Stem,2,20248,43.68
140525184064528,,LAW501,Harvard,non-Stem,1,21198,43.32
140525184064336,2024-06-13,LAW401,Harvard,non-Stem,3,15994,51.41
140525184061392,2024-12-14,LAW401,Harvard,non-Stem,3,15140,51.53
140525184071888,2024-08-30,LAW401,Harvard,non-Stem,4,16593,41.41
140525184069392,2024-12-16,LAW401,Harvard,non-Stem,3,,
140525184068432,2024-11-14,LAW501,Harvard,non-Stem,3,21138,44.8
140525184073488,2024-10-11,LAW501,Harvard,non-Stem,2,20303,53.66
140525184065104,2024-11-17,LAW601,Harvard,non-Stem,3,25464,70.61
140525184058832,2024-10-18,LAW401,Harvard,non-Stem,3,15022,62.38
140525184071376,2024-12-04,LAW501,Harvard,non-Stem,1,23879,48.51
140525184071440,2024-10-29,LAW501,Harvard,non-Stem,1,20050,60.54
140525184060752,2024-11-29,LAW501,Harvard,non-Stem,2,21620,79.49
140525184061712,2024-12-15,LAW501,Harvard,non-Stem,4,20574,64.83
140525184073232,2024-12-23,LAW501,Harvard,non-Stem,2,,
140525184063568,2024-08-01,LAW401,Harvard,non-Stem,4,15305,65.1
140525184064592,2024-09-12,LAW501,Harvard,non-Stem,2,22054,68.42
140525184072336,2024-06-14,LAW401,Harvard,non-Stem,2,15330,84.98
140525184069584,2024-12-20,LAW501,Harvard,non-Stem,3,20425,56.09
140525184058576,2024-08-11,LAW501,Harvard,non-Stem,2,22447,54.74
140525184063248,2024-12-17,LAW401,Harvard,non-Stem,3,15134,61.11
140525184064272,2024-11-12,LAW501,Harvard,non-Stem,2,20889,61.13
140525184072656,2024-08-31,LAW401,Harvard,non-Stem,5,15183,42.65
140525184068112,2024-12-15,LAW501,Harvard,non-Stem,5,21682,46.16
140525184067344,2024-09-27,LAW501,Harvard,non-Stem,3,21284,47.48
140525184070416,2024-12-09,LAW401,Harvard,non-Stem,3,15836,41.48
140525184068176,2024-11-20,LAW601,Harvard,non-Stem,,26554,58.88
140525184070608,2024-09-12,LAW501,Harvard,non-Stem,3,23464,42.6
140525184058960,2024-12-25,LAW501,Harvard,non-Stem,1,21126,66.08
140525184060944,2024-11-29,LAW501,Harvard,non-Stem,2,,
140525184063824,2024-06-13,LAW501,Harvard,non-Stem,4,20346,57.97
140525184068624,2024-10-03,LAW501,Harvard,non-Stem,1,20031,55.83
140525184069456,2024-04-21,LAW501,Harvard,non-Stem,4,21960,43.52
140525184064016,2024-12-26,LAW501,Harvard,non-Stem,4,20289,50.79
140525184066256,2024-11-21,LAW501,Harvard,non-Stem,4,,
140525184064784,2024-08-13,LAW501,Harvard,non-Stem,3,20764,44.7
140525184060688,2024-09-01,LAW401,Harvard,non-Stem,1,15286,48.14
140525184058896,2024-12-28,LAW601,Harvard,non-Stem,1,27213,40.91
140525184068048,2024-10-16,LAW501,Harvard,non-Stem,3,22319,52.13
140525184070160,2024-09-14,LAW601,Harvard,non-Stem,2,26463,48.58
140525184065488,2024-09-30,LAW401,Harvard,non-Stem,3,17862,51.65
140525184068944,2024-09-19,LAW501,Harvard,non-Stem,1,21302,56.43
140525184064976,,LAW501,Harvard,non-Stem,4,,
140525184061776,,LAW601,Harvard,non-Stem,4,26330,64.12
140525184062160,2024-05-26,LAW401,Harvard,non-Stem,4,15210,40.98
140525184067792,2024-10-01,LAW401,Harvard,non-Stem,3,15261,45.13
140525184066064,2024-12-25,LAW501,Harvard,non-Stem,3,21663,50.89
140525184066576,2024-12-02,LAW501,Harvard,non-Stem,3,23160,40.12
140525184060624,2024-12-25,LAW501,Harvard,non-Stem,3,20230,55.04
140525184059344,2024-08-19,LAW501,Harvard,non-Stem,2,20442,52.31
140525184067280,2024-09-07,LAW501,Harvard,non-Stem,5,23136,55.16
140525184057616,2024-10-18,LAW501,Harvard,non-Stem,4,23030,71.81
140525184060240,2024-12-11,LAW501,Harvard,non-Stem,3,21090,49.59
140525184068688,2024-08-11,LAW601,Harvard,non-Stem,5,25341,41.3
140525184067600,2024-07-18,LAW501,Harvard,non-Stem,4,20271,51.53
140525184069904,2024-12-07,LAW501,Harvard,non-Stem,3,20540,43.1
140525184070352,2024-10-28,LAW501,Harvard,non-Stem,5,21500,41.8
140525184064720,2024-10-14,LAW501,Harvard,non-Stem,5,20935,60.65
140525184057424,2024-07-26,LAW401,Harvard,non-Stem,3,16889,49.47
140525184059408,2024-12-12,LAW501,Harvard,non-Stem,2,20599,52.83
140525184063952,2024-11-17,LAW501,Harvard,non-Stem,3,20587,70.33
140525184068560,2024-12-01,LAW501,Harvard,non-Stem,3,23207,41.4
140525184069200,2024-04-17,LAW401,Harvard,non-Stem,,16342,42.28
140525184064464,2024-12-04,LAW401,Harvard,non-Stem,4,15269,66.35
140525184062672,2024-05-29,LAW401,Harvard,non-Stem,,15506,83.2
140525184072464,2024-06-07,LAW401,Harvard,non-Stem,2,16989,81.2
140525184072976,2024-11-29,LAW401,Harvard,non-Stem,3,16582,61.04
140525184067856,2024-12-25,LAW501,Harvard,non-Stem,4,20406,45.33
140525184059600,,LAW401,Harvard,non-Stem,2,15126,47.72
140525184073680,2024-11-23,LAW401,Harvard,non-Stem,1,16561,43.17
140525184065296,2024-07-20,LAW501,Harvard,non-Stem,2,,
140525184073168,2024-12-21,LAW401,Harvard,non-Stem,3,15551,47.42
140525184066384,2024-11-17,LAW401,Harvard,non-Stem,3,17083,44.33
140525184060432,2024-11-12,LAW601,Harvard,non-Stem,3,27646,50.64
140525184068304,2024-09-04,LAW401,Harvard,non-Stem,2,19310,57.71
140525184064208,2024-07-31,LAW401,Harvard,non-Stem,4,18505,58.69
140525184067920,2024-12-27,LAW401,Harvard,non-Stem,3,,
140525184059920,2024-08-01,LAW401,Harvard,non-Stem,3,16509,67.3
140525184071248,2024-12-12,LAW401,Harvard,non-Stem,2,16887,44.97
140525184070864,2024-08-07,LAW401,Harvard,non-Stem,4,15428,63.37
140525184061456,2024-12-21,LAW401,Harvard,non-Stem,2,16421,44.36
140525184060880,2024-08-27,LAW501,Harvard,non-Stem,4,21132,64.71
140525184073104,2024-12-15,LAW401,Harvard,non-Stem,5,16087,42.42
140525184069712,2024-10-17,LAW401,Harvard,non-Stem,3,16969,63.14
140525184069328,2024-12-12,LAW601,Harvard,non-Stem,2,25486,48.02
140525184066832,2024-10-27,LAW401,Harvard,non-Stem,4,15581,47.39
140525184073424,2024-12-31,LAW401,Harvard,non-Stem,4,15432,62.63
140525184068368,2024-05-04,LAW401,Harvard,non-Stem,4,,
140525184070928,,LAW601,Harvard,non-Stem,2,25121,40.32
140525184071632,2024-12-21,LAW401,Harvard,non-Stem,2,17347,42.61
140525184071120,2024-05-26,LAW401,Harvard,non-Stem,4,16851,45.41
140525184066320,2024-07-05,LAW401,Harvard,non-Stem,2,16381,63.79
140525184065616,2024-12-27,LAW501,Harvard,non-Stem,4,21222,58.76
140525184062288,2024-11-02,LAW401,Harvard,non-Stem,2,17204,47.69
140525184065232,2024-07-29,LAW501,Harvard,non-Stem,2,20029,70.93
140525184060176,2024-08-30,LAW501,Harvard,non-Stem,2,,
140525184061648,2024-11-22,LAW501,Harvard,non-Stem,2,21125,46.05
140525184057680,2024-07-21,LAW401,Harvard,non-Stem,2,16746,47.24
140525185257232,2024-06-21,LAW401,Harvard,non-Stem,5,15248,49.9
140525185258512,2024-12-19,LAW501,Harvard,non-Stem,4,21433,68.07
140525185258256,2024-08-20,LAW501,Harvard,non-Stem,4,20648,41.22
140525185262736,2024-09-18,LAW501,Harvard,non-Stem,2,20021,49.77
140525185267472,2024-12-26,LAW501,Harvard,non-Stem,3,21202,44.96
140525185261712,2024-09-17,LAW501,Harvard,non-Stem,1,22312,48.49
140525185259024,2024-11-19,LAW401,Harvard,non-Stem,2,,
140525185259984,2024-04-23,LAW501,Harvard,non-Stem,2,22017,58.09
140525185254544,2024-09-21,LAW501,Harvard,non-Stem,3,20013,44.08
140525185259152,2024-12-29,LAW501,Harvard,non-Stem,3,20930,90.84
140525185256336,2024-11-01,LAW401,Harvard,non-Stem,3,16240,81.58
140525185257488,2024-06-02,LAW501,Harvard,non-Stem,2,20082,85.46
140525185262480,2024-12-13,LAW501,Harvard,non-Stem,4,21165,63.05
140525185258640,2024-12-16,LAW401,Harvard,non-Stem,4,18173,57.28
140525185254672,2024-09-12,LAW401,Harvard,non-Stem,2,15096,44.86
140525185264016,2024-09-05,LAW501,Harvard,non-Stem,2,21867,58.13
140525185264720,2024-12-06,LAW501,Harvard,non-Stem,,20443,55.41
140525185268688,2024-11-26,LAW501,Harvard,non-Stem,3,22372,47.44
140525185267728,2024-10-23,LAW501,Harvard,non-Stem,2,21774,46.27
140525185268304,2024-11-08,LAW401,Harvard,non-Stem,2,15373,67.38
140525185264464,2024-06-14,LAW501,Harvard,non-Stem,4,20646,66.95
140525185266704,2024-11-30,LAW401,Harvard,non-Stem,3,17389,47.17
140525185263184,2024-06-07,LAW401,Harvard,non-Stem,3,17710,42.15
140525185261520,2024-11-18,LAW501,Harvard,non-Stem,2,20701,46.46
140525185263952,2024-03-30,LAW501,Harvard,non-Stem,4,21978,83.92
140525185259536,2024-12-02,LAW501,Harvard,non-Stem,3,20160,52.44
140525185263760,2024-11-29,LAW501,Harvard,non-Stem,2,20038,54.6
140525185267600,2024-12-20,LAW501,Harvard,non-Stem,3,20334,61.39
140525185266192,2024-11-01,LAW501,Harvard,non-Stem,3,22272,42.14
140525185256208,,LAW501,Harvard,non-Stem,4,20547,44.64
140525185263248,2024-04-06,LAW501,Harvard,non-Stem,2,22494,45.23
140525185255376,2024-07-16,LAW401,Harvard,non-Stem,3,15634,50.81
140525185262224,2024-08-30,LAW401,Harvard,non-Stem,4,17667,60.75
140525185269264,2024-12-09,LAW401,Harvard,non-Stem,2,,
140525185254096,2024-12-26,LAW501,Harvard,non-Stem,2,20038,54.36
140525185255120,2024-12-27,LAW401,Harvard,non-Stem,3,15450,69.51
140525185265104,2024-04-17,LAW401,Harvard,non-Stem,,,
140525185266512,2024-04-20,LAW501,Harvard,non-Stem,2,,
140525185256144,2024-12-17,LAW401,Harvard,non-Stem,4,15990,47.1
140525185256976,2024-10-09,LAW401,Harvard,non-Stem,4,15998,40.28
140525185264080,2024-09-20,LAW501,Harvard,non-Stem,3,20002,58.23
140525185264592,2024-08-15,LAW401,Harvard,non-Stem,3,15803,50.46
140525185256400,2024-11-27,LAW401,Harvard,non-Stem,2,15199,78.87
140525185264976,2024-09-25,LAW401,Harvard,non-Stem,2,15346,59.18
140525185258768,2024-11-12,LAW501,Harvard,non-Stem,3,22954,63.3
140525185261456,2024-09-02,LAW401,Harvard,non-Stem,3,15412,49.6
140525185269200,2024-06-05,LAW401,Harvard,non-Stem,4,15643,43.1
140525185266256,2024-07-29,LAW501,Harvard,non-Stem,3,20055,45.96
140525185263696,2024-10-12,LAW501,Harvard,non-Stem,3,20692,48.47
140525185260048,2024-12-13,LAW501,Harvard,non-Stem,1,21141,43.11
140525185259408,2024-12-04,LAW401,Harvard,non-Stem,2,17179,67.27
140525185268368,2024-10-01,LAW501,Harvard,non-Stem,2,21282,53.13
140525185256720,2024-12-28,LAW401,Harvard,non-Stem,2,,
140525185264336,2024-10-17,LAW501,Harvard,non-Stem,2,21930,86.28
140525185269328,2024-10-13,LAW501,Harvard,non-Stem,3,20131,42.81
140525185256912,2024-05-24,LAW401,Harvard,non-Stem,2,15862,54.32
140525185267280,2024-11-06,LAW401,Harvard,non-Stem,3,15205,42.18
140525185268240,2024-10-14,LAW401,Harvard,non-Stem,4,15446,59.07
140525185263312,2024-05-16,LAW401,Harvard,non-Stem,5,15792,41.61
140525185267088,2024-11-13,LAW501,Harvard,non-Stem,3,20910,60.82
140525185253584,2024-06-13,LAW501,Harvard,non-Stem,4,20541,51.4
140525185265808,2024-09-29,LAW501,Harvard,non-Stem,4,22228,48.99
140525185261200,2024-09-07,LAW501,Harvard,non-Stem,3,20896,52.44
140525185258384,2024-12-16,LAW401,Harvard,non-Stem,4,17820,44.81
140525185259472,2024-11-18,LAW401,Harvard,non-Stem,2,15303,43.65
140525185253904,2024-08-27,LAW401,Harvard,non-Stem,3,18816,69.86
140525185253520,2024-10-30,LAW401,Harvard,non-Stem,3,15801,42.94
140526243972304,2024-08-28,LAW501,Harvard,non-Stem,3,20176,45.74
140525139322256,2024-10-04,LAW401,Harvard,non-Stem,,17649,73.61
140525139313936,2024-08-07,LAW501,Harvard,non-Stem,2,21508,42.27
140525139314448,2024-06-26,LAW401,Harvard,non-Stem,3,17595,72.66
140525139326096,2024-05-07,LAW501,Harvard,non-Stem,4,22479,47.4
140525139317520,2024-12-20,LAW501,Harvard,non-Stem,3,20235,43.13
140525139319312,2024-11-18,LAW501,Harvard,non-Stem,3,22163,49.3
140525139327376,2024-12-27,LAW401,Harvard,non-Stem,3,,
140525139321040,2024-05-17,LAW401,Harvard,non-Stem,2,17186,60.16
140525139313232,2024-12-10,LAW501,Harvard,non-Stem,4,23134,49.79
140525139328912,2024-11-06,LAW501,Harvard,non-Stem,1,20273,73.52
140525139320784,2024-11-13,LAW401,Harvard,non-Stem,2,15254,59.48
140525139321552,2024-12-15,LAW401,Harvard,non-Stem,2,15997,70.52
140525139316752,2024-07-12,LAW601,Harvard,non-Stem,4,26158,43.61
140525139312976,2024-09-04,LAW501,Harvard,non-Stem,4,20766,42.25
140525139314960,2024-06-07,LAW501,Harvard,non-Stem,4,21251,43.92
140525139313488,2024-11-10,LAW401,Harvard,non-Stem,2,15293,47.57
140525139327632,,LAW401,Harvard,non-Stem,4,16551,49.35
140525139315984,2024-09-27,LAW401,Harvard,non-Stem,2,15831,82.59
140525139325072,2024-10-22,LAW501,Harvard,non-Stem,3,20023,54.48
140525139315472,2024-12-21,LAW401,Harvard,non-Stem,3,15078,54.33
140525139312720,2024-12-27,LAW401,Harvard,non-Stem,2,15225,71.96
140525139323536,2024-12-23,LAW401,Harvard,non-Stem,2,15113,47.38
140525139322768,,LAW401,Harvard,non-Stem,4,15109,41.22
140525139319760,2024-06-26,LAW401,Harvard,non-Stem,3,16287,49.83
140525139323024,2024-11-28,LAW501,Harvard,non-Stem,4,20239,50.08
140525139317776,2024-12-19,LAW401,Harvard,non-Stem,3,17250,74.41
140525139319568,2024-11-12,LAW501,Harvard,non-Stem,4,21224,41.37
140525139328400,2024-10-28,LAW501,Harvard,non-Stem,2,20619,43.68
140525139322512,2024-08-07,LAW401,Harvard,non-Stem,4,17224,58.98
140525139321296,2024-11-27,LAW501,Harvard,non-Stem,2,21715,58.17
140525139324816,2024-07-18,LAW401,Harvard,non-Stem,3,16437,46.77
140525139327120,2024-12-28,LAW501,Harvard,non-Stem,2,20710,46.63
140525139323280,2024-12-29,LAW401,Harvard,non-Stem,3,,
140525134638672,2024-07-20,LAW501,Harvard,non-Stem,3,20917,42.61
140525134628624,2024-11-12,LAW401,Harvard,non-Stem,4,18669,48.23
140525134638416,2024-08-27,LAW501,Harvard,non-Stem,5,20648,45.54
140525134641488,2024-12-20,LAW501,Harvard,non-Stem,3,,
140525134627152,2024-12-06,LAW501,Harvard,non-Stem,3,20452,43.53
140525134631184,2024-11-15,LAW401,Harvard,non-Stem,2,15390,47.6
140525134627600,2024-09-06,LAW501,Harvard,non-Stem,3,20652,57.48
140525134635856,2024-10-04,LAW401,Harvard,non-Stem,3,15297,42.63
140525134631888,2024-12-20,LAW401,Harvard,non-Stem,3,15176,68.88
140525134634384,2024-12-24,LAW501,Harvard,non-Stem,4,21817,60.72
140525134632400,2024-12-06,LAW401,Harvard,non-Stem,2,17292,42.75
140525134635600,2024-07-18,LAW501,Harvard,non-Stem,2,20779,42.05
140525134633360,2024-12-14,LAW401,Harvard,non-Stem,4,17188,63.74
140525134630416,2024-12-09,LAW501,Harvard,non-Stem,3,21193,43.7
140525134629904,2024-08-26,LAW401,Harvard,non-Stem,3,15507,40.03
140525134630672,2024-12-26,LAW501,Harvard,non-Stem,4,20131,58.46
140525134633872,2024-05-04,LAW501,Harvard,non-Stem,5,21824,85.56
140525134636112,2024-11-12,LAW601,Harvard,non-Stem,4,25973,53.31
140525134642000,2024-11-18,LAW501,Harvard,non-Stem,3,22990,41.15
140525134629136,2024-07-25,LAW501,Harvard,non-Stem,,,
140525134630928,2024-11-28,LAW501,Harvard,non-Stem,2,,
140525134639952,2024-11-05,LAW401,Harvard,non-Stem,4,15590,61.53
140525134640464,,LAW501,Harvard,non-Stem,2,21792,58.25
140525134631440,2024-09-30,LAW401,Harvard,non-Stem,4,15451,53.81
140525134632656,2024-10-27,LAW401,Harvard,non-Stem,3,,
140525134642256,2024-11-20,LAW401,Harvard,non-Stem,4,15468,42.97
140525134634128,2024-05-30,LAW501,Harvard,non-Stem,3,20296,46.57
140525134633104,,LAW501,Harvard,non-Stem,4,20194,40.37
140525134641232,,LAW501,Harvard,non-Stem,3,21207,72.7
140525134639440,2024-11-12,LAW401,Harvard,non-Stem,3,15128,55.95
140525134632848,2024-12-10,LAW501,Harvard,non-Stem,3,20193,47.16
140525134639696,,LAW401,Harvard,non-Stem,5,16903,48.92
140525134634832,2024-08-14,LAW401,Harvard,non-Stem,2,17448,45.72
140525179679760,2024-12-30,LAW501,Harvard,non-Stem,4,21332,47.29
140525179671312,2024-12-11,LAW401,Harvard,non-Stem,2,17444,42.93
140525179670736,2024-09-20,LAW501,Harvard,non-Stem,1,21215,61.98
140525179669008,2024-10-10,LAW501,Harvard,non-Stem,2,20620,41.89
140525179667664,2024-09-22,LAW501,Harvard,non-Stem,4,,
140525179669456,2024-11-18,LAW401,Harvard,non-Stem,1,15409,43.89
140525179675280,2024-06-28,LAW401,Harvard,non-Stem,4,16820,50.23
140525179671056,2024-12-08,LAW401,Harvard,non-Stem,3,16629,44.58
140525179674448,2024-11-13,LAW501,Harvard,non-Stem,2,24262,60.36
140525179682704,2024-12-25,LAW501,Harvard,non-Stem,3,21031,44.68
140525179669520,2024-10-13,LAW401,Harvard,non-Stem,4,16381,46.4
140525179679824,2024-12-13,LAW501,Harvard,non-Stem,4,20898,42.11
140525179682640,2024-11-20,LAW501,Harvard,non-Stem,2,21158,40.15
140525179676048,2024-05-31,LAW401,Harvard,non-Stem,5,16719,45.96
140525179673040,2024-11-20,LAW401,Harvard,non-Stem,3,15540,58.18
140525179674192,2024-06-22,LAW501,Harvard,non-Stem,3,23023,44.57
140525179674320,2024-10-30,LAW401,Harvard,non-Stem,2,18538,45.66
140525179677008,2024-11-24,LAW601,Harvard,non-Stem,4,25102,40.69
140525179680400,,LAW501,Harvard,non-Stem,2,20576,46.41
140525179679632,2024-02-22,LAW401,Harvard,non-Stem,1,15637,69.66
140525179671888,2024-08-04,LAW501,Harvard,non-Stem,2,22801,52.02
140525179677904,,LAW401,Harvard,non-Stem,2,15424,41.19
140525179680144,2024-12-16,LAW501,Harvard,non-Stem,4,21121,64.13
140525179672528,2024-10-19,LAW401,Harvard,non-Stem,3,15600,49.46
140525179677776,2024-10-12,LAW501,Harvard,non-Stem,4,21332,49.75
140525179666832,2024-11-26,LAW501,Harvard,non-Stem,2,21061,44.09
140525179676304,2024-10-24,LAW501,Harvard,non-Stem,3,20778,48.61
140525179669968,2024-12-13,LAW501,Harvard,non-Stem,1,,
140525179682320,2024-09-29,LAW601,Harvard,non-Stem,4,27115,40.12
140525179673296,2024-12-07,LAW501,Harvard,non-Stem,2,21216,40.41
140525179676752,2024-12-07,LAW401,Harvard,non-Stem,3,15688,48.57
140525179666960,2024-10-07,LAW401,Harvard,non-Stem,5,,
140525179680080,2024-10-09,LAW401,Harvard,non-Stem,2,15228,51.42
140525179666896,2024-10-14,LAW401,Harvard,non-Stem,3,17731,50.66
140525179673936,2024-05-09,LAW501,Harvard,non-Stem,3,21346,87.56
140525179669264,2024-11-07,LAW401,Harvard,non-Stem,4,15598,69.24
140525179667600,2024-10-24,LAW401,Harvard,non-Stem,3,18147,57.49
140525179667792,2024-10-12,LAW501,Harvard,non-Stem,4,21291,53.39
140525179675024,2024-11-21,LAW401,Harvard,non-Stem,3,,
140525179667216,2024-09-24,LAW401,Harvard,non-Stem,2,,
140525179678160,2024-10-05,LAW401,Harvard,non-Stem,2,16158,62.82
140525179672912,2024-10-21,LAW401,Harvard,non-Stem,2,15116,48.71
140525179672784,2024-11-02,LAW501,Harvard,non-Stem,1,21113,40.42
140525179673872,2024-12-31,LAW401,Harvard,non-Stem,2,16072,43.64
140525179673744,2024-11-19,LAW501,Harvard,non-Stem,1,20358,40.25
140525179674512,2024-11-25,LAW401,Harvard,non-Stem,4,15325,51.2
140525179674768,2024-12-29,LAW501,Harvard,non-Stem,3,21066,51.02
140525179671760,2024-10-29,LAW601,Harvard,non-Stem,4,29520,49.74
140525179678544,2024-12-27,LAW401,Harvard,non-Stem,2,15136,67.84
140525179679312,2024-12-31,LAW401,Harvard,non-Stem,3,17929,44.96
140525179681296,2024-10-27,LAW401,Harvard,non-Stem,1,15978,42.33
140525179678608,2024-08-04,LAW401,Harvard,non-Stem,3,15484,66.54
140525179667088,2024-12-17,LAW501,Harvard,non-Stem,4,21575,40.76
140525179677520,2024-11-18,LAW401,Harvard,non-Stem,2,16462,61.99
140525179670992,2024-10-08,LAW501,Harvard,non-Stem,4,20015,40.4
140525179680336,2024-03-26,LAW401,Harvard,non-Stem,2,15905,50.89
140525179681040,2024-08-21,LAW501,Harvard,non-Stem,5,,
140525179679376,2024-07-20,LAW501,Harvard,non-Stem,3,22188,44.51
140525179680976,2024-03-26,LAW601,Harvard,non-Stem,4,26154,59.19
140525179682128,2024-10-22,LAW501,Harvard,non-Stem,3,20163,41.03
140525179672848,2024-09-07,LAW501,Harvard,non-Stem,4,21236,47.12
140525179677840,2024-10-30,LAW401,Harvard,non-Stem,3,19155,46.99
140525179675088,2024-09-18,LAW501,Harvard,non-Stem,3,22006,51.01
140525179671952,2024-12-17,LAW501,Harvard,non-Stem,2,20554,52.07
140525179671440,2024-08-05,LAW401,Harvard,non-Stem,4,15531,57.01
140525179673232,2024-09-21,LAW501,Harvard,non-Stem,4,22508,62.01
140525179679248,,LAW501,Harvard,non-Stem,1,20021,53.82
140525179678736,2024-12-29,LAW501,Harvard,non-Stem,3,20027,59.32
140525179668240,2024-08-31,LAW401,Harvard,non-Stem,2,15081,60.24
140525179666640,2024-06-04,LAW601,Harvard,non-Stem,1,25468,50.68
140525179669136,2024-11-23,LAW601,Harvard,non-Stem,1,26937,57.59
140525179666576,2024-08-29,LAW401,Harvard,non-Stem,2,17081,50.32
140525179681552,2024-11-05,LAW401,Harvard,non-Stem,2,15435,66.88
140525179682192,2024-11-18,LAW501,Harvard,non-Stem,4,20049,53.21
140525179676944,2024-07-23,LAW401,Harvard,non-Stem,3,16320,49.82
140525179668880,2024-06-18,LAW501,Harvard,non-Stem,5,,
140525179677264,2024-11-13,LAW501,Harvard,non-Stem,2,21124,44.04
140525179681616,2024-07-26,LAW401,Harvard,non-Stem,3,,
140525179668624,2024-11-04,LAW401,Harvard,non-Stem,3,16787,50.64
140525179670288,2024-12-02,LAW501,Harvard,non-Stem,3,21100,43.16
140525179678352,2024-07-27,LAW501,Harvard,non-Stem,4,23981,49.06
140525179670928,2024-10-25,LAW401,Harvard,non-Stem,4,19195,75.98
140525179675600,2024-10-21,LAW401,Harvard,non-Stem,5,15203,41.6
140525179672336,2024-09-17,LAW401,Harvard,non-Stem,4,,
140525179680592,2024-11-04,LAW501,Harvard,non-Stem,5,20258,56.95
140525179675472,2024-11-20,LAW501,Harvard,non-Stem,2,20526,76.23
140525179667920,2024-12-07,LAW501,Harvard,non-Stem,1,20223,71.13
140525179668432,2024-09-01,LAW501,Harvard,non-Stem,,22955,64.27
140525179674896,2024-05-06,LAW501,Harvard,non-Stem,2,22754,74.47
140525179671824,2024-07-13,LAW501,Harvard,non-Stem,4,20104,60.07
140525179673104,2024-12-07,LAW401,Harvard,non-Stem,3,17338,62.33
140525179674064,2024-11-02,LAW501,Harvard,non-Stem,2,20221,40.31
140525179680848,2024-07-19,LAW401,Harvard,non-Stem,3,15077,54.81
140525179682064,,LAW401,Harvard,non-Stem,4,,
140525179671568,2024-09-04,LAW401,Harvard,non-Stem,4,15492,51.42
140525182863504,2024-08-30,LAW401,Harvard,non-Stem,2,15972,50.19
140525182868560,2024-09-25,LAW501,Harvard,non-Stem,3,21280,52.74
140525182864080,2024-08-05,LAW501,Harvard,non-Stem,3,21359,46.01
140525182871632,2024-09-25,LAW401,Harvard,non-Stem,2,,
140525182864016,2024-10-13,LAW401,Harvard,non-Stem,4,15520,58.42
140525182873168,2024-12-11,LAW401,Harvard,non-Stem,4,15979,42.53
140525182869456,2024-12-03,LAW501,Harvard,non-Stem,3,22167,64.14
140525182865424,2024-12-21,LAW401,Harvard,non-Stem,4,17089,57.52
140525182874128,2024-12-08,LAW401,Harvard,non-Stem,4,15417,61.6
140525182877072,2024-05-26,LAW501,Harvard,non-Stem,4,,
140525182868880,2024-12-21,LAW501,Harvard,non-Stem,1,,
140525182871248,2024-09-07,LAW401,Harvard,non-Stem,1,17480,74.14
140525182867216,,LAW401,Harvard,non-Stem,3,16209,68.5
140525182865104,2024-12-10,LAW401,Harvard,non-Stem,4,17543,63.41
140525182874000,2024-11-06,LAW501,Harvard,non-Stem,3,21882,51.22
140525182865680,2024-06-02,LAW501,Harvard,non-Stem,4,22437,56.33
140525182875344,,LAW501,Harvard,non-Stem,3,20441,52.84
140525182873424,2024-08-04,LAW401,Harvard,non-Stem,2,18240,41.95
140525182866960,2024-12-11,LAW401,Harvard,non-Stem,4,,
140525182870800,2024-09-18,LAW401,Harvard,non-Stem,2,,
140525182870352,2024-05-26,LAW501,Harvard,non-Stem,1,20448,65.04
140525182866448,2024-11-22,LAW401,Harvard,non-Stem,2,15127,76.65
140525182866768,2024-11-17,LAW401,Harvard,non-Stem,4,16443,40.73
140525182877136,2024-08-02,LAW401,Harvard,non-Stem,4,15147,45.26
140525182874320,2024-11-15,LAW501,Harvard,non-Stem,4,20482,45.41
140525182865232,2024-09-16,LAW501,Harvard,non-Stem,4,20650,40.23
140525182877200,2024-10-05,LAW601,Harvard,non-Stem,3,,
140525182875984,2024-08-07,LAW501,Harvard,non-Stem,3,21235,82.49
140525182872080,2024-03-27,LAW401,Harvard,non-Stem,,17132,59.59
140525182871120,2024-06-12,LAW401,Harvard,non-Stem,3,16006,43.96
140525182863696,,LAW501,Harvard,non-Stem,3,20761,71.42
140525182864656,2024-11-26,LAW601,Harvard,non-Stem,1,,
140525182869328,2024-07-02,LAW501,Harvard,non-Stem,3,22088,51.44
140525182870672,2024-08-01,LAW401,Harvard,non-Stem,3,,
140525182862992,2024-08-27,LAW401,Harvard,non-Stem,2,17554,56.6
140525182877328,2024-09-08,LAW401,Harvard,non-Stem,,17266,43.4
140525182868240,2024-06-13,LAW401,Harvard,non-Stem,2,19436,44.01
140525182869584,2024-10-27,LAW401,Harvard,non-Stem,4,16055,81.25
140525182864464,2024-05-21,LAW401,Harvard,non-Stem,4,16630,40.92
140525182872592,2024-09-05,LAW501,Harvard,non-Stem,3,21258,40.52
140525182870288,2024-12-06,LAW501,Harvard,non-Stem,4,21373,52.68
140525182863248,2024-12-13,LAW501,Harvard,non-Stem,4,20231,49.31
140525182867152,2024-10-04,LAW401,Harvard,non-Stem,3,15261,63.47
140525182862352,2024-11-26,LAW501,Harvard,non-Stem,5,20662,44.08
140525182871568,2024-11-07,LAW401,Harvard,non-Stem,2,16120,40.8
140525182868048,2024-10-06,LAW401,Harvard,non-Stem,,16126,48.11
140525182865168,2024-12-28,LAW501,Harvard,non-Stem,2,21602,44.23
140525182863760,2024-11-02,LAW401,Harvard,non-Stem,3,16953,81.47
140525182869264,2024-11-22,LAW401,Harvard,non-Stem,2,16064,56.83
140525182871504,2024-12-20,LAW401,Harvard,non-Stem,4,15212,90.69
140525182866704,,LAW501,Harvard,non-Stem,4,22134,58.43
140525182865808,2024-12-12,LAW501,Harvard,non-Stem,3,21591,63.09
140525182877584,2024-05-18,LAW601,Harvard,non-Stem,3,27203,40.33
140525182865360,2024-12-18,LAW401,Harvard,non-Stem,4,17074,60.29
140525182875280,2024-06-05,LAW401,Harvard,non-Stem,2,15307,72.88
140525182866320,2024-12-26,LAW401,Harvard,non-Stem,,15848,66.18
140525182862736,2024-06-08,LAW401,Harvard,non-Stem,2,16829,45.56
140525182873616,2024-09-09,LAW501,Harvard,non-Stem,3,20644,59.33
140525182875024,2024-12-31,LAW601,Harvard,non-Stem,2,25468,63.13
140525182872656,2024-12-22,LAW501,Harvard,non-Stem,,21282,48.89
140525182864976,,LAW401,Harvard,non-Stem,1,15530,49.21
140525182864912,2024-05-31,LAW401,Harvard,non-Stem,5,15776,46.12
140525182869136,2024-07-02,LAW401,Harvard,non-Stem,2,17953,61.6
140525182864528,2024-07-02,LAW501,Harvard,non-Stem,2,20600,57.25
140525182873232,2024-07-22,LAW401,Harvard,non-Stem,4,17302,40.85
140525182865296,2024-10-01,LAW401,Harvard,non-Stem,2,,
140525182874256,2024-08-24,LAW501,Harvard,non-Stem,3,20178,43.85
140525182870480,2024-11-01,LAW401,Harvard,non-Stem,3,16150,53.3
140525182861776,,LAW501,Harvard,non-Stem,4,21363,63.72
140525182870096,2024-11-08,LAW501,Harvard,non-Stem,2,21080,44.77
140525182874512,2024-12-10,LAW601,Harvard,non-Stem,2,,
140525182865552,2024-10-29,LAW501,Harvard,non-Stem,4,20598,51.61
140525182864592,2024-12-19,LAW501,Harvard,non-Stem,2,21950,57.36
140525182869840,2024-12-11,LAW401,Harvard,non-Stem,4,15100,45.64
140525182867408,2024-04-15,LAW501,Harvard,non-Stem,1,22055,55.52
140525182876688,2024-10-04,LAW401,Harvard,non-Stem,2,15894,44.63
140525182865744,2024-09-20,LAW401,Harvard,non-Stem,3,17044,42.37
140525182875792,2024-12-28,LAW501,Harvard,non-Stem,4,21370,44.13
140525182865040,2024-08-22,LAW401,Harvard,non-Stem,3,17746,55.21
140525182865616,2024-12-07,LAW501,Harvard,non-Stem,4,20069,58.56
140525182869520,2024-08-31,LAW501,Harvard,non-Stem,3,20036,55.97
140525182867728,2024-09-05,LAW401,Harvard,non-Stem,2,17206,41.89
140525182867984,2024-11-23,LAW501,Harvard,non-Stem,2,23745,49.0
140525182876560,2024-04-21,LAW601,Harvard,non-Stem,3,27331,64.35
140525182868944,,LAW501,Harvard,non-Stem,3,20266,76.99
140525182873744,2024-11-08,LAW501,Harvard,non-Stem,3,20245,60.85
140525182874384,2024-07-02,LAW401,Harvard,non-Stem,2,18846,48.76
140525182872400,2024-07-23,LAW401,Harvard,non-Stem,3,15981,56.37
140525182863184,2024-09-13,LAW401,Harvard,non-Stem,4,15124,67.48
140525182874832,2024-11-18,LAW501,Harvard,non-Stem,4,22274,64.61
140525182871376,2024-04-08,LAW401,Harvard,non-Stem,3,15911,45.83
140525182861712,2024-12-19,LAW501,Harvard,non-Stem,,20014,61.39
140525182873296,2024-11-04,LAW501,Harvard,non-Stem,1,21951,57.04
140525182866896,2024-12-15,LAW601,Harvard,non-Stem,3,,
140525182877648,2024-09-16,LAW501,Harvard,non-Stem,4,23085,49.85
140525182871824,2024-06-01,LAW401,Harvard,non-Stem,3,17035,47.93
140525182868176,2024-12-17,LAW501,Harvard,non-Stem,3,20671,40.02
140525182864144,2024-07-20,LAW501,Harvard,non-Stem,2,21857,54.79
140525182874064,2024-10-06,LAW501,Harvard,non-Stem,1,21511,62.6
140525182872144,2024-07-30,LAW501,Harvard,non-Stem,4,20200,65.21
140525182872720,,LAW501,Harvard,non-Stem,4,20977,40.64
140525182875536,2024-09-24,LAW401,Harvard,non-Stem,3,16751,44.13
140525182862160,2024-04-08,LAW501,Harvard,non-Stem,4,,
140525182876496,2024-06-21,LAW401,Harvard,non-Stem,4,17060,42.91
140525182866512,2024-12-30,LAW501,Harvard,non-Stem,1,21636,44.96
140525182862672,2024-11-04,LAW501,Harvard,non-Stem,3,20894,41.35
140525182865488,2024-11-14,LAW501,Harvard,non-Stem,5,21372,56.59
140525182864336,2024-07-20,LAW501,Harvard,non-Stem,3,23232,42.48
140525182862096,2024-12-10,LAW401,Harvard,non-Stem,2,15377,46.89
140525182873680,2024-07-17,LAW401,Harvard,non-Stem,4,15885,51.9
140525182869392,2024-11-02,LAW401,Harvard,non-Stem,3,16947,40.77
140525182868624,2024-11-30,LAW401,Harvard,non-Stem,3,15019,42.64
140525182862224,2024-12-01,LAW501,Harvard,non-Stem,1,21698,40.42
140525182862608,2024-09-26,LAW501,Harvard,non-Stem,3,20010,41.21
140525182864208,2024-07-04,LAW401,Harvard,non-Stem,2,16822,53.86
140525182876240,,LAW401,Harvard,non-Stem,1,16267,40.4
140525182869904,2024-12-25,LAW501,Harvard,non-Stem,2,21567,45.48
140525182871440,2024-12-26,LAW401,Harvard,non-Stem,3,17273,52.29
140525182876304,2024-09-24,LAW401,Harvard,non-Stem,4,17282,69.45
140525182871312,2024-07-10,LAW501,Harvard,non-Stem,2,20147,40.69
140525182876048,2024-11-26,LAW401,Harvard,non-Stem,2,16677,69.38
140525182862416,2024-05-25,LAW401,Harvard,non-Stem,5,15230,58.27
140525182866192,2024-05-10,LAW401,Harvard,non-Stem,1,15475,61.96
140525182874896,2024-10-07,LAW401,Harvard,non-Stem,4,17115,54.67
140525120430224,2024-09-17,LAW401,Harvard,non-Stem,5,15907,45.29
140525120435792,2024-12-08,LAW501,Harvard,non-Stem,3,20202,62.26
140525120422480,2024-12-26,LAW401,Harvard,non-Stem,3,17883,45.12
140525120422224,2024-10-27,LAW501,Harvard,non-Stem,3,21883,54.31
140525120422672,2024-11-08,LAW601,Harvard,non-Stem,1,25602,51.99
140525120423760,2024-06-29,LAW501,Harvard,non-Stem,3,,
140525120424080,2024-12-16,LAW501,Harvard,non-Stem,3,,
140525120424528,2024-10-29,LAW401,Harvard,non-Stem,3,,
140525120425488,2024-08-22,LAW401,Harvard,non-Stem,4,15213,66.53
140525120426064,2024-06-15,LAW501,Harvard,non-Stem,3,20371,61.03
140525120426000,2024-10-29,LAW401,Harvard,non-Stem,3,15046,48.16
140525120427280,2024-07-29,LAW401,Harvard,non-Stem,1,15316,62.48
140525120427408,2024-11-18,LAW401,Harvard,non-Stem,2,,
140525120427536,2024-12-26,LAW401,Harvard,non-Stem,2,16239,43.97
140525120428880,2024-12-28,LAW401,Harvard,non-Stem,3,15023,53.26
140525120428944,2024-02-06,LAW401,Harvard,non-Stem,2,16501,47.42
140525120429456,2024-10-29,LAW501,Harvard,non-Stem,1,20192,59.47
140525120430736,2024-11-23,LAW501,Harvard,non-Stem,3,22127,68.45
140525120430928,2024-07-25,LAW501,Harvard,non-Stem,4,20567,65.86
140525120431376,2024-11-10,LAW401,Harvard,non-Stem,4,,
140525120432464,2024-09-18,LAW501,Harvard,non-Stem,1,21041,61.98
140525120432848,2024-09-10,LAW501,Harvard,non-Stem,3,21035,64.83
140525120432976,2024-07-09,LAW601,Harvard,non-Stem,2,25547,47.16
140525120434256,2024-12-23,LAW501,Harvard,non-Stem,2,21410,67.86
140525120434384,2024-08-25,LAW601,Harvard,non-Stem,3,26471,47.01
140525120434640,2024-09-20,LAW401,Harvard,non-Stem,4,17244,52.05
140525120435152,2024-08-15,LAW401,Harvard,non-Stem,3,15454,55.95
140525120436368,2024-10-17,LAW501,Harvard,non-Stem,1,20843,77.26
140525120436304,2024-08-28,LAW401,Harvard,non-Stem,5,17042,56.7
140525120436560,2024-08-20,LAW501,Harvard,non-Stem,4,20528,41.76
140525120437712,2024-11-02,LAW401,Harvard,non-Stem,4,15061,50.47
140525120437904,2024-10-13,LAW401,Harvard,non-Stem,4,16722,92.89
140525120422096,2024-10-13,LAW501,Harvard,non-Stem,3,21513,68.54
140525120426448,2024-06-04,LAW401,Harvard,non-Stem,3,15074,53.95
140525120425680,2024-09-25,LAW401,Harvard,non-Stem,4,16132,40.45
140525120427472,2024-10-25,LAW501,Harvard,non-Stem,2,21356,69.82
140525120430288,2024-11-23,LAW501,Harvard,non-Stem,4,20044,52.48
140525120431568,2024-12-16,LAW501,Harvard,non-Stem,3,20541,43.47
140525120432336,2024-09-24,LAW501,Harvard,non-Stem,2,20907,41.73
140525120436496,2024-07-23,LAW501,Harvard,non-Stem,3,22333,44.25
140525120436752,2024-12-08,LAW401,Harvard,non-Stem,2,15051,55.57
140525120422160,2024-12-17,LAW601,Harvard,non-Stem,2,25097,42.28
140525120423568,2024-10-28,LAW401,Harvard,non-Stem,3,15153,82.17
140525120426768,2024-10-18,LAW601,Harvard,non-Stem,3,26132,49.47
140525120427600,2024-10-23,LAW401,Harvard,non-Stem,5,15891,62.05
140525120428816,2024-10-25,LAW401,Harvard,non-Stem,2,15283,40.89
140525120431248,2024-11-19,LAW401,Harvard,non-Stem,,15696,48.16
140525120431888,2024-10-28,LAW401,Harvard,non-Stem,4,15966,60.41
140525120433744,2024-10-23,LAW401,Harvard,non-Stem,5,16681,60.61
140525120436624,2024-12-25,LAW501,Harvard,non-Stem,4,20708,67.62
140525120437200,2024-12-28,LAW501,Harvard,non-Stem,3,20804,46.45
140525120422864,2024-04-15,LAW401,Harvard,non-Stem,3,15178,54.43
140525120433232,2024-10-31,LAW401,Harvard,non-Stem,3,17786,65.75
140525120435024,2024-08-26,LAW401,Harvard,non-Stem,1,17669,57.55
140525120422416,2024-09-18,LAW501,Harvard,non-Stem,4,21485,40.73
140525120423056,2024-11-03,LAW401,Harvard,non-Stem,2,17504,62.98
140525120423312,2024-06-27,LAW501,Harvard,non-Stem,5,21601,41.64
140525120423824,2024-07-14,LAW601,Harvard,non-Stem,3,25027,50.95
140525120424336,2024-11-01,LAW401,Harvard,non-Stem,4,15476,52.44
140525120424720,2024-11-30,LAW401,Harvard,non-Stem,2,18222,53.22
140525120425232,2024-11-21,LAW401,Harvard,non-Stem,2,,
140525120425808,2024-11-20,LAW401,Harvard,non-Stem,5,17215,66.17
140525120426384,2024-10-02,LAW401,Harvard,non-Stem,4,15655,46.27
140525120427088,2024-12-20,LAW501,Harvard,non-Stem,4,23075,45.55
140525120427344,2024-12-10,LAW501,Harvard,non-Stem,1,20019,57.34
140525120427920,2024-09-21,LAW401,Harvard,non-Stem,3,15701,61.51
140525120428432,2024-11-17,LAW401,Harvard,non-Stem,3,15374,63.96
140525120429136,2024-12-04,LAW401,Harvard,non-Stem,4,15341,58.36
140525120429392,2024-11-20,LAW601,Harvard,non-Stem,1,26253,99
140525120429904,2024-12-12,LAW401,Harvard,non-Stem,,16717,46.1
140525120430352,2024-12-17,LAW601,Harvard,non-Stem,5,26535,46.46
140525120430608,2024-11-18,LAW501,Harvard,non-Stem,3,,
140525120431120,2024-06-08,LAW401,Harvard,non-Stem,3,17510,44.99
140525120431760,2024-05-16,LAW501,Harvard,non-Stem,2,21235,62.09
140525120432016,2024-11-23,LAW401,Harvard,non-Stem,3,16536,62.14
140525120432528,2024-07-17,LAW401,Harvard,non-Stem,2,15242,40.05
140525120433168,2024-12-28,LAW401,Harvard,non-Stem,2,16185,65.2
140525120433488,2024-12-25,LAW501,Harvard,non-Stem,2,23480,45.07
140525120434000,2024-09-12,LAW501,Harvard,non-Stem,4,24656,72.84
140525120434704,2024-11-04,LAW401,Harvard,non-Stem,2,15040,60.1
140525120434576,2024-11-04,LAW401,Harvard,non-Stem,1,15004,40.98
140525120434832,2024-11-14,LAW501,Harvard,non-Stem,2,20020,43.81
140525120435344,2024-08-13,LAW501,Harvard,non-Stem,3,20097,73.0
140525120436112,2024-12-22,LAW501,Harvard,non-Stem,2,21145,46.1
140525120436688,2024-04-12,LAW601,Harvard,non-Stem,1,25016,81.35
140525120437328,2024-09-18,LAW401,Harvard,non-Stem,5,15026,43.15
140525120437968,2024-11-30,LAW501,Harvard,non-Stem,3,20990,67.88
140525120437584,2024-11-04,LAW501,Harvard,non-Stem,,,
140525120422352,2024-05-15,LAW501,Harvard,non-Stem,3,20960,52.39
140525120423120,,LAW501,Harvard,non-Stem,2,24260,49.64
140525120424656,,LAW401,Harvard,non-Stem,4,15757,60.51
140525120426704,2024-11-30,LAW501,Harvard,non-Stem,1,20373,59.79
140525120428496,2024-05-23,LAW501,Harvard,non-Stem,4,20699,43.59
140525120429264,2024-07-28,LAW401,Harvard,non-Stem,4,15722,50.2
140525120430800,2024-11-03,LAW401,Harvard,non-Stem,4,15560,42.75
140525120432592,2024-09-18,LAW401,Harvard,non-Stem,1,15465,73.93
140525120433552,2024-08-30,LAW501,Harvard,non-Stem,5,20013,65.11
140525120435536,2024-07-10,LAW501,Harvard,non-Stem,5,20284,50.66
140525120436240,2024-06-30,LAW401,Harvard,non-Stem,5,16501,41.83
140525120437776,2024-12-17,LAW501,Harvard,non-Stem,2,20337,53.25
140525120422544,2024-10-03,LAW401,Harvard,non-Stem,4,16436,77.75
140525120424016,2024-05-03,LAW501,Harvard,non-Stem,2,20864,74.79
140525120425296,2024-11-02,LAW501,Harvard,non-Stem,1,21308,61.11
140525120426576,2024-10-14,LAW401,Harvard,non-Stem,3,17070,72.81
140525120427792,2024-12-04,LAW501,Harvard,non-Stem,3,20394,50.46
140525120429200,2024-11-22,LAW401,Harvard,non-Stem,1,17912,43.07
140525120432272,2024-08-04,LAW401,Harvard,non-Stem,2,16017,50.56
140525120433040,,LAW401,Harvard,non-Stem,3,15310,40.51
140525120434192,2024-12-29,LAW401,Harvard,non-Stem,4,15138,40.02
140525120435472,2024-10-03,LAW501,Harvard,non-Stem,2,20876,72.04
140525120437648,2024-11-12,LAW401,Harvard,non-Stem,2,15790,46.83
140525120423888,2024-08-05,LAW501,Harvard,non-Stem,2,20851,59.73
140525120427984,2024-06-08,MAN501,Yale,non-Stem,3,20108,81.59
140526259974160,2024-04-27,MAN401,Yale,non-Stem,5,15890,58.37
140525183854544,2024-02-21,MAN401,Yale,non-Stem,5,15121,75.51
140525184427216,2024-04-05,MAN601,Yale,non-Stem,5,25554,60.97
140525120432080,2024-03-25,MAN401,Yale,non-Stem,5,17138,80.51
140525120435984,2024-06-06,MAN501,Yale,non-Stem,3,20996,86.23
140525183982544,2024-01-04,MAN401,Yale,non-Stem,5,15259,52.37
140525183977936,2024-06-19,MAN401,Yale,non-Stem,,16090,59.27
140525183982608,2024-04-06,MAN501,Yale,non-Stem,5,21006,45.22
140525183980944,2024-01-28,MAN401,Yale,non-Stem,5,17474,64.35
140525183980688,2024-07-10,MAN501,Yale,non-Stem,4,21467,51.24
140525183978896,2024-05-27,MAN401,Yale,non-Stem,3,16025,61.17
140525183979152,2024-03-03,MAN501,Yale,non-Stem,5,21358,63.75
140525183988176,2024-02-24,MAN601,Yale,non-Stem,3,25773,63.24
140525183977424,2024-08-22,MAN501,Yale,non-Stem,4,20300,61.05
140525183977616,2024-01-07,MAN401,Yale,non-Stem,,15726,80.07
140525183991184,2024-05-08,MAN501,Yale,non-Stem,4,20372,45.99
140525183977744,2024-06-12,MAN401,Yale,non-Stem,4,16129,58.0
140525183981328,2024-03-19,MAN501,Yale,non-Stem,4,20188,55.04
140525183983504,2024-06-06,MAN401,Yale,non-Stem,4,16821,78.34
140525183978768,2024-01-04,MAN601,Yale,non-Stem,4,25303,82.26
140525183979024,2024-04-23,MAN401,Yale,non-Stem,3,18680,49.52
140525183980816,2024-02-16,MAN501,Yale,non-Stem,4,20812,83.89
140525183979728,2024-02-25,MAN501,Yale,non-Stem,5,,
140525183989008,,MAN501,Yale,non-Stem,3,21787,91.58
140525183985680,2024-02-25,MAN401,Yale,non-Stem,5,18767,77.05
140525183985168,2024-02-05,MAN401,Yale,non-Stem,,16494,82.14
140525183986064,2024-06-09,MAN501,Yale,non-Stem,3,21537,61.3
140525183982800,2024-10-19,MAN401,Yale,non-Stem,4,17476,42.41
140525183986320,2024-01-16,MAN501,Yale,non-Stem,4,20606,40.1
140525183986704,2024-09-17,MAN401,Yale,non-Stem,4,15349,90.88
140525183990928,2024-01-30,MAN601,Yale,non-Stem,4,27709,75.0
140525183980496,2024-05-14,MAN401,Yale,non-Stem,,15614,79.71
140525183990544,2024-04-25,MAN501,Yale,non-Stem,4,21360,45.92
140525183977680,2024-03-18,MAN501,Yale,non-Stem,5,20187,52.1
140525183982032,2024-08-19,MAN501,Yale,non-Stem,5,20745,74.35
140525183981968,,MAN601,Yale,non-Stem,4,27941,55.33
140525183984400,2024-01-09,MAN401,Yale,non-Stem,5,15780,83.1
140525183979536,2024-02-05,MAN401,Yale,non-Stem,5,16121,56.65
140525183991504,2024-04-05,MAN401,Yale,non-Stem,5,17379,51.25
140525183984272,2024-01-28,MAN501,Yale,non-Stem,4,22375,71.17
140525183976656,2024-02-24,MAN501,Yale,non-Stem,5,,
140525183982096,2024-03-15,MAN401,Yale,non-Stem,5,16645,89.92
140525183990800,2024-02-12,MAN401,Yale,non-Stem,3,15377,62.17
140525183989904,2024-01-28,MAN401,Yale,non-Stem,2,15441,93.52
140525183976976,2024-06-28,MAN501,Yale,non-Stem,4,20553,89.35
140525183988240,2024-01-17,MAN401,Yale,non-Stem,3,15386,89.76
140525183985808,2024-10-30,MAN401,Yale,non-Stem,5,16990,89.63
140525183990992,2024-03-10,MAN401,Yale,non-Stem,5,15286,83.88
140525183983376,2024-06-10,MAN501,Yale,non-Stem,5,20990,67.72
140525183979664,2024-08-21,MAN501,Yale,non-Stem,4,20781,55.34
140525183975632,,MAN501,Yale,non-Stem,4,20231,58.59
140525183987344,2024-03-05,MAN501,Yale,non-Stem,4,20817,56.49
140525183989968,2024-05-26,MAN501,Yale,non-Stem,4,20212,81.51
140525183985872,2024-01-21,MAN401,Yale,non-Stem,5,17557,63.47
140525183989456,2024-05-12,MAN501,Yale,non-Stem,4,21654,77.77
140525183987408,2024-05-28,MAN501,Yale,non-Stem,4,21858,81.63
140525183977488,2024-03-27,MAN501,Yale,non-Stem,3,22229,72.63
140525183978256,2024-01-23,MAN601,Yale,non-Stem,2,27427,43.4
140525183984656,2024-01-05,MAN501,Yale,non-Stem,4,21148,61.67
140525183979984,2024-03-19,MAN401,Yale,non-Stem,4,15016,62.14
140525183977360,2024-03-26,MAN401,Yale,non-Stem,3,15467,45.72
140525183990672,2024-01-21,MAN501,Yale,non-Stem,4,21224,57.95
140525183979280,2024-05-05,MAN401,Yale,non-Stem,5,,
140525183987472,2024-07-21,MAN501,Yale,non-Stem,5,20401,58.3
140525183989648,2024-07-03,MAN501,Yale,non-Stem,4,20844,77.66
140525183980560,2024-06-24,MAN401,Yale,non-Stem,5,17759,48.63
140525183976912,2024-04-23,MAN401,Yale,non-Stem,4,,
140525183975888,2024-03-21,MAN401,Yale,non-Stem,5,15249,67.59
140525183986448,2024-01-23,MAN401,Yale,non-Stem,3,15870,80.82
140525183988368,2024-01-28,MAN401,Yale,non-Stem,5,15415,70.06
140525183989520,2024-01-31,MAN401,Yale,non-Stem,4,15124,69.79
140525183980304,2024-02-04,MAN401,Yale,non-Stem,5,16933,66.79
140525183981008,2024-01-14,MAN401,Yale,non-Stem,4,15295,48.52
140525183975696,2024-04-08,MAN401,Yale,non-Stem,5,15709,45.49
140525183978384,2024-04-05,MAN401,Yale,non-Stem,3,15035,70.93
140525183988688,2024-10-29,MAN401,Yale,non-Stem,4,16263,46.38
140525183989776,2024-01-03,MAN501,Yale,non-Stem,5,21426,68.88
140525183988752,2024-01-17,MAN501,Yale,non-Stem,5,21345,97.61
140525183976400,2024-03-11,MAN501,Yale,non-Stem,2,20024,63.09
140525183987152,2024-01-20,MAN501,Yale,non-Stem,4,20412,69.63
140525183975824,2024-08-07,MAN501,Yale,non-Stem,,23544,73.59
140525183983888,,MAN501,Yale,non-Stem,4,20184,76.81
140525183983760,2024-04-08,MAN401,Yale,non-Stem,5,,
140525183990224,2024-03-27,MAN501,Yale,non-Stem,4,20879,88.0
140525183988880,2024-01-11,MAN401,Yale,non-Stem,,15371,62.18
140525183984016,2024-02-05,MAN501,Yale,non-Stem,5,23517,83.99
140525183986192,,MAN401,Yale,non-Stem,5,15220,75.87
140525183984848,2024-01-30,MAN401,Yale,non-Stem,4,19558,72.08
140525183988944,2024-01-02,MAN401,Yale,non-Stem,5,15202,70.69
140525183978192,2024-01-15,MAN501,Yale,non-Stem,5,20316,70.18
140525183985296,2024-02-06,MAN501,Yale,non-Stem,5,22002,79.96
140525183980432,2024-10-28,MAN501,Yale,non-Stem,5,20116,59.16
140525962406352,2024-05-27,MAN501,Yale,non-Stem,4,20392,72.59
140525962403728,2024-04-26,MAN401,Yale,non-Stem,2,16716,40.73
140525962405648,2024-06-13,MAN501,Yale,non-Stem,4,21313,61.09
140526253025232,2024-01-10,MAN501,Yale,non-Stem,4,21205,88.01
140526253019728,2024-07-09,MAN401,Yale,non-Stem,4,16541,66.53
140525238858128,2024-01-09,MAN501,Yale,non-Stem,3,20152,44.69
140525178904848,2024-07-24,MAN501,Yale,non-Stem,4,20088,84.73
140525178910544,2024-03-31,MAN401,Yale,non-Stem,5,15083,60.0
140525178905360,2024-03-22,MAN401,Yale,non-Stem,5,16806,74.39
140525178899280,2024-03-03,MAN501,Yale,non-Stem,4,22158,81.97
140525178905296,2024-04-25,MAN401,Yale,non-Stem,,16109,51.6
140525178905040,2024-01-14,MAN401,Yale,non-Stem,5,16517,40.61
140525178904912,2024-05-29,MAN401,Yale,non-Stem,4,15101,78.43
140525178907664,2024-02-08,MAN501,Yale,non-Stem,3,20196,69.69
140525178902736,2024-01-06,MAN401,Yale,non-Stem,3,15991,54.04
140525178910480,2024-03-30,MAN401,Yale,non-Stem,4,16127,72.3
140525178903696,2024-03-13,MAN501,Yale,non-Stem,4,21934,57.34
140525178903568,2024-01-11,MAN501,Yale,non-Stem,5,21754,45.88
140525178903312,2024-02-07,MAN501,Yale,non-Stem,5,22048,55.7
140525178912528,2024-03-22,MAN501,Yale,non-Stem,5,20087,83.74
140525178911760,2024-06-04,MAN401,Yale,non-Stem,4,,
140525178905872,2024-03-24,MAN501,Yale,non-Stem,5,20434,73.94
140525178912720,2024-01-24,MAN501,Yale,non-Stem,4,22416,49.19
140525178900368,2024-09-07,MAN401,Yale,non-Stem,5,18444,58.99
140525178911312,2024-03-10,MAN401,Yale,non-Stem,5,17666,75.74
140525178907984,2024-04-22,MAN501,Yale,non-Stem,3,21347,68.82
140525178898448,2024-01-04,MAN401,Yale,non-Stem,3,19321,95.29
140525178906064,2024-09-26,MAN601,Yale,non-Stem,3,25039,40.73
140525178910736,2024-01-24,MAN401,Yale,non-Stem,,16834,41.96
140525178898576,2024-04-14,MAN501,Yale,non-Stem,4,20565,93.17
140525178902864,2024-02-01,MAN401,Yale,non-Stem,4,15823,88.89
140525178899472,2024-06-12,MAN501,Yale,non-Stem,4,21720,82.21
140525178906960,2024-01-30,MAN601,Yale,non-Stem,3,27725,43.83
140525178909264,2024-02-14,MAN401,Yale,non-Stem,4,,
140525178898832,2024-07-26,MAN501,Yale,non-Stem,3,20658,47.86
140525178901776,2024-01-05,MAN501,Yale,non-Stem,4,20063,69.06
140525178897296,2024-04-02,MAN401,Yale,non-Stem,5,17146,53.25
140525178909456,2024-03-25,MAN501,Yale,non-Stem,5,22395,50.7
140525178908368,2024-02-15,MAN401,Yale,non-Stem,,16856,69.73
140525178908432,2024-02-18,MAN501,Yale,non-Stem,4,20325,79.37
140525178907728,2024-05-06,MAN501,Yale,non-Stem,4,20357,65.39
140525178908880,2024-03-16,MAN401,Yale,non-Stem,4,15624,98.01
140525178910672,2024-05-17,MAN401,Yale,non-Stem,5,16693,83.3
140525178898768,2024-01-07,MAN501,Yale,non-Stem,4,22546,70.46
140525178897808,2024-01-05,MAN501,Yale,non-Stem,4,20801,71.99
140525178896976,2024-02-25,MAN501,Yale,non-Stem,3,20827,79.63
140525178909776,2024-03-26,MAN501,Yale,non-Stem,4,20355,61.98
140525178906640,2024-02-13,MAN501,Yale,non-Stem,4,21455,42.17
140525178897680,2024-07-07,MAN501,Yale,non-Stem,5,,
140525178909520,2024-04-22,MAN401,Yale,non-Stem,4,18536,61.92
140525178907216,2024-03-01,MAN401,Yale,non-Stem,,18366,78.09
140525178910864,2024-09-03,MAN401,Yale,non-Stem,5,19366,72.57
140525178904784,2024-02-27,MAN501,Yale,non-Stem,4,21469,78.63
140525178897552,2024-01-18,MAN501,Yale,non-Stem,4,21102,81.93
140525178909008,2024-05-08,MAN401,Yale,non-Stem,5,,
140525178901584,2024-05-07,MAN401,Yale,non-Stem,3,17323,76.33
140525178902160,2024-03-20,MAN401,Yale,non-Stem,4,16110,83.33
140525178908240,2024-01-25,MAN501,Yale,non-Stem,5,20004,63.93
140525178909200,2024-05-31,MAN501,Yale,non-Stem,4,20263,71.94
140525178910928,2024-01-06,MAN401,Yale,non-Stem,5,15812,49.77
140525178907344,2024-01-06,MAN401,Yale,non-Stem,5,15527,44.93
140525178901712,2024-02-06,MAN601,Yale,non-Stem,4,25272,62.82
140525178910032,2024-04-09,MAN501,Yale,non-Stem,4,21822,60.45
140525178899216,2024-04-11,MAN501,Yale,non-Stem,3,20677,57.82
140525178901264,,MAN501,Yale,non-Stem,4,20319,72.47
140525178901904,2024-03-30,MAN401,Yale,non-Stem,5,17055,88.22
140525178907408,2024-09-02,MAN501,Yale,non-Stem,3,,
140525178908112,2024-01-19,MAN401,Yale,non-Stem,5,15548,75.59
140525178911888,2024-02-20,MAN401,Yale,non-Stem,3,15375,65.17
140525178902800,2024-02-05,MAN501,Yale,non-Stem,3,22050,63.88
140525178900112,2024-03-11,MAN401,Yale,non-Stem,5,17031,60.36
140525178911568,2024-03-13,MAN401,Yale,non-Stem,4,15466,57.75
140525178906384,2024-02-08,MAN401,Yale,non-Stem,5,,
140525178896592,2024-09-27,MAN401,Yale,non-Stem,4,15399,53.07
140525178902416,2024-04-22,MAN401,Yale,non-Stem,4,17528,50.09
140525178900624,2024-02-04,MAN501,Yale,non-Stem,5,21077,75.37
140525178903120,2024-01-03,MAN401,Yale,non-Stem,5,15788,71.28
140525178910224,2024-01-06,MAN401,Yale,non-Stem,3,18054,72.82
140525178896528,2024-03-28,MAN401,Yale,non-Stem,5,15183,43.02
140525178904080,2024-04-26,MAN501,Yale,non-Stem,4,20354,59.56
140525178905744,2024-07-02,MAN401,Yale,non-Stem,2,15131,76.37
140525178906896,2024-02-25,MAN401,Yale,non-Stem,2,16864,48.97
140525178898000,2024-02-13,MAN401,Yale,non-Stem,3,16933,75.34
140525178908688,2024-02-01,MAN501,Yale,non-Stem,3,20111,55.39
140525178901008,2024-01-04,MAN501,Yale,non-Stem,2,23548,90.37
140525178905424,2024-03-09,MAN501,Yale,non-Stem,5,,
140525178910992,2024-05-03,MAN501,Yale,non-Stem,4,21429,50.46
140525178896464,2024-07-25,MAN601,Yale,non-Stem,4,25050,56.84
140525178909648,2024-02-10,MAN501,Yale,non-Stem,4,,
140525178910288,2024-03-11,MAN501,Yale,non-Stem,3,,
140525178902608,2024-05-21,MAN501,Yale,non-Stem,2,21861,61.6
140525178898320,,MAN401,Yale,non-Stem,5,15139,87.53
140525178898256,2024-01-23,MAN501,Yale,non-Stem,3,20743,51.64
140525178904464,2024-06-04,MAN501,Yale,non-Stem,4,20213,65.15
140525178905936,2024-02-21,MAN401,Yale,non-Stem,4,16070,47.05
140525178906320,2024-04-01,MAN401,Yale,non-Stem,3,19067,49.64
140525178896720,2024-04-09,MAN401,Yale,non-Stem,3,16826,52.31
140525178902288,2024-01-10,MAN401,Yale,non-Stem,3,15925,64.93
140525178905808,2024-05-22,MAN401,Yale,non-Stem,3,15172,86.89
140525178899088,2024-01-24,MAN401,Yale,non-Stem,4,15193,75.97
140525178900240,2024-01-13,MAN401,Yale,non-Stem,3,16229,77.44
140525178911056,2024-08-29,MAN601,Yale,non-Stem,3,27686,98.13
140525178908816,2024-01-24,MAN501,Yale,non-Stem,3,,
140525178902928,2024-02-12,MAN501,Yale,non-Stem,5,20455,54.86
140525178912272,2024-03-05,MAN401,Yale,non-Stem,4,15805,77.88
140525178909840,2024-05-20,MAN501,Yale,non-Stem,4,20634,62.45
140525178909968,2024-07-01,MAN401,Yale,non-Stem,2,16221,49.58
140525178900880,2024-04-15,MAN401,Yale,non-Stem,5,16778,89.29
140525178906448,2024-02-06,MAN501,Yale,non-Stem,4,23148,76.08
140525178910160,2024-02-23,MAN601,Yale,non-Stem,3,25688,40.62
140525178901072,2024-10-18,MAN401,Yale,non-Stem,4,15524,91.6
140525178901392,2024-04-02,MAN401,Yale,non-Stem,5,18000,45.19
140525178899984,2024-02-23,MAN501,Yale,non-Stem,3,23076,64.84
140525178897616,2024-03-25,MAN501,Yale,non-Stem,5,21564,64.64
140525178909392,2024-08-22,MAN401,Yale,non-Stem,4,16413,77.95
140525178911440,2024-04-16,MAN401,Yale,non-Stem,4,17520,72.58
140525181375184,2024-04-16,MAN401,Yale,non-Stem,5,,
140525181384400,2024-01-25,MAN401,Yale,non-Stem,4,15981,78.62
140525181371408,2024-02-14,MAN401,Yale,non-Stem,5,17131,71.0
140525181386064,2024-01-17,MAN501,Yale,non-Stem,3,,
140525181382864,2024-05-19,MAN501,Yale,non-Stem,5,20347,61.17
140525181372496,2024-02-03,MAN501,Yale,non-Stem,3,20817,85.36
140525181376656,2024-04-06,MAN501,Yale,non-Stem,5,23232,66.46
140525181377488,2024-01-03,MAN401,Yale,non-Stem,4,16316,75.15
140525181378448,2024-02-22,MAN401,Yale,non-Stem,3,15241,65.14
140525181380304,2024-04-12,MAN601,Yale,non-Stem,4,25585,83.74
140525181383632,2024-05-27,MAN501,Yale,non-Stem,4,20924,81.74
140525181378000,2024-03-26,MAN401,Yale,non-Stem,2,17096,58.82
140525181371600,2024-06-24,MAN401,Yale,non-Stem,4,15095,70.53
140525181384272,2024-02-06,MAN401,Yale,non-Stem,5,15834,80.15
140525181372752,2024-01-03,MAN501,Yale,non-Stem,3,21631,76.73
140525181383760,2024-05-31,MAN401,Yale,non-Stem,4,15323,64.85
140525181384976,2024-03-30,MAN401,Yale,non-Stem,5,15580,66.03
140525181378192,2024-04-22,MAN401,Yale,non-Stem,3,15559,94.9
140525181377168,2024-01-26,MAN401,Yale,non-Stem,5,15426,69.01
140525181373200,2024-05-24,MAN401,Yale,non-Stem,5,15606,67.42
140525181380944,2024-02-27,MAN501,Yale,non-Stem,4,20934,72.38
140525181373264,2024-01-23,MAN501,Yale,non-Stem,5,21742,77.06
140525181386448,2024-02-08,MAN401,Yale,non-Stem,5,15446,72.29
140525181376400,2024-03-15,MAN401,Yale,non-Stem,5,15403,73.5
140525181373008,2024-03-07,MAN501,Yale,non-Stem,2,20199,50.09
140525181371472,2024-03-03,MAN401,Yale,non-Stem,5,18105,63.26
140525181381328,2024-04-16,MAN501,Yale,non-Stem,2,22894,91.46
140525181384144,2024-03-03,MAN501,Yale,non-Stem,4,,
140525181372688,2024-04-08,MAN501,Yale,non-Stem,5,21160,64.37
140525181378704,2024-08-16,MAN401,Yale,non-Stem,5,18276,76.95
140525181374288,2024-01-21,MAN401,Yale,non-Stem,4,15470,92.49
140525181381456,2024-01-23,MAN401,Yale,non-Stem,5,17075,55.93
140525181378064,2024-02-19,MAN501,Yale,non-Stem,4,21258,78.7
140525181385360,2024-02-03,MAN401,Yale,non-Stem,4,15644,41.44
140525181370576,2024-08-04,MAN501,Yale,non-Stem,5,,
140525181384016,2024-06-30,MAN501,Yale,non-Stem,4,21890,55.19
140525181374224,2024-01-22,MAN501,Yale,non-Stem,4,20230,56.03
140525181386384,2024-10-05,MAN401,Yale,non-Stem,3,16758,56.58
140525181383504,2024-02-05,MAN401,Yale,non-Stem,3,15953,43.19
140525181374608,2024-03-08,MAN501,Yale,non-Stem,5,,
140525181385040,2024-04-05,MAN501,Yale,non-Stem,3,22726,81.8
140525181380368,2024-05-22,MAN501,Yale,non-Stem,4,21270,52.24
140525181377296,2024-03-07,MAN501,Yale,non-Stem,4,21066,40.0
140525181386256,2024-04-06,MAN501,Yale,non-Stem,5,21454,70.84
140525181385232,2024-01-12,MAN501,Yale,non-Stem,4,20948,52.09
140525181383312,2024-01-09,MAN401,Yale,non-Stem,3,16512,56.42
140525181377104,2024-03-22,MAN401,Yale,non-Stem,3,16879,57.82
140525181371856,2024-05-30,MAN401,Yale,non-Stem,4,15499,84.05
140525181378576,,MAN401,Yale,non-Stem,3,15152,68.66
140525181382096,2024-04-19,MAN401,Yale,non-Stem,3,16675,49.54
140525181382800,2024-03-13,MAN501,Yale,non-Stem,5,21640,51.14
140525181380432,,MAN501,Yale,non-Stem,4,21338,55.79
140525181381200,2024-10-29,MAN401,Yale,non-Stem,4,15208,64.12
140525181376080,2024-02-10,MAN401,Yale,non-Stem,5,15555,65.71
140525181384080,2024-02-18,MAN401,Yale,non-Stem,3,,
140525181374160,2024-01-16,MAN401,Yale,non-Stem,5,16383,48.22
140525181380752,2024-12-20,MAN601,Yale,non-Stem,5,,
140525181378256,2024-07-13,MAN501,Yale,non-Stem,4,20407,77.22
140525181386128,2024-01-04,MAN501,Yale,non-Stem,5,21838,41.17
140525181378960,2024-02-04,MAN501,Yale,non-Stem,4,20258,78.88
140525181384464,2024-05-26,MAN401,Yale,non-Stem,4,15080,59.66
140525181371920,2024-01-28,MAN501,Yale,non-Stem,4,21893,68.79
140525181377680,2024-01-24,MAN501,Yale,non-Stem,3,22574,75.07
140525181383248,2024-02-05,MAN401,Yale,non-Stem,3,15177,61.28
140525181376912,2024-06-14,MAN501,Yale,non-Stem,4,20907,95.24
140525181383568,2024-03-25,MAN501,Yale,non-Stem,3,20853,53.68
140525181380240,2024-02-26,MAN401,Yale,non-Stem,4,16540,72.19
140525181381712,2024-02-21,MAN401,Yale,non-Stem,5,16384,46.85
140525181379280,2024-02-22,MAN501,Yale,non-Stem,3,,
140525181382352,2024-04-24,MAN501,Yale,non-Stem,2,20257,56.45
140525181384336,2024-02-03,MAN501,Yale,non-Stem,4,21562,87.04
140525181384784,2024-06-13,MAN401,Yale,non-Stem,5,15457,75.06
140525181370704,2024-04-01,MAN401,Yale,non-Stem,5,16605,60.5
140525181370896,,MAN401,Yale,non-Stem,5,16419,68.37
140525181373968,2024-03-05,MAN401,Yale,non-Stem,4,15702,63.7
140525181371984,2024-03-03,MAN401,Yale,non-Stem,,16898,69.48
140525181375760,2024-01-02,MAN401,Yale,non-Stem,,15793,63.56
140525181378320,2024-06-22,MAN501,Yale,non-Stem,,20876,48.97
140525181374480,2024-02-21,MAN501,Yale,non-Stem,4,23088,61.1
140525181383888,2024-07-21,MAN501,Yale,non-Stem,5,21267,66.89
140525181381584,2024-01-18,MAN401,Yale,non-Stem,4,17574,67.67
140525181381776,2024-01-16,MAN401,Yale,non-Stem,4,15197,62.23
140525181379024,2024-01-19,MAN501,Yale,non-Stem,4,20131,58.27
140525181380176,2024-05-19,MAN401,Yale,non-Stem,5,,
140525181385488,2024-04-23,MAN401,Yale,non-Stem,4,17966,72.65
140525181370960,2024-01-11,MAN601,Yale,non-Stem,5,25342,90.02
140525181385808,2024-03-20,MAN501,Yale,non-Stem,5,20839,85.87
140525181372944,2024-03-24,MAN401,Yale,non-Stem,4,,
140525181374928,2024-04-30,MAN501,Yale,non-Stem,4,23885,62.02
140525181382416,2024-03-20,MAN401,Yale,non-Stem,5,15549,44.24
140525181374416,2024-05-01,MAN501,Yale,non-Stem,3,20554,70.42
140525181386000,2024-04-03,MAN401,Yale,non-Stem,3,15268,74.18
140525181377744,2024-06-25,MAN601,Yale,non-Stem,3,27835,51.02
140525181381008,2024-02-03,MAN501,Yale,non-Stem,2,22103,69.96
140525181384656,2024-03-14,MAN501,Yale,non-Stem,4,23818,87.88
140525181381840,2024-04-04,MAN501,Yale,non-Stem,5,22529,79.14
140525181382992,2024-03-14,MAN401,Yale,non-Stem,4,17416,62.77
140525181378512,2024-08-23,MAN501,Yale,non-Stem,3,21804,72.1
140525181384592,2024-04-06,MAN401,Yale,non-Stem,3,15088,70.11
140525181378128,2024-10-07,MAN401,Yale,non-Stem,5,15630,70.04
140525181379728,2024-03-01,MAN501,Yale,non-Stem,5,20329,46.0
140525181380624,2024-07-24,MAN501,Yale,non-Stem,5,21824,64.34
140525179063312,2024-02-19,MAN501,Yale,non-Stem,5,20405,85.41
140525179061008,2024-06-08,MAN401,Yale,non-Stem,4,15103,80.19
140525179073872,2024-01-08,MAN601,Yale,non-Stem,3,25395,78.72
140525179072656,2024-03-14,MAN401,Yale,non-Stem,4,18204,55.86
140525179067984,2024-04-15,MAN501,Yale,non-Stem,5,22339,71.3
140525179072720,2024-03-08,MAN401,Yale,non-Stem,3,15330,54.2
140525179068752,,MAN501,Yale,non-Stem,3,22479,64.62
140525179067024,2024-10-11,MAN501,Yale,non-Stem,4,20536,82.42
140525179069840,2024-01-24,MAN501,Yale,non-Stem,5,21345,64.11
140525179060560,2024-01-03,MAN401,Yale,non-Stem,5,16037,55.68
140525179061200,2024-02-25,MAN401,Yale,non-Stem,3,17418,72.24
140525179067216,2024-02-28,MAN501,Yale,non-Stem,4,21281,71.7
140525179069712,2024-03-15,MAN501,Yale,non-Stem,5,,
140525179068880,2024-03-18,MAN401,Yale,non-Stem,3,16623,76.71
140525179066192,2024-03-07,MAN401,Yale,non-Stem,5,16377,69.99
140525179067152,2024-01-18,MAN401,Yale,non-Stem,4,15349,50.58
140525179073680,2024-03-07,MAN401,Yale,non-Stem,4,,
140525179067600,2024-08-20,MAN501,Yale,non-Stem,3,20767,59.54
140525179073104,2024-04-16,MAN501,Yale,non-Stem,5,23163,44.44
140525179062288,2024-08-24,MAN401,Yale,non-Stem,5,15562,77.99
140525179064976,2024-05-13,MAN401,Yale,non-Stem,4,,
140525179062224,2024-03-07,MAN501,Yale,non-Stem,4,20212,84.8
140525179066384,2024-05-12,MAN401,Yale,non-Stem,4,15405,92.8
140525179065808,2024-05-26,MAN501,Yale,non-Stem,5,21408,50.36
140525179061392,2024-01-31,MAN401,Yale,non-Stem,4,15315,69.45
140525179072976,2024-10-09,MAN501,Yale,non-Stem,4,21899,56.29
140525179068944,2024-04-22,MAN601,Yale,non-Stem,4,25610,64.65
140525179062480,2024-04-17,MAN401,Yale,non-Stem,4,16287,98.57
140525179066704,2024-05-02,MAN501,Yale,non-Stem,3,20189,80.84
140525179074576,2024-01-17,MAN501,Yale,non-Stem,5,21679,61.3
140525179075472,2024-06-14,MAN401,Yale,non-Stem,4,16667,43.99
140525179074256,2024-02-14,MAN501,Yale,non-Stem,4,20467,43.29
140525179061904,2024-02-05,MAN501,Yale,non-Stem,5,20203,47.96
140525179062352,2024-06-12,MAN401,Yale,non-Stem,5,16153,82.81
140525179071504,2024-04-14,MAN401,Yale,non-Stem,3,15042,92.63
140525179074832,2024-02-13,MAN501,Yale,non-Stem,5,21680,96.02
140525179073040,2024-07-08,MAN501,Yale,non-Stem,4,21616,85.68
140525179074960,2024-02-04,MAN501,Yale,non-Stem,5,,
140525179064336,2024-02-25,MAN501,Yale,non-Stem,5,20446,59.11
140525179068176,2024-01-19,MAN601,Yale,non-Stem,5,26528,75.54
140525179064464,2024-02-09,MAN401,Yale,non-Stem,5,17227,56.07
140525179071056,2024-03-07,MAN501,Yale,non-Stem,3,,
140525179075856,2024-05-22,MAN501,Yale,non-Stem,2,21191,67.96
140525179062160,2024-03-05,MAN501,Yale,non-Stem,5,21245,56.83
140525179065552,2024-02-24,MAN501,Yale,non-Stem,4,20002,72.53
140525179070032,2024-07-28,MAN401,Yale,non-Stem,5,15845,63.65
140525179074320,2024-01-05,MAN401,Yale,non-Stem,,16116,56.58
140525179073296,2024-03-29,MAN501,Yale,non-Stem,4,21872,53.27
140525179074000,2024-04-11,MAN501,Yale,non-Stem,4,,
140525179070736,2024-01-05,MAN501,Yale,non-Stem,3,,
140525179070992,2024-01-12,MAN501,Yale,non-Stem,4,,
140525179063248,2024-05-04,MAN501,Yale,non-Stem,5,21377,58.66
140525179060432,2024-02-03,MAN501,Yale,non-Stem,4,20306,66.13
140525179075536,2024-05-22,MAN401,Yale,non-Stem,3,15233,71.15
140525179068112,2024-03-30,MAN401,Yale,non-Stem,3,17034,76.93
140525179072784,2024-02-25,MAN501,Yale,non-Stem,5,20455,76.25
140525179070864,2024-02-15,MAN501,Yale,non-Stem,3,20935,78.51
140525179067280,2024-08-13,MAN501,Yale,non-Stem,5,21899,66.25
140525179073808,2024-04-30,MAN501,Yale,non-Stem,5,21432,49.22
140525179062992,2024-02-28,MAN501,Yale,non-Stem,5,20795,80.4
140525179063696,2024-01-24,MAN501,Yale,non-Stem,5,22027,72.88
140525179062800,2024-01-10,MAN401,Yale,non-Stem,5,15214,77.35
140525179075088,2024-02-24,MAN401,Yale,non-Stem,3,15142,44.75
140525179074896,2024-04-29,MAN501,Yale,non-Stem,5,20866,76.08
140525179064848,2024-05-07,MAN401,Yale,non-Stem,4,15674,84.72
140525179060880,2024-02-14,MAN501,Yale,non-Stem,4,,
140525179076112,2024-03-31,MAN401,Yale,non-Stem,4,16666,60.98
140525179070608,2024-06-27,MAN401,Yale,non-Stem,3,17273,61.36
140525179074448,2024-01-24,MAN401,Yale,non-Stem,4,15851,41.46
140525179073232,2024-01-27,MAN401,Yale,non-Stem,5,18598,65.58
140525179067344,2024-05-05,MAN501,Yale,non-Stem,4,21933,79.69
140525179064208,2024-02-19,MAN501,Yale,non-Stem,4,22450,68.9
140525179072912,2024-03-11,MAN501,Yale,non-Stem,5,22840,57.95
140525179075216,2024-06-27,MAN501,Yale,non-Stem,4,21978,48.59
140525179063056,2024-05-01,MAN501,Yale,non-Stem,4,20513,73.04
140525179071888,2024-03-03,MAN401,Yale,non-Stem,,15471,82.08
140525179069968,2024-02-16,MAN501,Yale,non-Stem,4,20749,92.16
140525179062736,2024-05-10,MAN401,Yale,non-Stem,4,15414,87.41
140525179062416,2024-04-26,MAN501,Yale,non-Stem,5,21906,54.59
140525179065744,2024-05-16,MAN401,Yale,non-Stem,3,15796,52.14
140525179066896,2024-05-23,MAN501,Yale,non-Stem,,20010,85.32
140525179075920,2024-01-19,MAN501,Yale,non-Stem,5,20069,82.18
140525179067728,2024-04-28,MAN401,Yale,non-Stem,,17711,59.27
140525179069648,2024-01-29,MAN401,Yale,non-Stem,4,16768,81.91
140525179072400,2024-08-25,MAN601,Yale,non-Stem,4,,
140525179072080,2024-04-21,MAN501,Yale,non-Stem,2,20495,79.92
140525179072144,2024-02-19,MAN401,Yale,non-Stem,5,18487,47.21
140525179063504,2024-04-07,MAN501,Yale,non-Stem,5,20078,52.16
140525179066320,2024-02-06,MAN401,Yale,non-Stem,4,16421,67.0
140525179073552,,MAN401,Yale,non-Stem,3,15413,72.1
140525179070416,2024-02-09,MAN401,Yale,non-Stem,4,16357,76.34
140525179069008,2024-09-22,MAN401,Yale,non-Stem,4,16790,82.72
140525179073424,2024-05-07,MAN401,Yale,non-Stem,4,18365,62.29
140525179073488,2024-04-24,MAN501,Yale,non-Stem,3,20371,95.49
140525179076496,2024-04-19,MAN501,Yale,non-Stem,5,24040,89.56
140525179076240,2024-02-05,MAN401,Yale,non-Stem,5,16668,47.87
140525185280848,2024-03-30,MAN501,Yale,non-Stem,4,21714,57.74
140525185284880,2024-02-01,MAN401,Yale,non-Stem,4,18085,66.58
140525185282128,2024-03-01,MAN401,Yale,non-Stem,4,18469,40
140525185285008,2024-01-30,MAN501,Yale,non-Stem,5,21535,63.69
140525185285392,2024-03-26,MAN501,Yale,non-Stem,4,22609,48.3
140525185284560,2024-04-22,MAN401,Yale,non-Stem,4,16611,59.75
140525185286032,2024-02-16,MAN501,Yale,non-Stem,4,20766,80.3
140525185285136,2024-01-19,MAN401,Yale,non-Stem,3,17363,70.38
140525185280784,2024-02-15,MAN501,Yale,non-Stem,5,23258,90.41
140525184389264,2024-01-16,MAN601,Yale,non-Stem,5,28012,91.69
140525184399888,2024-01-02,MAN501,Yale,non-Stem,3,,
140525184399248,2024-01-09,MAN601,Yale,non-Stem,3,28917,85.93
140525184399376,2024-06-14,MAN401,Yale,non-Stem,4,16887,74.82
140525184399632,2024-01-28,MAN501,Yale,non-Stem,4,21499,46.38
140525184385488,2024-02-01,MAN401,Yale,non-Stem,4,15780,67.56
140525184385104,2024-02-07,MAN401,Yale,non-Stem,5,15352,70.22
140525184393808,2024-01-27,MAN401,Yale,non-Stem,4,15434,67.95
140525184391312,2024-01-23,MAN501,Yale,non-Stem,3,20967,98.34
140525184393744,2024-01-08,MAN501,Yale,non-Stem,4,20692,46.68
140525184395344,2024-02-09,MAN501,Yale,non-Stem,5,22465,83.67
140525184401360,2024-11-07,MAN401,Yale,non-Stem,,15757,75.08
140525184389456,2024-05-17,MAN401,Yale,non-Stem,4,15559,48.16
140525184396496,2024-09-29,MAN401,Yale,non-Stem,2,15370,89.27
140525184389072,2024-02-06,MAN401,Yale,non-Stem,4,15981,74.54
140525184392464,2024-02-21,MAN401,Yale,non-Stem,4,15390,63.8
140525184396112,2024-08-05,MAN501,Yale,non-Stem,5,20885,53.49
140525184394576,2024-08-27,MAN401,Yale,non-Stem,4,15096,61.68
140525184400080,2024-03-21,MAN401,Yale,non-Stem,5,16946,47.43
140525184387472,2024-06-12,MAN401,Yale,non-Stem,3,15254,61.68
140525184400400,,MAN401,Yale,non-Stem,4,15291,64.28
140525184394960,2024-02-07,MAN401,Yale,non-Stem,5,15856,65.53
140525184386384,2024-01-08,MAN401,Yale,non-Stem,4,18498,65.25
140525184395792,2024-01-23,MAN601,Yale,non-Stem,,27930,94.24
140525184386768,2024-01-22,MAN501,Yale,non-Stem,5,20100,76.66
140525184393040,2024-01-13,MAN501,Yale,non-Stem,5,20186,48.75
140525184391760,2024-04-17,MAN501,Yale,non-Stem,4,,
140525184400912,2024-03-15,MAN501,Yale,non-Stem,4,20124,65.85
140525184400592,2024-03-28,MAN501,Yale,non-Stem,3,22273,66.33
140525184392272,2024-01-08,MAN501,Yale,non-Stem,,20267,84.3
140525184398544,2024-03-19,MAN501,Yale,non-Stem,4,20420,76.07
140525184397008,2024-01-06,MAN401,Yale,non-Stem,4,17359,54.9
140525184396560,2024-01-25,MAN601,Yale,non-Stem,4,27339,51.81
140525184401168,2024-02-11,MAN501,Yale,non-Stem,4,20765,63.07
140525184392208,2024-04-29,MAN401,Yale,non-Stem,5,15315,63.84
140525184390480,2024-03-12,MAN401,Yale,non-Stem,,15429,89.22
140525184387216,,MAN401,Yale,non-Stem,4,,
140525184392080,2024-04-30,MAN401,Yale,non-Stem,3,16873,61.53
140525184397520,2024-03-18,MAN501,Yale,non-Stem,5,21241,55.14
140525184391184,2024-01-27,MAN501,Yale,non-Stem,4,22225,60.2
140525184391824,2024-04-02,MAN401,Yale,non-Stem,5,17306,53.91
140525184385936,2024-02-12,MAN401,Yale,non-Stem,4,17676,66.05
140525184389904,2024-04-23,MAN401,Yale,non-Stem,5,16248,47.9
140525184386960,2024-01-30,MAN401,Yale,non-Stem,4,16223,91.34
140525184385232,2024-03-10,MAN401,Yale,non-Stem,4,16200,78.07
140525184392592,2024-06-29,MAN401,Yale,non-Stem,4,15295,55.06
140525184394064,2024-01-06,MAN601,Yale,non-Stem,5,27253,71.91
140525184390736,2024-02-22,MAN401,Yale,non-Stem,3,,
140525184392528,2024-06-08,MAN501,Yale,non-Stem,4,20059,76.07
140525184389712,2024-05-23,MAN401,Yale,non-Stem,3,16141,63.21
140525184394448,2024-07-06,MAN601,Yale,non-Stem,,25335,80.43
140525184387536,2024-03-06,MAN401,Yale,non-Stem,3,17045,78.9
140525184392784,2024-04-15,MAN401,Yale,non-Stem,5,15661,42.27
140525184397712,2024-08-15,MAN501,Yale,non-Stem,5,,
140525184385424,2024-01-14,MAN501,Yale,non-Stem,5,20568,71.5
140525184385680,2024-08-06,MAN401,Yale,non-Stem,5,16988,76.17
140525184400272,2024-04-22,MAN501,Yale,non-Stem,3,,
140525184388688,2024-01-06,MAN401,Yale,non-Stem,4,17198,81.34
140525184391952,2024-02-22,MAN601,Yale,non-Stem,5,25447,55.08
140525184397584,2024-01-29,MAN401,Yale,non-Stem,4,15464,49.44
140525184400016,2024-02-28,MAN401,Yale,non-Stem,4,15563,71.83
140525184393488,2024-03-12,MAN401,Yale,non-Stem,3,15534,51.09
140525184394320,2024-03-06,MAN501,Yale,non-Stem,5,20161,77.06
140525184392336,2024-02-17,MAN501,Yale,non-Stem,4,22119,82.52
140525184400656,2024-04-05,MAN601,Yale,non-Stem,4,25746,79.46
140525184390672,2024-08-27,MAN601,Yale,non-Stem,5,26014,52.07
140525184400784,2024-01-22,MAN501,Yale,non-Stem,3,23118,61.23
140525184401040,2024-01-22,MAN401,Yale,non-Stem,4,15673,54.45
140525184393232,2024-01-16,MAN501,Yale,non-Stem,4,20735,66.13
140525184391248,2024-09-10,MAN501,Yale,non-Stem,4,,
140525184394512,2024-03-09,MAN401,Yale,non-Stem,5,16839,67.84
140525184394000,2024-02-18,MAN401,Yale,non-Stem,4,17030,55.66
140525184398224,2024-02-06,MAN401,Yale,non-Stem,3,18063,67.79
140525184397776,2024-07-25,MAN401,Yale,non-Stem,5,15455,81.06
140525184398736,2024-04-21,MAN401,Yale,non-Stem,,16171,76.75
140525184389968,2024-05-11,MAN401,Yale,non-Stem,4,16170,86.21
140525184390288,2024-01-20,MAN501,Yale,non-Stem,4,21096,63.65
140525184389520,2024-02-01,MAN501,Yale,non-Stem,3,20159,41.19
140525184387408,2024-01-13,MAN401,Yale,non-Stem,4,16183,54.61
140525184390928,2024-04-08,MAN401,Yale,non-Stem,5,,
140525184388240,2024-01-27,MAN401,Yale,non-Stem,5,,
140525184395024,2024-06-08,MAN401,Yale,non-Stem,4,18544,64.32
140525184386448,2024-02-23,MAN501,Yale,non-Stem,4,20844,82.52
140525184388816,2024-01-07,MAN601,Yale,non-Stem,4,25891,71.39
140525184396368,2024-04-08,MAN401,Yale,non-Stem,,16067,59.3
140525184395216,2024-05-11,MAN401,Yale,non-Stem,4,15280,74.84
140525184395600,2024-04-14,MAN401,Yale,non-Stem,4,18068,44.81
140525184396304,2024-04-13,MAN401,Yale,non-Stem,3,15732,97.46
140525184399568,2024-06-01,MAN401,Yale,non-Stem,3,16874,98.29
140525184395088,2024-02-03,MAN401,Yale,non-Stem,4,15181,69.25
140525184393552,2024-06-29,MAN401,Yale,non-Stem,3,16365,71.34
140525184398992,2024-01-31,MAN401,Yale,non-Stem,3,15381,98.56
140525184388560,2024-02-07,MAN601,Yale,non-Stem,3,26209,57.0
140525184386128,2024-05-13,MAN501,Yale,non-Stem,4,20574,85.5
140525184399824,2024-02-03,MAN501,Yale,non-Stem,4,20289,85.64
140525184392976,2024-06-10,MAN401,Yale,non-Stem,5,15200,81.54
140525184400144,2024-09-06,MAN501,Yale,non-Stem,4,23991,42.79
140525184386512,2024-02-17,MAN401,Yale,non-Stem,5,16802,76.33
140525184398032,2024-05-19,MAN401,Yale,non-Stem,2,15307,53.67
140525141864016,2024-06-17,MAN401,Yale,non-Stem,4,16185,53.73
140525141866192,2024-01-16,MAN501,Yale,non-Stem,4,20320,43.65
140525141857680,2024-02-05,MAN401,Yale,non-Stem,3,16207,54.49
140525141859728,2024-10-19,MAN501,Yale,non-Stem,5,20174,97.83
140525141856912,2024-04-11,MAN401,Yale,non-Stem,4,17712,61.02
140525141861712,2024-02-29,MAN401,Yale,non-Stem,5,17920,79.66
140525141867152,2024-04-23,MAN401,Yale,non-Stem,4,16685,93.82
140525141860752,2024-09-07,MAN401,Yale,non-Stem,4,16438,74.4
140525141860496,2024-02-07,MAN601,Yale,non-Stem,5,27756,89.34
140525141868176,2024-02-07,MAN401,Yale,non-Stem,4,15538,40.07
140525141858704,2024-01-13,MAN501,Yale,non-Stem,5,15000,68.23
140525141861008,2024-02-03,MAN401,Yale,non-Stem,4,15126,55.68
140525141857936,2024-03-13,MAN501,Yale,non-Stem,3,20788,58.94
140525141858960,2024-05-30,MAN401,Yale,non-Stem,4,,
140525141854416,,MAN601,Yale,non-Stem,4,25578,77.3
140525141857168,2024-01-09,MAN401,Yale,non-Stem,4,15233,96.9
140525141852624,2024-05-27,MAN401,Yale,non-Stem,4,15744,47.8
140525141856208,2024-01-28,MAN401,Yale,non-Stem,5,15327,73.8
140525141852368,2024-01-04,MAN501,Yale,non-Stem,5,20034,91.0
140525141863248,2024-03-02,MAN501,Yale,non-Stem,3,,
140525141855184,2024-02-26,MAN501,Yale,non-Stem,4,21938,75.44
140525141859216,2024-03-23,MAN501,Yale,non-Stem,5,21865,82.04
140525141855440,2024-07-30,MAN401,Yale,non-Stem,4,18299,70.44
140525141859472,2024-02-21,MAN501,Yale,non-Stem,5,20218,74.95
140525141855696,2024-02-25,MAN501,Yale,non-Stem,5,21321,76.69
140525141862480,2024-04-30,MAN501,Yale,non-Stem,4,22175,92.9
140525141862224,2024-03-16,MAN401,Yale,non-Stem,2,17277,76.85
140525141861456,2024-03-29,MAN501,Yale,non-Stem,3,20086,74.67
140525141853136,2024-04-10,MAN401,Yale,non-Stem,5,15258,85.41
140525141854160,2024-01-04,MAN501,Yale,non-Stem,5,20665,66.32
140525141865232,2024-02-03,MAN501,Yale,non-Stem,4,20295,58.89
140525138063760,2024-02-06,MAN401,Yale,non-Stem,5,15086,69.33
140525138053776,2024-03-16,MAN401,Yale,non-Stem,3,,
140525138054800,2024-04-29,MAN401,Yale,non-Stem,5,15251,70.13
140525138055824,2024-01-25,MAN501,Yale,non-Stem,4,20292,77.5
140525138066512,2024-04-07,MAN401,Yale,non-Stem,4,,
140525138062992,2024-01-10,MAN501,Yale,non-Stem,3,23493,71.43
140525138065040,2024-05-03,MAN501,Yale,non-Stem,3,20871,53.59
140525138056336,2024-05-15,MAN401,Yale,non-Stem,5,15267,58.9
140525138065296,2024-02-23,MAN501,Yale,non-Stem,4,21412,55.01
140525138056592,2024-06-01,MAN401,Yale,non-Stem,5,17170,57.8
140525138061456,2024-02-25,MAN401,Yale,non-Stem,2,15279,69.92
140525138052496,2024-02-25,MAN501,Yale,non-Stem,4,20687,63.29
140525138056848,2024-08-02,MAN501,Yale,non-Stem,3,20668,90.11
140525138055568,2024-01-11,MAN401,Yale,non-Stem,4,15569,62.06
140525138058384,2024-06-08,MAN501,Yale,non-Stem,5,20542,62.81
140525138065744,2024-02-07,MAN501,Yale,non-Stem,3,20367,81.54
140525138060944,2024-05-30,MAN401,Yale,non-Stem,4,16540,60.4
140525138051984,2024-01-29,MAN401,Yale,non-Stem,4,15631,59.0
140525138062480,2024-03-05,MAN501,Yale,non-Stem,5,20989,77.82
140525138062736,2024-04-25,MAN501,Yale,non-Stem,4,22125,64.49
140525138066768,2024-08-03,MAN501,Yale,non-Stem,5,20312,58.58
140525138052752,2024-04-30,MAN401,Yale,non-Stem,,17419,57.71
140525138057872,2024-01-13,MAN501,Yale,non-Stem,3,20054,65.46
140525138057616,2024-03-31,MAN401,Yale,non-Stem,5,16413,75.95
140525138064016,2024-03-25,MAN501,Yale,non-Stem,,21111,60.91
140525138051472,2024-01-05,MAN401,Yale,non-Stem,,15952,73.46
140525138063504,2024-06-08,MAN501,Yale,non-Stem,4,,
140525138061968,2024-01-19,MAN401,Yale,non-Stem,4,15182,77.0
140525138053520,2024-04-21,MAN501,Yale,non-Stem,5,20055,65.16
140525138059920,2024-03-21,MAN501,Yale,non-Stem,2,22588,68.49
140525138059152,2024-01-28,MAN501,Yale,non-Stem,5,21317,59.11
140525138053264,2024-01-19,MAN401,Yale,non-Stem,5,17674,73.56
140525138058640,2024-01-05,MAN501,Yale,non-Stem,3,,
140525182304336,2024-02-06,MAN401,Yale,non-Stem,4,15590,87.04
140525182309008,2024-03-23,MAN401,Yale,non-Stem,3,15324,96.73
140525182311632,2024-01-22,MAN501,Yale,non-Stem,4,20643,51.86
140525182317968,2024-05-05,MAN401,Yale,non-Stem,3,15208,50.69
140525182304848,2024-03-09,MAN401,Yale,non-Stem,5,15033,69.46
140525182320016,2024-02-14,MAN501,Yale,non-Stem,3,20916,80.86
140525182312592,2024-07-25,MAN501,Yale,non-Stem,,23145,88.12
140525182320400,2024-07-07,MAN601,Yale,non-Stem,4,27901,57.93
140525182305552,2024-05-19,MAN401,Yale,non-Stem,5,,
140525182305936,,MAN401,Yale,non-Stem,5,15578,64.5
140525182307856,2024-03-05,MAN501,Yale,non-Stem,3,21423,70.73
140525182320144,2024-01-16,MAN401,Yale,non-Stem,3,17336,79.85
140525182319120,2024-04-18,MAN401,Yale,non-Stem,3,16891,47.63
140525182307344,2024-01-04,MAN501,Yale,non-Stem,3,21384,76.92
140525182307408,2024-05-22,MAN601,Yale,non-Stem,5,26371,61.6
140525182306960,2024-01-29,MAN401,Yale,non-Stem,4,17825,79.12
140525182317456,2024-01-27,MAN401,Yale,non-Stem,4,15201,60.95
140525182319184,2024-06-26,MAN501,Yale,non-Stem,4,20557,83.3
140525182314448,2024-08-27,MAN501,Yale,non-Stem,5,22285,72.48
140525182315984,2024-01-03,MAN501,Yale,non-Stem,4,20252,56.94
140525182314128,2024-07-31,MAN601,Yale,non-Stem,4,25509,88.77
140525182316624,2024-06-29,MAN601,Yale,non-Stem,5,27714,87.39
140525182306128,2024-03-04,MAN501,Yale,non-Stem,3,,
140525182318416,2024-11-26,MAN601,Yale,non-Stem,4,25476,77.79
140525182306768,2024-01-26,MAN501,Yale,non-Stem,5,,
140525182313040,2024-01-12,MAN401,Yale,non-Stem,4,15776,80.23
140525182307600,2024-05-26,MAN401,Yale,non-Stem,3,15772,76.95
140525182315856,,MAN401,Yale,non-Stem,4,15774,65.47
140525182314640,2024-10-29,MAN401,Yale,non-Stem,4,16639,68.28
140525182312336,2024-03-04,MAN501,Yale,non-Stem,5,20631,62.32
140525182306896,2024-05-23,MAN401,Yale,non-Stem,4,15310,81.47
140525182318992,2024-02-05,MAN501,Yale,non-Stem,4,20522,70.25
140525182311056,,MAN401,Yale,non-Stem,5,,
140525182308048,2024-01-26,MAN401,Yale,non-Stem,4,16725,75.84
140525182304784,2024-05-31,MAN401,Yale,non-Stem,4,15914,50.92
140525182316496,2024-06-10,MAN401,Yale,non-Stem,5,15512,75.22
140525182306256,,MAN501,Yale,non-Stem,3,20006,52.83
140525182311696,2024-08-13,MAN401,Yale,non-Stem,4,15967,88.69
140525182309072,2024-02-19,MAN401,Yale,non-Stem,5,15445,66.4
140525182309328,,MAN501,Yale,non-Stem,4,22154,71.51
140525182316176,2024-01-12,MAN401,Yale,non-Stem,3,16781,64.02
140525182304592,2024-01-28,MAN501,Yale,non-Stem,4,22158,74.3
140525182305040,2024-03-24,MAN401,Yale,non-Stem,3,16393,55.07
140525182305488,2024-06-29,MAN401,Yale,non-Stem,5,16582,69.49
140525182307792,2024-01-16,MAN401,Yale,non-Stem,5,15398,58.15
140525182310288,,MAN501,Yale,non-Stem,4,22188,75.68
140525182316112,2024-03-06,MAN401,Yale,non-Stem,4,15753,43.22
140525182309776,2024-06-06,MAN401,Yale,non-Stem,3,18344,42.44
140525182314896,2024-06-29,MAN501,Yale,non-Stem,3,22781,70.38
140525182308944,2024-01-23,MAN401,Yale,non-Stem,3,,
140525182314064,2024-01-08,MAN501,Yale,non-Stem,,,
140525182313296,2024-02-29,MAN601,Yale,non-Stem,3,,
140525182307728,2024-03-28,MAN501,Yale,non-Stem,4,20619,76.73
140525182319760,2024-07-15,MAN601,Yale,non-Stem,5,26486,81.35
140525182320528,2024-02-19,MAN501,Yale,non-Stem,3,20924,42.49
140525182311376,2024-06-09,MAN501,Yale,non-Stem,3,20007,84.03
140525182320464,2024-05-07,MAN501,Yale,non-Stem,4,20554,71.33
140525182311888,2024-03-05,MAN401,Yale,non-Stem,5,15037,57.48
140525182313680,2024-06-27,MAN401,Yale,non-Stem,5,15975,58.26
140525182315472,2024-04-21,MAN401,Yale,non-Stem,3,15798,64.64
140525182307024,2024-03-10,MAN501,Yale,non-Stem,4,21634,70.39
140525182308624,2024-01-06,MAN501,Yale,non-Stem,5,23268,88.79
140525182315344,2024-05-13,MAN501,Yale,non-Stem,5,20064,75.65
140525182307472,2024-02-13,MAN501,Yale,non-Stem,4,21450,84.5
140525182306512,2024-01-02,MAN401,Yale,non-Stem,4,17541,60.83
140525182304464,2024-03-24,MAN401,Yale,non-Stem,3,16545,62.62
140525182306064,2024-04-27,MAN401,Yale,non-Stem,4,16861,69.94
140525182307216,2024-06-10,MAN401,Yale,non-Stem,4,15966,70.75
140525182311120,2024-08-22,MAN401,Yale,non-Stem,3,18572,71.01
140525182314832,2024-01-16,MAN501,Yale,non-Stem,5,22531,51.16
140525182319632,2024-08-01,MAN501,Yale,non-Stem,5,21120,49.83
140525182316880,2024-01-22,MAN401,Yale,non-Stem,5,16347,63.77
140525182315600,2024-06-18,MAN401,Yale,non-Stem,2,15420,51.95
140525182314960,2024-04-28,MAN401,Yale,non-Stem,3,15469,80.96
140525182311440,2024-06-12,MAN601,Yale,non-Stem,4,27697,50.72
140525182313936,2024-03-23,MAN401,Yale,non-Stem,4,15334,87.81
140525182312656,2024-07-10,MAN401,Yale,non-Stem,5,16889,82.91
140525182317200,2024-02-04,MAN401,Yale,non-Stem,4,,
140525182305360,2024-03-27,MAN401,Yale,non-Stem,4,15206,56.4
140525182314000,2024-01-12,MAN501,Yale,non-Stem,4,20932,60.56
140525182306576,2024-01-11,MAN501,Yale,non-Stem,5,20135,65.37
140525182317392,2024-01-26,MAN501,Yale,non-Stem,5,20519,88.92
140525182313616,2024-05-31,MAN501,Yale,non-Stem,5,21816,92.65
140525182308432,2024-01-09,MAN401,Yale,non-Stem,5,17591,87.86
140525182309904,2024-04-02,MAN501,Yale,non-Stem,4,22842,68.34
140525182313808,2024-03-02,MAN501,Yale,non-Stem,5,21065,71.39
140525182307280,2024-04-17,MAN401,Yale,non-Stem,3,17559,97.65
140525182306000,2024-02-06,MAN501,Yale,non-Stem,5,23920,68.38
140525182318160,2024-01-23,MAN401,Yale,non-Stem,2,16179,72.81
140525182318224,2024-06-27,MAN501,Yale,non-Stem,2,20304,45.14
140525182309584,2024-02-26,MAN401,Yale,non-Stem,4,16087,86.64
140525182320272,2024-03-03,MAN501,Yale,non-Stem,5,23804,76.26
140525182312208,2024-05-31,MAN601,Yale,non-Stem,4,26601,67.84
140525182318864,2024-01-03,MAN401,Yale,non-Stem,5,18555,80.14
140525182308560,2024-08-09,MAN401,Yale,non-Stem,4,15298,79.22
140525182305296,2024-01-25,MAN401,Yale,non-Stem,5,15135,79.65
140525182317712,2024-05-08,MAN501,Yale,non-Stem,3,20017,52.6
140525182315728,2024-05-15,MAN401,Yale,non-Stem,4,16124,71.23
140525182315408,2024-01-30,MAN401,Yale,non-Stem,3,16086,50.73
140525182306704,2024-04-17,MAN401,Yale,non-Stem,2,16441,84.41
140525141912784,2024-07-21,MAN501,Yale,non-Stem,4,,
140525141904592,2024-01-05,MAN501,Yale,non-Stem,4,20636,80.83
140525141914576,2024-08-04,MAN501,Yale,non-Stem,4,21210,77.13
140525141907408,2024-02-29,MAN501,Yale,non-Stem,4,20827,74.74
140525141916368,2024-06-16,MAN401,Yale,non-Stem,5,17720,68.55
140525141904848,2024-06-11,MAN401,Yale,non-Stem,5,16254,67.83
140525141915600,2024-02-08,MAN501,Yale,non-Stem,5,22353,91.37
140525141906128,2024-04-02,MAN501,Yale,non-Stem,4,,
140525141912272,2024-06-15,MAN401,Yale,non-Stem,4,15128,83.6
140525141901520,2024-06-07,MAN501,Yale,non-Stem,4,23799,89.22
140525141915856,2024-03-16,MAN501,Yale,non-Stem,4,20487,83.57
140525141902544,2024-02-14,MAN401,Yale,non-Stem,3,15644,64.16
140525141905104,2024-08-05,MAN601,Yale,non-Stem,4,25024,47.17
140525141916112,2024-04-06,MAN501,Yale,non-Stem,5,20979,75.69
140525141903568,2024-02-04,MAN601,Yale,non-Stem,3,26197,51.12
140525141903056,,MAN501,Yale,non-Stem,4,20278,97.67
140525141913296,2024-02-22,MAN501,Yale,non-Stem,4,23312,41.02
140525141916624,2024-02-23,MAN501,Yale,non-Stem,3,20733,77.19
140525141916880,2024-04-24,MAN401,Yale,non-Stem,4,16527,56.02
140525141905872,2024-05-21,MAN401,Yale,non-Stem,4,16659,44.09
140525141904080,2024-03-24,MAN501,Yale,non-Stem,4,20002,81.54
140525141915344,2024-01-17,MAN501,Yale,non-Stem,2,20847,89.03
140525141910736,2024-03-20,MAN501,Yale,non-Stem,3,22006,80.32
140525141917136,2024-03-13,MAN501,Yale,non-Stem,5,20368,51.5
140525141909968,2024-01-23,MAN401,Yale,non-Stem,5,16224,92.15
140525141913040,2024-11-20,MAN401,Yale,non-Stem,5,16082,70.8
140525141902032,2024-02-18,MAN401,Yale,non-Stem,5,15227,94.18
140525141902800,,MAN401,Yale,non-Stem,5,,
140525141917648,2024-03-24,MAN401,Yale,non-Stem,3,16264,47.41
140525141903312,,MAN601,Yale,non-Stem,4,25895,92.68
140525141908432,2024-09-08,MAN501,Yale,non-Stem,3,,
140525141915088,2024-01-18,MAN401,Yale,non-Stem,4,15699,66.99
140525141914832,2024-06-08,MAN401,Yale,non-Stem,4,15209,78.03
140525133395280,2024-06-11,MAN601,Yale,non-Stem,3,25866,73.33
140525133396112,2024-07-07,MAN401,Yale,non-Stem,4,15899,68.37
140525133397776,2024-01-14,MAN401,Yale,non-Stem,3,17697,45.24
140525133397712,2024-02-19,MAN401,Yale,non-Stem,4,16173,63.81
140525133393296,2024-02-03,MAN401,Yale,non-Stem,2,17194,87.97
140525133393104,2024-08-21,MAN401,Yale,non-Stem,4,16473,77.08
140525133393360,2024-02-23,MAN401,Yale,non-Stem,4,15170,73.72
140525133393040,2024-04-11,MAN601,Yale,non-Stem,4,27017,64.4
140525133391568,2024-04-01,MAN401,Yale,non-Stem,5,,
140525133390736,2024-02-02,MAN501,Yale,non-Stem,4,20914,73.01
140525133397520,2024-01-14,MAN401,Yale,non-Stem,4,15271,81.72
140525133383824,2024-01-28,MAN501,Yale,non-Stem,5,23031,88.51
140525133390288,2024-05-04,MAN401,Yale,non-Stem,4,18157,61.57
140525133396176,2024-01-25,MAN401,Yale,non-Stem,5,15389,50.32
140525133396880,2024-07-06,MAN601,Yale,non-Stem,4,25545,74.52
140525133393616,2024-01-03,MAN401,Yale,non-Stem,5,16817,69.93
140525133391760,2024-03-03,MAN401,Yale,non-Stem,5,15256,69.65
140525133394320,2024-04-27,MAN501,Yale,non-Stem,5,21727,67.06
140525133393168,2024-08-03,MAN501,Yale,non-Stem,3,20764,77.5
140525133392464,2024-01-09,MAN401,Yale,non-Stem,5,16728,68.36
140525133390416,2024-01-04,MAN401,Yale,non-Stem,5,16604,66.7
140525133397840,2024-01-15,MAN401,Yale,non-Stem,5,16123,85.26
140525133396816,2024-03-11,MAN501,Yale,non-Stem,5,,
140525133392400,2024-03-12,MAN401,Yale,non-Stem,2,15186,71.0
140525133393744,2024-02-26,MAN501,Yale,non-Stem,4,21494,62.58
140525133392848,2024-04-22,MAN401,Yale,non-Stem,4,16318,68.7
140525133390864,2024-09-24,MAN401,Yale,non-Stem,3,15397,59.71
140525133391120,2024-05-11,MAN401,Yale,non-Stem,4,16625,52.4
140525133391312,2024-04-16,MAN401,Yale,non-Stem,5,16411,73.23
140525133392272,2024-06-24,MAN501,Yale,non-Stem,4,22033,74.49
140525133397328,2024-03-26,MAN401,Yale,non-Stem,4,16409,64.06
140525133393936,2024-01-16,MAN501,Yale,non-Stem,4,22921,59.65
140525133397392,2024-01-16,MAN401,Yale,non-Stem,5,15683,70.62
140525133386896,2024-02-06,MAN401,Yale,non-Stem,5,17575,51.24
140525133391696,,MAN501,Yale,non-Stem,3,,
140525133395600,2024-02-08,MAN501,Yale,non-Stem,4,21327,66.18
140525133394960,,MAN401,Yale,non-Stem,3,15882,72.6
140525133393424,2024-06-19,MAN401,Yale,non-Stem,4,16010,74.12
140525133396368,2024-04-07,MAN601,Yale,non-Stem,2,25364,77.23
140525133397904,2024-01-27,MAN401,Yale,non-Stem,3,15452,75.23
140525133392208,2024-02-08,MAN501,Yale,non-Stem,4,20984,90.13
140525133393488,2024-03-18,MAN401,Yale,non-Stem,4,15228,73.29
140525133397264,2024-02-09,MAN401,Yale,non-Stem,5,17749,97.91
140525133393552,2024-01-04,MAN401,Yale,non-Stem,4,17648,68.11
140525133393680,2024-01-16,MAN501,Yale,non-Stem,3,20553,57.17
