uniqueId,date,name,school,type,rating,tuition_fee,acceptance_rate
140525962630800,2024-03-20,CS401,Caltech,Stem,5.0,15240.0,95.59
140525185435472,2024-12-06,CS501,Caltech,Stem,5.0,20488.0,86.45
140525136263248,2024-04-16,CS501,Caltech,Stem,5.0,21475.0,65.41
140525182460432,2024-09-13,CS501,Caltech,Stem,5.0,20057.0,74.51
140525183011536,2024-09-29,CS501,Caltech,Stem,5.0,19109.874457308248,69.93520170043416
140525183013520,2024-08-23,CS401,Caltech,Stem,3.0,15145.0,94.81
140525183010832,2024-11-04,CS501,Caltech,Stem,4.0,20266.0,92.61
140525183013584,2024-11-30,CS501,Caltech,Stem,4.0,19109.874457308248,69.93520170043416
140525183018384,2024-07-07,CS401,Caltech,Stem,4.0,17194.0,83.17
140525183009424,2024-04-20,CS501,Caltech,Stem,4.0,21675.0,74.56
140525183015376,2024-11-08,CS501,Caltech,Stem,5.0,20300.0,73.56
140525183018576,2024-11-27,CS501,Caltech,Stem,5.0,20049.0,90.43
140525183013136,2024-12-02,CS401,Caltech,Stem,5.0,15233.0,75.15
140525183009936,2024-12-03,CS401,Caltech,Stem,3.0,15342.0,93.22
140525183016912,2024-08-21,CS501,Caltech,Stem,4.0,22996.0,88.53
140525183014736,2024-10-01,CS401,Caltech,Stem,4.0,17302.0,89.15
140525183018064,2024-09-28,CS401,Caltech,Stem,4.0,15008.0,87.36
140525183013776,2024-12-08,CS401,Caltech,Stem,2.0,15104.0,82.62
140525137114640,2024-09-21,CS401,Caltech,Stem,4.0,15189.0,80.12
140525137112400,2024-10-04,CS401,Caltech,Stem,3.5576437831723657,16989.0,63.61
140525137107984,2024-11-09,CS501,Caltech,Stem,4.0,20176.0,57.0
140525137105936,2024-08-31,CS501,Caltech,Stem,5.0,20263.0,86.38
140525137108496,2024-09-20,CS601,Caltech,Stem,4.0,25577.0,64.4
140525137111888,2024-11-30,CS401,Caltech,Stem,3.0,16277.0,88.66
140525137102096,2024-12-28,CS501,Caltech,Stem,4.0,21031.0,76.43
140525137113424,2024-09-06,CS501,Caltech,Stem,3.0,20150.0,96.29
140525137101328,2024-10-06,CS401,Caltech,Stem,4.0,16612.0,92.29
140525137102864,2024-06-02,CS401,Caltech,Stem,5.0,16600.0,91.47
140525137104912,2024-12-17,CS401,Caltech,Stem,4.0,16850.0,98.62
140525137106960,2024-12-16,CS601,Caltech,Stem,4.0,27384.0,92.33
140525137115920,2024-09-28,CS501,Caltech,Stem,3.0,20016.0,81.4
140525137101840,2024-09-22,CS501,Caltech,Stem,4.0,20091.0,95.23
140525137113168,2024-05-02,CS401,Caltech,Stem,5.0,15284.0,96.42
140525137113680,2024-12-19,CS401,Caltech,Stem,4.0,15436.0,61.75
140525137114128,2024-11-16,CS401,Caltech,Stem,4.0,16481.0,92.76
140525137107472,2024-11-12,CS401,Caltech,Stem,5.0,15590.0,98.78
140525137111120,2024-09-13,CS501,Caltech,Stem,4.0,20980.0,95.98
140525137105168,2024-11-26,CS401,Caltech,Stem,3.0,16073.0,95.59
140525137103376,2024-12-10,CS601,Caltech,Stem,4.0,25199.0,96.51
140525137107728,2024-12-24,CS501,Caltech,Stem,4.0,22925.0,67.68
140525137109200,2024-08-30,CS401,Caltech,Stem,5.0,16708.0,89.37
140525137109712,2024-11-19,CS501,Caltech,Stem,4.0,19109.874457308248,69.93520170043416
140525137103120,2024-10-31,CS401,Caltech,Stem,3.0,15002.0,81.7
140525137105680,2024-09-10,CS501,Caltech,Stem,5.0,22025.0,79.24
140525137113872,2024-10-24,CS501,Caltech,Stem,5.0,20318.0,58.92
140525137108240,2024-09-29,CS401,Caltech,Stem,4.0,16524.0,66.06
140526244023760,2024-12-17,CS401,Caltech,Stem,3.0,15366.0,74.06
140526244026832,2024-12-24,CS501,Caltech,Stem,3.0,22771.0,66.59
140526244023504,2024-08-14,CS401,Caltech,Stem,4.0,15164.0,58.15
140526244021904,2024-02-18,CS401,Caltech,Stem,5.0,17455.0,83.11
140526244028112,2024-07-19,CS501,Caltech,Stem,4.0,20929.0,96.76
140526244028560,2024-08-30,CS501,Caltech,Stem,4.0,21879.0,85.53
140526244025168,2024-05-24,CS401,Caltech,Stem,4.0,15167.0,79.85
140526244023952,2024-11-03,CS401,Caltech,Stem,3.0,16533.0,81.37
140526244023056,2024-12-07,CS501,Caltech,Stem,2.0,21242.0,77.2
140526244026960,2024-08-26,CS401,Caltech,Stem,4.0,18027.0,64.48
140526244024912,2024-12-25,CS401,Caltech,Stem,5.0,16437.0,94.65
140526244021520,2024-10-19,CS401,Caltech,Stem,5.0,15732.0,80.69
140526244021456,2024-10-27,CS401,Caltech,Stem,5.0,16457.0,93.29
140526244023440,2024-12-28,CS401,Caltech,Stem,4.0,15875.0,76.12
140526244028176,2024-10-01,CS501,Caltech,Stem,3.0,20612.0,65.03
140526244023184,2024-08-06,CS401,Caltech,Stem,4.0,15289.0,65.95
140526244027024,2024-10-09,CS501,Caltech,Stem,4.0,21319.0,79.09
140526244022096,2024-06-04,CS401,Caltech,Stem,4.0,16667.0,71.28
140526244027408,2024-11-07,CS501,Caltech,Stem,3.0,20507.0,95.62
140526244026448,2024-11-05,CS501,Caltech,Stem,3.0,24361.0,97.61
140526244023376,2024-06-14,CS401,Caltech,Stem,5.0,17399.0,80.08
140526244020304,2024-12-23,CS501,Caltech,Stem,3.0,23363.0,74.61
140526244022352,2024-08-24,CS501,Caltech,Stem,5.0,20050.0,86.59
140526244025104,2024-10-26,CS501,Caltech,Stem,3.0,21047.0,94.54
140526244028432,2024-06-02,CS401,Caltech,Stem,3.0,15927.0,92.46
140526244024976,2024-11-01,CS501,Caltech,Stem,4.0,20608.0,67.05
140526244021392,2024-11-18,CS501,Caltech,Stem,3.0,21082.0,82.7
140526244020624,2024-12-01,CS601,Caltech,Stem,5.0,26456.0,80.42
140526244028688,2024-07-09,CS401,Caltech,Stem,5.0,15379.0,93.43
140526244024336,2024-12-28,CS401,Caltech,Stem,4.0,17015.0,93.84
140526244027536,2024-09-26,CS601,Caltech,Stem,5.0,25054.0,97.95
140526244024656,2024-08-26,CS501,Caltech,Stem,3.0,20890.0,90.2
140526244028944,2024-10-04,CS401,Caltech,Stem,3.0,16052.0,75.32
140526244027216,2024-11-08,CS501,Caltech,Stem,5.0,22401.0,87.38
140526244024208,2024-07-17,CS401,Caltech,Stem,3.0,16209.0,85.25
140526244022736,2024-12-28,CS501,Caltech,Stem,4.0,24035.0,96.83
140526244022800,2024-08-20,CS601,Caltech,Stem,4.0,25428.0,85.22
140526244029136,2024-06-23,CS401,Caltech,Stem,5.0,15616.0,97.87
140526244029264,2024-12-15,CS501,Caltech,Stem,5.0,22977.0,90.22
140526244027280,2024-06-01,CS501,Caltech,Stem,3.0,19109.874457308248,69.93520170043416
140526244022032,2024-12-07,CS401,Caltech,Stem,4.0,15455.0,92.62
140526244023568,2024-07-12,CS501,Caltech,Stem,4.0,20291.0,86.24
140525123516880,2024-07-28,CS501,Caltech,Stem,4.0,21502.0,72.55
140525123504528,2024-11-09,CS501,Caltech,Stem,4.0,21579.0,90.45
140525123512464,2024-04-09,CS501,Caltech,Stem,5.0,20394.0,95.63
140525123508304,2024-08-20,CS401,Caltech,Stem,3.0,15032.0,81.07
140525123515024,2024-11-30,CS501,Caltech,Stem,5.0,22264.0,95.26
140525123515152,2024-07-31,CS501,Caltech,Stem,3.0,20542.0,82.16
140525123512208,2024-12-21,CS501,Caltech,Stem,5.0,20734.0,93.78
140525123505552,2024-11-21,CS401,Caltech,Stem,5.0,16015.0,94.05
140525123510928,2024-08-25,CS501,Caltech,Stem,4.0,19109.874457308248,69.93520170043416
140525123513680,2024-09-14,CS501,Caltech,Stem,3.0,19109.874457308248,69.93520170043416
140525123514000,2024-12-23,CS501,Caltech,Stem,3.0,22082.0,87.73
140525123516624,2024-12-28,CS401,Caltech,Stem,4.0,15378.0,78.58
140525123512784,2024-06-07,CS401,Caltech,Stem,4.0,16871.0,74.72
140525123502160,2024-10-28,CS501,Caltech,Stem,4.0,19109.874457308248,69.93520170043416
140525123507216,2024-12-23,CS501,Caltech,Stem,5.0,23136.0,80.85
140525123511824,2024-09-30,CS501,Caltech,Stem,4.0,20448.0,54.45
140525123517264,2024-11-25,CS501,Caltech,Stem,5.0,22927.0,87.43
140525123505040,2024-07-14,CS501,Caltech,Stem,4.0,20549.0,78.53
140525123516048,2024-10-07,CS501,Caltech,Stem,3.0,19109.874457308248,69.93520170043416
140525123515408,2024-11-12,CS501,Caltech,Stem,4.0,20119.0,77.26
140525123514512,2024-12-15,CS401,Caltech,Stem,5.0,15027.0,89.16
140525123516496,2024-11-17,CS401,Caltech,Stem,5.0,17375.0,81.94
140525123509968,2024-08-28,CS401,Caltech,Stem,4.0,16013.0,49.49
140525123504720,2024-03-16,CS401,Caltech,Stem,4.0,18059.0,93.26
140525123510096,2024-12-23,CS501,Caltech,Stem,4.0,20190.0,71.96
140525123517520,2024-08-17,CS501,Caltech,Stem,2.0,20867.0,92.15
140525123510416,2024-08-17,CS401,Caltech,Stem,5.0,15006.0,73.18
140525123507024,2024-11-20,CS401,Caltech,Stem,4.0,15217.0,84.96
140525123503120,2024-08-23,CS401,Caltech,Stem,3.0,15380.0,95.96
140525123518224,2024-11-12,CS401,Caltech,Stem,3.0,15977.0,96.96
140525123516240,2024-09-25,CS401,Caltech,Stem,2.0,17236.0,88.17
140525123502544,2024-04-16,CS501,Caltech,Stem,5.0,23036.0,96.16
140525123510672,2024-12-12,CS401,Caltech,Stem,3.0,16489.0,98.38
140525123507920,2024-08-08,CS401,Caltech,Stem,4.0,16695.0,98.23
140525123507792,2024-08-17,CS501,Caltech,Stem,2.0,21786.0,81.18
140525123507088,2024-12-28,CS501,Caltech,Stem,3.0,23332.0,97.86
140525123515792,2024-08-04,CS401,Caltech,Stem,4.0,15964.0,76.75
140525123508176,2024-12-01,CS401,Caltech,Stem,5.0,19109.874457308248,69.93520170043416
140525123511312,2024-08-15,CS401,Caltech,Stem,5.0,16817.0,76.31
140525123510288,2024-06-16,CS501,Caltech,Stem,3.0,20322.0,85.15
140525123510992,2024-08-19,CS501,Caltech,Stem,4.0,20311.0,93.66
140525123514384,2024-09-29,CS501,Caltech,Stem,4.0,20099.0,91.16
140525123510864,2024-07-16,CS601,Caltech,Stem,5.0,25819.0,78.15
140525123504848,2024-09-11,CS501,Caltech,Stem,4.0,21290.0,73.32
140525123509136,2024-12-20,CS501,Caltech,Stem,3.0,19109.874457308248,69.93520170043416
140525123508880,2024-09-26,CS501,Caltech,Stem,5.0,20973.0,95.68
140525123515728,2024-08-18,CS501,Caltech,Stem,5.0,20380.0,74.45
140525123508560,2024-11-07,CS601,Caltech,Stem,4.0,27001.0,89.34
140525123509840,2024-07-14,CS401,Caltech,Stem,4.0,16342.0,92.63
140525123516752,2024-11-08,CS501,Caltech,Stem,5.0,23299.0,95.16
140525123509520,2024-11-23,CS601,Caltech,Stem,3.5576437831723657,25294.0,63.27
140525123517712,2024-11-12,CS501,Caltech,Stem,3.5576437831723657,20966.0,90.66
140525123509392,2024-12-16,CS401,Caltech,Stem,3.0,16086.0,68.04
140525123507856,2024-12-13,CS401,Caltech,Stem,5.0,15067.0,95.0
140525123516944,2024-11-28,CS501,Caltech,Stem,3.0,20748.0,71.73
140525123510352,2024-05-12,CS401,Caltech,Stem,5.0,15885.0,72.82
140525123512528,2024-10-17,CS401,Caltech,Stem,3.0,18459.0,95.68
140525123515600,2024-09-21,CS501,Caltech,Stem,5.0,21909.0,61.93
140525123510032,2024-11-22,CS401,Caltech,Stem,5.0,15445.0,82.79
140525123507984,2024-11-19,CS501,Caltech,Stem,3.5576437831723657,22390.0,68.48
140525123518288,2024-06-25,CS401,Caltech,Stem,5.0,15524.0,85.71
140525123509456,2024-10-14,CS401,Caltech,Stem,4.0,16186.0,91.55
140525123502928,2024-08-25,CS401,Caltech,Stem,2.0,19109.874457308248,69.93520170043416
140525123503056,2024-11-07,CS401,Caltech,Stem,5.0,16431.0,89.81
140525123511440,2024-08-11,CS501,Caltech,Stem,4.0,20542.0,81.38
140525123507280,2024-09-07,CS401,Caltech,Stem,4.0,16722.0,98.69
140525123508432,2024-06-11,CS401,Caltech,Stem,5.0,15225.0,94.62
140525123513104,2024-11-29,CS401,Caltech,Stem,5.0,15187.0,62.72
140525123506384,2024-10-27,CS401,Caltech,Stem,3.5576437831723657,15432.0,67.88
140525123518416,2024-11-14,CS401,Caltech,Stem,4.0,19109.874457308248,69.93520170043416
140525123516112,2024-12-22,CS501,Caltech,Stem,5.0,20834.0,69.06
140525123513296,2024-11-15,CS401,Caltech,Stem,4.0,15862.0,67.24
140525123513168,2024-11-08,CS401,Caltech,Stem,4.0,15999.0,94.15
140525123511568,2024-12-30,CS501,Caltech,Stem,4.0,21339.0,97.66
140525123511248,2024-09-23,CS401,Caltech,Stem,3.0,15057.0,76.2
140525123513616,2024-11-13,CS401,Caltech,Stem,3.0,16702.0,78.31
140525123509200,2024-04-23,CS501,Caltech,Stem,3.0,20837.0,51.79
140525123517200,2024-11-02,CS501,Caltech,Stem,3.0,23067.0,72.46
140525123507344,2024-07-10,CS501,Caltech,Stem,3.0,21772.0,62.41
140525123502416,2024-09-06,CS501,Caltech,Stem,3.5576437831723657,22847.0,77.72
140525123505744,2024-12-28,CS501,Caltech,Stem,4.0,19109.874457308248,69.93520170043416
140525123513744,2024-10-17,CS401,Caltech,Stem,4.0,18575.0,95.32
140525123514320,2024-10-22,CS401,Caltech,Stem,3.0,16527.0,70.24
140525123511952,2024-12-28,CS401,Caltech,Stem,2.0,15224.0,66.89
140525123514192,2024-09-08,CS501,Caltech,Stem,5.0,20835.0,91.98
140525123514640,2024-11-27,CS401,Caltech,Stem,5.0,15655.0,87.5
140525123506192,2024-10-27,CS501,Caltech,Stem,4.0,21872.0,85.43
140525123505168,2024-06-28,CS401,Caltech,Stem,3.0,16109.0,78.95
140525123512016,2024-10-08,CS501,Caltech,Stem,4.0,22044.0,84.17
140525123510544,2024-12-29,CS501,Caltech,Stem,4.0,22716.0,85.36
140525123506448,2024-12-08,CS401,Caltech,Stem,5.0,16613.0,93.86
140525123512144,2024-02-28,CS401,Caltech,Stem,4.0,15353.0,81.4
140525123503504,2024-12-24,CS501,Caltech,Stem,4.0,22031.0,53.36
140525123513040,2024-07-07,CS501,Caltech,Stem,3.0,20270.0,82.5
140525123505424,2024-11-28,CS501,Caltech,Stem,3.5576437831723657,21747.0,81.86
140525123508624,2024-09-12,CS401,Caltech,Stem,4.0,17550.0,98.08
140525123505104,2024-09-12,CS401,Caltech,Stem,4.0,19109.874457308248,69.93520170043416
140525123503184,2024-11-25,CS601,Caltech,Stem,5.0,25134.0,86.98
140525123504656,2024-07-30,CS401,Caltech,Stem,4.0,16426.0,71.36
140525123515664,2024-06-22,CS401,Caltech,Stem,3.0,17497.0,84.23
140525123517584,2024-12-04,CS601,Caltech,Stem,4.0,26861.0,86.18
140525123512592,2024-07-28,CS401,Caltech,Stem,4.0,15707.0,91.27
140525123514896,2024-09-03,CS401,Caltech,Stem,4.0,19109.874457308248,69.93520170043416
140525123504208,2024-12-16,CS401,Caltech,Stem,5.0,19109.874457308248,69.93520170043416
140525123513360,2024-11-25,CS401,Caltech,Stem,3.0,16313.0,73.17
140525123511120,2024-11-06,CS401,Caltech,Stem,5.0,16467.0,85.09
140525123510480,2024-09-15,CS401,Caltech,Stem,4.0,15621.0,94.32
140525123515280,2024-05-15,CS401,Caltech,Stem,5.0,15986.0,86.6
140525123515088,2024-08-03,CS501,Caltech,Stem,5.0,20848.0,55.52
140525123515472,2024-12-24,CS401,Caltech,Stem,2.0,15529.0,98.33
140525123514448,2024-11-17,CS401,Caltech,Stem,2.0,15314.0,86.64
140525123506768,2024-12-28,CS401,Caltech,Stem,4.0,16785.0,79.44
140525123513808,2024-06-12,CS401,Caltech,Stem,4.0,15073.0,73.56
140525123515216,2024-05-06,CS401,Caltech,Stem,4.0,15002.0,84.85
140525123503696,2024-05-24,CS501,Caltech,Stem,3.0,20642.0,93.5
140525123507472,2024-10-12,CS401,Caltech,Stem,3.5576437831723657,15671.0,73.12
140525123511632,2024-11-09,CS501,Caltech,Stem,4.0,21233.0,87.18
140525123509264,2024-10-20,CS401,Caltech,Stem,2.0,17391.0,94.72
140525123504080,2024-11-19,CS401,Caltech,Stem,3.0,15639.0,89.56
140525123518160,2024-12-21,CS401,Caltech,Stem,5.0,15746.0,82.29
140525123507408,2024-05-12,CS401,Caltech,Stem,4.0,15491.0,95.11
140525123517968,2024-08-11,CS401,Caltech,Stem,4.0,15560.0,78.1
140525123515344,2024-06-25,CS401,Caltech,Stem,3.5576437831723657,16634.0,68.86
140525123504464,2024-11-15,CS401,Caltech,Stem,5.0,19109.874457308248,69.93520170043416
140525123517008,2024-12-25,CS501,Caltech,Stem,3.0,19109.874457308248,69.93520170043416
140525123503952,2024-11-09,CS501,Caltech,Stem,5.0,20943.0,92.38
140525123506704,2024-10-19,CS501,Caltech,Stem,4.0,20604.0,87.42
140525123506960,2024-12-24,CS401,Caltech,Stem,5.0,19109.874457308248,69.93520170043416
140525123511888,2024-12-05,CS401,Caltech,Stem,5.0,15341.0,84.34
140525123514768,2024-12-19,CS401,Caltech,Stem,3.0,15294.0,92.51
140525123507600,2024-11-26,CS501,Caltech,Stem,5.0,20597.0,84.47
140525123504912,2024-12-02,CS401,Caltech,Stem,5.0,19109.874457308248,69.93520170043416
140525123514832,2024-12-13,CS501,Caltech,Stem,5.0,21126.0,87.62
140525123504272,2024-11-01,CS501,Caltech,Stem,4.0,23152.0,86.52
140525123502992,2024-12-28,CS501,Caltech,Stem,5.0,21223.0,85.9
140525185477648,2024-12-29,CS501,Caltech,Stem,5.0,23274.0,89.04
140525185479760,2024-11-20,CS501,Caltech,Stem,3.0,21334.0,71.69
140525185478864,2024-05-15,CS501,Caltech,Stem,4.0,21862.0,82.14
140525185481936,2024-10-23,CS501,Caltech,Stem,4.0,20094.0,69.76
140525185481744,2024-12-07,CS601,Caltech,Stem,4.0,27257.0,86.37
140525185473808,2024-09-11,CS401,Caltech,Stem,5.0,15753.0,75.83
140525185480976,2024-10-08,CS601,Caltech,Stem,4.0,25887.0,97.5
140525185479376,2024-02-20,CS501,Caltech,Stem,4.0,24509.0,86.9
140525185467984,2024-09-04,CS501,Caltech,Stem,3.0,20497.0,96.79
140525185475280,2024-11-04,CS401,Caltech,Stem,5.0,15253.0,82.01
140525185477328,2024-12-05,CS501,Caltech,Stem,4.0,21207.0,93.69
140525185482128,2024-09-18,CS401,Caltech,Stem,4.0,16881.0,87.73
140525185475984,2024-12-02,CS401,Caltech,Stem,3.5576437831723657,16726.0,53.4
140525185478608,2024-09-06,CS501,Caltech,Stem,4.0,21805.0,86.28
140525185473168,2024-12-11,CS401,Caltech,Stem,4.0,15594.0,76.79
140525185476624,2024-12-28,CS401,Caltech,Stem,5.0,19109.874457308248,69.93520170043416
140525185471632,2024-12-24,CS401,Caltech,Stem,3.0,17326.0,83.77
140525185478800,2024-10-29,CS501,Caltech,Stem,2.0,20421.0,57.78
140525185467728,2024-08-21,CS401,Caltech,Stem,3.5576437831723657,15132.0,62.78
140525185471952,2024-12-20,CS501,Caltech,Stem,4.0,20495.0,56.33
140525185480336,2024-12-28,CS401,Caltech,Stem,4.0,15089.0,86.08
140525185477072,2024-09-20,CS601,Caltech,Stem,3.0,19109.874457308248,69.93520170043416
140525185479696,2024-09-15,CS401,Caltech,Stem,4.0,15122.0,74.53
140525185482448,2024-12-05,CS501,Caltech,Stem,4.0,21586.0,94.61
140525185480720,2024-04-25,CS401,Caltech,Stem,5.0,16336.0,52.88
140525185467088,2024-08-30,CS501,Caltech,Stem,4.0,22207.0,86.55
140525185472656,2024-09-16,CS401,Caltech,Stem,3.0,17581.0,96.89
140525185468944,2024-06-30,CS501,Caltech,Stem,4.0,22508.0,80.23
140525185478928,2024-10-31,CS501,Caltech,Stem,5.0,20128.0,85.4
140525185477520,2024-11-05,CS601,Caltech,Stem,3.0,27143.0,93.73
140525185472848,2024-07-11,CS501,Caltech,Stem,4.0,20140.0,55.21
140525185477776,2024-12-18,CS501,Caltech,Stem,4.0,20223.0,88.43
140525185469776,2024-09-26,CS401,Caltech,Stem,4.0,16470.0,86.01
140525185481232,2024-09-07,CS501,Caltech,Stem,5.0,20570.0,74.6
140525185480592,2024-12-28,CS501,Caltech,Stem,5.0,19109.874457308248,69.93520170043416
140525185480464,2024-08-21,CS401,Caltech,Stem,5.0,16562.0,81.52
140525185471312,2024-10-01,CS501,Caltech,Stem,3.0,20003.0,97.92
140525185479312,2024-11-13,CS401,Caltech,Stem,4.0,18720.0,98.77
140525185473872,2024-07-14,CS501,Caltech,Stem,5.0,21519.0,70.14
140525185473680,2024-12-11,CS401,Caltech,Stem,5.0,16435.0,97.58
140525185479440,2024-11-24,CS401,Caltech,Stem,4.0,16595.0,76.93
140525185471696,2024-12-28,CS401,Caltech,Stem,5.0,16700.0,95.8
140525185479952,2024-12-02,CS401,Caltech,Stem,4.0,16906.0,95.75
140525185471760,2024-11-30,CS401,Caltech,Stem,5.0,17467.0,77.62
140525185474384,2024-11-06,CS401,Caltech,Stem,4.0,15176.0,96.99
140525185477904,2024-12-08,CS401,Caltech,Stem,4.0,15463.0,87.22
140525185467024,2024-09-19,CS501,Caltech,Stem,5.0,20218.0,54.71
140525185467920,2024-12-31,CS501,Caltech,Stem,3.0,20556.0,68.8
140525185477136,2024-12-28,CS401,Caltech,Stem,4.0,15392.0,80.82
140525185468112,2024-11-20,CS401,Caltech,Stem,5.0,17702.0,96.84
140525185475600,2024-08-05,CS401,Caltech,Stem,4.0,15421.0,98.91
140525185468560,2024-10-10,CS401,Caltech,Stem,4.0,16034.0,97.11
140525185482000,2024-12-24,CS501,Caltech,Stem,4.0,22283.0,87.06
140525185472464,2024-03-24,CS401,Caltech,Stem,5.0,15052.0,93.66
140525185475472,2024-05-01,CS401,Caltech,Stem,4.0,16172.0,90.99
140525185471056,2024-10-09,CS401,Caltech,Stem,5.0,15427.0,85.53
140525185468176,2024-09-02,CS501,Caltech,Stem,5.0,19109.874457308248,69.93520170043416
140525185466896,2024-12-13,CS501,Caltech,Stem,4.0,20241.0,81.17
140525185476560,2024-10-29,CS401,Caltech,Stem,3.0,15413.0,88.75
140525185481296,2024-12-07,CS401,Caltech,Stem,4.0,16413.0,84.87
140525185482704,2024-12-29,CS501,Caltech,Stem,5.0,21915.0,84.95
140525185473936,2024-12-15,CS501,Caltech,Stem,3.0,20278.0,96.87
140525185474448,2024-06-07,CS501,Caltech,Stem,3.0,20912.0,82.04
140525185480912,2024-09-09,CS501,Caltech,Stem,3.0,20250.0,83.36
140525185468432,2024-11-14,CS401,Caltech,Stem,4.0,15571.0,88.79
140525185481168,2024-07-03,CS401,Caltech,Stem,4.0,18115.0,84.78
140525185480848,2024-12-29,CS401,Caltech,Stem,5.0,15009.0,80.78
140525185466448,2024-05-01,CS401,Caltech,Stem,5.0,15037.0,86.88
140525185468880,2024-10-31,CS501,Caltech,Stem,5.0,20298.0,72.31
140525185470416,2024-12-29,CS401,Caltech,Stem,5.0,15548.0,85.68
140525185474512,2024-09-18,CS501,Caltech,Stem,3.0,21829.0,83.67
140525185469968,2024-09-18,CS501,Caltech,Stem,4.0,21925.0,97.0
140525185471248,2024-10-16,CS501,Caltech,Stem,5.0,21797.0,94.38
140525185475088,2024-09-09,CS501,Caltech,Stem,3.0,20378.0,98.72
140525185473296,2024-10-10,CS501,Caltech,Stem,4.0,20350.0,86.52
140525185474064,2024-08-29,CS401,Caltech,Stem,4.0,17735.0,95.7
140525185473232,2024-11-12,CS501,Caltech,Stem,5.0,20632.0,90.42
140525185473360,2024-09-25,CS401,Caltech,Stem,5.0,15137.0,80.04
140525185468688,2024-09-29,CS401,Caltech,Stem,4.0,15850.0,89.92
140525185476496,2024-12-19,CS501,Caltech,Stem,5.0,20818.0,96.93
140525185472784,2024-07-03,CS501,Caltech,Stem,4.0,20162.0,87.86
140525185470928,2024-12-23,CS401,Caltech,Stem,3.5576437831723657,19072.0,81.0
140525185472144,2024-11-28,CS601,Caltech,Stem,4.0,27532.0,62.64
140525142113552,2024-11-17,CS601,Caltech,Stem,3.0,25703.0,81.68
140525142114064,2024-12-28,CS401,Caltech,Stem,3.0,15143.0,98.18
140525142112016,2024-10-13,CS401,Caltech,Stem,4.0,15970.0,89.73
140525142109200,2024-09-02,CS401,Caltech,Stem,3.0,17035.0,63.74
140525142101328,2024-10-22,CS501,Caltech,Stem,5.0,20703.0,61.42
140525142107152,2024-09-28,CS401,Caltech,Stem,5.0,17797.0,98.79
140525142113808,2024-10-07,CS401,Caltech,Stem,5.0,16246.0,95.66
140525142104592,2024-12-05,CS501,Caltech,Stem,4.0,22140.0,93.27
140525142106640,2024-04-27,CS401,Caltech,Stem,3.5576437831723657,19109.874457308248,69.93520170043416
140525142112272,2024-10-30,CS401,Caltech,Stem,4.0,16153.0,92.06
140525142112528,2024-12-28,CS401,Caltech,Stem,4.0,16924.0,98.5
140525142108688,2024-11-19,CS501,Caltech,Stem,5.0,21144.0,84.17
140525142102864,2024-12-15,CS401,Caltech,Stem,2.0,15624.0,94.31
140525142105104,2024-08-27,CS401,Caltech,Stem,4.0,16716.0,79.01
140525142101072,2024-09-23,CS501,Caltech,Stem,3.0,20739.0,89.95
140525142103888,2024-11-27,CS501,Caltech,Stem,3.0,20272.0,94.78
140525142103120,2024-12-05,CS401,Caltech,Stem,4.0,15406.0,85.41
140525142104400,2024-11-07,CS501,Caltech,Stem,4.0,19109.874457308248,69.93520170043416
140525142113040,2024-12-23,CS401,Caltech,Stem,3.0,16344.0,87.29
140525142106384,2024-10-22,CS401,Caltech,Stem,4.0,15779.0,75.76
140525142102096,2024-10-20,CS401,Caltech,Stem,3.0,19109.874457308248,69.93520170043416
140525142099536,2024-05-14,CS401,Caltech,Stem,4.0,15434.0,55.36
140525142110992,2024-11-04,CS401,Caltech,Stem,5.0,16150.0,83.73
140525142100816,2024-12-09,CS401,Caltech,Stem,3.0,15924.0,54.25
140525142111504,2024-12-26,CS501,Caltech,Stem,4.0,21079.0,80.89
140525142109456,2024-07-09,CS501,Caltech,Stem,4.0,21684.0,87.34
140525142099280,2024-09-12,CS401,Caltech,Stem,4.0,15096.0,89.5
140525142109712,2024-12-13,CS501,Caltech,Stem,4.0,20395.0,68.11
140525142113296,2024-10-12,CS501,Caltech,Stem,3.0,20651.0,95.98
140525142101584,2024-12-16,CS401,Caltech,Stem,5.0,15327.0,86.78
140525142111760,2024-12-18,CS501,Caltech,Stem,3.0,21704.0,87.46
140525142109968,2024-09-25,CS501,Caltech,Stem,4.0,20262.0,60.4
140525142098768,2024-06-27,CS501,Caltech,Stem,3.0,20295.0,62.9
140525138457232,2024-08-01,CS401,Caltech,Stem,4.0,15426.0,98.45
140525138459216,2024-09-06,CS601,Caltech,Stem,5.0,25736.0,78.31
140525138451920,2024-08-30,CS501,Caltech,Stem,5.0,20150.0,84.19
140525138445264,2024-05-12,CS401,Caltech,Stem,5.0,16140.0,91.19
140525138453200,2024-10-09,CS501,Caltech,Stem,5.0,20780.0,64.31
140525138449360,2024-12-19,CS401,Caltech,Stem,4.0,16517.0,94.71
140525138448336,2024-12-22,CS601,Caltech,Stem,3.5576437831723657,26091.0,96.91
140525138458512,2024-07-26,CS401,Caltech,Stem,4.0,18478.0,68.81
140525138456720,2024-12-24,CS401,Caltech,Stem,4.0,16191.0,96.6
140525138446544,2024-11-21,CS401,Caltech,Stem,4.0,15830.0,90.56
140525138445520,2024-07-01,CS401,Caltech,Stem,5.0,19109.874457308248,69.93520170043416
140525138450384,2024-11-05,CS401,Caltech,Stem,5.0,16479.0,77.69
140525138458256,2024-11-25,CS501,Caltech,Stem,4.0,20296.0,89.52
140525138451664,2024-12-05,CS401,Caltech,Stem,5.0,15687.0,98.16
140525138447312,2024-09-29,CS501,Caltech,Stem,5.0,20385.0,89.46
140525138450640,2024-09-03,CS501,Caltech,Stem,4.0,19109.874457308248,69.93520170043416
140525138458960,2024-10-18,CS401,Caltech,Stem,4.0,15631.0,96.12
140525138453456,2024-11-24,CS401,Caltech,Stem,3.0,15424.0,67.05
140525138453968,2024-12-28,CS601,Caltech,Stem,5.0,27482.0,70.9
140525138455952,2024-10-08,CS501,Caltech,Stem,4.0,21289.0,61.56
140525138448080,2024-11-13,CS401,Caltech,Stem,3.0,15464.0,54.3
140525138459984,2024-06-21,CS401,Caltech,Stem,5.0,15630.0,71.44
140525138452944,2024-12-28,CS501,Caltech,Stem,4.0,19109.874457308248,69.93520170043416
140525138449616,2024-11-11,CS501,Caltech,Stem,4.0,20939.0,84.58
140525138453712,2024-09-27,CS501,Caltech,Stem,2.0,20643.0,74.84
140525138455440,2024-11-21,CS401,Caltech,Stem,4.0,19109.874457308248,69.93520170043416
140525138447568,2024-07-14,CS401,Caltech,Stem,4.0,15188.0,80.77
140525138449872,2024-08-23,CS501,Caltech,Stem,5.0,21083.0,49.92
140525138451408,2024-10-01,CS401,Caltech,Stem,4.0,15016.0,97.94
140525138448592,2024-07-24,CS401,Caltech,Stem,5.0,15079.0,89.65
140525138448848,2024-08-22,CS501,Caltech,Stem,5.0,20531.0,80.89
140525138450128,2024-11-06,CS501,Caltech,Stem,5.0,19109.874457308248,69.93520170043416
140525138460496,2024-09-25,CS501,Caltech,Stem,5.0,20888.0,97.02
140525138454736,2024-08-05,CS401,Caltech,Stem,4.0,17767.0,84.73
140525138452176,2024-11-17,CS501,Caltech,Stem,4.0,20921.0,97.25
140525181031760,2024-11-15,CS501,Caltech,Stem,3.0,20623.0,76.61
140525181042640,2024-12-07,CS501,Caltech,Stem,4.0,21318.0,87.11
140525181031120,2024-11-22,CS501,Caltech,Stem,3.0,20345.0,96.9
140525181029136,2024-11-12,CS401,Caltech,Stem,5.0,15363.0,98.75
140525181027728,2024-10-22,CS501,Caltech,Stem,5.0,20524.0,95.0
140525181036304,2024-10-17,CS601,Caltech,Stem,3.0,26438.0,74.47
140525181027984,2024-11-27,CS401,Caltech,Stem,5.0,15624.0,87.77
140525181032912,2024-11-18,CS401,Caltech,Stem,4.0,16146.0,92.49
140525181038480,2024-12-18,CS401,Caltech,Stem,4.0,15150.0,97.11
140525181038032,2024-09-08,CS401,Caltech,Stem,3.0,16600.0,81.84
140525181035536,2024-12-07,CS401,Caltech,Stem,3.5576437831723657,19109.874457308248,69.93520170043416
140525181041936,2024-11-07,CS501,Caltech,Stem,3.0,22410.0,98.96
140525181027408,2024-12-18,CS501,Caltech,Stem,4.0,20051.0,79.29
140525181035472,2024-11-17,CS401,Caltech,Stem,4.0,19109.874457308248,69.93520170043416
140525181030224,2024-12-09,CS401,Caltech,Stem,3.0,19109.874457308248,69.93520170043416
140525181040016,2024-12-28,CS401,Caltech,Stem,3.0,15320.0,66.54
140525181034192,2024-09-09,CS401,Caltech,Stem,4.0,15000.0,40.0
140525181034064,2024-12-15,CS401,Caltech,Stem,3.0,18266.0,78.73
140525181037712,2024-06-08,CS401,Caltech,Stem,5.0,15927.0,94.97
140525181036240,2024-12-30,CS501,Caltech,Stem,3.0,20499.0,89.77
140525181037328,2024-06-20,CS401,Caltech,Stem,3.0,15691.0,91.47
140525181038800,2024-11-02,CS501,Caltech,Stem,3.0,21361.0,74.33
140525181027920,2024-11-02,CS401,Caltech,Stem,3.0,16701.0,75.2
140525181032208,2024-11-25,CS501,Caltech,Stem,5.0,21635.0,98.23
140525181026896,2024-08-29,CS501,Caltech,Stem,5.0,20929.0,84.05
140525181026640,2024-12-08,CS501,Caltech,Stem,4.0,21931.0,97.78
140525181037200,2024-12-26,CS401,Caltech,Stem,3.5576437831723657,15068.0,84.18
140525181034384,2024-12-28,CS401,Caltech,Stem,3.0,16647.0,88.17
140525181029904,2024-12-28,CS401,Caltech,Stem,4.0,18140.0,97.32
140525181040912,2024-12-09,CS501,Caltech,Stem,3.0,21793.0,62.2
140525181027536,2024-06-10,CS401,Caltech,Stem,4.0,19109.874457308248,69.93520170043416
140525181033104,2024-06-21,CS501,Caltech,Stem,4.0,20281.0,94.64
140525181039824,2024-11-06,CS401,Caltech,Stem,4.0,17799.0,72.89
140525181036496,2024-09-24,CS501,Caltech,Stem,3.0,20812.0,89.65
140525181030096,2024-10-04,CS401,Caltech,Stem,2.0,15961.0,85.35
140525181031952,2024-07-13,CS401,Caltech,Stem,4.0,15103.0,84.76
140525181033168,2024-12-04,CS401,Caltech,Stem,4.0,15677.0,96.16
140525181028304,2024-10-27,CS501,Caltech,Stem,4.0,20208.0,96.73
140525181039504,2024-12-28,CS401,Caltech,Stem,5.0,15374.0,92.87
140525181035024,2024-09-27,CS501,Caltech,Stem,4.0,20995.0,75.6
140525181028176,2024-05-13,CS401,Caltech,Stem,4.0,18116.0,93.18
140525181034768,2024-10-25,CS401,Caltech,Stem,4.0,15762.0,89.16
140525181036752,2024-12-13,CS401,Caltech,Stem,5.0,19109.874457308248,69.93520170043416
140525181030480,2024-09-22,CS501,Caltech,Stem,4.0,20368.0,95.76
140525181027472,2024-12-28,CS401,Caltech,Stem,4.0,15140.0,87.46
140525181029392,2024-09-27,CS501,Caltech,Stem,5.0,20770.0,67.14
140525181034512,2024-07-01,CS501,Caltech,Stem,3.0,20186.0,90.79
140525181034256,2024-10-11,CS501,Caltech,Stem,5.0,21198.0,62.71
140525181028688,2024-02-26,CS401,Caltech,Stem,4.0,19109.874457308248,69.93520170043416
140525181031504,2024-12-17,CS401,Caltech,Stem,5.0,15667.0,83.22
140525181040784,2024-12-13,CS401,Caltech,Stem,3.0,15888.0,96.71
140525181031248,2024-08-14,CS501,Caltech,Stem,4.0,22500.0,84.5
140525181036560,2024-09-11,CS401,Caltech,Stem,4.0,16420.0,85.58
140525181032272,2024-12-31,CS501,Caltech,Stem,5.0,20673.0,97.51
140525181034640,2024-11-19,CS401,Caltech,Stem,5.0,15064.0,83.26
140525181040336,2024-03-21,CS401,Caltech,Stem,5.0,15480.0,61.63
140525181027664,2024-09-26,CS401,Caltech,Stem,4.0,18941.0,85.3
140525181041360,2024-07-26,CS401,Caltech,Stem,5.0,16318.0,97.88
140525181042320,2024-08-01,CS501,Caltech,Stem,4.0,21487.0,83.57
140525181032528,2024-12-08,CS501,Caltech,Stem,5.0,21039.0,86.36
140525181036432,2024-12-30,CS401,Caltech,Stem,4.0,16507.0,94.53
140525181033680,2024-10-20,CS401,Caltech,Stem,5.0,16234.0,67.5
140525181032656,2024-10-07,CS501,Caltech,Stem,3.0,23340.0,96.47
140525181037584,2024-09-11,CS401,Caltech,Stem,4.0,16521.0,97.95
140525181041552,2024-12-03,CS501,Caltech,Stem,5.0,20209.0,88.15
140525181039312,2024-12-26,CS501,Caltech,Stem,5.0,22815.0,86.4
140525181042576,2024-09-23,CS401,Caltech,Stem,4.0,16667.0,98.74
140525181031312,2024-09-10,CS401,Caltech,Stem,5.0,15031.0,96.56
140525181029968,2024-08-02,CS501,Caltech,Stem,4.0,22007.0,77.23
140525181041040,2024-12-08,CS501,Caltech,Stem,4.0,20494.0,97.18
140525181035920,2024-09-14,CS401,Caltech,Stem,3.0,16126.0,94.89
140525181028368,2024-11-29,CS401,Caltech,Stem,4.0,18393.0,72.66
140525181032720,2024-12-17,CS401,Caltech,Stem,4.0,16958.0,80.17
140525181038992,2024-06-19,CS401,Caltech,Stem,5.0,15910.0,90.37
140525181035088,2024-06-17,CS401,Caltech,Stem,3.0,17566.0,97.9
140525181037008,2024-12-28,CS401,Caltech,Stem,5.0,19248.0,92.15
140525181034000,2024-06-18,CS401,Caltech,Stem,4.0,16341.0,91.74
140525181027792,2024-09-15,CS401,Caltech,Stem,2.0,17920.0,78.56
140525181039568,2024-12-30,CS401,Caltech,Stem,2.0,16740.0,78.1
140525181038608,2024-12-30,CS401,Caltech,Stem,4.0,16082.0,84.35
140525181040400,2024-11-03,CS501,Caltech,Stem,5.0,20414.0,94.85
140525181040848,2024-08-22,CS501,Caltech,Stem,4.0,21710.0,98.75
140525181037136,2024-12-05,CS401,Caltech,Stem,4.0,19109.874457308248,69.93520170043416
140525181038224,2024-09-12,CS501,Caltech,Stem,2.0,20451.0,55.9
140525181029008,2024-12-26,CS401,Caltech,Stem,4.0,15942.0,90.78
140525181032976,2024-10-23,CS601,Caltech,Stem,4.0,25359.0,70.65
140525181033872,2024-09-17,CS401,Caltech,Stem,3.0,15065.0,82.39
140525181032080,2024-10-12,CS401,Caltech,Stem,3.0,15283.0,67.01
140525181026768,2024-11-27,CS501,Caltech,Stem,2.0,20520.0,89.94
140525181027216,2024-09-20,CS501,Caltech,Stem,4.0,21064.0,97.03
140525181038288,2024-08-21,CS501,Caltech,Stem,3.0,20328.0,94.24
140525181026960,2024-09-01,CS501,Caltech,Stem,4.0,19109.874457308248,69.93520170043416
140525181030736,2024-12-18,CS401,Caltech,Stem,2.0,17429.0,88.34
140525181039376,2024-12-29,CS401,Caltech,Stem,4.0,17002.0,96.74
140525181033936,2024-12-22,CS501,Caltech,Stem,4.0,21290.0,97.31
140525181040144,2024-08-01,CS501,Caltech,Stem,5.0,19999.0,80.06
140525181041808,2024-11-10,CS501,Caltech,Stem,4.0,21053.0,74.29
140525181041616,2024-10-29,CS401,Caltech,Stem,5.0,16440.0,78.09
140525181036944,2024-11-05,CS401,Caltech,Stem,3.0,16361.0,75.51
140525181035280,2024-07-22,CS501,Caltech,Stem,5.0,23118.0,92.74
140525181041424,2024-11-06,CS501,Caltech,Stem,4.0,21136.0,95.01
140525181027344,2024-12-28,CS501,Caltech,Stem,4.0,24100.0,56.97
140525181032784,2024-09-29,CS501,Caltech,Stem,3.0,20468.0,53.11
140525181028624,2024-12-11,CS401,Caltech,Stem,4.0,15763.0,95.72
140525181028432,2024-11-02,CS401,Caltech,Stem,4.0,19109.874457308248,69.93520170043416
140525181031056,2024-05-18,CS501,Caltech,Stem,3.0,20552.0,69.39
140525184673616,2024-11-01,CS601,Caltech,Stem,5.0,27263.0,83.81
140525184666576,2024-09-09,CS501,Caltech,Stem,4.0,20148.0,72.5
140525184678288,2024-11-26,CS401,Caltech,Stem,4.0,16327.0,97.11
140525184665168,2024-10-01,CS501,Caltech,Stem,5.0,20226.0,89.29
140525184665104,2024-11-06,CS401,Caltech,Stem,5.0,15148.0,90.35
140525184664976,2024-10-31,CS601,Caltech,Stem,5.0,25081.0,98.13
140525184677328,2024-07-23,CS601,Caltech,Stem,4.0,19109.874457308248,69.93520170043416
140525184679632,2024-12-28,CS401,Caltech,Stem,3.0,19109.874457308248,69.93520170043416
140525184669456,2024-11-14,CS401,Caltech,Stem,2.0,15628.0,98.78
140525184666768,2024-08-22,CS501,Caltech,Stem,4.0,20507.0,73.03
140525184669200,2024-11-14,CS401,Caltech,Stem,4.0,15861.0,95.02
140525184676176,2024-11-13,CS601,Caltech,Stem,5.0,26559.0,84.65
140525184670736,2024-09-08,CS401,Caltech,Stem,4.0,15750.0,77.8
140525184666128,2024-11-27,CS401,Caltech,Stem,5.0,16127.0,70.07
140525184664528,2024-12-06,CS501,Caltech,Stem,4.0,21792.0,53.95
140525184671888,2024-12-11,CS501,Caltech,Stem,5.0,20439.0,77.12
140525184670224,2024-10-20,CS501,Caltech,Stem,2.0,20531.0,97.0
140525184678544,2024-11-28,CS401,Caltech,Stem,4.0,17144.0,53.97
140525184669584,2024-07-11,CS401,Caltech,Stem,3.5576437831723657,15550.0,59.12
140525184670160,2024-09-27,CS501,Caltech,Stem,4.0,21033.0,96.4
140525184666960,2024-10-31,CS401,Caltech,Stem,4.0,15692.0,72.72
140525184678352,2024-08-30,CS501,Caltech,Stem,4.0,21880.0,93.78
140525184672400,2024-05-31,CS401,Caltech,Stem,5.0,19109.874457308248,69.93520170043416
140525184679504,2024-09-20,CS401,Caltech,Stem,2.0,15433.0,94.72
140525184666832,2024-10-30,CS401,Caltech,Stem,4.0,15321.0,72.21
140525184678480,2024-09-11,CS601,Caltech,Stem,4.0,25498.0,94.76
140525184664208,2024-11-19,CS401,Caltech,Stem,3.0,15633.0,85.59
140525184664720,2024-10-31,CS601,Caltech,Stem,5.0,25141.0,79.86
140525184665552,2024-09-20,CS601,Caltech,Stem,4.0,29023.0,63.72
140525184677264,2024-08-17,CS501,Caltech,Stem,5.0,20078.0,56.19
140525184669904,2024-12-30,CS601,Caltech,Stem,4.0,25409.0,83.35
140525184670992,2024-11-26,CS401,Caltech,Stem,5.0,18887.0,82.02
140525184674704,2024-11-29,CS501,Caltech,Stem,3.0,22166.0,69.88
140525184675984,2024-05-22,CS501,Caltech,Stem,3.5576437831723657,20793.0,87.93
140525184674512,2024-10-30,CS601,Caltech,Stem,5.0,19109.874457308248,69.93520170043416
140525184670480,2024-09-23,CS501,Caltech,Stem,3.0,21133.0,94.87
140525184676752,2024-11-06,CS401,Caltech,Stem,3.0,18245.0,95.07
140525184666000,2024-08-20,CS401,Caltech,Stem,4.0,16861.0,86.64
140525184674256,2024-11-28,CS501,Caltech,Stem,4.0,20112.0,78.31
140525184669712,2024-09-29,CS501,Caltech,Stem,4.0,21133.0,93.89
140525184665296,2024-09-01,CS601,Caltech,Stem,3.0,26237.0,50.46
140525184667536,2024-09-26,CS501,Caltech,Stem,4.0,20822.0,87.54
140525184672784,2024-07-14,CS501,Caltech,Stem,4.0,19109.874457308248,69.93520170043416
140525184667728,2024-10-11,CS401,Caltech,Stem,5.0,16647.0,94.39
140525184676432,2024-06-27,CS401,Caltech,Stem,2.0,16462.0,89.89
140525184671440,2024-10-26,CS501,Caltech,Stem,3.5576437831723657,20283.0,87.32
140525184679888,2024-11-04,CS501,Caltech,Stem,5.0,20738.0,84.48
140525184665808,2024-10-14,CS501,Caltech,Stem,5.0,21899.0,92.02
140525184671696,2024-10-21,CS401,Caltech,Stem,5.0,16701.0,84.28
140525184674960,2024-10-01,CS601,Caltech,Stem,4.0,26799.0,84.38
140525184676240,2024-10-01,CS501,Caltech,Stem,3.0,21401.0,72.53
140525184674192,2024-11-26,CS501,Caltech,Stem,4.0,21137.0,92.01
140525184669648,2024-12-21,CS401,Caltech,Stem,3.0,15576.0,86.99
140525184666384,2024-11-07,CS401,Caltech,Stem,5.0,17078.0,88.01
140525184678992,2024-05-28,CS501,Caltech,Stem,4.0,20972.0,95.8
140525184667856,2024-12-28,CS501,Caltech,Stem,3.0,22157.0,69.21
140525184672976,2024-12-22,CS601,Caltech,Stem,4.0,26046.0,85.96
140525184670416,2024-12-08,CS401,Caltech,Stem,5.0,15054.0,91.43
140525184665488,2024-12-14,CS501,Caltech,Stem,2.0,21262.0,80.65
140525184666640,2024-10-26,CS401,Caltech,Stem,4.0,15818.0,84.09
140525184679120,2024-04-29,CS501,Caltech,Stem,5.0,22821.0,96.22
140525184665744,2024-09-22,CS501,Caltech,Stem,4.0,22410.0,92.18
140525184671120,2024-11-24,CS501,Caltech,Stem,3.0,22771.0,64.45
140525184676560,2024-12-28,CS501,Caltech,Stem,5.0,20355.0,73.83
140525184665232,2024-04-30,CS501,Caltech,Stem,4.0,20740.0,88.93
140525184674768,2024-07-15,CS601,Caltech,Stem,4.0,28847.0,62.41
140525184668112,2024-08-17,CS501,Caltech,Stem,5.0,21055.0,98.29
140525184667152,2024-09-18,CS601,Caltech,Stem,4.0,26924.0,95.18
140525184669072,2024-12-30,CS501,Caltech,Stem,1.0,22086.0,75.97
140525184679696,2024-09-13,CS401,Caltech,Stem,5.0,16349.0,82.77
140525184675792,2024-10-21,CS501,Caltech,Stem,5.0,20475.0,73.69
140525184667664,2024-10-24,CS501,Caltech,Stem,5.0,20115.0,86.4
140525184667344,2024-10-23,CS401,Caltech,Stem,4.0,15317.0,85.87
140525184679312,2024-12-30,CS401,Caltech,Stem,4.0,15152.0,87.17
140525184667408,2024-10-23,CS501,Caltech,Stem,4.0,20077.0,82.73
140525184671504,2024-08-30,CS501,Caltech,Stem,3.0,24556.0,91.84
140525184673744,2024-10-16,CS501,Caltech,Stem,4.0,20535.0,60.63
140525184666256,2024-11-17,CS501,Caltech,Stem,4.0,21068.0,94.59
140525184664848,2024-09-04,CS501,Caltech,Stem,4.0,20524.0,54.17
140525184675088,2024-09-16,CS601,Caltech,Stem,4.0,26657.0,74.6
140525184673296,2024-07-29,CS601,Caltech,Stem,5.0,25000.0,96.47
140525184675536,2024-12-06,CS401,Caltech,Stem,5.0,15970.0,73.72
140525184675280,2024-10-27,CS501,Caltech,Stem,4.0,20573.0,94.63
140525184670672,2024-10-10,CS401,Caltech,Stem,3.0,15991.0,70.64
140525184669392,2024-09-11,CS501,Caltech,Stem,5.0,20386.0,96.86
140525184666064,2024-12-16,CS501,Caltech,Stem,5.0,20679.0,73.03
140525184673232,2024-10-31,CS401,Caltech,Stem,2.0,16920.0,81.46
140525184676688,2024-11-27,CS401,Caltech,Stem,4.0,15088.0,83.88
140525184667792,2024-06-19,CS401,Caltech,Stem,2.0,17027.0,94.05
140525184678608,2024-11-03,CS401,Caltech,Stem,4.0,17969.0,79.33
140525184667088,2024-11-16,CS401,Caltech,Stem,4.0,15197.0,98.21
140525184678224,2024-09-10,CS501,Caltech,Stem,4.0,20449.0,91.32
140525184679056,2024-05-13,CS401,Caltech,Stem,4.0,15867.0,69.07
140525184677840,2024-07-15,CS501,Caltech,Stem,5.0,21702.0,73.01
140525184664272,2024-04-30,CS401,Caltech,Stem,4.0,17905.0,85.69
140525184671632,2024-11-17,CS401,Caltech,Stem,5.0,16637.0,76.33
140525184668048,2024-10-14,CS401,Caltech,Stem,3.0,16687.0,93.59
140525184677456,2024-07-03,CS401,Caltech,Stem,3.0,15095.0,93.06
140525184666512,2024-03-12,CS401,Caltech,Stem,5.0,16245.0,97.34
140525184675216,2024-12-21,CS401,Caltech,Stem,5.0,15706.0,98.11
140525184678096,2024-11-28,CS401,Caltech,Stem,5.0,19109.874457308248,69.93520170043416
140525184669264,2024-11-07,CS401,Caltech,Stem,3.0,15527.0,58.44
140525184668880,2024-06-29,CS401,Caltech,Stem,3.0,18169.0,64.17
140525184677968,2024-11-04,CS401,Caltech,Stem,4.0,15211.0,85.12
140525138714000,2024-12-30,CS401,Caltech,Stem,4.0,19078.0,76.71
140525138707408,2024-10-13,CS501,Caltech,Stem,5.0,20527.0,94.05
140525138706896,2024-10-13,CS501,Caltech,Stem,4.0,21430.0,82.91
140525138716816,2024-10-29,CS501,Caltech,Stem,5.0,21007.0,90.95
140525138708944,2024-03-15,CS401,Caltech,Stem,4.0,16821.0,84.31
140525138709712,2024-10-01,CS501,Caltech,Stem,5.0,23041.0,94.01
140525138715792,2024-11-06,CS401,Caltech,Stem,4.0,17324.0,96.52
140525138717584,2024-04-01,CS601,Caltech,Stem,4.0,25110.0,72.38
140525138712720,2024-08-18,CS501,Caltech,Stem,4.0,21277.0,89.89
140525138722448,2024-12-28,CS401,Caltech,Stem,5.0,16224.0,88.41
140525138707152,2024-10-10,CS401,Caltech,Stem,4.0,18106.0,89.76
140525138718352,2024-06-16,CS501,Caltech,Stem,5.0,19109.874457308248,69.93520170043416
140525138719888,2024-11-29,CS501,Caltech,Stem,4.0,24613.0,87.85
140525138709200,2024-12-28,CS501,Caltech,Stem,5.0,22298.0,78.06
140525138715024,2024-09-26,CS501,Caltech,Stem,5.0,20464.0,82.76
140525138710992,2024-11-26,CS401,Caltech,Stem,2.0,15407.0,87.85
140525138714768,2024-12-07,CS501,Caltech,Stem,5.0,21413.0,86.43
140525138710480,2024-12-08,CS501,Caltech,Stem,3.0,20989.0,91.34
140525138716560,2024-11-25,CS501,Caltech,Stem,5.0,20292.0,68.19
140525138714512,2024-07-25,CS401,Caltech,Stem,2.0,16389.0,82.52
140525138721936,2024-12-10,CS501,Caltech,Stem,2.0,20626.0,69.93
140525138707920,2024-11-16,CS501,Caltech,Stem,4.0,21594.0,88.47
140525138718864,2024-09-07,CS401,Caltech,Stem,4.0,15164.0,80.84
140525138720144,2024-08-15,CS501,Caltech,Stem,4.0,20912.0,82.77
140525138708688,2024-07-23,CS501,Caltech,Stem,4.0,20601.0,73.66
140525138712208,2024-12-06,CS501,Caltech,Stem,3.0,21058.0,51.05
140525138720912,2024-07-30,CS501,Caltech,Stem,4.0,21099.0,86.23
140525138712464,2024-07-22,CS401,Caltech,Stem,5.0,15257.0,62.99
140525138708176,2024-12-08,CS601,Caltech,Stem,5.0,25307.0,84.37
140525138722192,2024-11-16,CS501,Caltech,Stem,4.0,21119.0,40.0
140525138716304,2024-05-21,CS501,Caltech,Stem,3.5576437831723657,21781.0,81.74
140525138711696,2024-08-02,CS401,Caltech,Stem,4.0,15547.0,86.45
140525138706640,2024-09-20,CS401,Caltech,Stem,5.0,19109.874457308248,69.93520170043416
140525137182288,2024-11-22,CS501,Caltech,Stem,4.0,20185.0,81.62
140525137175696,2024-10-03,CS401,Caltech,Stem,4.0,16303.0,98.3
140525137174416,2024-12-14,CS401,Caltech,Stem,5.0,16075.0,89.24
140525137181328,2024-12-07,CS401,Caltech,Stem,5.0,16188.0,87.06
140525137180560,2024-11-22,CS401,Caltech,Stem,5.0,15233.0,83.67
140525137168912,2024-04-30,CS501,Caltech,Stem,5.0,21134.0,73.56
140525137174160,2024-11-08,CS501,Caltech,Stem,2.0,21593.0,92.79
140525137179792,2024-09-15,CS401,Caltech,Stem,4.0,16654.0,62.78
140525137173392,2024-06-15,CS401,Caltech,Stem,4.0,16066.0,67.63
140525137173648,2024-07-18,CS501,Caltech,Stem,3.0,21141.0,89.03
140525137171152,2024-08-23,CS501,Caltech,Stem,3.0,22022.0,98.6
140525137176976,2024-12-28,CS401,Caltech,Stem,5.0,15904.0,88.0
140525137171664,2024-05-28,CS401,Caltech,Stem,3.0,15539.0,87.5
140525137181584,2024-10-07,CS401,Caltech,Stem,4.0,17785.0,94.12
140525137166672,2024-11-07,CS501,Caltech,Stem,3.5576437831723657,21291.0,50.21
140525137182544,2024-11-23,CS501,Caltech,Stem,4.0,20878.0,80.79
140525137170640,2024-09-14,CS401,Caltech,Stem,5.0,15111.0,57.51
140525137181072,2024-07-25,CS401,Caltech,Stem,5.0,15192.0,80.52
140525137169680,2024-09-02,CS501,Caltech,Stem,2.0,20235.0,83.41
140525137179536,2024-12-27,CS401,Caltech,Stem,4.0,15210.0,98.4
140525137167376,2024-10-05,CS501,Caltech,Stem,5.0,19109.874457308248,69.93520170043416
140525137175440,2024-12-28,CS401,Caltech,Stem,4.0,16365.0,88.36
140525137177232,2024-07-29,CS401,Caltech,Stem,4.0,17441.0,79.26
140525137168656,2024-12-31,CS401,Caltech,Stem,3.5576437831723657,16498.0,98.68
140525137178000,2024-12-29,CS401,Caltech,Stem,3.0,18155.0,87.66
140525137166416,2024-09-05,CS401,Caltech,Stem,4.0,19109.874457308248,69.93520170043416
140525137167888,2024-12-28,CS501,Caltech,Stem,3.0,23696.0,98.47
140525137174928,2024-12-09,CS401,Caltech,Stem,5.0,15214.0,98.21
140525137172880,2024-10-14,CS401,Caltech,Stem,5.0,15232.0,81.3
140525137174672,2024-10-08,CS401,Caltech,Stem,5.0,15625.0,76.18
140525137167632,2024-10-08,CS401,Caltech,Stem,4.0,15570.0,64.03
140525137172176,2024-07-30,CS401,Caltech,Stem,5.0,16780.0,90.03
140525137385168,2024-12-24,CS401,Caltech,Stem,4.0,15045.0,79.54
140525137392592,2024-09-28,CS501,Caltech,Stem,2.0,20292.0,90.45
140525137387728,2024-08-29,CS501,Caltech,Stem,5.0,20819.0,89.02
140525137381072,2024-11-16,CS501,Caltech,Stem,5.0,19109.874457308248,69.93520170043416
140525137395152,2024-12-13,CS501,Caltech,Stem,5.0,22149.0,92.83
140525137395664,2024-10-14,CS501,Caltech,Stem,3.0,21993.0,63.52
140525137381840,2024-08-21,CS401,Caltech,Stem,5.0,15449.0,87.49
140525137388240,2024-12-12,CS601,Caltech,Stem,3.0,25531.0,90.85
140525137383632,2024-10-13,CS501,Caltech,Stem,5.0,21515.0,88.83
140525137390800,2024-10-23,CS501,Caltech,Stem,2.0,21225.0,93.27
140525137379536,2024-07-15,CS401,Caltech,Stem,5.0,16704.0,97.13
140525137389264,2024-12-30,CS401,Caltech,Stem,2.0,15039.0,95.72
140525137391056,2024-08-15,CS601,Caltech,Stem,5.0,26423.0,91.01
140525137387216,2024-09-07,CS401,Caltech,Stem,3.0,16976.0,95.89
140525137395408,2024-08-28,CS401,Caltech,Stem,4.0,16784.0,91.69
140525137384912,2024-08-06,CS501,Caltech,Stem,5.0,21451.0,86.89
140525137392848,2024-07-31,CS501,Caltech,Stem,5.0,20684.0,87.1
140525137384144,2024-06-12,CS501,Caltech,Stem,4.0,22810.0,94.19
140525137381328,2024-11-12,CS401,Caltech,Stem,4.0,17637.0,73.83
140525137391312,2024-11-20,CS401,Caltech,Stem,4.0,18978.0,88.69
140525137382608,2024-07-14,CS401,Caltech,Stem,5.0,15763.0,96.28
140525137393616,2024-08-06,CS401,Caltech,Stem,5.0,19109.874457308248,69.93520170043416
140525137391824,2024-05-28,CS601,Caltech,Stem,3.0,27675.0,66.63
140525137393104,2024-12-13,CS601,Caltech,Stem,3.5576437831723657,25792.0,86.8
140525137385936,2024-08-29,CS501,Caltech,Stem,3.0,19109.874457308248,69.93520170043416
140525137389776,2024-05-09,CS401,Caltech,Stem,4.0,16458.0,84.54
140525137387984,2024-07-09,CS501,Caltech,Stem,4.0,20253.0,78.34
140525137382864,2024-12-19,CS601,Caltech,Stem,2.0,26659.0,64.69
140525137386704,2024-07-23,CS401,Caltech,Stem,3.0,15836.0,76.31
140525137394640,2024-08-31,CS401,Caltech,Stem,5.0,17062.0,69.94
140525137384400,2024-06-30,CS501,Caltech,Stem,5.0,20694.0,95.27
140525137380048,2024-12-10,CS401,Caltech,Stem,4.0,15883.0,75.57
140525180674896,2024-06-21,CS501,Caltech,Stem,3.0,21400.0,90.28
140525180675536,2024-10-30,CS401,Caltech,Stem,3.0,16225.0,72.6
140525180674448,2024-11-09,CS401,Caltech,Stem,5.0,15011.0,88.02
140525180677072,2024-09-21,CS501,Caltech,Stem,4.0,20063.0,98.5
140525180666000,2024-12-10,CS401,Caltech,Stem,5.0,15695.0,93.83
140525180669328,2024-11-03,CS401,Caltech,Stem,4.0,15414.0,64.17
140525180680400,2024-07-21,CS401,Caltech,Stem,4.0,18185.0,96.41
140525180675728,2024-12-11,CS401,Caltech,Stem,4.0,15343.0,88.8
140525180669392,2024-07-08,CS501,Caltech,Stem,3.0,21498.0,86.07
140525180666832,2024-12-30,CS401,Caltech,Stem,4.0,16607.0,94.77
140525180681296,2024-09-13,CS501,Caltech,Stem,4.0,20714.0,57.32
140525180670864,2024-11-28,CS501,Caltech,Stem,4.0,20675.0,94.57
140525180672208,2024-12-15,CS401,Caltech,Stem,4.0,15629.0,61.74
140525180677264,2024-12-28,CS401,Caltech,Stem,4.0,15287.0,62.25
140525180680528,2024-08-03,CS401,Caltech,Stem,3.0,15236.0,98.86
140525180678864,2024-12-16,CS401,Caltech,Stem,5.0,16306.0,87.46
140525180674000,2024-12-25,CS401,Caltech,Stem,5.0,15635.0,98.65
140525180679504,2024-11-21,CS501,Caltech,Stem,4.0,20349.0,68.7
140525180679568,2024-10-22,CS401,Caltech,Stem,5.0,18120.0,58.01
140525180676048,2024-10-10,CS401,Caltech,Stem,3.5576437831723657,15416.0,98.38
140525180681552,2024-07-07,CS501,Caltech,Stem,4.0,23456.0,86.35
140525180671824,2024-10-08,CS601,Caltech,Stem,3.0,27961.0,82.61
140525180670096,2024-07-09,CS501,Caltech,Stem,4.0,21150.0,82.03
140525180669264,2024-12-13,CS601,Caltech,Stem,4.0,25743.0,96.47
140525180668560,2024-12-08,CS401,Caltech,Stem,5.0,15097.0,85.91
140525180666704,2024-12-08,CS401,Caltech,Stem,4.0,16917.0,73.92
140525180676304,2024-10-25,CS401,Caltech,Stem,3.0,17286.0,86.12
140525180668880,2024-11-25,CS401,Caltech,Stem,3.0,15094.0,98.63
140525180672720,2024-06-12,CS501,Caltech,Stem,5.0,20750.0,93.2
140525180679056,2024-11-26,CS501,Caltech,Stem,4.0,20422.0,98.97
140525180666064,2024-10-03,CS401,Caltech,Stem,5.0,15777.0,65.44
140525180672656,2024-06-18,CS601,Caltech,Stem,4.0,26679.0,68.1
140525180675152,2024-11-13,CS401,Caltech,Stem,4.0,15025.0,98.61
140525180666256,2024-06-28,CS401,Caltech,Stem,4.0,16982.0,96.91
140525180668240,2024-09-16,CS401,Caltech,Stem,5.0,16246.0,90.49
140525180666320,2024-08-20,CS501,Caltech,Stem,4.0,22435.0,89.32
140525180669904,2024-11-04,CS501,Caltech,Stem,4.0,20491.0,80.88
140525180667088,2024-12-15,CS501,Caltech,Stem,4.0,19109.874457308248,69.93520170043416
140525180668304,2024-11-15,CS401,Caltech,Stem,5.0,18216.0,94.67
140525180681936,2024-08-16,CS501,Caltech,Stem,5.0,20709.0,93.8
140525180666512,2024-08-28,CS401,Caltech,Stem,5.0,18461.0,62.72
140525180674960,2024-04-18,CS501,Caltech,Stem,4.0,22337.0,91.59
140525180675472,2024-12-28,CS501,Caltech,Stem,2.0,21819.0,69.67
140525180680144,2024-09-26,CS401,Caltech,Stem,5.0,15623.0,93.13
140525180670608,2024-11-15,CS401,Caltech,Stem,5.0,15922.0,79.8
140525180666448,2024-04-09,CS501,Caltech,Stem,5.0,20611.0,80.01
140525180672144,2024-08-08,CS401,Caltech,Stem,4.0,19109.874457308248,69.93520170043416
140525180671376,2024-12-28,CS501,Caltech,Stem,3.0,19109.874457308248,69.93520170043416
140525180670352,2024-12-28,CS601,Caltech,Stem,4.0,26060.0,74.73
140525180666192,2024-07-21,CS501,Caltech,Stem,3.5576437831723657,22717.0,93.13
140525180673616,2024-10-31,CS401,Caltech,Stem,4.0,17101.0,92.72
140525180681360,2024-08-14,CS501,Caltech,Stem,4.0,22187.0,87.9
140525180670544,2024-09-24,CS501,Caltech,Stem,5.0,19109.874457308248,69.93520170043416
140525180672912,2024-11-27,CS601,Caltech,Stem,4.0,27524.0,94.1
140525180676944,2024-12-24,CS501,Caltech,Stem,5.0,23483.0,78.71
140525180667216,2024-08-03,CS401,Caltech,Stem,4.0,15193.0,73.9
140525180680784,2024-12-02,CS401,Caltech,Stem,3.0,15522.0,98.08
140525180681104,2024-10-03,CS501,Caltech,Stem,4.0,20696.0,73.15
140525180671056,2024-11-26,CS401,Caltech,Stem,3.0,17226.0,68.57
140525180676432,2024-06-17,CS501,Caltech,Stem,4.0,21562.0,81.29
140525180673744,2024-11-14,CS401,Caltech,Stem,4.0,15468.0,94.99
140525180674512,2024-12-28,CS501,Caltech,Stem,5.0,20997.0,83.0
140525180677456,2024-12-07,CS601,Caltech,Stem,4.0,26747.0,69.46
140525180677584,2024-11-08,CS501,Caltech,Stem,4.0,20047.0,98.91
140525180672592,2024-11-15,CS501,Caltech,Stem,3.0,21257.0,73.37
140525180673232,2024-10-11,CS401,Caltech,Stem,4.0,17215.0,67.79
140525180680848,2024-10-03,CS601,Caltech,Stem,5.0,26521.0,95.22
140525180678480,2024-08-05,CS401,Caltech,Stem,5.0,16225.0,81.27
140525180668048,2024-05-15,CS601,Caltech,Stem,3.0,19109.874457308248,69.93520170043416
140525180669648,2024-12-22,CS401,Caltech,Stem,5.0,18242.0,96.88
140525180680592,2024-12-28,CS501,Caltech,Stem,4.0,20615.0,86.22
140525180674640,2024-11-06,CS601,Caltech,Stem,5.0,26161.0,92.21
140525180675216,2024-12-28,CS401,Caltech,Stem,4.0,15262.0,90.72
140525180679632,2024-04-27,CS501,Caltech,Stem,4.0,22499.0,75.16
140525180668624,2024-06-29,CS401,Caltech,Stem,4.0,17201.0,83.25
140525180678096,2024-12-26,CS401,Caltech,Stem,5.0,15610.0,60.87
140525180669712,2024-09-09,CS401,Caltech,Stem,2.0,19109.874457308248,69.93520170043416
140525180681872,2024-08-03,CS401,Caltech,Stem,4.0,17174.0,91.4
140525180676752,2024-12-28,CS401,Caltech,Stem,3.0,18149.0,73.24
140525180680016,2024-05-03,CS501,Caltech,Stem,2.0,20094.0,96.75
140525180673872,2024-12-03,CS501,Caltech,Stem,5.0,20371.0,61.6
140525180668112,2024-07-01,CS401,Caltech,Stem,4.0,16543.0,97.59
140525180675792,2024-10-31,CS401,Caltech,Stem,3.0,15011.0,97.97
140525180679824,2024-10-27,CS401,Caltech,Stem,5.0,15330.0,51.5
140525180678992,2024-12-29,CS501,Caltech,Stem,5.0,21174.0,92.01
140525180667280,2024-11-16,CS501,Caltech,Stem,5.0,21976.0,95.0
140525180667792,2024-12-14,CS401,Caltech,Stem,4.0,19109.874457308248,69.93520170043416
140525180667024,2024-08-27,CS401,Caltech,Stem,3.0,15438.0,95.29
140525180676688,2024-06-15,CS401,Caltech,Stem,4.0,16588.0,43.37
140525180674704,2024-11-05,CS401,Caltech,Stem,3.0,16011.0,80.76
140525180678288,2024-12-05,CS501,Caltech,Stem,3.0,20949.0,87.45
140525180679120,2024-07-17,CS401,Caltech,Stem,5.0,15358.0,93.23
140525180667600,2024-12-18,CS401,Caltech,Stem,4.0,17416.0,81.7
140525180670288,2024-09-24,CS401,Caltech,Stem,5.0,15522.0,74.69
140525180669008,2024-11-26,CS501,Caltech,Stem,4.0,20025.0,77.12
140525180680272,2024-11-11,CS501,Caltech,Stem,4.0,21082.0,80.76
140525180669776,2024-07-25,CS401,Caltech,Stem,4.0,15482.0,97.89
140525180674192,2024-10-11,CS501,Caltech,Stem,4.0,20287.0,96.92
140525180674384,2024-02-13,CS401,Caltech,Stem,3.0,15059.0,92.32
140525180679760,2024-12-16,CS501,Caltech,Stem,3.0,20584.0,96.32
140525180671888,2024-08-08,CS401,Caltech,Stem,5.0,16615.0,89.85
140525180675408,2024-12-26,CS501,Caltech,Stem,4.0,20222.0,94.48
140525180668368,2024-08-29,CS501,Caltech,Stem,3.0,20305.0,90.24
140525184152592,2024-05-03,CS501,Caltech,Stem,4.0,20457.0,86.24
140525184140368,2024-12-03,CS401,Caltech,Stem,5.0,17630.0,87.77
140525184148240,2024-08-06,CS401,Caltech,Stem,4.0,16092.0,88.11
140525184152848,2024-11-29,CS401,Caltech,Stem,4.0,16114.0,68.42
140525184151824,2024-06-01,CS401,Caltech,Stem,4.0,15091.0,64.14
140525184142288,2024-10-06,CS501,Caltech,Stem,5.0,22308.0,81.07
140525184154448,2024-12-25,CS501,Caltech,Stem,4.0,21028.0,79.3
140525184149584,2024-10-27,CS401,Caltech,Stem,5.0,15656.0,51.27
140525184141776,2024-10-24,CS601,Caltech,Stem,5.0,25760.0,89.26
140525184148880,2024-08-29,CS401,Caltech,Stem,5.0,19109.874457308248,69.93520170043416
140525184151376,2024-10-02,CS501,Caltech,Stem,3.5576437831723657,21482.0,83.0
140525184140880,2024-10-26,CS401,Caltech,Stem,3.0,17164.0,86.18
140525184144336,2024-11-23,CS501,Caltech,Stem,3.0,20370.0,40.0
140525184147216,2024-07-28,CS501,Caltech,Stem,2.0,20667.0,82.68
140525184154128,2024-11-20,CS401,Caltech,Stem,4.0,15074.0,94.56
140525184139856,2024-11-15,CS401,Caltech,Stem,4.0,15827.0,50.16
140525184141456,2024-11-18,CS601,Caltech,Stem,4.0,25002.0,73.54
140525184150288,2024-11-24,CS501,Caltech,Stem,4.0,21633.0,75.16
140525184142928,2024-07-25,CS401,Caltech,Stem,4.0,15113.0,72.81
140525184149392,2024-09-08,CS501,Caltech,Stem,4.0,20801.0,96.53
140525184143760,2024-08-01,CS401,Caltech,Stem,3.0,16272.0,98.25
140525184154064,2024-03-10,CS501,Caltech,Stem,5.0,21120.0,90.84
140525184149008,2024-05-09,CS501,Caltech,Stem,4.0,22621.0,81.67
140525184147024,2024-08-24,CS401,Caltech,Stem,5.0,15951.0,87.27
140525184153168,2024-06-25,CS401,Caltech,Stem,4.0,16264.0,82.88
140525184139920,2024-11-08,CS401,Caltech,Stem,3.0,16236.0,77.46
140525184155216,2024-12-05,CS501,Caltech,Stem,5.0,20463.0,90.66
140525184146960,2024-11-17,CS401,Caltech,Stem,4.0,15752.0,88.7
140525184146000,2024-08-23,CS601,Caltech,Stem,4.0,26195.0,92.63
140525184144720,2024-12-04,CS401,Caltech,Stem,4.0,15338.0,76.89
140525184153872,2024-12-13,CS501,Caltech,Stem,4.0,20403.0,82.22
140525184150608,2024-12-05,CS401,Caltech,Stem,4.0,15411.0,91.53
140525184143184,2024-10-26,CS401,Caltech,Stem,5.0,18320.0,93.79
140525184143952,2024-12-23,CS501,Caltech,Stem,4.0,21976.0,97.2
140525184149648,2024-11-26,CS401,Caltech,Stem,3.0,17017.0,93.95
140525184152144,2024-12-08,CS601,Caltech,Stem,5.0,25357.0,98.88
140525184143568,2024-10-30,CS401,Caltech,Stem,5.0,18313.0,71.34
140525184140176,2024-10-29,CS401,Caltech,Stem,5.0,16207.0,95.86
140525184140752,2024-10-08,CS501,Caltech,Stem,4.0,20119.0,93.73
140525184149904,2024-09-29,CS401,Caltech,Stem,4.0,15177.0,78.01
140525184153360,2024-05-13,CS501,Caltech,Stem,3.0,21862.0,95.96
140525184139984,2024-12-12,CS501,Caltech,Stem,4.0,20123.0,58.63
140525184153552,2024-09-19,CS601,Caltech,Stem,2.0,19109.874457308248,69.93520170043416
140525184148560,2024-03-20,CS501,Caltech,Stem,3.5576437831723657,21977.0,62.16
140525184147728,2024-10-07,CS501,Caltech,Stem,5.0,21110.0,94.88
140525184146512,2024-10-30,CS401,Caltech,Stem,5.0,15792.0,95.8
140525184152528,2024-09-07,CS401,Caltech,Stem,4.0,19109.874457308248,69.93520170043416
140525184153680,2024-10-10,CS501,Caltech,Stem,3.5576437831723657,20290.0,95.91
140525184154896,2024-03-28,CS501,Caltech,Stem,4.0,20648.0,91.44
140525184145936,2024-09-20,CS501,Caltech,Stem,5.0,20700.0,91.0
140525184155408,2024-05-02,CS401,Caltech,Stem,4.0,15040.0,83.8
140525184141712,2024-09-05,CS401,Caltech,Stem,3.0,15023.0,58.25
140525184149328,2024-09-20,CS501,Caltech,Stem,4.0,20301.0,58.63
140525184148816,2024-08-02,CS501,Caltech,Stem,4.0,19109.874457308248,69.93520170043416
140525184142224,2024-10-24,CS401,Caltech,Stem,4.0,16436.0,84.55
140525184144528,2024-11-28,CS401,Caltech,Stem,5.0,16780.0,98.87
140525184149840,2024-12-08,CS401,Caltech,Stem,4.0,15720.0,92.17
140525184151632,2024-11-17,CS401,Caltech,Stem,5.0,16505.0,68.45
140525184154576,2024-12-28,CS401,Caltech,Stem,4.0,17328.0,87.92
140525184150416,2024-08-12,CS501,Caltech,Stem,3.0,20336.0,69.83
140525184148496,2024-12-27,CS501,Caltech,Stem,3.0,20967.0,69.27
140525184148304,2024-10-20,CS401,Caltech,Stem,5.0,16089.0,75.56
140525184151952,2024-10-11,CS401,Caltech,Stem,3.0,15834.0,87.71
140525184152080,2024-11-20,CS401,Caltech,Stem,3.0,15008.0,82.05
140525184145808,2024-09-28,CS501,Caltech,Stem,5.0,20155.0,98.83
140525184145552,2024-08-24,CS501,Caltech,Stem,4.0,22427.0,79.93
140525184145680,2024-09-11,CS501,Caltech,Stem,3.5576437831723657,20402.0,87.09
140525184145488,2024-12-28,CS401,Caltech,Stem,3.0,15158.0,79.69
140525184141392,2024-06-15,CS501,Caltech,Stem,3.0,19109.874457308248,69.93520170043416
140525184148112,2024-08-23,CS501,Caltech,Stem,5.0,20749.0,91.47
140525184153424,2024-11-19,CS401,Caltech,Stem,5.0,15334.0,85.46
140525184144464,2024-07-04,CS401,Caltech,Stem,3.5576437831723657,19109.874457308248,69.93520170043416
140525184143440,2024-11-28,CS401,Caltech,Stem,4.0,15155.0,84.8
140525184142736,2024-12-30,CS401,Caltech,Stem,4.0,15125.0,45.44
140525184151056,2024-07-13,CS401,Caltech,Stem,5.0,16220.0,93.14
140525184145296,2024-10-15,CS601,Caltech,Stem,4.0,25614.0,74.91
140525184146192,2024-11-02,CS501,Caltech,Stem,5.0,20525.0,98.54
140525184142480,2024-10-31,CS501,Caltech,Stem,4.0,23527.0,71.51
140525184141968,2024-10-11,CS501,Caltech,Stem,4.0,20906.0,87.39
140525184150928,2024-12-20,CS401,Caltech,Stem,4.0,16344.0,95.06
140525184144784,2024-12-28,CS501,Caltech,Stem,3.0,19109.874457308248,69.93520170043416
140525184144016,2024-06-22,CS501,Caltech,Stem,4.0,22528.0,74.84
140525184143696,2024-10-14,CS501,Caltech,Stem,5.0,21903.0,96.63
140525184147536,2024-12-15,CS501,Caltech,Stem,5.0,20136.0,90.04
140525184144272,2024-11-03,CS401,Caltech,Stem,5.0,15903.0,85.13
140525184153296,2024-10-18,CS401,Caltech,Stem,5.0,17419.0,65.06
140525184151568,2024-11-24,CS501,Caltech,Stem,4.0,19109.874457308248,69.93520170043416
140525184154640,2024-10-19,CS401,Caltech,Stem,4.0,15906.0,94.53
140525184153040,2024-04-06,CS501,Caltech,Stem,3.0,20402.0,71.34
140525184144208,2024-10-02,CS401,Caltech,Stem,2.0,17035.0,90.69
140525184140944,2024-03-21,CS501,Caltech,Stem,3.0,22491.0,85.31
140525184150864,2024-10-10,CS501,Caltech,Stem,5.0,20714.0,74.05
140525184149776,2024-12-06,CS401,Caltech,Stem,5.0,18359.0,81.99
140525184148368,2024-09-19,CS501,Caltech,Stem,4.0,20399.0,92.63
140525184144976,2024-12-14,CS501,Caltech,Stem,2.0,20214.0,93.6
140525184145040,2024-05-01,CS501,Caltech,Stem,4.0,20719.0,85.87
140525184154320,2024-10-11,CS401,Caltech,Stem,4.0,15209.0,86.2
140525184146576,2024-12-19,CS401,Caltech,Stem,4.0,15012.0,83.23
140525184150352,2024-08-29,CS401,Caltech,Stem,4.0,16471.0,71.2
140525121718800,2024-12-22,CS401,Caltech,Stem,4.0,17040.0,83.06
140525121719312,2024-09-23,CS501,Caltech,Stem,4.0,22463.0,86.24
140525121730768,2024-07-11,CS501,Caltech,Stem,5.0,20802.0,86.02
140525121723856,2024-11-20,CS501,Caltech,Stem,4.0,20460.0,95.19
140525121718480,2024-11-24,CS401,Caltech,Stem,3.5576437831723657,16271.0,83.11
140525121718288,2024-06-04,CS401,Caltech,Stem,3.0,16064.0,94.24
140525121729744,2024-11-12,CS501,Caltech,Stem,3.0,20799.0,88.94
140525121722960,2024-11-09,CS401,Caltech,Stem,5.0,18142.0,86.4
140525121731984,2024-09-02,CS401,Caltech,Stem,5.0,15535.0,94.24
140525121725712,2024-11-13,CS401,Caltech,Stem,3.5576437831723657,15682.0,96.75
140525121726096,2024-10-17,CS501,Caltech,Stem,3.0,20157.0,88.14
140525121724496,2024-07-09,CS501,Caltech,Stem,4.0,20064.0,94.18
140525121730512,2024-08-18,CS401,Caltech,Stem,5.0,15225.0,71.58
140525121725072,2024-08-19,CS401,Caltech,Stem,5.0,15193.0,86.68
140525121722000,2024-07-23,CS501,Caltech,Stem,4.0,21054.0,78.17
140525121725904,2024-08-17,CS401,Caltech,Stem,5.0,15131.0,89.29
140525121727568,2024-07-03,CS501,Caltech,Stem,4.0,20005.0,52.63
140525121727632,2024-11-17,CS501,Caltech,Stem,4.0,19109.874457308248,69.93520170043416
140525121717968,2024-12-28,CS501,Caltech,Stem,4.0,21344.0,81.48
140525121722448,2024-07-18,CS401,Caltech,Stem,5.0,15636.0,72.47
140525121724752,2024-12-24,CS501,Caltech,Stem,3.0,22298.0,98.74
140525121728272,2024-08-11,CS501,Caltech,Stem,5.0,23217.0,85.41
140525121719120,2024-12-19,CS401,Caltech,Stem,5.0,16279.0,95.86
140525121723088,2024-08-04,CS501,Caltech,Stem,3.0,19109.874457308248,69.93520170043416
140525121721616,2024-07-02,CS501,Caltech,Stem,5.0,23060.0,83.64
140525121727888,2024-07-06,CS501,Caltech,Stem,5.0,21157.0,74.45
140525121729936,2024-12-28,CS501,Caltech,Stem,3.0,22297.0,98.6
140525121729680,2024-06-15,CS501,Caltech,Stem,3.0,20022.0,73.96
140525121719056,2024-11-09,CS401,Caltech,Stem,4.0,15401.0,91.85
140525121729552,2024-06-12,CS401,Caltech,Stem,3.0,16633.0,82.73
140525121730128,2024-07-16,CS401,Caltech,Stem,3.5576437831723657,19109.874457308248,69.93520170043416
140525121721808,2024-11-12,CS401,Caltech,Stem,4.0,15414.0,95.48
140525121722128,2024-07-18,CS501,Caltech,Stem,4.0,21308.0,95.48
140525121720848,2024-03-29,CS501,Caltech,Stem,5.0,22154.0,64.0
140525121723984,2024-12-07,CS501,Caltech,Stem,4.0,21288.0,87.2
140525121718928,2024-10-25,CS501,Caltech,Stem,4.0,21408.0,92.97
140525121722256,2024-12-24,CS401,Caltech,Stem,5.0,17742.0,68.74
140525121724880,2024-11-04,CS501,Caltech,Stem,3.0,22720.0,81.88
140525121730384,2024-05-23,CS401,Caltech,Stem,5.0,15714.0,97.83
140525121728912,2024-11-21,CS501,Caltech,Stem,3.0,22191.0,61.48
140525121716944,2024-09-03,CS501,Caltech,Stem,4.0,21369.0,94.58
140525121723408,2024-11-15,CS401,Caltech,Stem,5.0,15467.0,97.14
140525121721104,2024-11-05,CS401,Caltech,Stem,4.0,15950.0,70.78
140525121716304,2024-12-02,CS501,Caltech,Stem,4.0,20950.0,85.63
140525121717712,2024-11-29,CS401,Caltech,Stem,5.0,15379.0,95.76
140525121727504,2024-10-18,CS501,Caltech,Stem,4.0,20147.0,81.18
140525121728016,2024-09-23,CS401,Caltech,Stem,5.0,16127.0,81.63
140525121720592,2024-12-30,CS401,Caltech,Stem,4.0,17826.0,89.9
140525121731536,2024-09-03,CS401,Caltech,Stem,4.0,17146.0,85.68
140525121718096,2024-12-23,CS401,Caltech,Stem,5.0,15599.0,74.75
140525121724304,2024-12-30,CS401,Caltech,Stem,2.0,15840.0,66.0
140525121725456,2024-12-15,CS401,Caltech,Stem,5.0,16111.0,96.66
140525121716432,2024-07-05,CS501,Caltech,Stem,5.0,21364.0,66.98
140525121719760,2024-11-22,CS501,Caltech,Stem,4.0,20737.0,93.28
140525121731600,2024-09-04,CS501,Caltech,Stem,4.0,20987.0,81.78
140525121732240,2024-12-21,CS501,Caltech,Stem,4.0,22329.0,97.47
140525121731472,2024-12-28,CS501,Caltech,Stem,5.0,20243.0,79.97
140525121727760,2024-05-28,CS401,Caltech,Stem,4.0,16325.0,80.41
140525121718608,2024-12-14,CS501,Caltech,Stem,4.0,23026.0,90.38
140525121718544,2024-10-09,CS401,Caltech,Stem,3.0,16820.0,93.59
140525121729232,2024-06-12,CS401,Caltech,Stem,2.0,19456.0,78.97
140525121727312,2024-08-23,CS401,Caltech,Stem,3.0,15989.0,74.93
140525121724368,2024-10-23,CS401,Caltech,Stem,4.0,16216.0,90.78
140525121729808,2024-09-04,CS401,Caltech,Stem,5.0,16438.0,87.06
140525121728720,2024-07-04,CS501,Caltech,Stem,4.0,22017.0,73.5
140525121717840,2024-10-12,CS401,Caltech,Stem,4.0,16289.0,88.48
140525121725840,2024-11-02,CS601,Caltech,Stem,3.0,27585.0,91.81
140525121726800,2024-10-25,CS501,Caltech,Stem,2.0,20606.0,88.45
140525121718864,2024-09-24,CS501,Caltech,Stem,3.0,21696.0,98.01
140525121716496,2024-12-03,CS501,Caltech,Stem,4.0,20391.0,98.52
140525121720272,2024-11-10,CS401,Caltech,Stem,4.0,17268.0,61.96
140525121727184,2024-10-26,CS501,Caltech,Stem,2.0,20642.0,93.59
140525121724240,2024-12-05,CS601,Caltech,Stem,2.0,29320.0,75.49
140525121719632,2024-06-20,CS401,Caltech,Stem,5.0,16419.0,69.12
140525121722576,2024-09-27,CS401,Caltech,Stem,4.0,15256.0,92.74
140525121726480,2024-04-12,CS401,Caltech,Stem,3.0,16467.0,92.22
140525121717520,2024-10-13,CS401,Caltech,Stem,5.0,15579.0,75.73
140525121720528,2024-09-12,CS501,Caltech,Stem,4.0,20838.0,63.32
140525121717904,2024-12-10,CS401,Caltech,Stem,3.0,15690.0,89.58
140525121727696,2024-11-08,CS501,Caltech,Stem,5.0,22187.0,90.24
140525121721872,2024-12-08,CS501,Caltech,Stem,3.0,20013.0,91.69
140525121726544,2024-12-26,CS501,Caltech,Stem,2.0,22196.0,96.75
140525121732496,2024-09-16,CS601,Caltech,Stem,4.0,25328.0,70.19
140525121723024,2024-11-25,CS401,Caltech,Stem,4.0,17536.0,89.43
140525121732560,2024-09-07,CS501,Caltech,Stem,5.0,19109.874457308248,69.93520170043416
140525121720976,2024-08-15,CS401,Caltech,Stem,5.0,17182.0,97.04
140525121725584,2024-10-06,CS401,Caltech,Stem,2.0,15451.0,98.74
140525121720336,2024-12-28,CS501,Caltech,Stem,4.0,23168.0,81.86
140525121723600,2024-12-12,CS501,Caltech,Stem,5.0,20889.0,83.63
140525121732304,2024-12-21,CS401,Caltech,Stem,4.0,15835.0,84.31
140525121720656,2024-12-20,CS501,Caltech,Stem,3.0,21244.0,96.27
140525121722768,2024-12-21,CS401,Caltech,Stem,5.0,16709.0,97.99
140525121716688,2024-11-11,CS401,Caltech,Stem,5.0,16599.0,75.77
140525121730320,2024-12-18,CS401,Caltech,Stem,5.0,18009.0,97.44
140525121731152,2024-12-21,CS501,Caltech,Stem,4.0,20121.0,86.51
140525121719952,2024-09-11,CS401,Caltech,Stem,4.0,16642.0,86.97
140525121723728,2024-08-14,CS401,Caltech,Stem,5.0,16098.0,94.1
140525121731344,2024-12-28,CS501,Caltech,Stem,5.0,20164.0,57.97
140525121717200,2024-12-27,CS401,Caltech,Stem,5.0,19109.874457308248,69.93520170043416
140525121724048,2024-06-16,CS501,Caltech,Stem,3.0,21782.0,96.66
140525121728656,2024-12-07,CS601,Caltech,Stem,5.0,26355.0,98.16
140525121716752,2024-12-20,CS501,Caltech,Stem,5.0,20299.0,84.92
140525121721424,2024-08-23,CS401,Caltech,Stem,3.0,17618.0,94.17
140525121730704,2024-12-02,CS401,Caltech,Stem,5.0,15278.0,97.81
140525121717264,2024-09-14,CS501,Caltech,Stem,3.0,21711.0,79.09
140525121727824,2024-05-31,CS501,Caltech,Stem,4.0,20910.0,91.61
140525121730256,2024-05-27,CS501,Caltech,Stem,3.0,21554.0,78.02
140525121722640,2024-06-07,CS501,Caltech,Stem,4.0,20121.0,89.07
140525121728336,2024-05-05,CS401,Caltech,Stem,4.0,15137.0,63.23
140525121726608,2024-08-31,CS401,Caltech,Stem,5.0,16241.0,68.24
140525121720784,2024-03-29,CS401,Caltech,Stem,5.0,16607.0,81.41
140525121719504,2024-05-18,CS401,Caltech,Stem,4.0,16766.0,92.52
140525121731408,2024-12-24,CS401,Caltech,Stem,4.0,16900.0,92.74
140525121729872,2024-04-17,CS501,Caltech,Stem,5.0,20754.0,54.84
140525121726224,2024-10-22,CS501,Caltech,Stem,2.0,21848.0,93.59
140525121725200,2024-08-15,CS401,Caltech,Stem,4.0,16435.0,91.12
140525121727120,2024-12-04,CS501,Caltech,Stem,5.0,20084.0,73.3
140525121716816,2024-05-05,CS501,Caltech,Stem,3.0,19109.874457308248,69.93520170043416
140525121718032,2024-10-25,CS401,Caltech,Stem,4.0,16895.0,90.55
140525121729424,2024-12-26,CS401,Caltech,Stem,5.0,17462.0,79.71
140525136709776,2024-11-01,CS501,Caltech,Stem,4.0,21969.0,92.95
140525136717456,2024-10-26,CS401,Caltech,Stem,2.0,18509.0,92.38
140525136709264,2024-09-06,CS601,Caltech,Stem,3.5576437831723657,19109.874457308248,69.93520170043416
140525136718160,2024-12-15,CS501,Caltech,Stem,3.0,21201.0,93.57
140525136708752,2024-10-03,CS501,Caltech,Stem,4.0,22726.0,95.71
140525136716176,2024-12-13,CS401,Caltech,Stem,4.0,16414.0,82.97
140525136719696,2024-09-12,CS501,Caltech,Stem,5.0,22765.0,95.03
140525136714128,2024-11-14,CS401,Caltech,Stem,4.0,15651.0,81.48
140525136718416,2024-05-23,CS501,Caltech,Stem,2.0,20836.0,78.89
140525136709520,2024-09-24,CS401,Caltech,Stem,3.0,15609.0,63.69
140525136711056,2024-12-07,CS401,Caltech,Stem,4.0,15248.0,89.88
140525136722512,2024-07-14,CS501,Caltech,Stem,3.0,20207.0,88.64
140525136716944,2024-09-05,CS501,Caltech,Stem,4.0,20543.0,96.15
140525136709008,2024-05-22,CS401,Caltech,Stem,4.0,17541.0,98.81
140525136716432,2024-11-06,CS601,Caltech,Stem,4.0,25285.0,79.44
140525136720720,2024-05-09,CS401,Caltech,Stem,5.0,15192.0,83.32
140525136720464,2024-09-27,CS501,Caltech,Stem,3.0,21566.0,95.07
140525136719952,2024-11-25,CS401,Caltech,Stem,4.0,15591.0,71.9
140525136707792,2024-09-14,CS401,Caltech,Stem,4.0,16624.0,87.25
140525136710800,2024-07-01,CS501,Caltech,Stem,5.0,20945.0,95.2
140525136721232,2024-11-11,CS501,Caltech,Stem,4.0,21873.0,87.91
140525136710288,2024-04-19,CS401,Caltech,Stem,3.0,16414.0,63.15
140525136712336,2024-12-01,CS501,Caltech,Stem,3.0,20119.0,79.22
140525136722000,2024-07-10,CS401,Caltech,Stem,3.0,16465.0,90.48
140525136717200,2024-09-06,CS401,Caltech,Stem,3.0,18346.0,91.07
140525136715152,2024-07-22,CS501,Caltech,Stem,4.0,23548.0,89.51
140525136717904,2024-11-14,CS501,Caltech,Stem,4.0,21332.0,87.94
140525136712848,2024-08-07,CS401,Caltech,Stem,4.0,16365.0,89.1
140525136711312,2024-11-19,CS501,Caltech,Stem,3.0,21883.0,90.37
140525136722768,2024-11-30,CS401,Caltech,Stem,5.0,15609.0,64.16
140525136714384,2024-08-05,CS501,Caltech,Stem,2.0,20078.0,97.19
140525136720976,2024-11-08,CS501,Caltech,Stem,5.0,20665.0,86.43
140525136713872,2024-11-03,CS401,Caltech,Stem,5.0,15692.0,92.64
140525136712592,2024-06-07,CS401,Caltech,Stem,5.0,15429.0,60.98
140525136710544,2024-09-06,CS501,Caltech,Stem,5.0,21585.0,71.25
140525136712080,2024-08-26,CS401,Caltech,Stem,4.0,15299.0,79.29
140525138655952,2024-07-26,CS501,Caltech,Stem,3.0,20622.0,75.69
140525138652624,2024-04-26,CS401,Caltech,Stem,3.5576437831723657,16835.0,91.86
140525138645520,2024-03-13,CS501,Caltech,Stem,5.0,20715.0,69.91
140525138650576,2024-10-17,CS401,Caltech,Stem,5.0,16541.0,83.77
140525138644048,2024-10-24,CS401,Caltech,Stem,2.0,15086.0,98.48
140525138656208,2024-10-28,CS401,Caltech,Stem,5.0,15719.0,98.24
140525138641232,2024-10-06,CS501,Caltech,Stem,4.0,20699.0,85.33
140525138646544,2024-11-02,CS401,Caltech,Stem,4.0,15949.0,85.86
140525138649808,2024-10-09,CS401,Caltech,Stem,3.0,17207.0,88.79
140525138649552,2024-12-05,CS401,Caltech,Stem,4.0,19109.874457308248,69.93520170043416
140525138646032,2024-12-28,CS501,Caltech,Stem,4.0,22623.0,80.49
140525138652880,2024-12-05,CS501,Caltech,Stem,5.0,20869.0,90.55
140525138642512,2024-09-19,CS501,Caltech,Stem,4.0,20639.0,74.16
140525138654416,2024-10-15,CS401,Caltech,Stem,4.0,19109.874457308248,69.93520170043416
140525138655184,2024-07-03,CS401,Caltech,Stem,4.0,16948.0,79.34
140525138643536,2024-05-31,CS401,Caltech,Stem,3.5576437831723657,16126.0,70.93
140525138642256,2024-08-30,CS401,Caltech,Stem,5.0,19323.0,53.18
140525138643024,2024-12-28,CS401,Caltech,Stem,4.0,15073.0,89.25
140525138655696,2024-10-25,CS401,Caltech,Stem,3.0,17055.0,62.63
140525138646288,2024-12-28,CS401,Caltech,Stem,5.0,16432.0,98.68
140525138643792,2024-10-22,CS401,Caltech,Stem,4.0,15913.0,94.88
140525138654928,2024-12-28,CS501,Caltech,Stem,4.0,20177.0,98.08
140525138654672,2024-09-02,CS501,Caltech,Stem,3.0,22679.0,97.68
140525138654160,2024-12-28,CS501,Caltech,Stem,4.0,20490.0,97.38
140525138644816,2024-11-21,CS401,Caltech,Stem,5.0,16562.0,77.17
140525138649296,2024-07-06,CS501,Caltech,Stem,5.0,21066.0,75.18
140525138651600,2024-12-12,CS401,Caltech,Stem,4.0,16275.0,90.81
140525138651088,2024-06-19,CS401,Caltech,Stem,4.0,16185.0,93.13
140525138655440,2024-05-17,CS501,Caltech,Stem,4.0,20715.0,95.12
140525138641744,2024-12-28,CS501,Caltech,Stem,4.0,20896.0,74.68
140525138650320,2024-12-14,CS501,Caltech,Stem,4.0,22569.0,94.6
140525138650064,2024-09-09,CS401,Caltech,Stem,4.0,15558.0,80.47
140525138657232,2024-10-19,CS501,Caltech,Stem,2.0,20252.0,76.12
140525180539216,2024-06-29,CS501,Caltech,Stem,2.0,21554.0,98.43
140525180546320,2024-11-15,CS601,Caltech,Stem,4.0,26138.0,93.48
140525180538704,2024-09-14,CS401,Caltech,Stem,3.0,16277.0,82.63
140525180541584,2024-11-29,CS401,Caltech,Stem,3.0,16973.0,93.33
140525180545168,2024-06-23,CS501,Caltech,Stem,5.0,22535.0,88.51
140525180550864,2024-11-29,CS401,Caltech,Stem,5.0,15436.0,73.24
140525180541072,2024-12-01,CS501,Caltech,Stem,5.0,21889.0,88.93
140525180541200,2024-11-24,CS401,Caltech,Stem,5.0,15283.0,90.9
140525180535440,2024-10-17,CS401,Caltech,Stem,4.0,15809.0,95.97
140525180542992,2024-07-28,CS401,Caltech,Stem,5.0,18933.0,51.99
140525180542928,2024-07-07,CS401,Caltech,Stem,4.0,16596.0,89.1
140525180536464,2024-09-25,CS401,Caltech,Stem,3.0,15227.0,92.99
140525180539472,2024-04-26,CS401,Caltech,Stem,4.0,15325.0,88.3
140525180535632,2024-08-03,CS601,Caltech,Stem,5.0,26873.0,79.36
140525180541968,2024-06-17,CS501,Caltech,Stem,3.0,20696.0,85.26
140525180547920,2024-09-16,CS401,Caltech,Stem,5.0,15163.0,90.96
140525180536592,2024-10-03,CS501,Caltech,Stem,4.0,21402.0,92.04
140525180548688,2024-12-20,CS401,Caltech,Stem,4.0,15630.0,61.56
140525180538896,2024-08-03,CS401,Caltech,Stem,5.0,16820.0,91.95
140525180547344,2024-12-03,CS501,Caltech,Stem,4.0,21849.0,94.62
140525180534928,2024-12-18,CS501,Caltech,Stem,4.0,21532.0,74.1
140525180548880,2024-11-11,CS501,Caltech,Stem,3.0,20014.0,83.51
140525180550096,2024-09-05,CS401,Caltech,Stem,3.0,18145.0,98.57
140525180541712,2024-12-19,CS501,Caltech,Stem,3.0,22301.0,87.77
140525180539664,2024-06-24,CS401,Caltech,Stem,4.0,16048.0,91.72
140525180545936,2024-08-21,CS501,Caltech,Stem,5.0,20797.0,92.42
140525180546896,2024-10-16,CS501,Caltech,Stem,4.0,20227.0,88.98
140525180538256,2024-12-04,CS401,Caltech,Stem,4.0,15297.0,67.48
140525180544528,2024-05-14,CS501,Caltech,Stem,5.0,21991.0,96.57
140525180537616,2024-09-06,CS501,Caltech,Stem,2.0,20144.0,95.62
140525180540240,2024-10-09,CS401,Caltech,Stem,4.0,17017.0,98.97
140525180547152,2024-09-22,CS501,Caltech,Stem,4.0,20358.0,87.89
140525180543056,2024-09-10,CS501,Caltech,Stem,4.0,21327.0,82.02
140525180542416,2024-08-19,CS401,Caltech,Stem,5.0,16701.0,89.89
140525180537552,2024-11-23,CS501,Caltech,Stem,5.0,21606.0,78.98
140525180535056,2024-08-23,CS401,Caltech,Stem,4.0,17629.0,86.48
140525180548048,2024-11-11,CS401,Caltech,Stem,3.0,16315.0,73.28
140525180537744,2024-06-03,CS401,Caltech,Stem,4.0,15330.0,71.31
140525180548944,2024-12-20,CS401,Caltech,Stem,3.0,17271.0,83.14
140525180542672,2024-09-15,CS501,Caltech,Stem,3.0,21804.0,98.22
140525180540112,2024-11-15,CS401,Caltech,Stem,5.0,16736.0,98.54
140525180550992,2024-11-27,CS401,Caltech,Stem,5.0,16545.0,87.41
140525180539600,2024-08-23,CS501,Caltech,Stem,3.5576437831723657,20190.0,95.6
140525180539408,2024-08-21,CS601,Caltech,Stem,5.0,27193.0,96.32
140525180543888,2024-11-03,CS401,Caltech,Stem,5.0,19109.874457308248,69.93520170043416
140525180536208,2024-06-15,CS501,Caltech,Stem,4.0,20654.0,95.65
140525180537104,2024-10-18,CS501,Caltech,Stem,4.0,19109.874457308248,69.93520170043416
140525180542864,2024-07-22,CS601,Caltech,Stem,5.0,26366.0,92.58
140525180549840,2024-12-14,CS401,Caltech,Stem,4.0,15350.0,91.18
140525180540176,2024-06-30,CS401,Caltech,Stem,4.0,15155.0,96.2
140525180546128,2024-09-17,CS501,Caltech,Stem,4.0,21482.0,78.23
140525180547408,2024-08-03,CS501,Caltech,Stem,4.0,23189.0,82.57
140525180547088,2024-08-05,CS401,Caltech,Stem,4.0,15046.0,82.23
140525180536144,2024-05-10,CS401,Caltech,Stem,3.0,19046.0,95.84
140525180539856,2024-12-15,CS401,Caltech,Stem,3.0,17134.0,95.51
140525180540304,2024-08-04,CS501,Caltech,Stem,5.0,22982.0,59.81
140525180540432,2024-12-04,CS501,Caltech,Stem,4.0,22253.0,89.02
140525180543440,2024-12-30,CS501,Caltech,Stem,5.0,20230.0,76.01
140525180544912,2024-12-08,CS501,Caltech,Stem,4.0,19109.874457308248,69.93520170043416
140525180546064,2024-11-23,CS401,Caltech,Stem,4.0,16424.0,91.89
140525180544144,2024-07-14,CS401,Caltech,Stem,4.0,16155.0,69.74
140525180536400,2024-11-19,CS401,Caltech,Stem,4.0,18117.0,97.08
140525180549200,2024-08-05,CS501,Caltech,Stem,5.0,20797.0,75.84
140525180537424,2024-12-30,CS401,Caltech,Stem,3.0,15558.0,87.97
140525180536976,2024-07-13,CS401,Caltech,Stem,4.0,15172.0,69.35
140525180542032,2024-07-09,CS401,Caltech,Stem,3.0,16011.0,93.86
140525180543120,2024-12-17,CS401,Caltech,Stem,4.0,15689.0,86.45
140525180544272,2024-12-31,CS401,Caltech,Stem,3.0,15239.0,98.13
140525180538000,2024-11-24,CS401,Caltech,Stem,5.0,19109.874457308248,69.93520170043416
140525180547856,2024-12-20,CS501,Caltech,Stem,4.0,23701.0,96.77
140525180542480,2024-12-13,CS401,Caltech,Stem,4.0,17098.0,84.83
140525180541648,2024-08-04,CS401,Caltech,Stem,3.0,16010.0,95.61
140525180546448,2024-12-21,CS401,Caltech,Stem,3.0,17201.0,92.24
140525180542160,2024-08-30,CS401,Caltech,Stem,5.0,17892.0,74.56
140525180536848,2024-10-14,CS401,Caltech,Stem,4.0,15225.0,97.21
140525180541392,2024-11-24,CS501,Caltech,Stem,4.0,22745.0,84.43
140525180538128,2024-11-01,CS401,Caltech,Stem,5.0,15068.0,79.46
140525180535824,2024-04-26,CS401,Caltech,Stem,5.0,16106.0,62.02
140525180545552,2024-10-28,CS401,Caltech,Stem,5.0,15910.0,90.77
140525180547472,2024-12-26,CS501,Caltech,Stem,5.0,20183.0,89.53
140525180539536,2024-11-05,CS401,Caltech,Stem,3.0,15753.0,76.65
140525180547664,2024-09-02,CS401,Caltech,Stem,4.0,16099.0,86.82
140525180545424,2024-05-01,CS601,Caltech,Stem,4.0,25091.0,92.37
140525180535312,2024-06-30,CS501,Caltech,Stem,5.0,22681.0,88.17
140525180538384,2024-07-22,CS501,Caltech,Stem,4.0,20050.0,76.93
140525180536656,2024-12-23,CS401,Caltech,Stem,4.0,15754.0,92.91
140525180547600,2024-10-23,CS401,Caltech,Stem,4.0,15354.0,97.46
140525180549648,2024-10-09,CS401,Caltech,Stem,5.0,16517.0,92.18
140525180548304,2024-08-09,CS501,Caltech,Stem,5.0,19109.874457308248,69.93520170043416
140525180535376,2024-09-30,CS401,Caltech,Stem,3.0,15217.0,78.4
140525180548240,2024-12-28,CS501,Caltech,Stem,4.0,21698.0,73.37
140525180539920,2024-12-22,CS501,Caltech,Stem,4.0,20991.0,95.51
140525180544784,2024-11-10,CS501,Caltech,Stem,5.0,20406.0,98.03
140525180545296,2024-11-04,CS401,Caltech,Stem,2.0,16460.0,82.4
140525180538832,2024-11-17,CS501,Caltech,Stem,5.0,20977.0,70.88
140525180542096,2024-07-12,CS601,Caltech,Stem,4.0,26949.0,96.59
140525180546192,2024-06-30,CS401,Caltech,Stem,4.0,18319.0,77.94
140525180541456,2024-10-02,CS401,Caltech,Stem,5.0,15198.0,81.91
140525180544656,2024-11-03,CS501,Caltech,Stem,4.0,22678.0,55.6
140525180550800,2024-12-17,CS501,Caltech,Stem,4.0,21547.0,84.58
140525180549904,2024-08-06,CS401,Caltech,Stem,3.5576437831723657,16163.0,98.78
140525180543568,2024-09-19,CS401,Caltech,Stem,5.0,19109.874457308248,69.93520170043416
140525180997328,2024-08-20,CS501,Caltech,Stem,2.0,21179.0,98.01
140525181009040,2024-12-24,CS501,Caltech,Stem,4.0,21591.0,54.95
140525181000080,2024-08-15,CS501,Caltech,Stem,5.0,20801.0,59.26
140525181003728,2024-07-11,CS401,Caltech,Stem,5.0,15966.0,68.22
140525181007888,2024-11-11,CS501,Caltech,Stem,4.0,22924.0,52.18
140525181007184,2024-12-01,CS501,Caltech,Stem,4.0,20169.0,71.84
140525181001360,2024-05-18,CS501,Caltech,Stem,3.0,20896.0,93.33
140525181008976,2024-09-08,CS401,Caltech,Stem,4.0,17403.0,90.03
140525180998416,2024-12-24,CS501,Caltech,Stem,4.0,21062.0,87.58
140525181008464,2024-05-02,CS401,Caltech,Stem,5.0,15647.0,67.46
140525180999888,2024-09-25,CS501,Caltech,Stem,3.0,21079.0,99.0
140525181009552,2024-12-06,CS501,Caltech,Stem,4.0,21249.0,54.12
140525180997712,2024-11-14,CS501,Caltech,Stem,3.0,21183.0,87.26
140525180997904,2024-11-17,CS501,Caltech,Stem,3.0,21470.0,91.66
140525181001744,2024-07-11,CS401,Caltech,Stem,5.0,19109.874457308248,69.93520170043416
140525181008848,2024-10-07,CS401,Caltech,Stem,3.0,15702.0,86.75
140525180996880,2024-09-05,CS501,Caltech,Stem,3.0,22851.0,89.58
140525181005648,2024-09-19,CS401,Caltech,Stem,5.0,15355.0,90.93
140525181008080,2024-10-10,CS501,Caltech,Stem,3.0,21947.0,87.77
140525181002960,2024-11-03,CS501,Caltech,Stem,5.0,20725.0,85.36
140525181009232,2024-10-05,CS601,Caltech,Stem,5.0,25870.0,94.01
140525180997648,2024-07-15,CS501,Caltech,Stem,4.0,20347.0,71.71
140525181008336,2024-08-23,CS401,Caltech,Stem,3.0,17437.0,83.33
140525180994320,2024-07-11,CS401,Caltech,Stem,5.0,15789.0,83.41
140525181006480,2024-08-15,CS401,Caltech,Stem,4.0,18543.0,70.52
140525180996624,2024-06-14,CS401,Caltech,Stem,3.0,16198.0,81.27
140525181003344,2024-10-31,CS401,Caltech,Stem,5.0,16064.0,98.26
140525180996816,2024-09-22,CS501,Caltech,Stem,4.0,20953.0,90.83
140525181008720,2024-02-28,CS401,Caltech,Stem,5.0,18359.0,63.02
140525180995792,2024-12-10,CS401,Caltech,Stem,4.0,15366.0,72.81
140525181002448,2024-12-26,CS501,Caltech,Stem,3.0,23120.0,60.3
140525181006672,2024-08-15,CS401,Caltech,Stem,4.0,16868.0,95.5
140525181007248,2024-07-20,CS401,Caltech,Stem,4.0,16184.0,89.36
140525180999824,2024-09-13,CS401,Caltech,Stem,5.0,15182.0,97.3
140525181009488,2024-09-29,CS501,Caltech,Stem,5.0,19109.874457308248,69.93520170043416
140525180999376,2024-08-17,CS401,Caltech,Stem,4.0,16357.0,86.52
140525181001808,2024-09-08,CS501,Caltech,Stem,4.0,23937.0,54.81
140525181001680,2024-12-28,CS401,Caltech,Stem,4.0,18355.0,76.47
140525180996240,2024-11-12,CS401,Caltech,Stem,3.5576437831723657,16427.0,81.48
140525180997776,2024-10-12,CS401,Caltech,Stem,5.0,15646.0,91.75
140525180999696,2024-12-30,CS501,Caltech,Stem,5.0,20286.0,67.29
140525180996496,2024-12-07,CS401,Caltech,Stem,5.0,16997.0,89.45
140525181005776,2024-08-16,CS401,Caltech,Stem,3.0,15409.0,70.0
140525180994704,2024-07-26,CS401,Caltech,Stem,5.0,15356.0,90.07
140525181001936,2024-12-06,CS501,Caltech,Stem,4.0,20537.0,96.0
140525181006928,2024-10-11,CS501,Caltech,Stem,4.0,21059.0,97.55
140525181005904,2024-11-03,CS401,Caltech,Stem,4.0,17197.0,73.63
140525180996368,2024-12-21,CS501,Caltech,Stem,4.0,23948.0,97.32
140525181008528,2024-07-26,CS401,Caltech,Stem,4.0,18555.0,68.02
140525181001040,2024-12-27,CS501,Caltech,Stem,2.0,20736.0,54.28
140525181003664,2024-06-08,CS401,Caltech,Stem,4.0,15269.0,88.66
140525181003216,2024-06-19,CS501,Caltech,Stem,4.0,23473.0,95.21
140525181002832,2024-06-23,CS601,Caltech,Stem,4.0,27200.0,85.27
140525181001616,2024-09-27,CS401,Caltech,Stem,5.0,15859.0,79.96
140525180997520,2024-12-23,CS501,Caltech,Stem,5.0,20331.0,94.03
140525181001552,2024-06-30,CS501,Caltech,Stem,3.5576437831723657,21662.0,90.35
140525181009744,2024-12-10,CS501,Caltech,Stem,4.0,20783.0,88.97
140525180995728,2024-12-03,CS501,Caltech,Stem,2.0,20577.0,76.25
140525180994768,2024-10-13,CS501,Caltech,Stem,5.0,23234.0,90.98
140525181001104,2024-12-25,CS501,Caltech,Stem,4.0,22427.0,81.81
140525181002064,2024-11-12,CS501,Caltech,Stem,3.0,21301.0,97.38
140525181002640,2024-10-01,CS501,Caltech,Stem,5.0,20414.0,93.56
140525180998288,2024-12-06,CS401,Caltech,Stem,4.0,16929.0,98.24
140525181003152,2024-12-16,CS501,Caltech,Stem,4.0,20566.0,96.38
140525180993872,2024-10-16,CS501,Caltech,Stem,5.0,20392.0,93.32
140525181000144,2024-10-14,CS401,Caltech,Stem,4.0,15735.0,72.56
140525181002384,2024-10-19,CS501,Caltech,Stem,4.0,20085.0,79.7
140525181006544,2024-11-23,CS501,Caltech,Stem,4.0,20076.0,91.52
140525181006992,2024-12-28,CS601,Caltech,Stem,4.0,19109.874457308248,69.93520170043416
140525180995536,2024-07-25,CS501,Caltech,Stem,5.0,21011.0,96.38
140525181003984,2024-12-28,CS401,Caltech,Stem,5.0,15807.0,83.88
140525180999312,2024-08-27,CS401,Caltech,Stem,4.0,16581.0,76.31
140525180999120,2024-06-22,CS501,Caltech,Stem,5.0,22773.0,68.3
140525180995856,2024-06-17,CS401,Caltech,Stem,4.0,17512.0,85.42
140525180999568,2024-10-01,CS501,Caltech,Stem,5.0,20359.0,95.56
140525181007824,2024-09-15,CS501,Caltech,Stem,2.0,19109.874457308248,69.93520170043416
140525180998352,2024-11-12,CS401,Caltech,Stem,5.0,15021.0,62.04
140525181000208,2024-11-12,CS501,Caltech,Stem,4.0,21040.0,90.31
140525180998096,2024-12-25,CS501,Caltech,Stem,3.0,21749.0,56.12
140525180993744,2024-12-07,CS401,Caltech,Stem,4.0,15103.0,85.13
140525181006032,2024-11-30,CS401,Caltech,Stem,5.0,16986.0,77.98
140525181004176,2024-11-23,CS401,Caltech,Stem,4.0,17035.0,71.31
140525180998608,2024-10-27,CS401,Caltech,Stem,4.0,17349.0,93.76
140525181009296,2024-06-22,CS401,Caltech,Stem,4.0,17946.0,93.63
140525181008912,2024-12-30,CS501,Caltech,Stem,5.0,20256.0,96.94
140525181000720,2024-07-18,CS401,Caltech,Stem,4.0,19109.874457308248,69.93520170043416
140525181007312,2024-11-18,CS401,Caltech,Stem,4.0,16483.0,97.63
140525181001296,2024-12-28,CS501,Caltech,Stem,2.0,20025.0,86.06
140525181003856,2024-07-18,CS401,Caltech,Stem,4.0,15996.0,92.5
140525180994576,2024-06-11,CS601,Caltech,Stem,5.0,26097.0,74.52
140525180996048,2024-12-05,CS501,Caltech,Stem,5.0,20992.0,78.21
140525181004240,2024-11-10,CS501,Caltech,Stem,5.0,20576.0,66.31
140525181008208,2024-11-21,CS401,Caltech,Stem,4.0,17709.0,93.35
140525180995408,2024-07-27,CS401,Caltech,Stem,4.0,15450.0,77.64
140525181000912,2024-04-22,CS501,Caltech,Stem,5.0,21753.0,77.53
140525181003408,2024-09-16,CS401,Caltech,Stem,4.0,16545.0,89.43
140525181002768,2024-11-28,CS501,Caltech,Stem,4.0,20005.0,97.18
140525181002192,2024-12-09,CS501,Caltech,Stem,4.0,22453.0,91.98
140525181003792,2024-10-28,CS401,Caltech,Stem,4.0,16565.0,98.76
140525181005712,2024-12-03,CS501,Caltech,Stem,3.5576437831723657,22302.0,71.94
140525181006416,2024-10-23,CS501,Caltech,Stem,5.0,22797.0,95.53
140525181007696,2024-12-30,CS501,Caltech,Stem,2.0,21960.0,88.71
140525181008272,2024-10-11,CS401,Caltech,Stem,5.0,16116.0,90.76
140525181003600,2024-11-17,CS401,Caltech,Stem,5.0,16480.0,67.12
140525181005392,2024-08-24,CS401,Caltech,Stem,4.0,17956.0,95.33
140525181009104,2024-08-23,CS601,Caltech,Stem,5.0,25135.0,96.36
140525137487120,2024-08-27,CS401,Caltech,Stem,4.0,15173.0,71.58
140525137480144,2024-11-15,CS601,Caltech,Stem,4.0,27400.0,84.57
140525137486864,2024-11-19,CS401,Caltech,Stem,5.0,15632.0,93.1
140525137484176,2024-06-14,CS401,Caltech,Stem,4.0,15454.0,76.7
140525137490384,2024-11-29,CS501,Caltech,Stem,4.0,20252.0,78.91
140525137480400,2024-05-12,CS401,Caltech,Stem,5.0,15632.0,89.17
140525137482704,2024-10-29,CS401,Caltech,Stem,5.0,17700.0,71.8
140525137491088,2024-04-03,CS401,Caltech,Stem,4.0,15745.0,75.17
140525137488080,2024-12-19,CS501,Caltech,Stem,2.0,20422.0,91.17
140525137478608,2024-06-28,CS401,Caltech,Stem,4.0,15669.0,90.21
140525137480656,2024-11-22,CS401,Caltech,Stem,4.0,15249.0,55.16
140525137482192,2024-11-28,CS501,Caltech,Stem,4.0,20037.0,94.9
140525137479888,2024-08-10,CS401,Caltech,Stem,4.0,15058.0,93.58
140525137486160,2024-12-06,CS501,Caltech,Stem,4.0,20065.0,79.53
140525137483920,2024-10-04,CS401,Caltech,Stem,4.0,16112.0,95.7
140525137489104,2024-11-06,CS401,Caltech,Stem,4.0,18335.0,94.84
140525137489872,2024-11-03,CS501,Caltech,Stem,3.0,22573.0,79.01
140525137491344,2024-06-24,CS601,Caltech,Stem,3.0,26234.0,95.8
140525137487568,2024-11-06,CS401,Caltech,Stem,4.0,18710.0,82.06
140525137478352,2024-04-13,CS401,Caltech,Stem,5.0,19109.874457308248,69.93520170043416
140525137487824,2024-08-17,CS401,Caltech,Stem,5.0,16452.0,88.95
140525137489360,2024-12-22,CS501,Caltech,Stem,2.0,20264.0,86.11
140525137482960,2024-07-13,CS401,Caltech,Stem,3.0,15289.0,91.48
140525137490128,2024-12-23,CS501,Caltech,Stem,2.0,20154.0,71.1
140525137488592,2024-12-13,CS401,Caltech,Stem,5.0,15305.0,76.05
140525137493904,2024-09-08,CS501,Caltech,Stem,4.0,21926.0,80.77
140525137479376,2024-12-05,CS601,Caltech,Stem,4.0,25654.0,98.61
140525137484880,2024-10-14,CS501,Caltech,Stem,4.0,22133.0,92.56
140525137493136,2024-07-24,CS501,Caltech,Stem,3.0,21630.0,98.76
140525137492368,2024-11-18,CS401,Caltech,Stem,4.0,19109.874457308248,69.93520170043416
140525137484624,2024-10-28,CS401,Caltech,Stem,5.0,15134.0,96.92
140525137485904,2024-08-27,CS501,Caltech,Stem,4.0,21452.0,92.77
140525137487312,2024-07-06,CS401,Caltech,Stem,4.0,17706.0,83.76
140525137485392,2024-11-27,CS501,Caltech,Stem,4.0,19109.874457308248,69.93520170043416
140525137488848,2024-05-06,CS401,Caltech,Stem,3.0,17443.0,89.07
140525142584592,2024-10-01,CS501,Caltech,Stem,4.0,23937.0,92.86
140525142587920,2024-12-01,CS501,Caltech,Stem,5.0,22187.0,94.73
140525142580560,2024-08-25,CS401,Caltech,Stem,2.0,16132.0,84.41
140525142581008,2024-10-04,CS401,Caltech,Stem,4.0,17379.0,93.12
140525142582544,2024-11-02,CS401,Caltech,Stem,4.0,15103.0,86.95
140525142582032,2024-12-28,CS601,Caltech,Stem,3.0,19109.874457308248,69.93520170043416
140525142582288,2024-07-21,CS501,Caltech,Stem,5.0,21873.0,85.57
140525142577040,2024-12-13,CS401,Caltech,Stem,4.0,16288.0,80.88
140525142589200,2024-12-22,CS501,Caltech,Stem,3.0,23007.0,86.53
140525142587152,2024-10-16,CS401,Caltech,Stem,3.0,19109.874457308248,69.93520170043416
140525142579024,2024-12-28,CS401,Caltech,Stem,4.0,19109.874457308248,69.93520170043416
140525142582800,2024-11-23,CS401,Caltech,Stem,4.0,17501.0,71.98
140525142581520,2024-05-23,CS501,Caltech,Stem,5.0,20425.0,88.65
140525142576784,2024-09-03,CS501,Caltech,Stem,3.0,20920.0,72.44
140525142577744,2024-10-24,CS501,Caltech,Stem,5.0,20544.0,74.61
140525142588176,2024-12-28,CS501,Caltech,Stem,3.0,22250.0,68.11
140525142573328,2024-12-15,CS501,Caltech,Stem,3.0,21328.0,79.25
140525142576528,2024-11-22,CS501,Caltech,Stem,4.0,20601.0,94.69
140525142576016,2024-07-24,CS401,Caltech,Stem,3.0,15784.0,92.11
140525142573776,2024-08-02,CS401,Caltech,Stem,5.0,15048.0,98.75
140525142573520,2024-08-23,CS501,Caltech,Stem,5.0,20049.0,75.78
140525142575248,2024-06-26,CS401,Caltech,Stem,3.0,15091.0,92.98
140525142583056,2024-12-18,CS401,Caltech,Stem,5.0,16218.0,89.86
140525142578256,2024-05-29,CS401,Caltech,Stem,4.0,19109.874457308248,69.93520170043416
140525142579792,2024-11-25,CS501,Caltech,Stem,4.0,22372.0,79.26
140525142575760,2024-12-03,CS401,Caltech,Stem,4.0,16308.0,95.69
140525142584848,2024-12-14,CS401,Caltech,Stem,3.0,15543.0,94.97
140525142574288,2024-10-26,CS501,Caltech,Stem,4.0,20215.0,72.34
140525142585872,2024-09-09,CS601,Caltech,Stem,4.0,26950.0,88.29
140525142581264,2024-07-12,CS501,Caltech,Stem,4.0,20269.0,88.12
140525142586640,2024-12-28,CS401,Caltech,Stem,5.0,15257.0,79.53
140525142585104,2024-11-08,CS401,Caltech,Stem,4.0,15292.0,95.31
140525142581776,2024-11-13,CS501,Caltech,Stem,4.0,20839.0,91.63
140525142578768,2024-12-17,CS501,Caltech,Stem,3.0,20305.0,47.75
140525178986704,2024-12-07,CS501,Caltech,Stem,3.0,21945.0,96.58
140525178980048,2024-11-03,CS401,Caltech,Stem,3.0,16834.0,98.49
140525178989200,2024-09-30,CS401,Caltech,Stem,3.0,15177.0,97.92
140525178990800,2024-10-26,CS601,Caltech,Stem,4.0,25434.0,95.6
140525178979088,2024-11-24,CS501,Caltech,Stem,4.0,20763.0,97.23
140525178987792,2024-10-04,CS501,Caltech,Stem,4.0,20487.0,96.05
140525178984400,2024-11-09,CS501,Caltech,Stem,4.0,21938.0,81.9
140525178981712,2024-12-25,CS401,Caltech,Stem,4.0,15620.0,76.55
140525178994064,2024-12-05,CS401,Caltech,Stem,4.0,17033.0,82.28
140525178983056,2024-11-27,CS401,Caltech,Stem,4.0,16355.0,90.34
140525178990480,2024-06-26,CS401,Caltech,Stem,3.5576437831723657,15833.0,98.52
140525178984272,2024-10-08,CS501,Caltech,Stem,5.0,19109.874457308248,69.93520170043416
140525178989840,2024-09-19,CS501,Caltech,Stem,4.0,22434.0,83.51
140525178983184,2024-07-26,CS501,Caltech,Stem,3.0,20388.0,89.04
140525178981008,2024-10-26,CS501,Caltech,Stem,4.0,21993.0,98.25
140525178981328,2024-12-28,CS401,Caltech,Stem,5.0,16483.0,79.17
140525178989264,2024-09-12,CS401,Caltech,Stem,3.0,15477.0,89.95
140525178982608,2024-05-16,CS401,Caltech,Stem,2.0,15125.0,98.52
140525178986896,2024-11-19,CS501,Caltech,Stem,4.0,22897.0,67.85
140525178982352,2024-11-21,CS401,Caltech,Stem,2.0,16170.0,76.21
140525178988368,2024-08-05,CS501,Caltech,Stem,5.0,20414.0,97.94
140525178980304,2024-06-12,CS601,Caltech,Stem,5.0,25336.0,92.65
140525178983312,2024-10-24,CS401,Caltech,Stem,4.0,15471.0,63.54
140525178990416,2024-10-05,CS401,Caltech,Stem,3.0,15475.0,83.89
140525178985424,2024-09-30,CS501,Caltech,Stem,3.0,20240.0,88.52
140525178984720,2024-06-30,CS501,Caltech,Stem,4.0,20426.0,86.28
140525178984592,2024-10-01,CS401,Caltech,Stem,4.0,15013.0,92.71
140525178988496,2024-12-07,CS501,Caltech,Stem,5.0,23162.0,86.6
140525178978576,2024-12-10,CS601,Caltech,Stem,3.0,26051.0,92.76
140525178982096,2024-12-29,CS501,Caltech,Stem,5.0,20471.0,96.01
140525178982800,2024-10-18,CS401,Caltech,Stem,5.0,18131.0,98.0
140525178986320,2024-10-19,CS501,Caltech,Stem,4.0,20026.0,91.4
140525178991504,2024-12-30,CS401,Caltech,Stem,4.0,17754.0,63.63
140525178987472,2024-10-29,CS501,Caltech,Stem,5.0,19109.874457308248,69.93520170043416
140525178993872,2024-07-24,CS401,Caltech,Stem,2.0,15381.0,74.1
140525178993616,2024-11-15,CS501,Caltech,Stem,4.0,20409.0,98.17
140525178980368,2024-12-27,CS501,Caltech,Stem,3.5576437831723657,22059.0,74.8
140525178992592,2024-09-23,CS401,Caltech,Stem,3.0,15288.0,77.32
140525178987344,2024-12-07,CS501,Caltech,Stem,4.0,20008.0,83.47
140525178986448,2024-08-27,CS501,Caltech,Stem,4.0,20042.0,92.33
140525178992912,2024-10-13,CS401,Caltech,Stem,4.0,15966.0,97.82
140525178992464,2024-12-11,CS401,Caltech,Stem,5.0,16960.0,60.23
140525178991248,2024-10-21,CS401,Caltech,Stem,3.0,17140.0,91.28
140525178986064,2024-09-01,CS501,Caltech,Stem,4.0,21374.0,76.81
140525178988176,2024-12-29,CS401,Caltech,Stem,3.5576437831723657,15450.0,98.76
140525178983440,2024-11-24,CS501,Caltech,Stem,5.0,21977.0,82.74
140525178979408,2024-09-21,CS501,Caltech,Stem,5.0,21087.0,78.58
140525178982864,2024-10-19,CS501,Caltech,Stem,3.0,22599.0,90.89
140525178980752,2024-10-18,CS501,Caltech,Stem,4.0,20136.0,96.15
140525178988752,2024-11-05,CS601,Caltech,Stem,4.0,27114.0,93.35
140525178994128,2024-09-28,CS401,Caltech,Stem,4.0,15759.0,85.51
140525178979856,2024-10-03,CS501,Caltech,Stem,4.0,19109.874457308248,69.93520170043416
140525178992784,2024-10-04,CS501,Caltech,Stem,3.0,21259.0,89.31
140525178988240,2024-11-23,CS401,Caltech,Stem,5.0,15319.0,60.53
140525178985744,2024-08-21,CS601,Caltech,Stem,5.0,28254.0,77.52
140525178978384,2024-10-24,CS401,Caltech,Stem,5.0,15774.0,87.14
140525178991760,2024-09-13,CS501,Caltech,Stem,3.0,22777.0,83.11
140525178978896,2024-12-01,CS501,Caltech,Stem,5.0,24009.0,67.87
140525178991824,2024-11-05,CS401,Caltech,Stem,4.0,15537.0,80.69
140525178990160,2024-12-26,CS401,Caltech,Stem,5.0,19109.874457308248,69.93520170043416
140525178984848,2024-08-16,CS401,Caltech,Stem,3.0,15325.0,81.98
140525178979664,2024-06-17,CS401,Caltech,Stem,3.0,15048.0,72.13
140525178989712,2024-12-29,CS501,Caltech,Stem,4.0,20433.0,93.74
140525178987664,2024-12-28,CS401,Caltech,Stem,3.0,18066.0,96.65
140525178994512,2024-10-25,CS501,Caltech,Stem,4.0,23189.0,74.03
140525178987984,2024-08-30,CS401,Caltech,Stem,4.0,16361.0,84.03
140525178980624,2024-10-31,CS501,Caltech,Stem,3.0,22365.0,94.58
140525178994320,2024-12-28,CS401,Caltech,Stem,5.0,16841.0,71.88
140525178983632,2024-11-05,CS401,Caltech,Stem,5.0,19109.874457308248,69.93520170043416
140525178984656,2024-12-05,CS401,Caltech,Stem,4.0,15491.0,87.12
140525178980112,2024-10-13,CS401,Caltech,Stem,4.0,19109.874457308248,69.93520170043416
140525178989392,2024-10-05,CS501,Caltech,Stem,3.0,20318.0,93.13
140525178980880,2024-07-03,CS401,Caltech,Stem,4.0,16383.0,97.37
140525178992848,2024-10-21,CS501,Caltech,Stem,3.0,23022.0,96.04
140525178980688,2024-10-20,CS501,Caltech,Stem,5.0,20419.0,98.0
140525178983824,2024-11-27,CS501,Caltech,Stem,5.0,20399.0,85.0
140525178985936,2024-11-20,CS501,Caltech,Stem,3.0,20136.0,89.81
140525178982288,2024-12-28,CS501,Caltech,Stem,4.0,23196.0,89.68
140525178990864,2024-12-03,CS501,Caltech,Stem,4.0,20118.0,98.05
140525178978640,2024-11-24,CS501,Caltech,Stem,4.0,19109.874457308248,69.93520170043416
140525178988880,2024-09-09,CS501,Caltech,Stem,5.0,20191.0,85.06
140525178981520,2024-05-23,CS401,Caltech,Stem,5.0,15446.0,98.85
140525178994640,2024-10-21,CS401,Caltech,Stem,4.0,17625.0,63.5
140525178982736,2024-11-11,CS401,Caltech,Stem,5.0,17799.0,97.34
140525178985552,2024-09-12,CS401,Caltech,Stem,3.0,19109.874457308248,69.93520170043416
140525178991440,2024-11-25,CS501,Caltech,Stem,5.0,22598.0,79.24
140525178993296,2024-11-25,CS401,Caltech,Stem,4.0,16877.0,55.76
140525178991184,2024-11-30,CS401,Caltech,Stem,4.0,16736.0,82.83
140525178983696,2024-10-12,CS501,Caltech,Stem,5.0,20086.0,91.02
140525178978512,2024-11-24,CS401,Caltech,Stem,5.0,15708.0,71.34
140525178982032,2024-10-26,CS401,Caltech,Stem,3.0,18153.0,95.06
140525178978768,2024-12-08,CS501,Caltech,Stem,2.0,20630.0,88.54
140525178987088,2024-10-20,CS601,Caltech,Stem,4.0,26602.0,91.24
140525178991952,2024-10-18,CS401,Caltech,Stem,3.5576437831723657,17639.0,70.89
140525178988816,2024-06-13,CS501,Caltech,Stem,4.0,19109.874457308248,69.93520170043416
140525178992528,2024-11-09,CS501,Caltech,Stem,5.0,22546.0,90.06
140525178988944,2024-11-25,CS501,Caltech,Stem,5.0,20963.0,81.14
140525178990992,2024-11-21,CS501,Caltech,Stem,4.0,20707.0,94.87
140525178992080,2024-10-11,CS501,Caltech,Stem,4.0,20443.0,83.16
140525178985360,2024-12-29,CS401,Caltech,Stem,4.0,15204.0,64.1
140525178990288,2024-06-29,CS401,Caltech,Stem,4.0,15204.0,63.67
140525178987920,2024-12-11,CS401,Caltech,Stem,5.0,17680.0,94.4
140525178992016,2024-11-18,CS401,Caltech,Stem,5.0,15354.0,73.29
140525178991312,2024-04-13,CS601,Caltech,Stem,5.0,26987.0,95.58
140525178980816,2024-11-05,CS501,Caltech,Stem,3.0,21206.0,95.51
140525178993808,2024-09-09,CS401,Caltech,Stem,3.5576437831723657,15452.0,67.0
140525180119184,2024-12-17,CS401,Caltech,Stem,5.0,15527.0,79.82
140525180113552,2024-11-02,CS501,Caltech,Stem,3.0,19109.874457308248,69.93520170043416
140525180113616,2024-10-19,CS401,Caltech,Stem,3.0,16288.0,78.8
140525180117776,2024-10-19,CS401,Caltech,Stem,5.0,16843.0,95.91
140525180113168,2024-12-28,CS501,Caltech,Stem,4.0,21165.0,83.09
140525180120592,2024-11-30,CS401,Caltech,Stem,4.0,15310.0,83.32
140525180121552,2024-12-28,CS401,Caltech,Stem,4.0,16425.0,98.43
140525180112528,2024-12-21,CS401,Caltech,Stem,3.0,18303.0,92.03
140525180120720,2024-12-20,CS501,Caltech,Stem,4.0,20467.0,97.18
140525180116560,2024-10-22,CS501,Caltech,Stem,5.0,20127.0,89.57
140525180124432,2024-12-07,CS401,Caltech,Stem,3.5576437831723657,15005.0,82.26
140525180113936,2024-12-15,CS401,Caltech,Stem,3.0,15727.0,88.31
140525180117904,2024-08-21,CS601,Caltech,Stem,2.0,26997.0,98.98
140525180110224,2024-10-28,CS601,Caltech,Stem,5.0,25144.0,79.18
140525180121104,2024-11-23,CS501,Caltech,Stem,4.0,22664.0,88.88
140525180117712,2024-09-28,CS401,Caltech,Stem,5.0,19109.874457308248,69.93520170043416
140525180110864,2024-12-01,CS401,Caltech,Stem,5.0,18122.0,84.42
140525180109072,2024-11-30,CS401,Caltech,Stem,5.0,16423.0,86.43
140525180119504,2024-12-04,CS401,Caltech,Stem,4.0,16511.0,93.35
140525180116048,2024-12-08,CS401,Caltech,Stem,4.0,18277.0,76.85
140525180124880,2024-08-04,CS401,Caltech,Stem,4.0,16853.0,59.18
140525180123472,2024-11-29,CS501,Caltech,Stem,4.0,21935.0,61.47
140525180124112,2024-12-17,CS401,Caltech,Stem,5.0,18807.0,92.54
140525180112080,2024-11-30,CS401,Caltech,Stem,4.0,15185.0,77.14
140525180123152,2024-09-21,CS501,Caltech,Stem,5.0,20835.0,96.74
140525180112656,2024-12-21,CS401,Caltech,Stem,5.0,16170.0,93.73
140525180120656,2024-10-20,CS501,Caltech,Stem,4.0,20786.0,65.0
140525180122128,2024-09-07,CS501,Caltech,Stem,3.5576437831723657,22195.0,78.89
140525180112912,2024-06-10,CS501,Caltech,Stem,2.0,21454.0,74.02
140525180125072,2024-11-22,CS401,Caltech,Stem,4.0,15938.0,92.85
140525180113232,2024-11-07,CS501,Caltech,Stem,3.0,20174.0,70.26
140525180115152,2024-12-16,CS401,Caltech,Stem,3.0,15293.0,88.94
140525180109712,2024-11-08,CS501,Caltech,Stem,4.0,20925.0,90.11
140525180115920,2024-11-17,CS501,Caltech,Stem,3.0,20960.0,91.6
140525180116944,2024-12-28,CS401,Caltech,Stem,5.0,16502.0,73.71
140525180112720,2024-08-05,CS401,Caltech,Stem,5.0,16507.0,65.39
140525180123344,2024-11-26,CS401,Caltech,Stem,5.0,19245.0,83.45
140525180118608,2024-10-09,CS501,Caltech,Stem,5.0,23528.0,94.73
140525180123408,2024-09-25,CS501,Caltech,Stem,3.5576437831723657,19109.874457308248,69.93520170043416
140525180120208,2024-11-25,CS501,Caltech,Stem,3.5576437831723657,20388.0,96.97
140525180109328,2024-11-06,CS501,Caltech,Stem,2.0,21878.0,47.98
140525180123088,2024-08-05,CS401,Caltech,Stem,5.0,17135.0,75.39
140525180110544,2024-12-18,CS401,Caltech,Stem,4.0,16153.0,87.82
140525180122896,2024-11-06,CS401,Caltech,Stem,4.0,15592.0,61.96
140525180112464,2024-09-19,CS401,Caltech,Stem,4.0,15694.0,75.14
140525180109648,2024-12-27,CS601,Caltech,Stem,4.0,27323.0,94.05
140525180111376,2024-11-12,CS401,Caltech,Stem,5.0,15916.0,90.05
140525180121680,2024-08-05,CS501,Caltech,Stem,3.0,20427.0,83.28
140525180116432,2024-12-11,CS401,Caltech,Stem,4.0,15208.0,83.8
140525180112208,2024-09-04,CS401,Caltech,Stem,5.0,15678.0,95.67
140525180118992,2024-07-24,CS401,Caltech,Stem,4.0,15629.0,87.97
140525180120016,2024-10-22,CS401,Caltech,Stem,3.0,15480.0,98.82
140525180112976,2024-05-31,CS401,Caltech,Stem,4.0,15991.0,97.44
140525180112848,2024-11-27,CS501,Caltech,Stem,4.0,20569.0,93.92
140525180119568,2024-12-15,CS401,Caltech,Stem,4.0,15734.0,94.3
140525180112592,2024-07-12,CS501,Caltech,Stem,3.0,20360.0,96.04
140525180119632,2024-08-23,CS501,Caltech,Stem,2.0,21435.0,75.55
140525180122256,2024-10-25,CS401,Caltech,Stem,3.0,16029.0,78.81
140525180114960,2024-11-20,CS401,Caltech,Stem,3.0,15144.0,77.69
140525180113360,2024-10-29,CS401,Caltech,Stem,4.0,19066.0,79.58
140525180111632,2024-06-14,CS601,Caltech,Stem,4.0,25442.0,76.96
140525180114128,2024-08-11,CS401,Caltech,Stem,5.0,19109.874457308248,69.93520170043416
140525180119056,2024-11-04,CS501,Caltech,Stem,3.0,22896.0,87.41
140525180110096,2024-08-21,CS501,Caltech,Stem,3.0,20659.0,90.48
140525180110416,2024-09-05,CS401,Caltech,Stem,3.0,19109.874457308248,69.93520170043416
140525180111696,2024-11-21,CS501,Caltech,Stem,3.0,21687.0,94.69
140525180116752,2024-12-26,CS501,Caltech,Stem,5.0,20135.0,74.56
140525180118288,2024-11-14,CS501,Caltech,Stem,5.0,20337.0,76.38
140525180122704,2024-09-23,CS401,Caltech,Stem,4.0,16321.0,75.15
140525180114768,2024-12-01,CS501,Caltech,Stem,4.0,20530.0,98.57
140525180115216,2024-10-19,CS501,Caltech,Stem,5.0,20524.0,74.56
140525180119824,2024-06-09,CS401,Caltech,Stem,5.0,15061.0,93.71
140525180121808,2024-09-09,CS401,Caltech,Stem,3.5576437831723657,17433.0,62.23
140525180124624,2024-10-26,CS501,Caltech,Stem,2.0,20086.0,92.95
140525180120528,2024-11-14,CS501,Caltech,Stem,3.5576437831723657,23903.0,60.14
140525180116304,2024-05-18,CS401,Caltech,Stem,5.0,15959.0,63.22
140525180110608,2024-10-05,CS501,Caltech,Stem,5.0,19109.874457308248,69.93520170043416
140525180122576,2024-11-09,CS501,Caltech,Stem,3.0,22166.0,62.44
140525180118032,2024-10-08,CS501,Caltech,Stem,4.0,20700.0,95.28
140525180113872,2024-12-09,CS401,Caltech,Stem,2.0,16730.0,72.52
140525180111184,2024-10-10,CS501,Caltech,Stem,5.0,20252.0,94.52
140525180109200,2024-09-14,CS401,Caltech,Stem,5.0,16466.0,93.82
140525180124176,2024-11-02,CS501,Caltech,Stem,4.0,21677.0,91.56
140525180123920,2024-12-23,CS501,Caltech,Stem,4.0,20984.0,86.37
140525180118928,2024-03-03,CS501,Caltech,Stem,4.0,19109.874457308248,69.93520170043416
140525180114256,2024-12-17,CS501,Caltech,Stem,4.0,21507.0,90.22
140525180109904,2024-10-20,CS501,Caltech,Stem,4.0,21169.0,97.91
140525180120272,2024-12-30,CS401,Caltech,Stem,3.0,18220.0,78.77
140525180115792,2024-12-19,CS401,Caltech,Stem,4.0,16911.0,93.28
140525180124496,2024-10-21,CS401,Caltech,Stem,3.0,16051.0,44.89
140525180109968,2024-09-18,CS401,Caltech,Stem,4.0,16191.0,82.01
140525180118800,2024-12-03,CS401,Caltech,Stem,4.0,19109.874457308248,69.93520170043416
140525180113744,2024-12-28,CS501,Caltech,Stem,5.0,20200.0,81.81
140525180115664,2024-09-26,CS401,Caltech,Stem,2.0,16816.0,67.08
140525180123024,2024-11-15,CS401,Caltech,Stem,5.0,15562.0,80.89
140525180122832,2024-11-03,CS401,Caltech,Stem,4.0,16567.0,94.02
140525180113424,2024-06-10,CS401,Caltech,Stem,5.0,15485.0,62.86
140525180110160,2024-08-23,CS501,Caltech,Stem,4.0,21053.0,73.15
140525180124048,2024-12-07,CS501,Caltech,Stem,3.0,20174.0,72.74
140525180115024,2024-10-03,CS401,Caltech,Stem,2.0,19109.874457308248,69.93520170043416
140525180109840,2024-04-14,CS501,Caltech,Stem,4.0,20336.0,95.32
140525180116880,2024-10-18,CS401,Caltech,Stem,3.0,17580.0,98.34
140525180109584,2024-11-20,CS401,Caltech,Stem,3.0,16202.0,56.55
140525180124560,2024-12-28,CS401,Caltech,Stem,2.0,15790.0,93.16
140525180120464,2024-12-02,CS501,Caltech,Stem,4.0,22079.0,71.99
140525180124688,2024-12-01,CS401,Caltech,Stem,4.0,15026.0,94.05
140525180124368,2024-12-31,CS501,Caltech,Stem,3.0,20714.0,88.19
140525139217488,2024-08-03,CS501,Caltech,Stem,4.0,20658.0,75.72
140525139225040,2024-06-19,CS501,Caltech,Stem,5.0,20776.0,74.58
140525139224272,2024-10-04,CS401,Caltech,Stem,4.0,16426.0,81.77
140525139219280,2024-06-21,CS501,Caltech,Stem,4.0,21950.0,85.74
140525139216720,2024-10-05,CS401,Caltech,Stem,4.0,18339.0,96.89
140525139223056,2024-10-26,CS401,Caltech,Stem,3.0,18054.0,82.56
140525139219984,2024-10-08,CS501,Caltech,Stem,4.0,22412.0,92.14
140525139226320,2024-09-30,CS501,Caltech,Stem,4.0,22029.0,91.82
140525139214416,2024-12-14,CS501,Caltech,Stem,2.0,22038.0,93.36
140525139226064,2024-11-25,CS401,Caltech,Stem,2.0,15079.0,95.99
140525139223248,2024-12-29,CS401,Caltech,Stem,4.0,17869.0,52.53
140525139221776,2024-10-24,CS501,Caltech,Stem,5.0,20444.0,97.71
140525139225296,2024-11-12,CS501,Caltech,Stem,2.0,22362.0,65.73
140525139219728,2024-07-24,CS401,Caltech,Stem,3.0,15983.0,96.31
140525139226832,2024-11-26,CS501,Caltech,Stem,4.0,20823.0,84.66
140525139215184,2024-10-28,CS601,Caltech,Stem,5.0,28528.0,84.26
140525139228368,2024-12-16,CS401,Caltech,Stem,4.0,17009.0,84.17
140525139219024,2024-11-21,CS401,Caltech,Stem,4.0,17516.0,70.82
140525139217232,2024-09-29,CS401,Caltech,Stem,4.0,16414.0,86.67
140525139216208,2024-09-08,CS601,Caltech,Stem,4.0,27927.0,75.95
140525139228624,2024-09-05,CS401,Caltech,Stem,3.0,16138.0,66.93
140525139224528,2024-10-11,CS501,Caltech,Stem,5.0,20047.0,58.41
140525139219472,2024-09-03,CS401,Caltech,Stem,3.0,15000.0,91.81
140525139224016,2024-12-20,CS501,Caltech,Stem,4.0,20408.0,95.42
140525139221520,2024-10-10,CS401,Caltech,Stem,4.0,15719.0,87.58
140525139223760,2024-12-21,CS501,Caltech,Stem,3.0,20836.0,94.8
140525139220240,2024-09-01,CS501,Caltech,Stem,2.0,21955.0,81.8
140525139227600,2024-09-08,CS401,Caltech,Stem,5.0,15759.0,94.49
140525139220752,2024-06-27,CS401,Caltech,Stem,3.0,18743.0,89.5
140525139221264,2024-11-08,CS501,Caltech,Stem,3.0,20297.0,98.52
140525139217744,2024-05-10,CS401,Caltech,Stem,4.0,19109.874457308248,69.93520170043416
140525139226576,2024-09-16,CS401,Caltech,Stem,3.0,15247.0,98.67
140525139214672,2024-09-19,CS501,Caltech,Stem,4.0,22038.0,98.97
140525182028240,2024-10-24,CS501,Caltech,Stem,5.0,20379.0,78.11
140525182040528,2024-12-03,CS401,Caltech,Stem,4.0,15997.0,84.4
140525182037264,2024-12-28,CS501,Caltech,Stem,3.0,21354.0,61.53
140525182035600,2024-12-13,CS501,Caltech,Stem,3.5576437831723657,20660.0,95.73
140525182026704,2024-12-09,CS401,Caltech,Stem,5.0,16044.0,90.14
140525182033872,2024-09-26,CS501,Caltech,Stem,3.0,19109.874457308248,69.93520170043416
140525182029968,2024-10-31,CS501,Caltech,Stem,5.0,21487.0,95.5
140525182028944,2024-09-21,CS401,Caltech,Stem,5.0,15101.0,78.95
140525182037712,2024-12-14,CS401,Caltech,Stem,4.0,15819.0,85.41
140525182036112,2024-09-29,CS401,Caltech,Stem,5.0,15695.0,97.81
140525182037392,2024-05-26,CS401,Caltech,Stem,4.0,15201.0,94.58
140525182034384,2024-06-26,CS401,Caltech,Stem,3.0,15817.0,73.24
140525182027344,2024-09-26,CS401,Caltech,Stem,3.0,16025.0,85.76
140525182032848,2024-12-22,CS401,Caltech,Stem,5.0,15365.0,97.67
140525182026384,2024-11-17,CS501,Caltech,Stem,4.0,22200.0,83.89
140525182028560,2024-10-01,CS401,Caltech,Stem,3.0,15317.0,70.76
140525182029584,2024-05-16,CS401,Caltech,Stem,3.0,16491.0,88.72
140525182038928,2024-12-28,CS501,Caltech,Stem,5.0,20577.0,96.23
140525182035280,2024-08-05,CS401,Caltech,Stem,5.0,15173.0,98.95
140525182039952,2024-07-30,CS401,Caltech,Stem,2.0,15044.0,98.85
140525182039568,2024-12-18,CS401,Caltech,Stem,4.0,19109.874457308248,69.93520170043416
140525182027792,2024-12-28,CS401,Caltech,Stem,4.0,19109.874457308248,69.93520170043416
140525182027984,2024-10-15,CS401,Caltech,Stem,4.0,15105.0,80.47
140525182033104,2024-09-04,CS501,Caltech,Stem,4.0,20711.0,94.49
140525182038608,2024-10-03,CS501,Caltech,Stem,4.0,20639.0,89.85
140525182039056,2024-11-28,CS401,Caltech,Stem,3.0,15793.0,63.74
140525182028496,2024-11-30,CS401,Caltech,Stem,5.0,15913.0,81.44
140525182041424,2024-11-13,CS501,Caltech,Stem,5.0,19109.874457308248,69.93520170043416
140525182031312,2024-12-27,CS401,Caltech,Stem,2.0,16649.0,78.98
140525182035472,2024-07-05,CS501,Caltech,Stem,4.0,20771.0,83.54
140525182027216,2024-05-19,CS401,Caltech,Stem,4.0,17923.0,76.64
140525182032784,2024-05-18,CS601,Caltech,Stem,4.0,27464.0,76.76
140525182033360,2024-10-23,CS401,Caltech,Stem,2.0,17995.0,94.8
140525182033232,2024-10-02,CS401,Caltech,Stem,4.0,16279.0,80.53
140525182038032,2024-11-04,CS401,Caltech,Stem,4.0,15220.0,98.19
140525182039632,2024-12-11,CS501,Caltech,Stem,5.0,21813.0,62.41
140525182031376,2024-06-19,CS401,Caltech,Stem,5.0,15715.0,97.59
140525182027088,2024-06-16,CS501,Caltech,Stem,3.5576437831723657,20352.0,78.6
140525182026000,2024-10-21,CS501,Caltech,Stem,4.0,20267.0,68.29
140525182035664,2024-08-12,CS401,Caltech,Stem,4.0,15629.0,71.88
140525182041616,2024-05-01,CS401,Caltech,Stem,3.0,18873.0,61.6
140525182026192,2024-10-18,CS501,Caltech,Stem,3.0,20223.0,87.96
140525182027280,2024-10-20,CS501,Caltech,Stem,5.0,21276.0,82.7
140525182028816,2024-07-23,CS501,Caltech,Stem,4.0,19109.874457308248,69.93520170043416
140525182040592,2024-08-08,CS501,Caltech,Stem,3.0,21832.0,86.51
140525182040912,2024-06-20,CS401,Caltech,Stem,5.0,15876.0,89.6
140525182025808,2024-07-23,CS401,Caltech,Stem,4.0,16573.0,89.05
140525182034320,2024-12-28,CS401,Caltech,Stem,5.0,15019.0,82.27
140525182040656,2024-08-21,CS501,Caltech,Stem,5.0,19109.874457308248,69.93520170043416
140525182040272,2024-11-06,CS501,Caltech,Stem,4.0,22842.0,79.73
140525182026064,2024-11-15,CS501,Caltech,Stem,4.0,20644.0,81.45
140525182036368,2024-10-20,CS501,Caltech,Stem,3.0,22268.0,79.08
140525182037136,2024-08-07,CS401,Caltech,Stem,3.0,16273.0,58.76
140525182035536,2024-10-01,CS501,Caltech,Stem,4.0,21713.0,74.57
140525182027600,2024-07-24,CS501,Caltech,Stem,3.5576437831723657,21002.0,90.18
140525182036624,2024-09-24,CS501,Caltech,Stem,4.0,22977.0,56.31
140525182025936,2024-11-13,CS501,Caltech,Stem,4.0,21996.0,81.9
140525182028752,2024-06-13,CS501,Caltech,Stem,5.0,20520.0,97.03
140525182033680,2024-10-07,CS501,Caltech,Stem,4.0,20060.0,83.48
140525182039376,2024-12-19,CS401,Caltech,Stem,4.0,15354.0,98.2
140525182037648,2024-07-28,CS401,Caltech,Stem,5.0,15029.0,98.23
140525182036752,2024-05-11,CS501,Caltech,Stem,3.0,22518.0,92.73
140525182041808,2024-12-26,CS401,Caltech,Stem,3.0,15096.0,98.28
140525182029712,2024-10-12,CS401,Caltech,Stem,4.0,15360.0,83.35
140525182035920,2024-08-25,CS501,Caltech,Stem,3.0,20790.0,81.91
140525182038096,2024-08-09,CS401,Caltech,Stem,4.0,15114.0,96.43
140525182031504,2024-04-05,CS501,Caltech,Stem,3.0,20053.0,99.0
140525182037072,2024-11-03,CS501,Caltech,Stem,4.0,21207.0,65.93
140525182031888,2024-08-22,CS401,Caltech,Stem,3.0,17179.0,69.97
140525182039824,2024-08-14,CS501,Caltech,Stem,5.0,20388.0,82.45
140525182032400,2024-07-26,CS601,Caltech,Stem,5.0,26850.0,86.26
140525182039760,2024-11-04,CS401,Caltech,Stem,5.0,16028.0,94.78
140525182029008,2024-12-28,CS601,Caltech,Stem,3.5576437831723657,25818.0,87.04
140525182029072,2024-10-03,CS501,Caltech,Stem,5.0,20563.0,93.99
140525182040720,2024-06-01,CS401,Caltech,Stem,4.0,15270.0,77.18
140525182039120,2024-09-09,CS601,Caltech,Stem,3.0,25129.0,86.63
140525182041296,2024-11-29,CS501,Caltech,Stem,4.0,20089.0,79.16
140525182040080,2024-11-12,CS501,Caltech,Stem,5.0,21367.0,76.14
140525182032144,2024-12-02,CS401,Caltech,Stem,4.0,15724.0,90.77
140525182027024,2024-09-05,CS401,Caltech,Stem,3.0,15431.0,86.02
140525182041936,2024-12-17,CS401,Caltech,Stem,3.5576437831723657,15171.0,67.13
140525182041040,2024-12-03,CS501,Caltech,Stem,3.0,20153.0,61.2
140525182039248,2024-09-01,CS501,Caltech,Stem,4.0,20772.0,67.84
140525182034512,2024-06-29,CS401,Caltech,Stem,4.0,16525.0,86.52
140525182030800,2024-06-10,CS401,Caltech,Stem,5.0,16747.0,82.66
140525182038416,2024-08-26,CS401,Caltech,Stem,4.0,18057.0,82.13
140525182027728,2024-11-27,CS501,Caltech,Stem,4.0,21440.0,91.96
140525182038160,2024-08-24,CS401,Caltech,Stem,4.0,15962.0,83.87
140525182041872,2024-10-05,CS401,Caltech,Stem,4.0,17330.0,84.21
140525182029136,2024-08-30,CS501,Caltech,Stem,3.0,22292.0,98.82
140525182037584,2024-12-28,CS501,Caltech,Stem,4.0,22469.0,83.42
140525182027536,2024-10-27,CS401,Caltech,Stem,4.0,16859.0,95.23
140525182033616,2024-09-20,CS401,Caltech,Stem,3.0,19109.874457308248,69.93520170043416
140525182028304,2024-12-26,CS501,Caltech,Stem,3.5576437831723657,21548.0,77.6
140525182030160,2024-12-02,CS501,Caltech,Stem,5.0,19109.874457308248,69.93520170043416
140525182034896,2024-11-17,CS401,Caltech,Stem,5.0,15865.0,83.93
140525182030288,2024-11-14,CS401,Caltech,Stem,4.0,15330.0,90.16
140525182041168,2024-11-16,CS501,Caltech,Stem,4.0,20461.0,78.62
140525182030480,2024-11-02,CS501,Caltech,Stem,2.0,22426.0,54.13
140525182031568,2024-05-26,CS401,Caltech,Stem,5.0,19109.874457308248,69.93520170043416
140525182040144,2024-11-22,CS501,Caltech,Stem,4.0,21811.0,87.07
140525182039184,2024-07-11,CS401,Caltech,Stem,4.0,19109.874457308248,69.93520170043416
140525182041680,2024-04-15,CS401,Caltech,Stem,5.0,16853.0,83.12
140525182032592,2024-12-20,CS401,Caltech,Stem,5.0,17481.0,99.0
140525182032016,2024-12-16,CS501,Caltech,Stem,4.0,21627.0,96.81
140525182034640,2024-10-27,CS401,Caltech,Stem,5.0,15165.0,84.84
140525182033552,2024-11-15,CS501,Caltech,Stem,5.0,21950.0,65.24
140525182028048,2024-11-28,CS401,Caltech,Stem,5.0,15133.0,79.39
140525182031952,2024-11-01,CS401,Caltech,Stem,3.0,16149.0,90.98
140525182039440,2024-10-23,CS401,Caltech,Stem,5.0,15135.0,50.63
140525182026448,2024-03-02,CS401,Caltech,Stem,4.0,15198.0,88.46
140525182038288,2024-07-28,CS601,Caltech,Stem,4.0,25900.0,84.96
140525182027472,2024-10-25,CS601,Caltech,Stem,5.0,28021.0,93.04
140525182028432,2024-10-28,CS401,Caltech,Stem,3.0,17081.0,62.54
140525182032208,2024-12-04,CS401,Caltech,Stem,5.0,16560.0,86.58
140525182038352,2024-10-19,CS401,Caltech,Stem,4.0,18011.0,88.77
140525182034960,2024-11-02,CS501,Caltech,Stem,3.0,21999.0,75.71
140525182026768,2024-09-17,CS401,Caltech,Stem,4.0,16852.0,86.21
140525142689808,2024-07-02,CS501,Caltech,Stem,5.0,19109.874457308248,69.93520170043416
140525142701392,2024-12-17,CS401,Caltech,Stem,5.0,15598.0,81.73
140525142696080,2024-10-22,CS501,Caltech,Stem,2.0,19109.874457308248,69.93520170043416
140525142702864,2024-11-18,CS501,Caltech,Stem,5.0,20945.0,72.99
140525142692880,2024-10-16,CS501,Caltech,Stem,5.0,21204.0,70.85
140525142702608,2024-11-17,CS501,Caltech,Stem,4.0,20746.0,84.07
140525142703120,2024-12-06,CS501,Caltech,Stem,4.0,21385.0,84.6
140525142700624,2024-12-11,CS501,Caltech,Stem,4.0,21849.0,72.18
140525142699088,2024-12-27,CS401,Caltech,Stem,4.0,16718.0,85.71
140525142692112,2024-12-28,CS601,Caltech,Stem,4.0,27092.0,82.9
140525142694352,2024-10-26,CS501,Caltech,Stem,3.0,20437.0,93.43
140525142696336,2024-09-22,CS501,Caltech,Stem,4.0,21546.0,77.75
140525142689552,2024-11-17,CS601,Caltech,Stem,3.0,26644.0,91.24
140525142703376,2024-09-17,CS601,Caltech,Stem,4.0,19109.874457308248,69.93520170043416
140525142694096,2024-07-13,CS401,Caltech,Stem,2.0,16710.0,77.99
140525142693392,2024-11-19,CS501,Caltech,Stem,5.0,20093.0,91.66
140525142690832,2024-12-28,CS401,Caltech,Stem,4.0,19109.874457308248,69.93520170043416
140525142696592,2024-11-25,CS501,Caltech,Stem,4.0,20298.0,98.15
140525142689296,2024-11-07,CS501,Caltech,Stem,3.0,22312.0,91.33
140525142691856,2024-12-09,CS501,Caltech,Stem,5.0,21823.0,78.06
140525142701648,2024-07-16,CS401,Caltech,Stem,4.0,15680.0,93.61
140525142691344,2024-12-13,CS401,Caltech,Stem,5.0,15735.0,97.26
140525142698832,2024-08-14,CS401,Caltech,Stem,5.0,19109.874457308248,69.93520170043416
140525142698576,2024-08-09,CS401,Caltech,Stem,5.0,15271.0,84.75
140525142688784,2024-12-24,CS401,Caltech,Stem,5.0,16979.0,90.1
140525142690064,2024-10-31,CS501,Caltech,Stem,3.0,20647.0,92.4
140525142690320,2024-12-29,CS501,Caltech,Stem,2.0,20633.0,81.84
140525142694608,2024-10-20,CS401,Caltech,Stem,4.0,19032.0,74.81
140525142700880,2024-07-09,CS501,Caltech,Stem,3.0,21598.0,90.07
140525142695312,2024-11-03,CS401,Caltech,Stem,5.0,15875.0,95.1
140525142703632,2024-10-27,CS401,Caltech,Stem,4.0,16970.0,82.26
140525142693840,2024-09-11,CS401,Caltech,Stem,4.0,15857.0,98.02
140525142703888,2024-12-04,CS501,Caltech,Stem,3.0,22091.0,65.87
140525134587408,2024-12-01,CS401,Caltech,Stem,3.0,19109.874457308248,69.93520170043416
140525134584592,2024-10-23,CS401,Caltech,Stem,4.0,15134.0,92.82
140525134588432,2024-12-14,CS401,Caltech,Stem,4.0,15466.0,62.81
140525134592784,2024-12-03,CS401,Caltech,Stem,4.0,15478.0,66.58
140525134579728,2024-11-16,CS501,Caltech,Stem,3.0,20498.0,95.06
140525134579216,2024-11-18,CS401,Caltech,Stem,5.0,15107.0,78.18
140525134580240,2024-12-24,CS401,Caltech,Stem,3.5576437831723657,15988.0,98.99
140525134586640,2024-09-26,CS501,Caltech,Stem,4.0,21113.0,98.0
140525134589200,2024-12-08,CS401,Caltech,Stem,5.0,17284.0,78.67
140525134578960,2024-11-04,CS401,Caltech,Stem,4.0,18302.0,67.45
140525134578192,2024-10-07,CS401,Caltech,Stem,3.0,17113.0,76.19
140525134590224,2024-11-07,CS501,Caltech,Stem,4.0,20072.0,88.57
140525134589968,2024-09-11,CS501,Caltech,Stem,5.0,20809.0,87.94
140525134586384,2024-12-28,CS401,Caltech,Stem,3.5576437831723657,19109.874457308248,69.93520170043416
140525134582800,2024-08-09,CS501,Caltech,Stem,5.0,19109.874457308248,69.93520170043416
140525134587152,2024-12-19,CS401,Caltech,Stem,4.0,15628.0,67.67
140525134584336,2024-08-16,CS501,Caltech,Stem,4.0,20861.0,97.82
140525134585872,2024-12-01,CS501,Caltech,Stem,4.0,23642.0,89.65
140525134586128,2024-10-29,CS501,Caltech,Stem,5.0,21024.0,74.07
140525134583824,2024-12-02,CS501,Caltech,Stem,5.0,21473.0,92.7
140525134578704,2024-12-21,CS501,Caltech,Stem,4.0,19109.874457308248,69.93520170043416
140525134583568,2024-06-26,CS501,Caltech,Stem,4.0,19109.874457308248,69.93520170043416
140525134588688,2024-11-05,CS601,Caltech,Stem,4.0,25284.0,92.83
140525134583056,2024-10-10,CS401,Caltech,Stem,5.0,15212.0,80.53
140525134584848,2024-11-03,CS501,Caltech,Stem,5.0,20351.0,52.57
140525134587664,2024-06-08,CS501,Caltech,Stem,2.0,19109.874457308248,69.93520170043416
140525134590992,2024-12-30,CS501,Caltech,Stem,5.0,20906.0,78.15
140525134581264,2024-12-17,CS501,Caltech,Stem,5.0,21770.0,83.18
140525134582032,2024-12-28,CS401,Caltech,Stem,5.0,15160.0,80.68
140525134582288,2024-03-08,CS401,Caltech,Stem,2.0,15264.0,80.51
140525134589712,2024-11-04,CS601,Caltech,Stem,5.0,25119.0,94.65
140525134580752,2024-11-26,CS501,Caltech,Stem,4.0,20277.0,90.03
140525134585104,2024-11-02,CS501,Caltech,Stem,4.0,19999.0,61.16
140525141990224,2024-12-24,CS401,Caltech,Stem,4.0,15023.0,98.61
140525141986192,2024-03-30,CS401,Caltech,Stem,3.0,16002.0,72.01
140525141998352,2024-09-26,CS401,Caltech,Stem,5.0,17866.0,79.02
140525141996816,2024-05-02,CS501,Caltech,Stem,5.0,21061.0,64.78
140525141989456,2024-08-03,CS501,Caltech,Stem,4.0,19109.874457308248,69.93520170043416
140525141993232,2024-11-22,CS601,Caltech,Stem,4.0,26185.0,89.22
140525141996048,2024-08-08,CS501,Caltech,Stem,4.0,20671.0,82.11
140525141991504,2024-10-09,CS501,Caltech,Stem,5.0,20887.0,72.3
140525141990480,2024-12-31,CS501,Caltech,Stem,3.0,20084.0,96.35
140525141990736,2024-09-27,CS401,Caltech,Stem,4.0,16285.0,89.53
140525141989968,2024-07-17,CS501,Caltech,Stem,5.0,20104.0,91.5
140525141986448,2024-08-18,CS401,Caltech,Stem,5.0,17702.0,92.52
140525141987920,2024-07-25,CS401,Caltech,Stem,5.0,16687.0,94.56
140525141989712,2024-10-23,CS501,Caltech,Stem,3.0,19109.874457308248,69.93520170043416
140525141984208,2024-10-27,CS401,Caltech,Stem,3.0,15469.0,86.36
140525141985488,2024-12-13,CS401,Caltech,Stem,5.0,19109.874457308248,69.93520170043416
140525141993488,2024-03-04,CS401,Caltech,Stem,4.0,17377.0,93.28
140525141997328,2024-11-26,CS501,Caltech,Stem,4.0,21822.0,91.83
140525141995792,2024-10-20,CS401,Caltech,Stem,5.0,16280.0,89.24
140525141988176,2024-11-30,CS401,Caltech,Stem,5.0,15764.0,73.6
140525141994000,2024-04-27,CS501,Caltech,Stem,3.0,21140.0,77.99
140525141984720,2024-11-04,CS501,Caltech,Stem,4.0,21087.0,79.19
140525141995536,2024-08-13,CS401,Caltech,Stem,2.0,16869.0,87.25
140525141988944,2024-10-04,CS401,Caltech,Stem,3.0,15238.0,85.25
140525141998096,2024-10-03,CS501,Caltech,Stem,3.0,21563.0,96.51
140525141987408,2024-05-28,CS401,Caltech,Stem,3.0,17798.0,61.7
140525141999120,2024-08-01,CS401,Caltech,Stem,4.0,15709.0,97.86
140525141983440,2024-12-09,CS601,Caltech,Stem,4.0,25709.0,79.04
140525141995024,2024-06-26,CS401,Caltech,Stem,3.0,18108.0,84.53
140525141985232,2024-12-16,CS601,Caltech,Stem,4.0,26202.0,84.9
140525141997840,2024-11-26,CS501,Caltech,Stem,5.0,20932.0,89.27
140525141998608,2024-12-22,CS501,Caltech,Stem,4.0,22712.0,63.37
140525141997072,2024-11-28,CS601,Caltech,Stem,4.0,19109.874457308248,69.93520170043416
140525142605904,2024-07-03,CS501,Caltech,Stem,4.0,20648.0,93.49
140525142621712,2024-12-24,CS501,Caltech,Stem,3.0,21608.0,97.59
140525142609680,2024-12-08,CS501,Caltech,Stem,4.0,20295.0,56.46
140525142611216,2024-09-23,CS601,Caltech,Stem,4.0,25750.0,93.56
140525142611664,2024-12-28,CS501,Caltech,Stem,4.0,20817.0,96.8
140525142607440,2024-11-03,CS501,Caltech,Stem,5.0,21468.0,72.7
140525142610192,2024-11-29,CS501,Caltech,Stem,5.0,20486.0,89.38
140525142615504,2024-12-12,CS401,Caltech,Stem,5.0,15785.0,84.52
140525142610960,2024-10-24,CS501,Caltech,Stem,3.0,21739.0,73.04
140525142620176,2024-11-26,CS501,Caltech,Stem,4.0,23181.0,94.77
140525142616208,2024-12-10,CS401,Caltech,Stem,4.0,18284.0,89.25
140525142619216,2024-03-11,CS401,Caltech,Stem,4.0,15069.0,82.29
140525142608464,2024-07-10,CS401,Caltech,Stem,5.0,16931.0,94.34
140525142612432,2024-12-23,CS401,Caltech,Stem,3.0,16223.0,88.27
140525142614480,2024-12-26,CS401,Caltech,Stem,2.0,17814.0,73.68
140525142616016,2024-11-22,CS501,Caltech,Stem,5.0,21000.0,50.39
140525142612176,2024-08-30,CS501,Caltech,Stem,5.0,21223.0,68.64
140525142620688,2024-08-25,CS501,Caltech,Stem,5.0,20109.0,84.51
140525142613200,2024-07-16,CS601,Caltech,Stem,4.0,25831.0,93.88
140525142617232,2024-10-18,CS501,Caltech,Stem,5.0,21078.0,86.97
140525142618960,2024-10-12,CS401,Caltech,Stem,3.5576437831723657,15093.0,49.45
140525142619920,2024-10-19,CS501,Caltech,Stem,3.0,21277.0,58.44
140525142620944,2024-11-06,CS401,Caltech,Stem,5.0,19109.874457308248,69.93520170043416
140525142615248,2024-06-27,CS401,Caltech,Stem,4.0,17606.0,77.94
140525142618448,2024-05-30,CS501,Caltech,Stem,4.0,22756.0,87.47
140525142617488,2024-09-27,CS501,Caltech,Stem,5.0,20416.0,68.65
140525142614224,2024-09-26,CS401,Caltech,Stem,4.0,15351.0,97.38
140525142616976,2024-10-07,CS501,Caltech,Stem,4.0,22633.0,95.33
140525142610448,2024-12-28,CS401,Caltech,Stem,4.0,15985.0,86.18
140525142616720,2024-12-30,CS501,Caltech,Stem,3.0,21118.0,86.35
140525142606928,2024-07-19,CS501,Caltech,Stem,4.0,22061.0,94.15
140525142614736,2024-08-11,CS401,Caltech,Stem,3.0,15528.0,75.46
140525142621456,2024-09-21,CS401,Caltech,Stem,4.0,15436.0,96.14
140525142611920,2024-09-21,CS501,Caltech,Stem,4.0,20912.0,94.22
140525182362768,2024-11-02,CS501,Caltech,Stem,4.0,21088.0,84.36
140525182362512,2024-07-06,CS601,Caltech,Stem,4.0,25651.0,95.31
140525182362896,2024-11-16,CS401,Caltech,Stem,2.0,16769.0,73.47
140525182367312,2024-05-08,CS501,Caltech,Stem,5.0,20424.0,63.79
140525182367888,2024-12-01,CS401,Caltech,Stem,5.0,19109.874457308248,69.93520170043416
140525182369296,2024-07-21,CS501,Caltech,Stem,5.0,20005.0,98.98
140525182361936,2024-09-01,CS501,Caltech,Stem,4.0,21341.0,80.15
140525182358352,2024-12-28,CS401,Caltech,Stem,3.0,19109.874457308248,69.93520170043416
140525182355664,2024-04-10,CS501,Caltech,Stem,5.0,20540.0,78.3
140525182360464,2024-12-10,CS401,Caltech,Stem,4.0,16576.0,75.96
140525182353808,2024-11-29,CS401,Caltech,Stem,4.0,16192.0,87.86
140525182367376,2024-12-25,CS401,Caltech,Stem,4.0,16186.0,98.13
140525182363152,2024-10-31,CS501,Caltech,Stem,3.0,21584.0,88.06
140525182364240,2024-09-02,CS601,Caltech,Stem,5.0,25781.0,72.99
140525182360656,2024-08-01,CS401,Caltech,Stem,3.0,15682.0,75.65
140525182354640,2024-11-30,CS401,Caltech,Stem,3.0,15150.0,66.14
140525182367632,2024-12-26,CS401,Caltech,Stem,4.0,15109.0,70.66
140525182366608,2024-12-13,CS501,Caltech,Stem,4.0,23395.0,66.19
140525182355152,2024-09-07,CS501,Caltech,Stem,5.0,22570.0,65.66
140525182363984,2024-05-01,CS501,Caltech,Stem,4.0,20283.0,93.04
140525182363472,2024-12-25,CS501,Caltech,Stem,5.0,23053.0,71.26
140525182359312,2024-12-11,CS401,Caltech,Stem,4.0,15731.0,76.83
140525182356304,2024-08-06,CS501,Caltech,Stem,5.0,21363.0,72.33
140525182364560,2024-10-05,CS401,Caltech,Stem,4.0,15648.0,96.97
140525182365072,2024-12-28,CS601,Caltech,Stem,4.0,26215.0,95.37
140525182360912,2024-12-31,CS501,Caltech,Stem,5.0,20060.0,93.75
140525182366544,2024-05-18,CS401,Caltech,Stem,5.0,15301.0,81.56
140525182366224,2024-12-29,CS401,Caltech,Stem,5.0,15419.0,89.99
140525182364624,2024-07-09,CS401,Caltech,Stem,4.0,16321.0,94.86
140525182369680,2024-12-24,CS501,Caltech,Stem,3.0,20669.0,95.81
140525182369424,2024-12-08,CS501,Caltech,Stem,2.0,21597.0,97.41
140525182360976,2024-11-16,CS501,Caltech,Stem,5.0,20246.0,93.23
140525182358032,2024-12-04,CS601,Caltech,Stem,5.0,27842.0,98.19
140525182362256,2024-10-18,CS401,Caltech,Stem,4.0,17924.0,97.53
140525182360144,2024-10-30,CS601,Caltech,Stem,5.0,26148.0,94.5
140525182363920,2024-08-22,CS401,Caltech,Stem,4.0,18852.0,94.28
140525182359056,2024-09-28,CS601,Caltech,Stem,3.0,25075.0,78.43
140525182357392,2024-06-21,CS501,Caltech,Stem,4.0,20454.0,77.97
140525182353488,2024-12-28,CS501,Caltech,Stem,5.0,21707.0,95.52
140525182360400,2024-10-24,CS501,Caltech,Stem,3.0,20171.0,91.09
140525182357072,2024-08-23,CS401,Caltech,Stem,3.0,15016.0,90.78
140525182366992,2024-08-19,CS401,Caltech,Stem,3.0,15042.0,64.97
140525182364688,2024-11-02,CS501,Caltech,Stem,4.0,20366.0,97.98
140525182356112,2024-10-03,CS401,Caltech,Stem,5.0,15401.0,71.21
140525182354576,2024-12-29,CS501,Caltech,Stem,5.0,22774.0,93.4
140525182362640,2024-04-08,CS401,Caltech,Stem,4.0,18064.0,87.14
140525182365008,2024-10-09,CS501,Caltech,Stem,4.0,20517.0,87.03
140525182362704,2024-11-23,CS401,Caltech,Stem,4.0,15418.0,84.88
140525182368912,2024-07-09,CS401,Caltech,Stem,4.0,16520.0,94.02
140525182368656,2024-08-30,CS501,Caltech,Stem,4.0,22269.0,82.9
140525182356368,2024-09-02,CS501,Caltech,Stem,5.0,20633.0,98.53
140525182366864,2024-11-20,CS501,Caltech,Stem,4.0,23202.0,95.87
140525182355344,2024-06-13,CS401,Caltech,Stem,5.0,15301.0,81.73
140525182365584,2024-09-18,CS501,Caltech,Stem,5.0,20627.0,92.18
140525182360720,2024-09-24,CS401,Caltech,Stem,4.0,15996.0,83.11
140525182354384,2024-09-05,CS501,Caltech,Stem,5.0,19109.874457308248,69.93520170043416
140525182358608,2024-12-28,CS501,Caltech,Stem,3.0,21190.0,97.55
140525182368144,2024-12-28,CS501,Caltech,Stem,3.0,20064.0,75.87
140525182368784,2024-07-27,CS501,Caltech,Stem,4.0,20713.0,97.72
140525182357520,2024-11-05,CS401,Caltech,Stem,2.0,15835.0,96.01
140525182357904,2024-12-18,CS401,Caltech,Stem,5.0,15480.0,98.55
140525182368336,2024-10-14,CS401,Caltech,Stem,3.0,15372.0,95.24
140525182357648,2024-08-11,CS501,Caltech,Stem,4.0,21369.0,96.31
140525182357136,2024-12-28,CS401,Caltech,Stem,3.5576437831723657,15442.0,81.94
140525182355920,2024-12-28,CS401,Caltech,Stem,4.0,15289.0,94.93
140525182359952,2024-11-15,CS501,Caltech,Stem,3.0,20739.0,84.32
140525182365520,2024-08-10,CS501,Caltech,Stem,5.0,23464.0,67.6
140525182353936,2024-06-24,CS401,Caltech,Stem,5.0,16293.0,98.11
140525182357328,2024-11-12,CS501,Caltech,Stem,3.0,19109.874457308248,69.93520170043416
140525182354832,2024-07-06,CS501,Caltech,Stem,4.0,20490.0,95.28
140525182357776,2024-09-22,CS401,Caltech,Stem,3.0,18127.0,94.49
140525182369552,2024-12-29,CS401,Caltech,Stem,5.0,17892.0,62.79
140525182358288,2024-11-17,CS501,Caltech,Stem,3.0,20826.0,78.41
140525182369104,2024-12-03,CS401,Caltech,Stem,5.0,17537.0,98.24
140525182358416,2024-12-28,CS601,Caltech,Stem,3.0,29140.0,94.73
140525182365456,2024-09-13,CS501,Caltech,Stem,5.0,20753.0,83.84
140525182359248,2024-07-15,CS501,Caltech,Stem,4.0,21300.0,93.38
140525182353552,2024-06-14,CS501,Caltech,Stem,4.0,21391.0,82.16
140525182367056,2024-09-29,CS501,Caltech,Stem,3.5576437831723657,21125.0,72.38
140525182364496,2024-04-02,CS501,Caltech,Stem,5.0,20655.0,80.58
140525182369616,2024-08-24,CS501,Caltech,Stem,5.0,20468.0,90.83
140525182355024,2024-12-23,CS601,Caltech,Stem,3.5576437831723657,25247.0,88.25
140525182359440,2024-10-07,CS501,Caltech,Stem,3.0,20587.0,95.78
140525182361488,2024-07-21,CS501,Caltech,Stem,4.0,20909.0,81.65
140525182358928,2024-10-02,CS501,Caltech,Stem,5.0,22089.0,84.53
140525182361872,2024-10-27,CS501,Caltech,Stem,3.0,20552.0,94.94
140525182359824,2024-10-30,CS501,Caltech,Stem,3.5576437831723657,20181.0,98.77
140525182365200,2024-12-25,CS401,Caltech,Stem,4.0,15266.0,85.91
140525182356624,2024-10-20,CS401,Caltech,Stem,4.0,15110.0,73.06
140525182360208,2024-04-25,CS401,Caltech,Stem,4.0,16393.0,51.21
140525182354896,2024-11-28,CS401,Caltech,Stem,4.0,16094.0,86.51
140525182366032,2024-08-11,CS501,Caltech,Stem,3.0,22796.0,91.86
140525182361104,2024-09-18,CS501,Caltech,Stem,4.0,20678.0,91.63
140525182364432,2024-08-06,CS401,Caltech,Stem,5.0,16520.0,70.43
140525182369040,2024-11-29,CS401,Caltech,Stem,4.0,17780.0,86.61
140525182363536,2024-06-26,CS401,Caltech,Stem,3.0,15652.0,83.66
140525182355600,2024-11-23,CS401,Caltech,Stem,4.0,16357.0,80.47
140525182356496,2024-11-05,CS501,Caltech,Stem,4.0,19109.874457308248,69.93520170043416
140525182358672,2024-11-27,CS501,Caltech,Stem,4.0,20502.0,66.54
140525182358544,2024-10-23,CS501,Caltech,Stem,2.0,20826.0,85.89
140525182359568,2024-12-22,CS501,Caltech,Stem,3.5576437831723657,20198.0,97.76
140525182355408,2024-12-01,CS401,Caltech,Stem,4.0,15394.0,65.82
140525182358096,2024-08-14,CS401,Caltech,Stem,5.0,17647.0,77.09
140525182357008,2024-07-28,CS501,Caltech,Stem,4.0,20166.0,89.37
140525182354128,2024-08-21,CS501,Caltech,Stem,3.5576437831723657,21539.0,78.71
140525182356880,2024-10-14,CS501,Caltech,Stem,2.0,20254.0,94.09
140525182369360,2024-11-19,CS501,Caltech,Stem,3.5576437831723657,21945.0,67.24
140526253251984,2024-12-27,CS501,Caltech,Stem,5.0,20984.0,82.01
140526253252048,2024-08-26,CS501,Caltech,Stem,4.0,21173.0,98.04
140526253258640,2024-07-14,CS601,Caltech,Stem,2.0,26638.0,82.59
140526253251152,2024-11-29,CS401,Caltech,Stem,4.0,18726.0,89.71
140526253259472,2024-09-17,CS401,Caltech,Stem,5.0,16120.0,93.71
140526253258576,2024-09-07,CS401,Caltech,Stem,3.5576437831723657,16207.0,94.54
140526253248336,2024-09-12,CS401,Caltech,Stem,4.0,16269.0,91.51
140526253258960,2024-12-08,CS501,Caltech,Stem,4.0,21795.0,98.08
140526253250320,2024-12-16,CS501,Caltech,Stem,4.0,21189.0,98.18
140526253256912,2024-05-26,CS401,Caltech,Stem,4.0,15076.0,97.16
140526253252304,2024-06-23,CS401,Caltech,Stem,2.0,16072.0,70.98
140526253253840,2024-12-30,CS501,Caltech,Stem,5.0,22431.0,82.5
140526253260304,2024-12-11,CS501,Caltech,Stem,3.0,21840.0,88.51
140526253259856,2024-12-28,CS401,Caltech,Stem,4.0,16291.0,90.9
140526253254608,2024-04-30,CS501,Caltech,Stem,3.0,21949.0,51.91
140526253245072,2024-10-30,CS501,Caltech,Stem,4.0,21306.0,95.01
140526253254480,2024-09-15,CS501,Caltech,Stem,5.0,20459.0,73.8
140526253260048,2024-11-30,CS401,Caltech,Stem,5.0,17522.0,98.16
140526253259216,2024-09-21,CS501,Caltech,Stem,3.5576437831723657,20729.0,94.08
140526253260240,2024-07-04,CS401,Caltech,Stem,4.0,19109.874457308248,69.93520170043416
140526253252880,2024-11-27,CS401,Caltech,Stem,5.0,17557.0,92.13
140526253257552,2024-05-29,CS401,Caltech,Stem,5.0,15569.0,85.65
140526253256144,2024-07-12,CS401,Caltech,Stem,5.0,15483.0,95.47
140526253259600,2024-07-06,CS401,Caltech,Stem,4.0,16043.0,85.06
140526253252688,2024-12-07,CS501,Caltech,Stem,3.0,20447.0,84.62
140526253260624,2024-11-21,CS401,Caltech,Stem,5.0,15492.0,97.54
140526253249744,2024-06-13,CS401,Caltech,Stem,4.0,15912.0,94.22
140526253245904,2024-08-28,CS401,Caltech,Stem,3.0,15603.0,95.55
140526253255120,2024-12-08,CS401,Caltech,Stem,4.0,17346.0,59.07
140526253251408,2024-06-23,CS601,Caltech,Stem,4.0,27218.0,83.37
140525137785232,2024-12-22,CS501,Caltech,Stem,5.0,20268.0,91.81
140525137788560,2024-05-01,CS401,Caltech,Stem,4.0,17260.0,89.28
140525137777552,2024-12-25,CS401,Caltech,Stem,4.0,15126.0,89.4
140525137773584,2024-11-17,CS401,Caltech,Stem,3.0,19109.874457308248,69.93520170043416
140525137784720,2024-11-20,CS501,Caltech,Stem,4.0,20252.0,96.66
140525137775056,2024-12-29,CS501,Caltech,Stem,5.0,20042.0,89.88
140525137781136,2024-07-19,CS501,Caltech,Stem,4.0,20160.0,89.78
140525137784208,2024-10-02,CS501,Caltech,Stem,2.0,21368.0,63.98
140525137779856,2024-04-27,CS401,Caltech,Stem,3.5576437831723657,15286.0,74.51
140525137787792,2024-12-03,CS401,Caltech,Stem,4.0,16386.0,79.9
140525137781648,2024-12-12,CS501,Caltech,Stem,4.0,21253.0,94.21
140525137779600,2024-06-13,CS401,Caltech,Stem,4.0,15105.0,87.18
140525137774032,2024-07-27,CS501,Caltech,Stem,2.0,22838.0,96.38
140525137778832,2024-11-04,CS501,Caltech,Stem,4.0,20443.0,91.94
140525137786512,2024-09-28,CS501,Caltech,Stem,5.0,21991.0,83.33
140525137786000,2024-08-01,CS401,Caltech,Stem,4.0,15131.0,98.9
140525137784464,2024-12-23,CS401,Caltech,Stem,3.0,17371.0,94.17
140525137775824,2024-12-23,CS501,Caltech,Stem,3.0,20198.0,97.48
140525137783952,2024-10-06,CS401,Caltech,Stem,3.5576437831723657,15669.0,95.52
140525137782928,2024-07-31,CS401,Caltech,Stem,2.0,16671.0,67.11
140525137787024,2024-09-04,CS401,Caltech,Stem,4.0,15891.0,96.53
140525137772816,2024-11-12,CS501,Caltech,Stem,5.0,22011.0,71.91
140525137773072,2024-10-07,CS401,Caltech,Stem,3.0,15289.0,84.36
140525137784976,2024-10-31,CS401,Caltech,Stem,5.0,15107.0,92.15
140525137778064,2024-09-02,CS501,Caltech,Stem,4.0,21984.0,83.69
140525137780880,2024-11-02,CS401,Caltech,Stem,5.0,15983.0,48.88
140525137778576,2024-08-26,CS401,Caltech,Stem,5.0,15461.0,91.11
140525137785488,2024-12-23,CS401,Caltech,Stem,5.0,15832.0,81.53
140525137780368,2024-08-24,CS401,Caltech,Stem,4.0,15684.0,92.12
140525137786256,2024-11-08,CS401,Caltech,Stem,4.0,15392.0,93.39
140525137785744,2024-12-28,CS501,Caltech,Stem,2.0,20342.0,66.18
140525137782416,2024-08-09,CS401,Caltech,Stem,5.0,15449.0,78.76
140525177584016,2024-08-06,CS401,Caltech,Stem,5.0,17870.0,91.01
140525177576144,2024-10-21,CS401,Caltech,Stem,4.0,16526.0,96.25
140525177579536,2024-10-25,CS401,Caltech,Stem,4.0,16084.0,92.6
140525177570896,2024-11-07,CS401,Caltech,Stem,5.0,19109.874457308248,69.93520170043416
140525177576976,2024-12-28,CS401,Caltech,Stem,4.0,15013.0,97.97
140525177571408,2024-10-20,CS401,Caltech,Stem,4.0,15666.0,82.73
140525177585040,2024-12-24,CS501,Caltech,Stem,4.0,20559.0,87.28
140525177578576,2024-09-01,CS501,Caltech,Stem,4.0,23030.0,70.07
140525177577488,2024-10-17,CS501,Caltech,Stem,3.5576437831723657,22775.0,66.11
140525177575056,2024-10-20,CS501,Caltech,Stem,4.0,20918.0,92.73
140525177574736,2024-10-28,CS401,Caltech,Stem,5.0,15753.0,96.0
140525177583760,2024-08-07,CS401,Caltech,Stem,5.0,15067.0,75.98
140525177577808,2024-08-02,CS401,Caltech,Stem,5.0,15323.0,92.61
140525177576784,2024-10-24,CS501,Caltech,Stem,3.5576437831723657,21286.0,97.65
140525177570512,2024-08-23,CS401,Caltech,Stem,3.5576437831723657,15986.0,77.85
140525177576208,2024-09-18,CS401,Caltech,Stem,4.0,16157.0,80.79
140525177577232,2024-08-06,CS501,Caltech,Stem,5.0,23333.0,98.93
140525177582480,2024-11-09,CS401,Caltech,Stem,4.0,19109.874457308248,69.93520170043416
140525177571984,2024-10-15,CS401,Caltech,Stem,5.0,17556.0,57.69
140525177574672,2024-11-20,CS401,Caltech,Stem,4.0,15220.0,74.46
140525177571664,2024-10-20,CS501,Caltech,Stem,3.0,21517.0,81.02
140525177575760,2024-09-21,CS401,Caltech,Stem,5.0,17679.0,96.33
140525177571472,2024-05-17,CS501,Caltech,Stem,5.0,20352.0,82.49
140525177576272,2024-11-15,CS401,Caltech,Stem,4.0,15931.0,84.6
140525177580048,2024-09-18,CS401,Caltech,Stem,4.0,16414.0,81.34
140525177580304,2024-11-17,CS501,Caltech,Stem,4.0,20628.0,93.63
140525177569936,2024-09-08,CS601,Caltech,Stem,3.0,25207.0,88.8
140525177577616,2024-09-24,CS401,Caltech,Stem,5.0,15527.0,94.48
140525177577104,2024-12-28,CS601,Caltech,Stem,5.0,26587.0,72.52
140525177578320,2024-06-13,CS501,Caltech,Stem,4.0,20328.0,96.77
140525177573456,2024-09-15,CS401,Caltech,Stem,4.0,15478.0,81.78
140525177579408,2024-12-09,CS501,Caltech,Stem,5.0,20307.0,93.38
140525177572496,2024-12-30,CS401,Caltech,Stem,4.0,19109.874457308248,69.93520170043416
140525177584272,2024-12-28,CS501,Caltech,Stem,3.0,20868.0,94.44
140525177575952,2024-10-07,CS501,Caltech,Stem,4.0,21064.0,98.34
140525177576016,2024-10-16,CS401,Caltech,Stem,5.0,17993.0,62.19
140525177578512,2024-07-14,CS501,Caltech,Stem,5.0,20387.0,76.5
140525177571728,2024-09-14,CS401,Caltech,Stem,5.0,15375.0,83.56
140525177570960,2024-12-20,CS401,Caltech,Stem,5.0,15077.0,86.89
140525177575504,2024-11-17,CS601,Caltech,Stem,5.0,25558.0,92.67
140525177580688,2024-10-03,CS501,Caltech,Stem,3.0,21271.0,82.13
140525177580944,2024-12-06,CS501,Caltech,Stem,3.0,22528.0,93.12
140525177573264,2024-06-05,CS401,Caltech,Stem,4.0,15061.0,89.82
140525177584784,2024-09-02,CS501,Caltech,Stem,5.0,22811.0,90.01
140525177570000,2024-11-11,CS601,Caltech,Stem,4.0,25146.0,89.25
140525177578128,2024-08-28,CS401,Caltech,Stem,4.0,19109.874457308248,69.93520170043416
140525177573968,2024-11-25,CS401,Caltech,Stem,4.0,15180.0,94.02
140525177577296,2024-07-11,CS401,Caltech,Stem,3.0,16709.0,80.61
140525177573712,2024-02-27,CS401,Caltech,Stem,5.0,15997.0,68.48
140525177573328,2024-12-28,CS401,Caltech,Stem,4.0,16519.0,72.11
140525177582224,2024-06-14,CS401,Caltech,Stem,5.0,16310.0,94.31
140525177581648,2024-11-05,CS501,Caltech,Stem,3.0,21186.0,93.42
140525177579792,2024-10-29,CS401,Caltech,Stem,5.0,19109.874457308248,69.93520170043416
140525177581456,2024-12-10,CS501,Caltech,Stem,4.0,20066.0,97.68
140525177574032,2024-12-19,CS401,Caltech,Stem,4.0,19109.874457308248,69.93520170043416
140525177570704,2024-10-30,CS501,Caltech,Stem,5.0,19109.874457308248,69.93520170043416
140525177585552,2024-09-16,CS601,Caltech,Stem,5.0,26241.0,83.15
140525177569488,2024-12-14,CS501,Caltech,Stem,4.0,23064.0,98.67
140525177578640,2024-08-07,CS401,Caltech,Stem,3.5576437831723657,15024.0,94.84
140525177569680,2024-08-08,CS501,Caltech,Stem,5.0,21188.0,74.56
140525177572560,2024-08-07,CS401,Caltech,Stem,3.0,15983.0,66.34
140525177572304,2024-08-23,CS501,Caltech,Stem,4.0,20345.0,60.66
140525177576720,2024-12-27,CS401,Caltech,Stem,3.5576437831723657,18794.0,92.61
140525177573776,2024-07-29,CS401,Caltech,Stem,4.0,16839.0,95.17
140525177576080,2024-06-09,CS401,Caltech,Stem,3.0,18627.0,88.48
140525177581072,2024-12-19,CS501,Caltech,Stem,2.0,20785.0,61.05
140525177579344,2024-08-12,CS401,Caltech,Stem,4.0,15874.0,80.8
140525177581776,2024-11-10,CS401,Caltech,Stem,4.0,15473.0,74.54
140525177573520,2024-09-28,CS501,Caltech,Stem,3.0,20036.0,91.14
140525177574416,2024-10-06,CS501,Caltech,Stem,5.0,20340.0,57.0
140525177577552,2024-11-22,CS401,Caltech,Stem,3.0,16162.0,96.94
140525177574224,2024-09-05,CS401,Caltech,Stem,4.0,15576.0,90.5
140525177573904,2024-11-29,CS401,Caltech,Stem,4.0,16526.0,71.22
140525177576464,2024-11-14,CS401,Caltech,Stem,4.0,15540.0,80.32
140525177574992,2024-12-12,CS501,Caltech,Stem,5.0,21119.0,60.58
140525177579280,2024-12-26,CS501,Caltech,Stem,5.0,20642.0,62.49
140525177576336,2024-11-26,CS501,Caltech,Stem,4.0,22807.0,90.85
140525177572176,2024-11-01,CS501,Caltech,Stem,4.0,22116.0,96.72
140525177584528,2024-12-20,CS401,Caltech,Stem,4.0,16293.0,85.71
140525177575824,2024-12-19,CS501,Caltech,Stem,3.0,20627.0,92.23
140525177582992,2024-10-06,CS401,Caltech,Stem,4.0,15079.0,65.56
140525177571792,2024-07-26,CS401,Caltech,Stem,4.0,16181.0,91.32
140525136580048,2024-10-24,CS401,Caltech,Stem,3.0,17896.0,95.75
140525136588944,2024-10-22,CS501,Caltech,Stem,3.0,20317.0,97.8
140525136584400,2024-07-24,CS401,Caltech,Stem,4.0,16376.0,67.71
140525136579792,2024-10-23,CS401,Caltech,Stem,3.0,16811.0,82.25
140525136590160,2024-08-16,CS401,Caltech,Stem,4.0,16318.0,71.14
140525136586384,2024-10-08,CS401,Caltech,Stem,5.0,15816.0,74.73
140525136583888,2024-05-19,CS401,Caltech,Stem,4.0,16883.0,87.29
140525136590672,2024-09-18,CS501,Caltech,Stem,3.5576437831723657,22324.0,85.63
140525136578640,2024-09-07,CS501,Caltech,Stem,5.0,21705.0,98.82
140525136592720,2024-08-08,CS401,Caltech,Stem,3.0,17218.0,76.11
140525136592464,2024-12-23,CS501,Caltech,Stem,2.0,22610.0,80.19
140525136581072,2024-08-29,CS501,Caltech,Stem,5.0,20327.0,97.69
140525136584144,2024-11-29,CS401,Caltech,Stem,5.0,18828.0,63.93
140525136582864,2024-12-28,CS401,Caltech,Stem,3.0,15636.0,91.05
140525136582096,2024-12-22,CS401,Caltech,Stem,4.0,18343.0,96.75
140525136578832,2024-05-05,CS401,Caltech,Stem,4.0,17956.0,90.05
140525136587664,2024-12-28,CS501,Caltech,Stem,5.0,19109.874457308248,69.93520170043416
140525136588432,2024-08-30,CS401,Caltech,Stem,4.0,18137.0,89.21
140525136580304,2024-12-18,CS501,Caltech,Stem,4.0,21748.0,91.77
140525136586640,2024-07-26,CS501,Caltech,Stem,3.5576437831723657,22967.0,94.25
140525136586896,2024-06-19,CS501,Caltech,Stem,5.0,20929.0,95.78
140525136577360,2024-07-21,CS401,Caltech,Stem,3.5576437831723657,17073.0,96.87
140525136576848,2024-05-26,CS401,Caltech,Stem,3.5576437831723657,15649.0,87.28
140525136581584,2024-10-09,CS401,Caltech,Stem,5.0,15000.0,89.54
140525136585424,2024-12-07,CS401,Caltech,Stem,4.0,17411.0,98.76
140525136591440,2024-10-10,CS501,Caltech,Stem,5.0,20385.0,80.28
140525136578384,2024-10-25,CS501,Caltech,Stem,4.0,20453.0,91.03
140525136585936,2024-12-28,CS501,Caltech,Stem,4.0,20197.0,90.71
140525136589712,2024-06-27,CS401,Caltech,Stem,5.0,15529.0,89.41
140525136580816,2024-10-13,CS401,Caltech,Stem,5.0,15188.0,61.53
140525136589200,2024-11-20,CS501,Caltech,Stem,3.0,22265.0,98.76
140525136588176,2024-12-12,CS401,Caltech,Stem,5.0,15040.0,80.16
140525136591952,2024-09-11,CS501,Caltech,Stem,5.0,20213.0,97.48
140525136590928,2024-09-12,CS501,Caltech,Stem,4.0,20073.0,88.95
140525191973648,2024-08-22,CS401,Caltech,Stem,3.0,15624.0,97.43
140525191973840,2024-12-22,CS401,Caltech,Stem,4.0,15438.0,80.22
140525181637840,2024-10-29,CS501,Caltech,Stem,3.0,22425.0,74.58
140525181644112,2024-11-10,CS601,Caltech,Stem,5.0,26283.0,87.36
140525181643536,2024-12-05,CS501,Caltech,Stem,5.0,20001.0,95.76
140525181638672,2024-09-12,CS401,Caltech,Stem,4.0,15607.0,64.81
140525181648208,2024-12-26,CS501,Caltech,Stem,4.0,22985.0,84.15
140525181634064,2024-09-04,CS401,Caltech,Stem,3.0,15377.0,97.72
140525181633488,2024-12-27,CS501,Caltech,Stem,4.0,19109.874457308248,69.93520170043416
140525181648336,2024-12-16,CS401,Caltech,Stem,5.0,16725.0,64.84
140525181644688,2024-04-26,CS501,Caltech,Stem,3.0,21505.0,55.98
140525181643472,2024-04-11,CS501,Caltech,Stem,2.0,22248.0,98.7
140525181644304,2024-11-04,CS501,Caltech,Stem,5.0,20193.0,55.17
140525181637648,2024-08-16,CS501,Caltech,Stem,5.0,19109.874457308248,69.93520170043416
140525181636240,2024-04-07,CS501,Caltech,Stem,4.0,20938.0,78.79
140525181642384,2024-12-21,CS601,Caltech,Stem,3.0,25208.0,89.82
140525181638736,2024-11-15,CS401,Caltech,Stem,3.0,15787.0,95.27
140525181635152,2024-10-29,CS401,Caltech,Stem,2.0,17054.0,87.96
140525181636560,2024-10-17,CS401,Caltech,Stem,3.0,16036.0,89.44
140525181633168,2024-12-28,CS501,Caltech,Stem,5.0,21804.0,88.76
140525181644240,2024-04-07,CS401,Caltech,Stem,4.0,15505.0,98.92
140525181637008,2024-07-21,CS501,Caltech,Stem,4.0,21410.0,81.58
140525181641424,2024-07-22,CS501,Caltech,Stem,4.0,20079.0,91.96
140525181641040,2024-11-08,CS501,Caltech,Stem,4.0,20495.0,65.51
140525181634768,2024-12-14,CS401,Caltech,Stem,5.0,15853.0,94.23
140525181639376,2024-09-28,CS501,Caltech,Stem,4.0,21101.0,95.52
140525181638288,2024-11-30,CS501,Caltech,Stem,5.0,21330.0,96.87
140525181635600,2024-10-29,CS501,Caltech,Stem,3.0,22515.0,77.91
140525181647824,2024-12-15,CS401,Caltech,Stem,4.0,19109.874457308248,69.93520170043416
140525181635536,2024-08-29,CS501,Caltech,Stem,5.0,20445.0,96.59
140525181632656,2024-12-25,CS401,Caltech,Stem,4.0,17029.0,77.29
140525181639952,2024-11-18,CS401,Caltech,Stem,4.0,15322.0,61.98
140525181642512,2024-09-22,CS501,Caltech,Stem,4.0,21187.0,91.23
140525181648848,2024-10-09,CS401,Caltech,Stem,4.0,19109.874457308248,69.93520170043416
140525181635984,2024-09-02,CS501,Caltech,Stem,5.0,20920.0,92.32
140525181633872,2024-11-29,CS401,Caltech,Stem,3.0,16660.0,98.08
140525181636880,2024-12-06,CS401,Caltech,Stem,4.0,16628.0,79.38
140525181636496,2024-09-03,CS401,Caltech,Stem,5.0,18491.0,84.05
140525181640976,2024-12-31,CS501,Caltech,Stem,5.0,21959.0,92.45
140525181633744,2024-11-20,CS501,Caltech,Stem,4.0,20252.0,90.64
140525181634704,2024-06-19,CS401,Caltech,Stem,3.5576437831723657,17403.0,98.44
140525181640336,2024-10-27,CS401,Caltech,Stem,5.0,16919.0,47.35
140525181638608,2024-10-31,CS501,Caltech,Stem,4.0,20310.0,73.67
140525181644752,2024-06-21,CS501,Caltech,Stem,5.0,20188.0,93.45
140525181637520,2024-05-13,CS501,Caltech,Stem,4.0,20489.0,78.68
140525181636432,2024-10-19,CS401,Caltech,Stem,3.0,15911.0,58.73
140525181638416,2024-06-12,CS401,Caltech,Stem,4.0,15171.0,79.06
140525181646928,2024-12-23,CS501,Caltech,Stem,4.0,22665.0,80.04
140525181634128,2024-10-25,CS501,Caltech,Stem,4.0,21937.0,89.36
140525181643920,2024-12-19,CS501,Caltech,Stem,3.0,23140.0,94.06
140525181645008,2024-12-14,CS501,Caltech,Stem,5.0,22000.0,90.78
140525181638352,2024-03-10,CS401,Caltech,Stem,5.0,16851.0,98.87
140525181647632,2024-07-15,CS401,Caltech,Stem,5.0,19109.874457308248,69.93520170043416
140525181642640,2024-10-21,CS501,Caltech,Stem,3.0,21006.0,83.36
140525181644048,2024-12-30,CS501,Caltech,Stem,3.5576437831723657,21810.0,62.85
140525181639504,2024-12-28,CS401,Caltech,Stem,3.0,16212.0,87.29
140525181646544,2024-12-09,CS401,Caltech,Stem,3.0,15626.0,91.88
140525181640848,2024-12-12,CS501,Caltech,Stem,5.0,20313.0,92.01
140525181642960,2024-05-15,CS401,Caltech,Stem,5.0,15488.0,92.32
140525181641168,2024-10-24,CS401,Caltech,Stem,4.0,16147.0,71.02
140525181640400,2024-10-08,CS401,Caltech,Stem,3.0,15089.0,81.63
140525181644496,2024-12-07,CS501,Caltech,Stem,4.0,20903.0,86.16
140525181643088,2024-07-15,CS501,Caltech,Stem,5.0,20198.0,86.38
140525181647568,2024-10-07,CS501,Caltech,Stem,5.0,23590.0,73.6
140525181635792,2024-06-22,CS501,Caltech,Stem,4.0,21862.0,55.77
140525181640720,2024-09-12,CS401,Caltech,Stem,3.0,16422.0,98.53
140525181648592,2024-12-16,CS401,Caltech,Stem,4.0,15923.0,89.6
140525181648272,2024-12-11,CS501,Caltech,Stem,4.0,20246.0,92.47
140525181644944,2024-11-13,CS401,Caltech,Stem,2.0,16919.0,98.14
140525181646288,2024-11-06,CS501,Caltech,Stem,4.0,20721.0,70.25
140525181639312,2024-05-30,CS401,Caltech,Stem,2.0,17440.0,98.8
140525181642448,2024-07-03,CS501,Caltech,Stem,4.0,20139.0,89.68
140525181633936,2024-11-20,CS501,Caltech,Stem,5.0,20145.0,80.96
140525181633104,2024-12-04,CS501,Caltech,Stem,4.0,19109.874457308248,69.93520170043416
140525181642576,2024-12-28,CS601,Caltech,Stem,5.0,19109.874457308248,69.93520170043416
140525181643600,2024-12-16,CS401,Caltech,Stem,5.0,15212.0,84.48
140525181645584,2024-11-22,CS401,Caltech,Stem,4.0,15589.0,97.74
140525181635024,2024-07-26,CS501,Caltech,Stem,3.5576437831723657,20462.0,92.95
140525181637328,2024-12-23,CS401,Caltech,Stem,3.5576437831723657,16840.0,77.06
140525181641808,2024-10-22,CS401,Caltech,Stem,5.0,17291.0,81.85
140525181634576,2024-10-08,CS401,Caltech,Stem,4.0,19109.874457308248,69.93520170043416
140525181647760,2024-09-23,CS401,Caltech,Stem,3.0,15521.0,84.58
140525181641296,2024-11-10,CS401,Caltech,Stem,3.0,15483.0,81.92
140525181642768,2024-10-12,CS501,Caltech,Stem,5.0,19109.874457308248,69.93520170043416
140525181641936,2024-10-07,CS401,Caltech,Stem,3.0,15693.0,98.85
140525181638928,2024-12-01,CS401,Caltech,Stem,3.0,15012.0,90.15
140525181637584,2024-11-27,CS401,Caltech,Stem,4.0,15723.0,84.98
140525181642192,2024-12-29,CS501,Caltech,Stem,4.0,21363.0,90.81
140525181636944,2024-09-29,CS501,Caltech,Stem,4.0,20212.0,94.18
140525181641616,2024-05-23,CS401,Caltech,Stem,4.0,17828.0,89.49
140525181634384,2024-12-11,CS401,Caltech,Stem,5.0,17398.0,90.98
140525181644816,2024-12-21,CS401,Caltech,Stem,5.0,15256.0,72.21
140525181647952,2024-11-22,CS401,Caltech,Stem,4.0,16081.0,94.85
140525181646352,2024-07-10,CS501,Caltech,Stem,2.0,21027.0,71.62
140525181636688,2024-12-28,CS501,Caltech,Stem,5.0,20228.0,84.84
140525181646608,2024-10-18,CS501,Caltech,Stem,5.0,20409.0,64.57
140525181634192,2024-08-26,CS501,Caltech,Stem,5.0,21966.0,53.98
140525181647120,2024-07-14,CS401,Caltech,Stem,4.0,15760.0,60.97
140525181647248,2024-11-17,CS401,Caltech,Stem,5.0,19109.874457308248,69.93520170043416
140525181637776,2024-05-24,CS401,Caltech,Stem,4.0,15646.0,88.5
140525181635408,2024-10-10,CS401,Caltech,Stem,3.0,16207.0,94.29
140525181644560,2024-12-27,CS401,Caltech,Stem,5.0,17125.0,75.96
140525181647696,2024-05-25,CS401,Caltech,Stem,5.0,15744.0,81.9
140525181635280,2024-10-31,CS501,Caltech,Stem,3.0,20891.0,98.4
140525181635664,2024-10-25,CS501,Caltech,Stem,3.0,21236.0,65.48
140525181642000,2024-10-03,CS501,Caltech,Stem,4.0,21160.0,90.66
140525181633296,2024-08-14,CS401,Caltech,Stem,3.0,15369.0,85.14
140525181646736,2024-11-03,CS601,Caltech,Stem,4.0,25430.0,71.24
140525181642320,2024-08-14,CS501,Caltech,Stem,4.0,22109.0,93.56
140525181640592,2024-12-21,CS601,Caltech,Stem,3.5576437831723657,25374.0,77.68
140525181646096,2024-12-15,CS401,Caltech,Stem,5.0,15891.0,89.56
140525181633552,2024-12-23,CS401,Caltech,Stem,4.0,16357.0,77.52
140525181647312,2024-11-23,CS501,Caltech,Stem,4.0,22850.0,95.98
140525181634320,2024-11-25,CS401,Caltech,Stem,5.0,17176.0,71.89
140525181640784,2024-07-31,CS501,Caltech,Stem,4.0,22109.0,69.71
140525181647376,2024-09-09,CS401,Caltech,Stem,4.0,15341.0,79.67
140525181646800,2024-12-07,CS401,Caltech,Stem,3.5576437831723657,15084.0,80.16
140525181645520,2024-07-04,CS401,Caltech,Stem,5.0,15495.0,98.27
140525181645328,2024-10-29,CS501,Caltech,Stem,4.0,20890.0,91.04
140525181640144,2024-08-01,CS401,Caltech,Stem,5.0,15892.0,89.3
140525181636752,2024-10-16,CS401,Caltech,Stem,4.0,15346.0,93.58
140525181643664,2024-05-13,CS501,Caltech,Stem,3.0,20952.0,91.01
140525181640208,2024-07-31,CS401,Caltech,Stem,5.0,15411.0,75.97
140525181633232,2024-11-10,CS401,Caltech,Stem,4.0,15368.0,87.03
140525181635472,2024-12-09,CS501,Caltech,Stem,4.0,21682.0,94.85
140525181646864,2024-10-21,CS401,Caltech,Stem,5.0,19109.874457308248,69.93520170043416
140525181647056,2024-07-25,CS501,Caltech,Stem,4.0,20360.0,98.02
140525181635088,2024-12-19,CS401,Caltech,Stem,3.0,16711.0,90.2
140525136521936,2024-10-18,CS501,Caltech,Stem,3.5576437831723657,21279.0,73.47
140525136527184,2024-12-28,CS401,Caltech,Stem,4.0,16185.0,90.25
140525136515344,2024-12-22,CS501,Caltech,Stem,4.0,22663.0,76.15
140525136517072,2024-12-09,CS401,Caltech,Stem,3.5576437831723657,16865.0,96.39
140525136526672,2024-05-22,CS501,Caltech,Stem,3.0,23195.0,89.92
140525136526480,2024-12-18,CS401,Caltech,Stem,4.0,16771.0,95.18
140525136520144,2024-11-12,CS601,Caltech,Stem,5.0,25503.0,64.25
140525136525968,2024-11-02,CS501,Caltech,Stem,5.0,21297.0,73.03
140525136515088,2024-12-28,CS401,Caltech,Stem,4.0,15898.0,98.16
140525136520656,2024-09-21,CS401,Caltech,Stem,5.0,15638.0,80.3
140525136513808,2024-12-14,CS501,Caltech,Stem,5.0,20071.0,98.8
140525136518608,2024-07-28,CS401,Caltech,Stem,3.0,15101.0,85.27
140525136523408,2024-12-07,CS501,Caltech,Stem,3.0,21582.0,71.94
140525136522704,2024-12-09,CS501,Caltech,Stem,3.0,21342.0,98.12
140525136521168,2024-12-10,CS401,Caltech,Stem,4.0,18941.0,90.22
140525136516560,2024-12-03,CS401,Caltech,Stem,4.0,17383.0,74.56
140525136513296,2024-10-09,CS401,Caltech,Stem,4.0,17295.0,72.86
140525136518096,2024-12-26,CS401,Caltech,Stem,3.0,16926.0,88.43
140525136516304,2024-11-20,CS501,Caltech,Stem,3.0,21590.0,69.61
140525136515856,2024-11-25,CS601,Caltech,Stem,5.0,26868.0,96.67
140525136525456,2024-12-29,CS501,Caltech,Stem,3.5576437831723657,19109.874457308248,69.93520170043416
140525136515600,2024-08-21,CS401,Caltech,Stem,3.0,19109.874457308248,69.93520170043416
140525136525200,2024-11-04,CS501,Caltech,Stem,5.0,20239.0,74.64
140525136523152,2024-12-12,CS601,Caltech,Stem,3.0,25902.0,89.63
140525136523664,2024-12-18,CS501,Caltech,Stem,4.0,21402.0,79.45
140525136522960,2024-08-31,CS501,Caltech,Stem,3.5576437831723657,20648.0,91.94
140525136519888,2024-11-19,CS501,Caltech,Stem,5.0,20512.0,85.26
140525136514064,2024-10-03,CS401,Caltech,Stem,4.0,16604.0,68.49
140525136514320,2024-10-28,CS401,Caltech,Stem,5.0,18616.0,96.26
140525136520912,2024-12-13,CS501,Caltech,Stem,4.0,20958.0,77.43
140525136521424,2024-09-01,CS501,Caltech,Stem,3.0,19109.874457308248,69.93520170043416
140525136522448,2024-10-13,CS401,Caltech,Stem,4.0,18224.0,75.46
140525136518352,2024-08-04,CS401,Caltech,Stem,4.0,15668.0,84.64
140525136524688,2024-12-19,CS501,Caltech,Stem,5.0,21399.0,68.7
140525179731344,2024-10-28,CS501,Caltech,Stem,5.0,20174.0,95.81
140525179718992,2024-11-26,CS401,Caltech,Stem,3.0,15501.0,82.81
140525179721232,2024-12-28,CS401,Caltech,Stem,4.0,15212.0,95.54
140525179727888,2024-11-12,CS501,Caltech,Stem,4.0,21195.0,91.71
140525179719440,2024-07-19,CS401,Caltech,Stem,5.0,17317.0,82.72
140525179715792,2024-06-03,CS401,Caltech,Stem,3.5576437831723657,15422.0,90.7
140525179726544,2024-06-21,CS401,Caltech,Stem,5.0,16815.0,85.21
140525179725584,2024-08-23,CS501,Caltech,Stem,3.0,22251.0,86.26
140525179729360,2024-12-11,CS401,Caltech,Stem,3.0,15442.0,97.58
140525179723728,2024-07-26,CS501,Caltech,Stem,3.0,21108.0,79.77
140525179730640,2024-10-02,CS401,Caltech,Stem,5.0,16384.0,98.5
140525179717712,2024-12-07,CS401,Caltech,Stem,5.0,17242.0,53.89
140525179719696,2024-12-03,CS501,Caltech,Stem,5.0,20985.0,93.99
140525179717968,2024-12-10,CS401,Caltech,Stem,3.5576437831723657,15220.0,88.7
140525179717520,2024-06-11,CS401,Caltech,Stem,4.0,15496.0,96.53
140525179730768,2024-10-14,CS501,Caltech,Stem,5.0,21050.0,94.98
140525179718160,2024-12-10,CS501,Caltech,Stem,5.0,22270.0,63.98
140525179723024,2024-04-14,CS401,Caltech,Stem,3.0,16499.0,96.04
140525179728912,2024-07-27,CS501,Caltech,Stem,5.0,21824.0,93.08
140525179719632,2024-07-15,CS401,Caltech,Stem,3.0,15849.0,74.13
140525179715728,2024-07-21,CS401,Caltech,Stem,2.0,19109.874457308248,69.93520170043416
140525179726160,2024-12-28,CS501,Caltech,Stem,5.0,20048.0,80.88
140525179719504,2024-03-20,CS401,Caltech,Stem,3.0,15410.0,79.82
140525179715920,2024-10-03,CS401,Caltech,Stem,3.0,15638.0,81.19
140525179716752,2024-10-26,CS501,Caltech,Stem,4.0,20828.0,98.17
140525179728528,2024-03-30,CS401,Caltech,Stem,4.0,16806.0,85.46
140525179731280,2024-09-09,CS501,Caltech,Stem,4.0,20489.0,96.0
140525179719824,2024-03-14,CS401,Caltech,Stem,3.0,15700.0,77.66
140525179730896,2024-09-15,CS401,Caltech,Stem,4.0,15328.0,82.59
140525179729808,2024-12-23,CS401,Caltech,Stem,5.0,15371.0,76.53
140525179723664,2024-12-12,CS401,Caltech,Stem,5.0,19310.0,95.77
140525179721808,2024-11-28,CS501,Caltech,Stem,5.0,20776.0,74.59
140525179725392,2024-10-30,CS501,Caltech,Stem,5.0,22763.0,92.02
140525179729872,2024-11-19,CS501,Caltech,Stem,5.0,22484.0,82.18
140525179731792,2024-12-04,CS601,Caltech,Stem,4.0,25564.0,89.13
140525179727056,2024-08-22,CS401,Caltech,Stem,5.0,19109.874457308248,69.93520170043416
140525179721552,2024-11-04,CS501,Caltech,Stem,5.0,20441.0,97.03
140525179731600,2024-10-21,CS401,Caltech,Stem,4.0,15889.0,96.27
140525179725008,2024-08-21,CS501,Caltech,Stem,3.0,21591.0,85.31
140525179728848,2024-12-18,CS501,Caltech,Stem,5.0,20846.0,92.82
140525179726096,2024-09-16,CS401,Caltech,Stem,4.0,15357.0,73.45
140525179718480,2024-12-14,CS401,Caltech,Stem,5.0,19109.874457308248,69.93520170043416
140525179731536,2024-12-14,CS501,Caltech,Stem,4.0,20163.0,87.72
140525179727696,2024-07-31,CS401,Caltech,Stem,5.0,15725.0,83.01
140525179725648,2024-06-05,CS401,Caltech,Stem,4.0,15043.0,93.44
140525179715984,2024-11-21,CS401,Caltech,Stem,5.0,16625.0,58.55
140525179724880,2024-04-14,CS401,Caltech,Stem,4.0,15037.0,65.19
140525179729744,2024-12-28,CS401,Caltech,Stem,5.0,15432.0,98.39
140525179726864,2024-06-23,CS401,Caltech,Stem,3.0,16246.0,95.16
140525179731856,2024-11-06,CS401,Caltech,Stem,5.0,16232.0,98.6
140525179731664,2024-09-22,CS501,Caltech,Stem,5.0,20802.0,96.44
140525179726736,2024-09-11,CS401,Caltech,Stem,5.0,17019.0,87.48
140525179731024,2024-12-30,CS501,Caltech,Stem,5.0,20980.0,81.94
140525179722384,2024-10-11,CS501,Caltech,Stem,4.0,20141.0,72.27
140525179726608,2024-08-23,CS401,Caltech,Stem,3.0,16289.0,87.7
140525179727568,2024-07-27,CS401,Caltech,Stem,3.0,15409.0,92.9
140525179728272,2024-07-26,CS501,Caltech,Stem,3.0,20860.0,73.29
140525179717392,2024-09-22,CS401,Caltech,Stem,4.0,16161.0,69.72
140525179719760,2024-12-31,CS501,Caltech,Stem,4.0,22751.0,89.17
140525179730832,2024-12-04,CS501,Caltech,Stem,4.0,20229.0,91.39
140525179724176,2024-11-28,CS401,Caltech,Stem,4.0,15106.0,76.45
140525179731728,2024-07-31,CS501,Caltech,Stem,4.0,20134.0,72.55
140525179717264,2024-12-01,CS601,Caltech,Stem,4.0,26313.0,92.65
140525179724432,2024-11-02,CS501,Caltech,Stem,5.0,20464.0,98.61
140525179725904,2024-12-29,CS501,Caltech,Stem,5.0,21974.0,79.12
140525179727824,2024-11-18,CS401,Caltech,Stem,3.5576437831723657,15544.0,81.03
140525179716432,2024-09-18,CS501,Caltech,Stem,4.0,21286.0,92.0
140525179725072,2024-12-03,CS601,Caltech,Stem,3.0,27055.0,96.08
140525179726800,2024-08-06,CS401,Caltech,Stem,4.0,17889.0,91.89
140525179726032,2024-09-13,CS401,Caltech,Stem,4.0,19109.874457308248,69.93520170043416
140525179718608,2024-10-26,CS501,Caltech,Stem,4.0,22584.0,91.0
140525179728336,2024-12-10,CS401,Caltech,Stem,5.0,16771.0,90.7
140525179724112,2024-07-12,CS501,Caltech,Stem,4.0,21641.0,97.86
140525179729616,2024-09-17,CS401,Caltech,Stem,3.0,15332.0,86.74
140525179726992,2024-12-19,CS601,Caltech,Stem,4.0,25066.0,92.87
140525179719568,2024-12-28,CS501,Caltech,Stem,5.0,24527.0,67.94
140525179724560,2024-08-30,CS401,Caltech,Stem,4.0,16347.0,88.57
140525179725840,2024-12-12,CS401,Caltech,Stem,5.0,17404.0,86.06
140525179716624,2024-11-08,CS401,Caltech,Stem,4.0,19109.874457308248,69.93520170043416
140525179722896,2024-12-19,CS401,Caltech,Stem,5.0,18674.0,67.58
140525179727312,2024-08-16,CS601,Caltech,Stem,3.0,26206.0,80.74
140525179716560,2024-06-14,CS501,Caltech,Stem,4.0,20981.0,93.19
140525179721616,2024-07-23,CS601,Caltech,Stem,3.0,28046.0,62.27
140525179730512,2024-12-02,CS501,Caltech,Stem,3.0,20131.0,82.7
140525179719312,2024-12-27,CS401,Caltech,Stem,4.0,16383.0,97.35
140525179729680,2024-11-25,CS501,Caltech,Stem,4.0,20750.0,77.6
140525179722064,2024-11-05,CS501,Caltech,Stem,4.0,21339.0,96.38
140525179730704,2024-12-19,CS501,Caltech,Stem,5.0,20115.0,71.86
140525179721360,2024-12-10,CS401,Caltech,Stem,5.0,15182.0,57.52
140525179718416,2024-08-21,CS401,Caltech,Stem,5.0,15511.0,52.98
140525179721488,2024-04-28,CS401,Caltech,Stem,4.0,17455.0,95.27
140525179718928,2024-09-20,CS501,Caltech,Stem,5.0,20645.0,80.28
140525179718736,2024-10-25,CS501,Caltech,Stem,5.0,20075.0,96.7
140525179716944,2024-12-28,CS401,Caltech,Stem,5.0,15584.0,92.38
140525179720784,2024-12-20,CS401,Caltech,Stem,3.5576437831723657,16625.0,56.28
140525179729296,2024-09-19,CS401,Caltech,Stem,4.0,15056.0,74.0
140525179727120,2024-05-26,CS401,Caltech,Stem,4.0,19019.0,70.75
140525179727760,2024-12-11,CS501,Caltech,Stem,4.0,20787.0,98.66
140525179722256,2024-11-25,CS401,Caltech,Stem,3.0,16322.0,80.19
140525179721104,2024-09-04,CS401,Caltech,Stem,4.0,16025.0,86.0
140525179727632,2024-10-19,CS401,Caltech,Stem,3.0,15025.0,89.47
140525179728784,2024-11-18,CS501,Caltech,Stem,5.0,21821.0,87.8
140525179715664,2024-10-04,CS401,Caltech,Stem,4.0,17112.0,72.78
140525179716304,2024-11-02,CS401,Caltech,Stem,4.0,16486.0,93.04
140525179721744,2024-06-15,CS501,Caltech,Stem,5.0,21815.0,76.54
140525179721296,2024-12-28,CS501,Caltech,Stem,4.0,20063.0,84.65
140525188892944,2024-04-28,CS401,Caltech,Stem,3.5576437831723657,19109.874457308248,69.93520170043416
140525188895632,2024-11-10,CS401,Caltech,Stem,3.0,16074.0,67.72
140525188896144,2024-12-01,CS401,Caltech,Stem,5.0,15918.0,94.35
140525188894992,2024-06-11,CS401,Caltech,Stem,5.0,16685.0,93.36
140525188893264,2024-07-06,CS501,Caltech,Stem,5.0,20812.0,63.75
140525188897488,2024-05-07,CS501,Caltech,Stem,5.0,20252.0,79.19
140525188905104,2024-10-06,CS401,Caltech,Stem,3.0,15036.0,74.66
140525188898896,2024-06-27,CS601,Caltech,Stem,5.0,25389.0,98.74
140525188893200,2024-06-01,CS501,Caltech,Stem,4.0,21665.0,92.78
140525188896976,2024-07-27,CS501,Caltech,Stem,4.0,20606.0,86.7
140525188904848,2024-06-20,CS501,Caltech,Stem,4.0,20027.0,75.25
140525188897808,2024-10-08,CS501,Caltech,Stem,4.0,21013.0,97.33
140525188906640,2024-11-23,CS501,Caltech,Stem,5.0,21175.0,81.97
140525188902032,2024-11-22,CS401,Caltech,Stem,5.0,15530.0,90.45
140525188904016,2024-12-10,CS501,Caltech,Stem,5.0,20052.0,54.77
140525188899728,2024-09-14,CS401,Caltech,Stem,3.0,15083.0,98.36
140525188893904,2024-10-18,CS501,Caltech,Stem,4.0,20339.0,91.43
140525188890896,2024-10-18,CS401,Caltech,Stem,4.0,15202.0,75.98
140525188901392,2024-11-03,CS401,Caltech,Stem,5.0,17612.0,70.3
140525188903760,2024-09-17,CS501,Caltech,Stem,4.0,20124.0,92.72
140525188899408,2024-10-12,CS501,Caltech,Stem,2.0,20395.0,91.56
140525188897680,2024-07-04,CS501,Caltech,Stem,3.0,20270.0,76.29
140525188904272,2024-11-29,CS501,Caltech,Stem,5.0,20197.0,86.25
140525188897744,2024-10-25,CS501,Caltech,Stem,5.0,20340.0,84.91
140525188896080,2024-07-29,CS501,Caltech,Stem,4.0,22049.0,85.7
140525188894608,2024-12-27,CS501,Caltech,Stem,4.0,19109.874457308248,69.93520170043416
140525188905744,2024-10-14,CS401,Caltech,Stem,3.0,16474.0,73.16
140525188903632,2024-08-29,CS501,Caltech,Stem,5.0,20021.0,89.88
140525188897424,2024-09-01,CS401,Caltech,Stem,5.0,15241.0,85.7
140525188899792,2024-04-12,CS501,Caltech,Stem,3.0,21853.0,75.25
140525188898256,2024-07-17,CS401,Caltech,Stem,5.0,15901.0,82.25
140525188904976,2024-11-22,CS401,Caltech,Stem,5.0,19109.874457308248,69.93520170043416
140525188892048,2024-11-23,CS501,Caltech,Stem,3.0,20525.0,92.87
140525188893712,2024-12-23,CS401,Caltech,Stem,5.0,15341.0,84.04
140525188905168,2024-08-11,CS401,Caltech,Stem,4.0,15719.0,73.27
140525188896848,2024-05-02,CS501,Caltech,Stem,4.0,20964.0,91.06
140525188898640,2024-04-10,CS401,Caltech,Stem,3.0,15100.0,92.88
140525188901136,2024-09-04,CS501,Caltech,Stem,3.0,20172.0,74.81
140525188903120,2024-11-13,CS401,Caltech,Stem,3.5576437831723657,15779.0,74.01
140525188906256,2024-04-20,CS401,Caltech,Stem,3.5576437831723657,18712.0,77.31
140525188906384,2024-07-10,CS501,Caltech,Stem,5.0,20366.0,55.89
140525188903824,2024-10-04,CS401,Caltech,Stem,3.0,15814.0,73.53
140525188900496,2024-07-24,CS401,Caltech,Stem,3.0,15621.0,92.1
140525188890768,2024-11-14,CS501,Caltech,Stem,5.0,20553.0,91.71
140525188895440,2024-10-17,CS501,Caltech,Stem,2.0,19109.874457308248,69.93520170043416
140525188893520,2024-08-27,CS501,Caltech,Stem,4.0,20701.0,74.89
140525188904528,2024-08-03,CS401,Caltech,Stem,3.5576437831723657,16159.0,98.36
140525188896016,2024-08-29,CS501,Caltech,Stem,2.0,20120.0,98.13
140525188896720,2024-09-15,CS501,Caltech,Stem,5.0,21580.0,98.75
140525188898832,2024-11-15,CS401,Caltech,Stem,3.0,16165.0,98.53
140525188894160,2024-11-24,CS401,Caltech,Stem,4.0,19109.874457308248,69.93520170043416
140525188891472,2024-09-05,CS401,Caltech,Stem,4.0,18585.0,76.57
140525188894800,2024-11-20,CS401,Caltech,Stem,5.0,15425.0,89.87
140525188901840,2024-11-10,CS401,Caltech,Stem,5.0,17885.0,85.88
140525188899088,2024-08-01,CS501,Caltech,Stem,5.0,20801.0,70.21
140525188899984,2024-12-20,CS501,Caltech,Stem,4.0,20410.0,78.64
140525188896656,2024-10-12,CS401,Caltech,Stem,4.0,16120.0,78.85
140525188895184,2024-10-26,CS401,Caltech,Stem,5.0,15436.0,84.15
140525188892112,2024-05-25,CS501,Caltech,Stem,4.0,23032.0,71.79
140525188897104,2024-09-15,CS401,Caltech,Stem,2.0,15877.0,71.91
140525188899920,2024-07-19,CS501,Caltech,Stem,4.0,19109.874457308248,69.93520170043416
140525188898512,2024-09-17,CS401,Caltech,Stem,5.0,16353.0,87.21
140525188892624,2024-12-18,CS501,Caltech,Stem,4.0,19109.874457308248,69.93520170043416
140525188892752,2024-12-18,CS501,Caltech,Stem,3.0,20946.0,96.61
140525188906960,2024-11-10,CS501,Caltech,Stem,3.0,20744.0,97.85
140525188902928,2024-08-06,CS501,Caltech,Stem,5.0,21232.0,76.68
140525188905360,2024-09-12,CS401,Caltech,Stem,4.0,15303.0,66.63
140525188905808,2024-12-10,CS501,Caltech,Stem,4.0,21240.0,92.23
140525188898448,2024-11-09,CS401,Caltech,Stem,4.0,15710.0,85.95
140525188905680,2024-12-06,CS501,Caltech,Stem,3.0,22179.0,71.67
140525188903504,2024-10-22,CS401,Caltech,Stem,5.0,15330.0,95.52
140525188894672,2024-10-25,CS601,Caltech,Stem,5.0,25993.0,79.16
140525188906704,2024-07-21,CS501,Caltech,Stem,4.0,20444.0,93.37
140525188891408,2024-09-25,CS501,Caltech,Stem,4.0,20130.0,95.56
140525188903056,2024-08-23,CS401,Caltech,Stem,4.0,16845.0,95.53
140525188902288,2024-10-10,CS601,Caltech,Stem,4.0,26961.0,97.5
140525188901968,2024-12-14,CS501,Caltech,Stem,5.0,21542.0,78.19
140525188891216,2024-09-26,CS501,Caltech,Stem,3.0,21129.0,86.29
140525188902352,2024-10-01,CS401,Caltech,Stem,4.0,19109.874457308248,69.93520170043416
140525188899536,2024-04-07,CS401,Caltech,Stem,4.0,15808.0,92.64
140525188904464,2024-10-18,CS501,Caltech,Stem,5.0,21785.0,76.77
140525188896528,2024-08-09,CS401,Caltech,Stem,5.0,16056.0,98.74
140525188901200,2024-11-08,CS401,Caltech,Stem,4.0,16777.0,88.35
140525188896336,2024-08-16,CS501,Caltech,Stem,4.0,20300.0,94.15
140525188904208,2024-09-06,CS401,Caltech,Stem,2.0,17732.0,72.45
140525188900304,2024-11-09,CS501,Caltech,Stem,4.0,23076.0,98.91
140525188906512,2024-08-04,CS501,Caltech,Stem,3.0,20794.0,91.29
140525188902480,2024-04-28,CS401,Caltech,Stem,4.0,17558.0,92.5
140525188906576,2024-08-21,CS401,Caltech,Stem,4.0,16052.0,91.14
140525188906448,2024-11-18,CS401,Caltech,Stem,4.0,15177.0,91.8
140525188894928,2024-12-27,CS401,Caltech,Stem,3.5576437831723657,16152.0,94.1
140525188903248,2024-05-16,CS401,Caltech,Stem,4.0,18942.0,76.3
140525188893584,2024-12-30,CS501,Caltech,Stem,5.0,21847.0,84.44
140525188900944,2024-11-04,CS401,Caltech,Stem,3.0,16564.0,88.13
140525188897936,2024-08-07,CS401,Caltech,Stem,3.0,16661.0,96.07
140525188893456,2024-09-22,CS401,Caltech,Stem,4.0,16780.0,84.96
140525188891792,2024-06-12,CS501,Caltech,Stem,3.0,20334.0,80.33
140525188905488,2024-11-14,CS401,Caltech,Stem,4.0,19109.874457308248,69.93520170043416
140525188900112,2024-10-20,CS401,Caltech,Stem,4.0,16489.0,94.94
140525188893008,2024-07-21,CS401,Caltech,Stem,3.5576437831723657,15802.0,96.8
140525188904720,2024-08-24,CS401,Caltech,Stem,3.0,15561.0,78.83
140525188900880,2024-10-01,CS401,Caltech,Stem,4.0,16847.0,84.09
140525188892304,2024-06-19,CS401,Caltech,Stem,4.0,16327.0,82.88
140525188895824,2024-10-24,CS501,Caltech,Stem,5.0,21410.0,83.09
140525181226576,2024-09-12,CS401,Caltech,Stem,4.0,19109.874457308248,69.93520170043416
140525181236944,2024-11-13,CS401,Caltech,Stem,5.0,16675.0,82.63
140525181234512,2024-12-30,CS501,Caltech,Stem,3.5576437831723657,19109.874457308248,69.93520170043416
140525181227536,2024-10-12,CS501,Caltech,Stem,4.0,22201.0,97.96
140525181236816,2024-07-06,CS501,Caltech,Stem,4.0,20968.0,82.87
140525181237520,2024-11-24,CS401,Caltech,Stem,3.0,16863.0,61.61
140525181238672,2024-08-05,CS501,Caltech,Stem,5.0,20311.0,69.39
140525181234000,2024-10-02,CS501,Caltech,Stem,3.0,20626.0,67.55
140525181238160,2024-06-05,CS501,Caltech,Stem,3.0,20977.0,62.59
140525181235344,2024-11-29,CS401,Caltech,Stem,5.0,15546.0,89.94
140525181225552,2024-05-14,CS401,Caltech,Stem,5.0,17195.0,98.85
140525181228304,2024-07-02,CS501,Caltech,Stem,5.0,20277.0,90.15
140525181235600,2024-10-20,CS501,Caltech,Stem,4.0,20047.0,79.9
140525181231632,2024-06-22,CS401,Caltech,Stem,4.0,15174.0,84.73
140525181230800,2024-08-02,CS401,Caltech,Stem,4.0,17210.0,62.99
140525181232784,2024-05-09,CS401,Caltech,Stem,2.0,16738.0,93.27
140525181231952,2024-10-03,CS501,Caltech,Stem,5.0,21033.0,95.42
140525181229648,2024-12-30,CS501,Caltech,Stem,5.0,20659.0,66.22
140525181233872,2024-12-26,CS501,Caltech,Stem,4.0,22821.0,88.61
140525181230480,2024-05-11,CS401,Caltech,Stem,5.0,17421.0,76.86
140525181236304,2024-12-28,CS501,Caltech,Stem,2.0,21340.0,91.16
140525181228048,2024-09-29,CS501,Caltech,Stem,4.0,20604.0,81.99
140525181234320,2024-09-27,CS501,Caltech,Stem,4.0,21046.0,78.54
140525181228176,2024-09-10,CS401,Caltech,Stem,5.0,17457.0,83.28
140525181227024,2024-06-08,CS401,Caltech,Stem,2.0,15052.0,88.59
140525181227280,2024-10-15,CS501,Caltech,Stem,4.0,20144.0,61.97
140525181237008,2024-07-18,CS501,Caltech,Stem,5.0,20414.0,63.86
140525181222992,2024-08-30,CS401,Caltech,Stem,4.0,17742.0,79.28
140525181227344,2024-11-08,CS401,Caltech,Stem,5.0,15692.0,96.36
140525181223056,2024-11-02,CS401,Caltech,Stem,5.0,17233.0,84.96
140525181236368,2024-11-13,CS401,Caltech,Stem,5.0,16929.0,87.33
140525181223632,2024-11-14,CS401,Caltech,Stem,4.0,15084.0,76.34
140525181237648,2024-10-04,CS501,Caltech,Stem,3.5576437831723657,20081.0,94.74
140525181234768,2024-10-30,CS601,Caltech,Stem,4.0,26900.0,96.85
140525181226320,2024-12-15,CS401,Caltech,Stem,4.0,15066.0,82.52
140525181232848,2024-12-08,CS501,Caltech,Stem,3.5576437831723657,19109.874457308248,69.93520170043416
140525181234256,2024-07-27,CS501,Caltech,Stem,4.0,20270.0,94.97
140525181238032,2024-12-06,CS401,Caltech,Stem,4.0,17754.0,80.83
140525181232208,2024-06-26,CS401,Caltech,Stem,3.5576437831723657,16737.0,61.03
140525181229456,2024-10-01,CS401,Caltech,Stem,4.0,15076.0,77.35
140525181229968,2024-11-22,CS501,Caltech,Stem,2.0,19109.874457308248,69.93520170043416
140525181233744,2024-08-04,CS501,Caltech,Stem,4.0,21116.0,85.34
140525181225360,2024-09-05,CS401,Caltech,Stem,4.0,18501.0,68.57
140525181235792,2024-08-16,CS501,Caltech,Stem,4.0,21202.0,61.7
140525181227728,2024-12-04,CS401,Caltech,Stem,5.0,15900.0,94.55
140525181231504,2024-06-01,CS501,Caltech,Stem,5.0,20107.0,65.6
140525181232528,2024-12-27,CS501,Caltech,Stem,4.0,20525.0,98.91
140525181224080,2024-10-31,CS501,Caltech,Stem,4.0,20706.0,98.72
140525181226896,2024-12-13,CS601,Caltech,Stem,3.0,27869.0,94.2
140525181237584,2024-11-30,CS401,Caltech,Stem,5.0,17533.0,85.49
140525181235216,2024-09-05,CS501,Caltech,Stem,2.0,20083.0,98.64
140525181234448,2024-11-16,CS501,Caltech,Stem,3.0,21595.0,79.43
140525181229200,2024-12-02,CS501,Caltech,Stem,4.0,20363.0,79.99
140525181232464,2024-11-07,CS501,Caltech,Stem,3.0,19109.874457308248,69.93520170043416
140525181233168,2024-09-04,CS401,Caltech,Stem,5.0,16412.0,92.38
140525181229584,2024-12-02,CS401,Caltech,Stem,3.0,19109.874457308248,69.93520170043416
140525181225872,2024-10-16,CS401,Caltech,Stem,3.0,15082.0,89.36
140525181230416,2024-12-13,CS401,Caltech,Stem,3.0,15459.0,95.19
140525181224784,2024-09-29,CS401,Caltech,Stem,3.0,16124.0,77.49
140525181232656,2024-09-30,CS501,Caltech,Stem,5.0,21352.0,85.78
140525181237072,2024-08-26,CS501,Caltech,Stem,3.0,20115.0,80.12
140525181229712,2024-05-02,CS401,Caltech,Stem,4.0,16008.0,55.59
140525181230608,2024-12-20,CS501,Caltech,Stem,5.0,20259.0,96.2
140525181227664,2024-11-28,CS501,Caltech,Stem,3.0,20808.0,86.08
140525181238928,2024-10-31,CS501,Caltech,Stem,4.0,20430.0,72.2
140525181237328,2024-11-28,CS601,Caltech,Stem,3.0,25358.0,82.53
140525181238992,2024-12-09,CS501,Caltech,Stem,4.0,20155.0,70.1
140525181237776,2024-10-29,CS501,Caltech,Stem,4.0,21990.0,80.51
140525181230864,2024-09-13,CS501,Caltech,Stem,4.0,23376.0,86.85
140525181229392,2024-12-05,CS601,Caltech,Stem,4.0,25514.0,94.37
140525181234576,2024-11-26,CS501,Caltech,Stem,4.0,21823.0,70.11
140525181234192,2024-08-25,CS501,Caltech,Stem,5.0,21460.0,69.93
140525181237264,2024-08-04,CS501,Caltech,Stem,5.0,21739.0,77.93
140525181235472,2024-12-22,CS401,Caltech,Stem,4.0,19109.874457308248,69.93520170043416
140525181225232,2024-11-24,CS501,Caltech,Stem,3.0,20567.0,90.63
140525181238800,2024-10-12,CS501,Caltech,Stem,3.0,20474.0,95.38
140525181226768,2024-12-20,CS501,Caltech,Stem,3.0,20377.0,62.0
140525181233680,2024-10-17,CS401,Caltech,Stem,4.0,15723.0,94.18
140525181223568,2024-12-26,CS501,Caltech,Stem,4.0,22790.0,64.93
140525181236496,2024-06-20,CS501,Caltech,Stem,3.0,20045.0,80.91
140525181225616,2024-11-14,CS401,Caltech,Stem,2.0,19109.874457308248,69.93520170043416
140525181225296,2024-07-13,CS401,Caltech,Stem,4.0,16555.0,84.38
140525181225808,2024-12-12,CS501,Caltech,Stem,5.0,20203.0,64.41
140525181231760,2024-12-11,CS401,Caltech,Stem,5.0,16538.0,89.62
140525181236624,2024-11-27,CS401,Caltech,Stem,4.0,16003.0,93.55
140525181230736,2024-09-20,CS401,Caltech,Stem,5.0,15098.0,97.77
140525181238352,2024-12-20,CS501,Caltech,Stem,4.0,20594.0,82.25
140525181233552,2024-10-16,CS401,Caltech,Stem,4.0,18262.0,93.68
140525181225104,2024-10-13,CS501,Caltech,Stem,4.0,23522.0,86.6
140525181235728,2024-11-10,CS501,Caltech,Stem,4.0,21023.0,75.83
140525181225680,2024-10-07,CS601,Caltech,Stem,5.0,25823.0,98.91
140525181238864,2024-09-17,CS501,Caltech,Stem,4.0,20169.0,78.83
140525181236752,2024-11-01,CS401,Caltech,Stem,3.0,15449.0,71.84
140525181238096,2024-12-28,CS501,Caltech,Stem,4.0,23052.0,95.12
140525181224720,2024-09-07,CS401,Caltech,Stem,4.0,17566.0,93.56
140525181233808,2024-06-02,CS501,Caltech,Stem,4.0,22179.0,94.87
140525181232272,2024-12-28,CS401,Caltech,Stem,4.0,16489.0,61.26
140525181226512,2024-11-13,CS401,Caltech,Stem,3.0,15784.0,76.15
140525181233424,2024-12-04,CS501,Caltech,Stem,3.5576437831723657,20727.0,92.12
140525181234896,2024-11-04,CS501,Caltech,Stem,5.0,20654.0,75.8
140525181236560,2024-12-23,CS401,Caltech,Stem,3.5576437831723657,15086.0,98.39
140525181229904,2024-02-29,CS501,Caltech,Stem,5.0,22326.0,69.9
140525181233936,2024-10-16,CS401,Caltech,Stem,4.0,15346.0,89.01
140525181227920,2024-11-10,CS501,Caltech,Stem,5.0,21318.0,85.4
140525184746000,2024-08-27,CS401,Caltech,Stem,5.0,15371.0,88.69
140525184748624,2024-12-23,CS401,Caltech,Stem,4.0,15121.0,88.13
140525184746896,2024-10-20,CS401,Caltech,Stem,4.0,17349.0,98.45
140525184752656,2024-12-28,CS401,Caltech,Stem,5.0,15803.0,79.74
140525184749008,2024-11-27,CS401,Caltech,Stem,5.0,15930.0,80.29
140525184758160,2024-11-21,CS501,Caltech,Stem,4.0,20464.0,72.34
140525184755344,2024-10-17,CS501,Caltech,Stem,4.0,21211.0,95.58
140525184760592,2024-10-05,CS601,Caltech,Stem,5.0,25103.0,98.84
140525184745872,2024-07-18,CS501,Caltech,Stem,3.0,20070.0,92.36
140525184754256,2024-12-29,CS401,Caltech,Stem,4.0,16687.0,77.98
140525184755088,2024-12-11,CS501,Caltech,Stem,4.0,21046.0,94.95
140525184748880,2024-12-06,CS501,Caltech,Stem,5.0,21845.0,96.51
140525184760912,2024-12-02,CS501,Caltech,Stem,5.0,21563.0,96.23
140525184753488,2024-11-09,CS401,Caltech,Stem,5.0,15431.0,97.49
140525184754576,2024-09-24,CS501,Caltech,Stem,2.0,20267.0,79.95
140525184760720,2024-04-06,CS501,Caltech,Stem,4.0,20468.0,95.28
140525184760464,2024-12-23,CS401,Caltech,Stem,5.0,18200.0,90.04
140525184758992,2024-09-13,CS401,Caltech,Stem,5.0,16444.0,79.67
140525184749072,2024-05-11,CS401,Caltech,Stem,5.0,15110.0,92.65
140525184753808,2024-12-16,CS501,Caltech,Stem,4.0,20676.0,81.74
140525184751184,2024-12-25,CS401,Caltech,Stem,5.0,16131.0,88.76
140525184748304,2024-06-01,CS501,Caltech,Stem,4.0,21732.0,91.29
140525184750864,2024-10-17,CS501,Caltech,Stem,4.0,21446.0,77.61
140525184748432,2024-08-24,CS501,Caltech,Stem,5.0,19109.874457308248,69.93520170043416
140525184759696,2024-09-04,CS401,Caltech,Stem,5.0,15742.0,98.52
140525184753232,2024-07-26,CS401,Caltech,Stem,4.0,15768.0,94.58
140525184760656,2024-12-28,CS401,Caltech,Stem,4.0,18362.0,98.83
140525184752208,2024-12-29,CS501,Caltech,Stem,4.0,20544.0,64.09
140525184753616,2024-09-18,CS501,Caltech,Stem,4.0,22964.0,85.12
140525184757968,2024-09-27,CS501,Caltech,Stem,3.0,20852.0,91.29
140525184759248,2024-11-27,CS601,Caltech,Stem,3.0,25431.0,71.75
140525184748496,2024-11-30,CS501,Caltech,Stem,4.0,19109.874457308248,69.93520170043416
140525184761424,2024-10-13,CS401,Caltech,Stem,4.0,16633.0,59.95
140525184749328,2024-11-22,CS501,Caltech,Stem,4.0,20322.0,80.32
140525184755984,2024-11-07,CS401,Caltech,Stem,3.5576437831723657,15167.0,73.07
140525184749520,2024-12-28,CS501,Caltech,Stem,4.0,21328.0,95.0
140525184756688,2024-12-21,CS501,Caltech,Stem,3.0,20639.0,90.43
140525184752912,2024-11-22,CS501,Caltech,Stem,5.0,21874.0,52.26
140525184759824,2024-12-27,CS401,Caltech,Stem,3.0,15460.0,89.14
140525184749968,2024-06-21,CS401,Caltech,Stem,3.0,16609.0,73.28
140525184751952,2024-12-10,CS601,Caltech,Stem,5.0,25186.0,89.66
140525184748752,2024-09-14,CS401,Caltech,Stem,4.0,15350.0,97.74
140525184749264,2024-08-28,CS501,Caltech,Stem,4.0,22576.0,93.65
140525184752080,2024-10-21,CS401,Caltech,Stem,4.0,16277.0,82.2
140525184754320,2024-11-13,CS401,Caltech,Stem,4.0,15306.0,94.69
140525184749904,2024-11-15,CS501,Caltech,Stem,3.0,20210.0,98.55
140525184761488,2024-11-13,CS401,Caltech,Stem,4.0,15217.0,78.87
140525184747792,2024-12-20,CS501,Caltech,Stem,5.0,21769.0,88.95
140525184758416,2024-10-03,CS501,Caltech,Stem,3.0,20632.0,65.38
140525184760336,2024-12-28,CS501,Caltech,Stem,5.0,20509.0,85.66
140525184747408,2024-10-25,CS601,Caltech,Stem,4.0,26343.0,88.89
140525184745744,2024-12-28,CS501,Caltech,Stem,4.0,21706.0,96.44
140525184759568,2024-12-28,CS501,Caltech,Stem,5.0,20946.0,69.49
140525184746768,2024-11-24,CS401,Caltech,Stem,5.0,15039.0,90.77
140525184751056,2024-12-12,CS401,Caltech,Stem,2.0,15652.0,83.92
140525184748112,2024-10-02,CS401,Caltech,Stem,5.0,16619.0,82.21
140525184761680,2024-05-21,CS501,Caltech,Stem,3.0,20458.0,65.31
140525184752848,2024-12-04,CS501,Caltech,Stem,5.0,23850.0,93.63
140525184756944,2024-12-05,CS401,Caltech,Stem,4.0,19109.874457308248,69.93520170043416
140525184756496,2024-06-28,CS501,Caltech,Stem,4.0,19109.874457308248,69.93520170043416
140525184756048,2024-06-30,CS501,Caltech,Stem,3.0,20483.0,72.28
140525184747856,2024-10-07,CS501,Caltech,Stem,2.0,20792.0,91.62
140525184752272,2024-12-30,CS501,Caltech,Stem,5.0,22960.0,98.08
140525184750416,2024-12-25,CS401,Caltech,Stem,3.0,16231.0,79.49
140525184745680,2024-11-20,CS401,Caltech,Stem,4.0,16297.0,98.39
140525184760528,2024-12-20,CS401,Caltech,Stem,5.0,16497.0,83.87
140525184751376,2024-09-12,CS401,Caltech,Stem,5.0,16078.0,82.54
140525184747088,2024-10-08,CS401,Caltech,Stem,5.0,15651.0,91.93
140525184755792,2024-09-12,CS401,Caltech,Stem,2.0,15551.0,89.01
140525184745936,2024-07-25,CS401,Caltech,Stem,5.0,15352.0,86.88
140525184748560,2024-12-30,CS401,Caltech,Stem,3.0,16777.0,79.89
140525184756432,2024-10-07,CS501,Caltech,Stem,4.0,19109.874457308248,69.93520170043416
140525184757840,2024-09-12,CS501,Caltech,Stem,3.0,20714.0,98.49
140525184760976,2024-10-16,CS501,Caltech,Stem,5.0,22358.0,81.67
140525184748240,2024-10-11,CS501,Caltech,Stem,4.0,23041.0,78.74
140525184756240,2024-07-12,CS601,Caltech,Stem,4.0,26643.0,69.7
140525184756880,2024-11-25,CS401,Caltech,Stem,5.0,15494.0,92.2
140525136305552,2024-11-09,CS401,Caltech,Stem,3.5576437831723657,18115.0,73.57
140525136311120,2024-08-15,CS601,Caltech,Stem,4.0,28046.0,93.27
140525136308816,2024-09-09,CS501,Caltech,Stem,3.0,20473.0,84.01
140525136307792,2024-12-20,CS601,Caltech,Stem,3.0,25501.0,92.61
140525136313936,2024-12-22,CS501,Caltech,Stem,4.0,20131.0,70.94
140525136303504,2024-09-08,CS501,Caltech,Stem,3.0,20040.0,87.7
140525136311376,2024-11-23,CS401,Caltech,Stem,5.0,19109.874457308248,69.93520170043416
140525136300432,2024-10-22,CS401,Caltech,Stem,4.0,17743.0,91.12
140525136299920,2024-09-21,CS401,Caltech,Stem,4.0,17917.0,91.5
140525136301200,2024-09-30,CS501,Caltech,Stem,4.0,20555.0,78.31
140525136313680,2024-11-05,CS401,Caltech,Stem,5.0,15302.0,94.62
140525136299664,2024-08-15,CS401,Caltech,Stem,5.0,17764.0,67.99
140525136308560,2024-11-24,CS401,Caltech,Stem,5.0,15311.0,75.7
140525136305296,2024-12-25,CS501,Caltech,Stem,4.0,22154.0,72.72
140525136302736,2024-03-31,CS401,Caltech,Stem,5.0,17218.0,86.46
140525136299152,2024-12-07,CS401,Caltech,Stem,4.0,16036.0,89.79
140525136304016,2024-07-16,CS401,Caltech,Stem,3.0,16077.0,96.41
140525136312400,2024-12-28,CS401,Caltech,Stem,3.5576437831723657,15606.0,63.51
140525136304528,2024-12-15,CS501,Caltech,Stem,5.0,21805.0,96.29
140525136311632,2024-06-15,CS501,Caltech,Stem,5.0,20468.0,96.02
140525136305808,2024-11-29,CS401,Caltech,Stem,4.0,19109.874457308248,69.93520170043416
140525136307280,2024-03-28,CS501,Caltech,Stem,3.5576437831723657,20951.0,95.42
140525136309072,2024-05-22,CS501,Caltech,Stem,3.5576437831723657,20349.0,81.76
140525136306064,2024-08-31,CS401,Caltech,Stem,4.0,19109.874457308248,69.93520170043416
140525136314192,2024-12-26,CS401,Caltech,Stem,5.0,15222.0,84.19
140525136304272,2024-09-15,CS401,Caltech,Stem,3.0,16649.0,94.1
140525136313168,2024-10-19,CS401,Caltech,Stem,3.5576437831723657,16276.0,82.9
140525136303760,2024-06-14,CS501,Caltech,Stem,4.0,20849.0,91.52
140525136312656,2024-11-06,CS401,Caltech,Stem,3.0,16995.0,94.32
140525136301456,2024-12-14,CS501,Caltech,Stem,5.0,22100.0,86.36
140525136298384,2024-11-08,CS501,Caltech,Stem,4.0,21364.0,94.95
140525136312144,2024-12-07,CS401,Caltech,Stem,5.0,15557.0,60.91
140525136310608,2024-09-15,CS501,Caltech,Stem,4.0,21333.0,98.3
140525136306320,2024-09-26,CS401,Caltech,Stem,4.0,15270.0,84.68
140525181513552,2024-11-11,CS401,Caltech,Stem,4.0,15266.0,90.59
140525181503632,2024-12-27,CS501,Caltech,Stem,4.0,20468.0,95.81
140525181508624,2024-06-11,CS501,Caltech,Stem,5.0,22696.0,98.23
140525181504272,2024-12-23,CS501,Caltech,Stem,5.0,20694.0,90.66
140525181515984,2024-10-23,CS501,Caltech,Stem,4.0,20893.0,90.92
140525181505488,2024-12-04,CS401,Caltech,Stem,4.0,16312.0,98.04
140525181501520,2024-11-02,CS601,Caltech,Stem,4.0,26389.0,97.98
140525181514000,2024-05-23,CS501,Caltech,Stem,4.0,21352.0,83.5
140525181505424,2024-10-14,CS501,Caltech,Stem,3.0,21441.0,86.59
140525181509648,2024-07-25,CS401,Caltech,Stem,4.0,15644.0,83.52
140525181511184,2024-12-28,CS501,Caltech,Stem,4.0,20726.0,91.08
140525181515088,2024-12-15,CS401,Caltech,Stem,4.0,16544.0,94.35
140525181517264,2024-05-28,CS401,Caltech,Stem,3.0,15870.0,87.0
140525181506640,2024-11-08,CS501,Caltech,Stem,4.0,22731.0,97.9
140525181506128,2024-06-16,CS501,Caltech,Stem,3.5576437831723657,23033.0,60.27
140525181509712,2024-10-02,CS401,Caltech,Stem,3.5576437831723657,16365.0,91.98
140525181507344,2024-12-12,CS501,Caltech,Stem,5.0,23201.0,80.92
140525181513168,2024-11-29,CS401,Caltech,Stem,5.0,16093.0,87.13
140525181509392,2024-07-30,CS501,Caltech,Stem,4.0,20913.0,66.57
140525181512720,2024-08-25,CS501,Caltech,Stem,5.0,20260.0,77.94
140525181516560,2024-12-28,CS501,Caltech,Stem,4.0,19109.874457308248,69.93520170043416
140525181516752,2024-11-22,CS601,Caltech,Stem,3.0,25919.0,91.16
140525181514448,2024-11-29,CS501,Caltech,Stem,5.0,21481.0,82.04
140525181509136,2024-12-25,CS501,Caltech,Stem,5.0,20722.0,91.09
140525181517520,2024-11-03,CS401,Caltech,Stem,4.0,15420.0,88.15
140525181510416,2024-12-24,CS401,Caltech,Stem,4.0,16439.0,91.61
140525181512016,2024-10-26,CS601,Caltech,Stem,4.0,19109.874457308248,69.93520170043416
140525181511248,2024-04-26,CS501,Caltech,Stem,3.5576437831723657,20956.0,83.19
140525181515536,2024-08-22,CS401,Caltech,Stem,4.0,17373.0,91.04
140525181511568,2024-11-10,CS401,Caltech,Stem,5.0,15408.0,95.48
140525181511952,2024-08-08,CS401,Caltech,Stem,4.0,18468.0,93.15
140525181516240,2024-11-06,CS401,Caltech,Stem,3.5576437831723657,15311.0,83.22
140525181502096,2024-12-01,CS501,Caltech,Stem,5.0,24274.0,86.02
140525181514064,2024-12-28,CS401,Caltech,Stem,5.0,18399.0,65.15
140525181503248,2024-12-17,CS501,Caltech,Stem,4.0,22990.0,92.95
140525181509904,2024-11-07,CS401,Caltech,Stem,5.0,16338.0,60.07
140525181505616,2024-10-20,CS401,Caltech,Stem,3.0,15267.0,74.39
140525181504016,2024-10-28,CS401,Caltech,Stem,3.0,16788.0,84.83
140525181505296,2024-11-26,CS501,Caltech,Stem,3.0,19109.874457308248,69.93520170043416
140525181515600,2024-07-29,CS401,Caltech,Stem,2.0,19109.874457308248,69.93520170043416
140525181509008,2024-07-09,CS401,Caltech,Stem,4.0,16155.0,83.99
140525181508112,2024-11-17,CS401,Caltech,Stem,3.0,16211.0,90.21
140525181515344,2024-09-16,CS501,Caltech,Stem,4.0,20650.0,51.06
140525181512400,2024-11-05,CS501,Caltech,Stem,4.0,20811.0,58.51
140525181502480,2024-06-25,CS401,Caltech,Stem,4.0,15974.0,82.08
140525181510224,2024-12-27,CS501,Caltech,Stem,4.0,21221.0,84.46
140525181516624,2024-09-10,CS401,Caltech,Stem,2.0,16270.0,97.05
140525181503312,2024-12-17,CS501,Caltech,Stem,5.0,21388.0,58.39
140525181503440,2024-12-31,CS401,Caltech,Stem,3.0,15080.0,91.14
140525181514320,2024-12-24,CS401,Caltech,Stem,4.0,16587.0,88.43
140525181512656,2024-12-20,CS501,Caltech,Stem,5.0,21703.0,72.6
140525181513616,2024-08-29,CS501,Caltech,Stem,4.0,20453.0,87.62
140525181506192,2024-11-21,CS501,Caltech,Stem,5.0,20350.0,78.62
140525181508176,2024-10-29,CS401,Caltech,Stem,3.0,18946.0,85.34
140525181510544,2024-12-25,CS401,Caltech,Stem,3.0,17189.0,98.22
140525181503760,2024-12-27,CS501,Caltech,Stem,5.0,21890.0,97.4
140525181508496,2024-04-27,CS401,Caltech,Stem,3.0,16529.0,59.94
140525181504912,2024-12-18,CS401,Caltech,Stem,5.0,15159.0,99.0
140525181504592,2024-05-06,CS501,Caltech,Stem,4.0,22933.0,62.32
140525181510608,2024-02-14,CS501,Caltech,Stem,3.0,21596.0,91.83
140525181516944,2024-07-19,CS401,Caltech,Stem,4.0,16845.0,66.18
140525181512144,2024-03-05,CS401,Caltech,Stem,3.5576437831723657,19109.874457308248,69.93520170043416
140525181508944,2024-07-25,CS401,Caltech,Stem,3.0,15649.0,78.28
140525181502736,2024-10-03,CS401,Caltech,Stem,5.0,15821.0,95.27
140525181511632,2024-12-28,CS501,Caltech,Stem,4.0,22082.0,93.26
140525181517392,2024-12-28,CS501,Caltech,Stem,4.0,20324.0,90.06
140525181502288,2024-11-28,CS401,Caltech,Stem,5.0,15723.0,86.56
140525181516112,2024-11-23,CS401,Caltech,Stem,5.0,15389.0,92.14
140525181516176,2024-11-19,CS401,Caltech,Stem,3.0,15993.0,77.12
140525181503504,2024-06-09,CS501,Caltech,Stem,5.0,22919.0,92.95
140525181502864,2024-11-21,CS501,Caltech,Stem,4.0,22188.0,91.92
140525181505360,2024-10-12,CS401,Caltech,Stem,3.0,19109.874457308248,69.93520170043416
140525181506512,2024-11-03,CS501,Caltech,Stem,5.0,21226.0,83.59
140525181515280,2024-09-11,CS501,Caltech,Stem,3.0,19109.874457308248,69.93520170043416
140525181503888,2024-09-11,CS501,Caltech,Stem,2.0,21928.0,89.47
140525181507088,2024-11-04,CS401,Caltech,Stem,5.0,17454.0,58.78
140525181516496,2024-11-21,CS501,Caltech,Stem,4.0,23510.0,86.06
140525181504656,2024-08-07,CS401,Caltech,Stem,5.0,15232.0,54.7
140525181509584,2024-09-02,CS501,Caltech,Stem,5.0,20051.0,96.33
140525181507856,2024-12-28,CS401,Caltech,Stem,4.0,15112.0,73.92
140525181506064,2024-08-02,CS401,Caltech,Stem,3.0,19109.874457308248,69.93520170043416
140525181501648,2024-12-01,CS401,Caltech,Stem,5.0,15771.0,93.51
140525181504528,2024-03-21,CS401,Caltech,Stem,3.0,15639.0,89.28
140525181514640,2024-10-11,CS501,Caltech,Stem,2.0,23005.0,95.62
140525181514256,2024-12-28,CS501,Caltech,Stem,5.0,20157.0,85.67
140525181516688,2024-10-21,CS401,Caltech,Stem,3.0,15008.0,89.39
140525181507600,2024-07-20,CS501,Caltech,Stem,3.0,21753.0,97.27
140525181501840,2024-12-18,CS501,Caltech,Stem,5.0,23457.0,61.1
140525181503120,2024-12-06,CS401,Caltech,Stem,3.0,16736.0,80.47
140525181504336,2024-08-21,CS401,Caltech,Stem,4.0,19109.874457308248,69.93520170043416
140525181513936,2024-09-15,CS501,Caltech,Stem,5.0,19109.874457308248,69.93520170043416
140525181506448,2024-08-01,CS501,Caltech,Stem,5.0,21148.0,95.24
140525181510736,2024-11-04,CS501,Caltech,Stem,5.0,21237.0,65.43
140525181504464,2024-09-28,CS401,Caltech,Stem,4.0,15738.0,75.68
140525181507728,2024-07-26,CS501,Caltech,Stem,4.0,20313.0,79.71
140525181515728,2024-08-27,CS501,Caltech,Stem,5.0,20347.0,82.13
140525181506896,2024-12-17,CS501,Caltech,Stem,3.5576437831723657,20097.0,96.32
140525181505104,2024-06-22,CS401,Caltech,Stem,4.0,17076.0,75.61
140525181509968,2024-08-02,CS501,Caltech,Stem,4.0,21576.0,85.04
140525181514576,2024-10-19,CS501,Caltech,Stem,5.0,20820.0,91.66
140525181511696,2024-11-30,CS401,Caltech,Stem,3.0,16736.0,97.0
140525181510672,2024-09-28,CS501,Caltech,Stem,3.0,20772.0,91.48
140525181513040,2024-12-28,CS501,Caltech,Stem,5.0,21776.0,87.64
140525181517456,2024-11-17,CS501,Caltech,Stem,3.0,22891.0,76.02
140525181513424,2024-06-09,CS501,Caltech,Stem,4.0,19109.874457308248,69.93520170043416
140525181502544,2024-11-01,CS501,Caltech,Stem,4.0,20971.0,92.54
140525181508432,2024-12-29,CS501,Caltech,Stem,4.0,20570.0,88.35
140525181512784,2024-09-07,CS501,Caltech,Stem,3.5576437831723657,21752.0,68.27
140525179181648,2024-11-26,CS601,Caltech,Stem,3.0,25102.0,93.83
140525179176016,2024-11-08,CS501,Caltech,Stem,4.0,22491.0,72.07
140525179177040,2024-08-17,CS401,Caltech,Stem,5.0,15255.0,87.07
140525179179024,2024-07-23,CS401,Caltech,Stem,5.0,15382.0,97.11
140525179179984,2024-05-14,CS401,Caltech,Stem,4.0,19109.874457308248,69.93520170043416
140525179186000,2024-12-06,CS401,Caltech,Stem,5.0,19109.874457308248,69.93520170043416
140525179187088,2024-08-31,CS401,Caltech,Stem,4.0,15295.0,67.34
140525179181776,2024-09-27,CS401,Caltech,Stem,4.0,16314.0,87.61
140525179175760,2024-09-30,CS501,Caltech,Stem,5.0,20664.0,68.36
140525179184208,2024-11-10,CS501,Caltech,Stem,4.0,23977.0,80.88
140525179189712,2024-05-13,CS401,Caltech,Stem,5.0,18467.0,77.63
140525179187984,2024-10-04,CS401,Caltech,Stem,3.0,15802.0,54.97
140525179181136,2024-06-01,CS501,Caltech,Stem,4.0,21599.0,84.39
140525179191120,2024-08-09,CS401,Caltech,Stem,4.0,17420.0,69.77
140525179180496,2024-12-01,CS401,Caltech,Stem,5.0,19083.0,83.48
140525179181392,2024-10-14,CS401,Caltech,Stem,4.0,16366.0,98.78
140525179175120,2024-10-18,CS401,Caltech,Stem,5.0,15310.0,93.29
140525179186832,2024-12-23,CS501,Caltech,Stem,4.0,21397.0,92.82
140525179189584,2024-06-12,CS501,Caltech,Stem,5.0,21802.0,52.06
140525179188176,2024-12-28,CS501,Caltech,Stem,5.0,21993.0,78.88
140525179184400,2024-12-23,CS401,Caltech,Stem,4.0,15789.0,80.9
140525179180880,2024-11-06,CS401,Caltech,Stem,5.0,17595.0,72.34
140525179181264,2024-12-01,CS401,Caltech,Stem,3.5576437831723657,15689.0,97.93
140525179190608,2024-07-17,CS401,Caltech,Stem,3.0,17603.0,92.68
140525179183056,2024-06-09,CS401,Caltech,Stem,5.0,15290.0,95.89
140525179188496,2024-09-22,CS501,Caltech,Stem,4.0,20705.0,91.88
140525179186256,2024-11-11,CS401,Caltech,Stem,5.0,17404.0,86.97
140525179188304,2024-12-28,CS501,Caltech,Stem,4.0,20149.0,97.63
140525179181328,2024-10-18,CS501,Caltech,Stem,4.0,21538.0,78.19
140525179181200,2024-10-29,CS501,Caltech,Stem,5.0,19109.874457308248,69.93520170043416
140525179182480,2024-07-18,CS401,Caltech,Stem,4.0,15029.0,89.63
140525179184336,2024-12-11,CS501,Caltech,Stem,5.0,20037.0,97.07
140525179180752,2024-12-09,CS501,Caltech,Stem,3.0,21147.0,82.35
140525179178128,2024-12-31,CS401,Caltech,Stem,4.0,19109.874457308248,69.93520170043416
140525179188560,2024-12-28,CS501,Caltech,Stem,3.0,21726.0,83.06
140525179178064,2024-11-05,CS501,Caltech,Stem,4.0,20091.0,73.79
140525179177488,2024-09-11,CS401,Caltech,Stem,4.0,16224.0,48.59
140525179175952,2024-12-14,CS401,Caltech,Stem,4.0,15165.0,94.86
140525179190096,2024-11-01,CS401,Caltech,Stem,3.0,17327.0,93.76
140525179190160,2024-07-16,CS401,Caltech,Stem,4.0,15056.0,86.35
140525179183312,2024-08-23,CS401,Caltech,Stem,5.0,15749.0,89.62
140525179186512,2024-11-20,CS401,Caltech,Stem,4.0,16391.0,95.55
140525179187536,2024-07-03,CS501,Caltech,Stem,4.0,21260.0,74.28
140525179187280,2024-12-11,CS401,Caltech,Stem,4.0,17012.0,91.19
140525179183248,2024-11-02,CS501,Caltech,Stem,2.0,20057.0,63.21
140525179175696,2024-11-11,CS501,Caltech,Stem,5.0,21550.0,78.54
140525179183120,2024-12-28,CS501,Caltech,Stem,3.0,22447.0,81.84
140525179184016,2024-07-05,CS401,Caltech,Stem,4.0,15219.0,87.67
140525179189968,2024-11-05,CS501,Caltech,Stem,4.0,21621.0,75.02
140525179179088,2024-12-20,CS401,Caltech,Stem,3.0,16459.0,87.19
140525179179472,2024-07-08,CS401,Caltech,Stem,5.0,16369.0,85.56
140525179189264,2024-06-19,CS401,Caltech,Stem,4.0,17746.0,82.57
140525179190992,2024-09-19,CS501,Caltech,Stem,4.0,20763.0,96.45
140525179189840,2024-12-27,CS501,Caltech,Stem,5.0,20781.0,97.27
140525179181072,2024-12-13,CS501,Caltech,Stem,5.0,20801.0,66.96
140525179179856,2024-09-23,CS501,Caltech,Stem,3.5576437831723657,21546.0,91.93
140525179182544,2024-05-05,CS401,Caltech,Stem,3.0,15639.0,57.1
140525179184592,2024-12-14,CS401,Caltech,Stem,4.0,16336.0,64.52
140525179188688,2024-09-12,CS401,Caltech,Stem,4.0,15835.0,71.76
140525179184528,2024-10-14,CS501,Caltech,Stem,4.0,20879.0,93.47
140525179178192,2024-01-01,CS601,Caltech,Stem,4.0,25296.0,76.32
140525179176784,2024-10-23,CS401,Caltech,Stem,3.0,17006.0,83.15
140525179179280,2024-12-11,CS501,Caltech,Stem,4.0,21147.0,84.82
140525179183760,2024-12-24,CS501,Caltech,Stem,5.0,20202.0,71.46
140525179180368,2024-12-21,CS401,Caltech,Stem,3.0,18821.0,63.68
140525179187728,2024-09-29,CS501,Caltech,Stem,5.0,20112.0,73.17
140525179185232,2024-12-24,CS501,Caltech,Stem,5.0,22981.0,70.7
140525179183504,2024-10-06,CS501,Caltech,Stem,3.0,21366.0,70.85
140525179187856,2024-12-28,CS501,Caltech,Stem,4.0,20821.0,98.21
140525179175632,2024-12-06,CS401,Caltech,Stem,4.0,15690.0,96.61
140525179176272,2024-08-13,CS501,Caltech,Stem,5.0,22342.0,93.19
140525179175888,2024-06-05,CS501,Caltech,Stem,2.0,20516.0,96.33
140525179180816,2024-10-16,CS501,Caltech,Stem,3.5576437831723657,21700.0,91.39
140525179179728,2024-07-10,CS501,Caltech,Stem,3.0,21305.0,93.69
140525179190736,2024-12-08,CS401,Caltech,Stem,2.0,15519.0,92.44
140525179187792,2024-12-08,CS501,Caltech,Stem,5.0,21381.0,66.81
140525179189136,2024-12-28,CS501,Caltech,Stem,5.0,22797.0,94.81
140525179182160,2024-12-20,CS401,Caltech,Stem,5.0,17698.0,98.73
140525179179792,2024-11-05,CS501,Caltech,Stem,4.0,22099.0,85.25
140525179189200,2024-11-28,CS401,Caltech,Stem,2.0,17577.0,83.84
140525179183824,2024-10-06,CS401,Caltech,Stem,5.0,19109.874457308248,69.93520170043416
140525179185424,2024-10-02,CS501,Caltech,Stem,4.0,20311.0,86.95
140525179177424,2024-05-05,CS501,Caltech,Stem,5.0,21319.0,79.01
140525179178000,2024-10-12,CS401,Caltech,Stem,4.0,16106.0,70.55
140525179186960,2024-11-07,CS401,Caltech,Stem,4.0,15801.0,77.18
140525179190800,2024-10-29,CS401,Caltech,Stem,4.0,16520.0,94.53
140525179177744,2024-11-16,CS501,Caltech,Stem,4.0,20092.0,98.43
140525179189776,2024-12-30,CS501,Caltech,Stem,3.0,20251.0,89.53
140525179176656,2024-08-26,CS501,Caltech,Stem,5.0,21417.0,89.49
140525179178960,2024-09-13,CS401,Caltech,Stem,5.0,19109.874457308248,69.93520170043416
140525179185744,2024-11-08,CS401,Caltech,Stem,5.0,15662.0,95.47
140525179178448,2024-12-08,CS501,Caltech,Stem,3.0,20612.0,97.12
140525179183888,2024-12-11,CS501,Caltech,Stem,4.0,21874.0,84.77
140525179188112,2024-06-17,CS401,Caltech,Stem,5.0,16367.0,95.37
140525179177296,2024-06-30,CS401,Caltech,Stem,5.0,15486.0,82.86
140525179187344,2024-10-25,CS401,Caltech,Stem,4.0,16113.0,88.1
140525179184656,2024-12-28,CS401,Caltech,Stem,5.0,16088.0,96.9
140525179183376,2024-12-28,CS401,Caltech,Stem,4.0,16366.0,85.85
140525179182608,2024-12-22,CS501,Caltech,Stem,5.0,22773.0,81.54
140525179176720,2024-07-17,CS601,Caltech,Stem,4.0,27834.0,98.47
140525179187024,2024-12-05,CS501,Caltech,Stem,5.0,22252.0,94.98
140525179182224,2024-04-01,CS401,Caltech,Stem,5.0,15880.0,85.69
140525179182352,2024-08-25,CS401,Caltech,Stem,4.0,16877.0,91.86
140525179185808,2024-11-20,CS501,Caltech,Stem,5.0,23658.0,90.61
140525179178832,2024-11-23,CS501,Caltech,Stem,3.5576437831723657,19109.874457308248,69.93520170043416
140525179189520,2024-06-13,CS501,Caltech,Stem,3.0,23221.0,64.67
140525179179216,2024-07-29,CS501,Caltech,Stem,4.0,20867.0,81.0
140525179177552,2024-11-10,CS401,Caltech,Stem,4.0,17415.0,88.97
140525179185936,2024-12-01,CS401,Caltech,Stem,3.0,15487.0,88.27
140525184562960,2024-08-23,CS501,Caltech,Stem,4.0,21191.0,90.36
140525184557328,2024-10-10,CS501,Caltech,Stem,4.0,21668.0,98.07
140525184561936,2024-10-12,CS501,Caltech,Stem,4.0,20316.0,92.32
140525184554704,2024-09-17,CS501,Caltech,Stem,3.0,22067.0,98.44
140525184556304,2024-10-01,CS401,Caltech,Stem,4.0,16890.0,62.88
140525184553232,2024-10-02,CS401,Caltech,Stem,5.0,15645.0,59.43
140525184562448,2024-10-25,CS501,Caltech,Stem,4.0,20066.0,89.5
140525184551184,2024-11-28,CS401,Caltech,Stem,3.0,17525.0,87.74
140525184549648,2024-05-28,CS501,Caltech,Stem,5.0,21524.0,80.89
140525184557584,2024-11-01,CS501,Caltech,Stem,5.0,20262.0,90.78
140525184561360,2024-04-30,CS401,Caltech,Stem,3.5576437831723657,15033.0,85.9
140525184555280,2024-09-10,CS501,Caltech,Stem,5.0,20030.0,98.0
140525184554960,2024-09-25,CS401,Caltech,Stem,5.0,16898.0,80.08
140525184550416,2024-11-08,CS501,Caltech,Stem,4.0,23291.0,73.63
140525184550224,2024-10-13,CS501,Caltech,Stem,5.0,20876.0,83.54
140525184558416,2024-09-13,CS401,Caltech,Stem,4.0,15019.0,74.98
140525184563280,2024-06-05,CS401,Caltech,Stem,3.0,19109.874457308248,69.93520170043416
140525184562320,2024-12-04,CS401,Caltech,Stem,5.0,15141.0,97.46
140525184564752,2024-09-28,CS501,Caltech,Stem,5.0,20381.0,98.96
140525184552912,2024-08-11,CS401,Caltech,Stem,5.0,15642.0,84.94
140525184559824,2024-11-22,CS501,Caltech,Stem,5.0,20187.0,90.11
140525184561296,2024-10-29,CS401,Caltech,Stem,4.0,16466.0,94.88
140525184559184,2024-08-20,CS501,Caltech,Stem,5.0,20779.0,93.12
140525184556112,2024-12-30,CS501,Caltech,Stem,3.0,22055.0,71.55
140525184548944,2024-10-12,CS401,Caltech,Stem,5.0,15335.0,73.61
140525184562000,2024-10-19,CS601,Caltech,Stem,5.0,25387.0,98.91
140525184564496,2024-08-16,CS501,Caltech,Stem,4.0,19109.874457308248,69.93520170043416
140525184558672,2024-11-09,CS501,Caltech,Stem,4.0,21035.0,86.72
140525184553616,2024-09-05,CS501,Caltech,Stem,5.0,20283.0,91.72
140525184563408,2024-10-01,CS601,Caltech,Stem,5.0,26413.0,95.94
140525184549008,2024-10-09,CS401,Caltech,Stem,5.0,16858.0,82.81
140525184560080,2024-12-04,CS501,Caltech,Stem,5.0,20058.0,66.55
140525184564304,2024-12-31,CS601,Caltech,Stem,4.0,27225.0,61.42
140525184549456,2024-06-13,CS401,Caltech,Stem,3.0,16991.0,82.87
140525184564944,2024-12-01,CS401,Caltech,Stem,5.0,15644.0,97.88
140525184550288,2024-12-28,CS401,Caltech,Stem,3.0,15725.0,84.67
140525184560400,2024-11-17,CS401,Caltech,Stem,5.0,15990.0,98.75
140525184558224,2024-09-23,CS401,Caltech,Stem,5.0,15081.0,78.68
140525184560528,2024-12-16,CS401,Caltech,Stem,4.0,15053.0,65.96
140525184550096,2024-12-23,CS501,Caltech,Stem,5.0,20980.0,93.44
140525184565008,2024-09-02,CS501,Caltech,Stem,5.0,21446.0,67.41
140525184552464,2024-10-18,CS501,Caltech,Stem,3.0,21143.0,94.6
140525184562768,2024-11-19,CS501,Caltech,Stem,5.0,23185.0,73.3
140525184553744,2024-12-30,CS401,Caltech,Stem,2.0,15581.0,94.24
140525184551312,2024-12-13,CS401,Caltech,Stem,3.0,15905.0,89.05
140525184552208,2024-09-16,CS401,Caltech,Stem,5.0,15192.0,84.16
140525184558864,2024-10-04,CS401,Caltech,Stem,4.0,19283.0,68.71
140525184560848,2024-10-11,CS501,Caltech,Stem,4.0,20006.0,84.7
140525184554192,2024-12-22,CS401,Caltech,Stem,4.0,15672.0,85.03
140525184561808,2024-10-30,CS401,Caltech,Stem,4.0,15153.0,76.13
140525184555216,2024-12-23,CS501,Caltech,Stem,4.0,20228.0,78.39
140525184560656,2024-12-10,CS501,Caltech,Stem,4.0,23070.0,93.0
140525184549968,2024-11-02,CS401,Caltech,Stem,4.0,19109.874457308248,69.93520170043416
140525184563920,2024-11-16,CS401,Caltech,Stem,5.0,16593.0,80.07
140525184550864,2024-11-19,CS501,Caltech,Stem,3.5576437831723657,23957.0,80.44
140525184550544,2024-12-27,CS501,Caltech,Stem,4.0,20072.0,73.3
140525184556496,2024-08-30,CS401,Caltech,Stem,5.0,15140.0,58.12
140525184554512,2024-09-05,CS501,Caltech,Stem,5.0,23234.0,71.45
140525184556880,2024-10-12,CS501,Caltech,Stem,4.0,21885.0,98.25
140525184549264,2024-10-29,CS501,Caltech,Stem,4.0,23596.0,77.16
140525184552400,2024-12-29,CS401,Caltech,Stem,4.0,15378.0,83.28
140525184553808,2024-06-24,CS501,Caltech,Stem,2.0,21515.0,95.9
140525184555600,2024-05-13,CS401,Caltech,Stem,3.0,15933.0,91.54
140525184553424,2024-05-13,CS501,Caltech,Stem,4.0,21932.0,61.24
140525184554256,2024-11-03,CS501,Caltech,Stem,4.0,20569.0,68.6
140525184562832,2024-10-01,CS401,Caltech,Stem,4.0,15066.0,98.9
140525184556432,2024-12-09,CS501,Caltech,Stem,4.0,21392.0,89.23
140525184551824,2024-11-19,CS401,Caltech,Stem,4.0,15533.0,84.77
140525184551056,2024-11-14,CS401,Caltech,Stem,4.0,16145.0,97.16
140525184549840,2024-12-02,CS401,Caltech,Stem,4.0,16080.0,84.15
140525184561552,2024-12-19,CS401,Caltech,Stem,5.0,18131.0,96.99
140525184556560,2024-10-10,CS501,Caltech,Stem,4.0,20074.0,89.71
140525184561616,2024-12-10,CS401,Caltech,Stem,4.0,15123.0,95.42
140525184554384,2024-12-17,CS501,Caltech,Stem,4.0,20420.0,90.37
140525184556624,2024-11-04,CS501,Caltech,Stem,3.0,20335.0,86.07
140525184550608,2024-10-01,CS401,Caltech,Stem,4.0,15429.0,81.94
140525184555408,2024-08-25,CS401,Caltech,Stem,5.0,15192.0,63.69
140525184555664,2024-08-28,CS501,Caltech,Stem,3.0,21030.0,88.58
140525184551120,2024-12-20,CS401,Caltech,Stem,5.0,19109.874457308248,69.93520170043416
140525184557200,2024-12-18,CS501,Caltech,Stem,4.0,23118.0,77.47
140525184552976,2024-08-20,CS401,Caltech,Stem,4.0,15520.0,75.83
140525184561104,2024-12-29,CS401,Caltech,Stem,4.0,15567.0,98.64
140525184554064,2024-08-15,CS401,Caltech,Stem,4.0,15828.0,91.41
140525184550736,2024-11-07,CS401,Caltech,Stem,3.0,15911.0,80.05
140525184551248,2024-12-31,CS401,Caltech,Stem,5.0,15704.0,97.57
140525184557648,2024-10-24,CS401,Caltech,Stem,5.0,15642.0,66.53
140525184560464,2024-08-23,CS501,Caltech,Stem,3.5576437831723657,21323.0,87.47
140525184560912,2024-10-18,CS501,Caltech,Stem,5.0,21821.0,90.35
140525184556176,2024-12-16,CS501,Caltech,Stem,4.0,20274.0,85.28
140525184559056,2024-07-04,CS501,Caltech,Stem,4.0,20079.0,89.78
140525184551696,2024-10-30,CS501,Caltech,Stem,5.0,20729.0,64.2
140525184554832,2024-12-29,CS401,Caltech,Stem,5.0,16405.0,43.54
140525184561040,2024-09-06,CS401,Caltech,Stem,4.0,16016.0,97.39
140525184560336,2024-04-06,CS401,Caltech,Stem,2.0,15213.0,83.98
140525184555856,2024-12-25,CS401,Caltech,Stem,3.5576437831723657,16670.0,89.62
140525184551632,2024-12-12,CS501,Caltech,Stem,3.5576437831723657,21486.0,82.23
140525184557072,2024-10-30,CS501,Caltech,Stem,4.0,21252.0,70.8
140525184560208,2024-09-09,CS401,Caltech,Stem,4.0,16008.0,94.19
140525184549328,2024-12-16,CS401,Caltech,Stem,4.0,15132.0,91.85
140525184550160,2024-09-02,CS401,Caltech,Stem,5.0,17331.0,75.34
140525184558736,2024-09-26,CS401,Caltech,Stem,4.0,19109.874457308248,69.93520170043416
140525184556048,2024-08-18,CS501,Caltech,Stem,4.0,20725.0,81.15
140525184558352,2024-07-10,CS501,Caltech,Stem,5.0,20573.0,95.49
140525184552720,2024-10-31,CS501,Caltech,Stem,4.0,20333.0,73.93
140525184565136,2024-11-21,CS501,Caltech,Stem,5.0,20736.0,98.25
140525184557520,2024-08-15,CS501,Caltech,Stem,5.0,20429.0,78.92
140525184556688,2024-09-19,CS501,Caltech,Stem,5.0,23003.0,61.0
140525184558800,2024-11-28,CS501,Caltech,Stem,3.5576437831723657,21702.0,98.31
140525184549520,2024-07-20,CS401,Caltech,Stem,3.0,16788.0,94.83
140525184565072,2024-11-02,CS401,Caltech,Stem,3.5576437831723657,16895.0,88.05
140525184555792,2024-11-02,CS501,Caltech,Stem,4.0,23036.0,82.41
140525184561168,2024-12-30,CS401,Caltech,Stem,5.0,16533.0,79.01
140525184559120,2024-12-03,CS501,Caltech,Stem,3.0,20396.0,76.8
140525184552336,2024-06-30,CS501,Caltech,Stem,3.0,20468.0,82.9
140525184555920,2024-08-23,CS401,Caltech,Stem,5.0,15152.0,53.85
140525184549712,2024-10-23,CS401,Caltech,Stem,2.0,19109.874457308248,69.93520170043416
140525184556240,2024-03-27,CS601,Caltech,Stem,5.0,26859.0,75.08
140525184563536,2024-11-20,CS601,Caltech,Stem,3.0,26644.0,58.16
140525184558288,2024-12-28,CS501,Caltech,Stem,3.0,21348.0,86.41
140525184561744,2024-10-04,CS401,Caltech,Stem,4.0,19109.874457308248,69.93520170043416
140525184564048,2024-11-19,CS401,Caltech,Stem,5.0,15952.0,97.94
140525184563216,2024-12-30,CS501,Caltech,Stem,3.0,19109.874457308248,69.93520170043416
140525184559504,2024-12-20,CS401,Caltech,Stem,4.0,15452.0,93.9
140525184558032,2024-08-31,CS401,Caltech,Stem,5.0,16513.0,95.98
140525184553936,2024-11-09,CS501,Caltech,Stem,5.0,21999.0,87.34
140525137639120,2024-11-03,CS501,Caltech,Stem,2.0,20708.0,96.84
140525137638608,2024-08-20,CS501,Caltech,Stem,4.0,20205.0,86.67
140525137632464,2024-08-31,CS401,Caltech,Stem,3.0,16545.0,80.8
140525137631440,2024-10-28,CS501,Caltech,Stem,4.0,19109.874457308248,69.93520170043416
140525137633168,2024-11-29,CS501,Caltech,Stem,4.0,22972.0,52.31
140525137630160,2024-08-09,CS401,Caltech,Stem,4.0,15269.0,75.6
140525137639632,2024-08-30,CS401,Caltech,Stem,4.0,16009.0,72.48
140525137633680,2024-11-12,CS501,Caltech,Stem,5.0,22604.0,87.93
140525137638864,2024-12-22,CS401,Caltech,Stem,4.0,17495.0,55.58
140525137636880,2024-10-06,CS601,Caltech,Stem,4.0,26121.0,79.84
140525137631184,2024-10-23,CS401,Caltech,Stem,3.0,15635.0,82.87
140525137627344,2024-12-22,CS401,Caltech,Stem,4.0,16254.0,88.02
140525137635856,2024-02-22,CS401,Caltech,Stem,5.0,17902.0,93.18
140525137638352,2024-05-03,CS501,Caltech,Stem,4.0,19109.874457308248,69.93520170043416
140525137634576,2024-04-06,CS501,Caltech,Stem,4.0,20596.0,95.94
140525137627088,2024-06-02,CS601,Caltech,Stem,4.0,27771.0,98.18
140525137625296,2024-12-28,CS501,Caltech,Stem,4.0,20296.0,73.8
140525137628880,2024-06-28,CS501,Caltech,Stem,3.5576437831723657,24586.0,69.3
140525137637648,2024-12-22,CS501,Caltech,Stem,4.0,21895.0,78.47
140525137627856,2024-07-07,CS401,Caltech,Stem,3.0,15457.0,92.84
140525137630416,2024-12-04,CS401,Caltech,Stem,5.0,15141.0,95.76
140525137635600,2024-10-11,CS501,Caltech,Stem,5.0,21915.0,87.77
140525137638096,2024-09-25,CS501,Caltech,Stem,3.0,20270.0,98.89
140525137634064,2024-11-07,CS401,Caltech,Stem,4.0,16160.0,82.76
140525137627600,2024-12-23,CS401,Caltech,Stem,5.0,16288.0,93.93
140525137637840,2024-08-07,CS401,Caltech,Stem,5.0,16115.0,80.07
140525137625552,2024-10-25,CS401,Caltech,Stem,5.0,15648.0,87.69
140525137632656,2024-12-02,CS501,Caltech,Stem,4.0,21205.0,52.37
140525137636624,2024-12-28,CS501,Caltech,Stem,4.0,22595.0,95.36
140525137626576,2024-11-17,CS401,Caltech,Stem,5.0,15451.0,92.21
140525137634320,2024-10-14,CS501,Caltech,Stem,4.0,23812.0,93.06
140525137626832,2024-12-10,CS401,Caltech,Stem,4.0,16326.0,50.22
140525178079120,2024-10-30,CS501,Caltech,Stem,4.0,20821.0,80.5
140525178092112,2024-08-14,CS501,Caltech,Stem,4.0,21311.0,97.61
140525178085712,2024-09-04,CS401,Caltech,Stem,2.0,19109.874457308248,69.93520170043416
140525178080912,2024-10-18,CS601,Caltech,Stem,4.0,26650.0,94.45
140525178081168,2024-12-20,CS501,Caltech,Stem,5.0,22677.0,81.56
140525178091856,2024-10-01,CS401,Caltech,Stem,3.0,15090.0,89.97
140525178081616,2024-10-26,CS401,Caltech,Stem,4.0,18324.0,71.64
140525178085200,2024-11-01,CS401,Caltech,Stem,5.0,16824.0,93.71
140525178088016,2024-08-07,CS501,Caltech,Stem,4.0,22392.0,87.86
140525178087760,2024-12-31,CS401,Caltech,Stem,5.0,19109.874457308248,69.93520170043416
140525178083920,2024-10-27,CS501,Caltech,Stem,3.0,20475.0,97.26
140525178078864,2024-09-05,CS501,Caltech,Stem,5.0,22625.0,88.91
140525178082128,2024-09-27,CS501,Caltech,Stem,4.0,21814.0,92.35
140525178083664,2024-09-25,CS401,Caltech,Stem,5.0,15618.0,76.53
140525178088528,2024-12-10,CS401,Caltech,Stem,4.0,19109.874457308248,69.93520170043416
140525178086736,2024-12-22,CS401,Caltech,Stem,5.0,17424.0,74.4
140525178077904,2024-05-30,CS501,Caltech,Stem,4.0,23595.0,95.7
140525178090832,2024-11-21,CS601,Caltech,Stem,4.0,26055.0,86.25
140525178080400,2024-11-27,CS501,Caltech,Stem,4.0,20390.0,98.92
140525178081360,2024-03-30,CS401,Caltech,Stem,5.0,17618.0,72.19
140525178085456,2024-12-09,CS401,Caltech,Stem,4.0,16959.0,71.72
140525178084944,2024-09-20,CS401,Caltech,Stem,4.0,19109.874457308248,69.93520170043416
140525178082640,2024-12-28,CS401,Caltech,Stem,4.0,16582.0,74.04
140525178078160,2024-10-16,CS401,Caltech,Stem,4.0,15576.0,86.27
140525178082896,2024-12-28,CS501,Caltech,Stem,4.0,20433.0,90.26
140525178089552,2024-04-18,CS401,Caltech,Stem,3.0,17035.0,79.96
140525178093392,2024-10-15,CS501,Caltech,Stem,4.0,20596.0,98.11
140525178078608,2024-10-27,CS501,Caltech,Stem,5.0,22061.0,87.3
140525178080144,2024-04-20,CS501,Caltech,Stem,4.0,19109.874457308248,69.93520170043416
140525178078416,2024-12-18,CS401,Caltech,Stem,3.0,15664.0,93.48
140525178084432,2024-10-12,CS501,Caltech,Stem,4.0,20610.0,92.22
140525178090576,2024-09-26,CS401,Caltech,Stem,5.0,17481.0,87.82
140525178079888,2024-12-28,CS401,Caltech,Stem,5.0,19109.874457308248,69.93520170043416
140525178079376,2024-10-15,CS401,Caltech,Stem,5.0,15505.0,79.99
140525138842768,2024-12-18,CS501,Caltech,Stem,5.0,23575.0,68.46
140525138851152,2024-11-06,CS401,Caltech,Stem,4.0,15049.0,57.04
140525138847568,2024-09-13,CS501,Caltech,Stem,3.0,22341.0,92.06
140525138842256,2024-12-02,CS501,Caltech,Stem,3.0,22276.0,97.39
140525138845008,2024-12-22,CS401,Caltech,Stem,4.0,15765.0,86.28
140525138853200,2024-09-28,CS501,Caltech,Stem,4.0,23087.0,94.53
140525138849104,2024-11-28,CS501,Caltech,Stem,4.0,23152.0,73.68
140525138838224,2024-08-01,CS401,Caltech,Stem,4.0,17052.0,71.73
140525138844240,2024-12-24,CS401,Caltech,Stem,3.5576437831723657,15090.0,85.58
140525138843472,2024-10-04,CS501,Caltech,Stem,4.0,21984.0,94.42
140525138840016,2024-11-17,CS401,Caltech,Stem,4.0,16397.0,71.27
140525138845264,2024-10-04,CS501,Caltech,Stem,3.0,21320.0,57.95
140525138838736,2024-12-28,CS501,Caltech,Stem,5.0,19109.874457308248,69.93520170043416
140525138840720,2024-12-27,CS401,Caltech,Stem,4.0,16676.0,80.21
140525138841488,2024-11-24,CS401,Caltech,Stem,5.0,15401.0,93.4
140525138850128,2024-06-20,CS501,Caltech,Stem,4.0,23098.0,85.59
140525138842000,2024-12-28,CS401,Caltech,Stem,4.0,15268.0,55.5
140525138847056,2024-04-08,CS401,Caltech,Stem,5.0,15053.0,70.07
140525138837968,2024-11-26,CS501,Caltech,Stem,4.0,20638.0,82.03
140525138850896,2024-06-14,CS601,Caltech,Stem,3.5576437831723657,25579.0,85.53
140525138844496,2024-11-03,CS501,Caltech,Stem,4.0,22686.0,94.89
140525138846032,2024-06-08,CS501,Caltech,Stem,5.0,21774.0,78.9
140525138843984,2024-07-05,CS401,Caltech,Stem,4.0,18263.0,93.73
140525138839760,2024-10-26,CS401,Caltech,Stem,2.0,19109.874457308248,69.93520170043416
140525138849872,2024-08-10,CS401,Caltech,Stem,3.5576437831723657,17603.0,80.4
140525138838480,2024-07-04,CS401,Caltech,Stem,5.0,15234.0,89.39
140525138852432,2024-07-04,CS401,Caltech,Stem,4.0,16110.0,73.52
140525138845776,2024-12-14,CS401,Caltech,Stem,4.0,19109.874457308248,69.93520170043416
140525138845520,2024-11-05,CS501,Caltech,Stem,3.0,21491.0,81.53
140525138838992,2024-12-18,CS401,Caltech,Stem,4.0,16091.0,52.91
140525138846800,2024-11-11,CS501,Caltech,Stem,5.0,20065.0,98.44
140525138851408,2024-10-24,CS401,Caltech,Stem,5.0,16761.0,86.78
140525138849360,2024-04-26,CS401,Caltech,Stem,5.0,15674.0,83.06
140525179808080,2024-07-14,CS501,Caltech,Stem,4.0,22033.0,82.96
140525179808464,2024-05-21,CS501,Caltech,Stem,4.0,20351.0,89.96
140525179807376,2024-10-16,CS501,Caltech,Stem,4.0,21223.0,96.38
140525179809232,2024-08-07,CS501,Caltech,Stem,3.0,20331.0,90.94
140525179802192,2024-12-14,CS601,Caltech,Stem,3.5576437831723657,25513.0,68.31
140525179812432,2024-12-19,CS501,Caltech,Stem,3.0,20002.0,87.26
140525179813136,2024-12-10,CS401,Caltech,Stem,4.0,16042.0,90.58
140525179807120,2024-11-13,CS601,Caltech,Stem,3.0,25579.0,95.68
140525179809424,2024-11-22,CS601,Caltech,Stem,4.0,26278.0,86.43
140525179806224,2024-11-22,CS501,Caltech,Stem,3.0,20754.0,93.58
140525179809744,2024-10-08,CS501,Caltech,Stem,4.0,21560.0,78.08
140525179808144,2024-10-16,CS501,Caltech,Stem,4.0,20309.0,94.37
140525179799056,2024-09-11,CS601,Caltech,Stem,3.0,28442.0,56.9
140525179806608,2024-12-14,CS501,Caltech,Stem,5.0,21156.0,78.07
140525179805072,2024-09-27,CS401,Caltech,Stem,4.0,17193.0,83.86
140525179803152,2024-12-09,CS401,Caltech,Stem,5.0,16549.0,93.64
140525179812304,2024-12-09,CS401,Caltech,Stem,5.0,18183.0,67.15
140525179803728,2024-10-01,CS401,Caltech,Stem,4.0,15616.0,92.62
140525179813712,2024-12-24,CS401,Caltech,Stem,5.0,16160.0,70.74
140525179804752,2024-09-23,CS401,Caltech,Stem,4.0,15395.0,82.16
140525179804560,2024-11-24,CS501,Caltech,Stem,3.0,21163.0,86.27
140525179810256,2024-12-10,CS501,Caltech,Stem,4.0,21028.0,50.18
140525179810512,2024-10-27,CS501,Caltech,Stem,5.0,21417.0,83.61
140525179798800,2024-08-20,CS501,Caltech,Stem,3.0,20763.0,92.47
140525179811664,2024-12-06,CS501,Caltech,Stem,3.0,22731.0,68.77
140525179813648,2024-11-08,CS501,Caltech,Stem,3.0,21219.0,59.35
140525179802128,2024-07-31,CS501,Caltech,Stem,3.0,20007.0,96.32
140525179801424,2024-08-28,CS401,Caltech,Stem,5.0,16682.0,69.07
140525179797712,2024-10-27,CS401,Caltech,Stem,4.0,18452.0,88.92
140525179801104,2024-12-01,CS401,Caltech,Stem,4.0,18005.0,84.16
140525179805328,2024-08-17,CS601,Caltech,Stem,5.0,25971.0,82.65
140525179813072,2024-06-04,CS501,Caltech,Stem,5.0,23756.0,86.85
140525179808208,2024-09-06,CS401,Caltech,Stem,3.5576437831723657,17392.0,98.54
140525179811792,2024-12-06,CS401,Caltech,Stem,5.0,16896.0,75.11
140525179810640,2024-10-30,CS501,Caltech,Stem,3.0,21513.0,72.18
140525179810320,2024-12-05,CS401,Caltech,Stem,4.0,16106.0,92.02
140525179797776,2024-12-13,CS601,Caltech,Stem,3.0,26761.0,95.67
140525179800848,2024-09-28,CS401,Caltech,Stem,5.0,15848.0,98.99
140525179806672,2024-05-24,CS401,Caltech,Stem,4.0,18611.0,85.85
140525179801168,2024-12-27,CS501,Caltech,Stem,4.0,21637.0,97.5
140525179806160,2024-11-25,CS501,Caltech,Stem,5.0,22291.0,86.55
140525179798480,2024-10-18,CS501,Caltech,Stem,5.0,20150.0,95.67
140525179801872,2024-09-07,CS501,Caltech,Stem,3.0,21317.0,93.63
140525179809360,2024-09-23,CS501,Caltech,Stem,5.0,20223.0,83.76
140525179812240,2024-11-28,CS401,Caltech,Stem,5.0,15845.0,68.95
140525179798224,2024-11-15,CS401,Caltech,Stem,3.0,15897.0,68.53
140525179809296,2024-10-17,CS501,Caltech,Stem,4.0,20171.0,89.24
140525179799760,2024-09-02,CS501,Caltech,Stem,5.0,20114.0,64.4
140525179800592,2024-08-15,CS501,Caltech,Stem,4.0,20577.0,84.49
140525179806928,2024-12-05,CS501,Caltech,Stem,4.0,20145.0,65.53
140525179807056,2024-12-28,CS401,Caltech,Stem,3.0,19109.874457308248,69.93520170043416
140525179806352,2024-08-12,CS401,Caltech,Stem,4.0,16739.0,94.38
140525179802896,2024-04-08,CS401,Caltech,Stem,3.0,15406.0,93.3
140525179806032,2024-12-16,CS501,Caltech,Stem,4.0,20137.0,70.26
140525179798608,2024-11-15,CS401,Caltech,Stem,4.0,16058.0,86.09
140525179801040,2024-05-09,CS401,Caltech,Stem,5.0,15512.0,50.64
140525179803344,2024-09-10,CS501,Caltech,Stem,4.0,21839.0,68.55
140525179798096,2024-12-28,CS401,Caltech,Stem,4.0,17469.0,90.22
140525179809616,2024-07-01,CS501,Caltech,Stem,3.0,22445.0,69.57
140525179800016,2024-12-10,CS401,Caltech,Stem,2.0,16998.0,96.24
140525179802064,2024-10-22,CS401,Caltech,Stem,5.0,17517.0,77.22
140525179803024,2024-12-28,CS501,Caltech,Stem,4.0,21391.0,93.95
140525179812688,2024-04-19,CS501,Caltech,Stem,2.0,21656.0,50.04
140525179813264,2024-11-24,CS501,Caltech,Stem,4.0,21917.0,81.71
140525179808848,2024-10-09,CS501,Caltech,Stem,4.0,23040.0,74.33
140525179800656,2024-12-16,CS601,Caltech,Stem,4.0,27542.0,93.42
140525179798736,2024-12-28,CS501,Caltech,Stem,5.0,22401.0,70.68
140525179805264,2024-12-30,CS401,Caltech,Stem,5.0,15737.0,89.39
140525179805136,2024-12-04,CS501,Caltech,Stem,4.0,22354.0,89.78
140525179807696,2024-12-08,CS501,Caltech,Stem,4.0,21118.0,81.51
140525179800528,2024-09-21,CS501,Caltech,Stem,5.0,20116.0,63.32
140525179803472,2024-02-03,CS601,Caltech,Stem,4.0,19109.874457308248,69.93520170043416
140525179803792,2024-04-29,CS401,Caltech,Stem,3.0,15202.0,81.91
140525179810192,2024-11-21,CS501,Caltech,Stem,5.0,21700.0,86.83
140525179802256,2024-05-25,CS401,Caltech,Stem,3.0,16619.0,71.34
140525179798160,2024-09-06,CS601,Caltech,Stem,5.0,25438.0,76.3
140525179805008,2024-12-07,CS401,Caltech,Stem,3.0,18222.0,95.4
140525179801232,2024-06-02,CS401,Caltech,Stem,4.0,15426.0,94.49
140525179809488,2024-12-05,CS501,Caltech,Stem,4.0,20182.0,75.01
140525179799888,2024-10-09,CS401,Caltech,Stem,5.0,16599.0,72.01
140525179803856,2024-12-28,CS501,Caltech,Stem,3.0,20346.0,86.79
140525179803216,2024-11-13,CS501,Caltech,Stem,5.0,22780.0,69.81
140525179799312,2024-12-08,CS401,Caltech,Stem,5.0,17101.0,63.14
140525179805200,2024-09-01,CS401,Caltech,Stem,5.0,15204.0,94.0
140525179808272,2024-10-09,CS601,Caltech,Stem,5.0,27597.0,82.8
140525179802704,2024-11-08,CS401,Caltech,Stem,4.0,16403.0,94.02
140525179802640,2024-10-11,CS401,Caltech,Stem,3.5576437831723657,17772.0,84.48
140525179812496,2024-09-30,CS501,Caltech,Stem,1.0,20105.0,94.49
140525179803088,2024-07-22,CS401,Caltech,Stem,4.0,15353.0,69.02
140525179803984,2024-12-24,CS401,Caltech,Stem,4.0,17490.0,69.75
140525179797840,2024-09-15,CS501,Caltech,Stem,5.0,20246.0,69.09
140525179801680,2024-11-26,CS401,Caltech,Stem,5.0,17520.0,80.09
140525179808400,2024-12-02,CS401,Caltech,Stem,5.0,15112.0,88.32
140525179806800,2024-03-19,CS401,Caltech,Stem,1.0,16171.0,97.21
140525179801808,2024-12-15,CS401,Caltech,Stem,4.0,15236.0,76.46
140525179805648,2024-10-25,CS401,Caltech,Stem,3.5576437831723657,17702.0,65.83
140525179800144,2024-12-12,CS501,Caltech,Stem,4.0,22219.0,49.26
140525179811216,2024-11-22,CS401,Caltech,Stem,4.0,15405.0,89.34
140525179805840,2024-12-29,CS501,Caltech,Stem,5.0,20458.0,75.85
140525179799504,2024-10-12,CS501,Caltech,Stem,4.0,20532.0,91.89
140525179811024,2024-05-08,CS401,Caltech,Stem,3.5576437831723657,15414.0,71.93
140525179813008,2024-05-13,CS501,Caltech,Stem,3.0,21028.0,82.84
140525179810896,2024-10-15,CS401,Caltech,Stem,5.0,15586.0,85.99
140525179804112,2024-11-24,CS401,Caltech,Stem,3.0,16392.0,86.41
140525179813392,2024-12-11,CS401,Caltech,Stem,4.0,15311.0,88.98
140525179802448,2024-12-30,CS601,Caltech,Stem,5.0,26170.0,94.92
140525179812944,2024-12-28,CS501,Caltech,Stem,5.0,22632.0,82.45
140525179800208,2024-06-17,CS401,Caltech,Stem,4.0,15896.0,76.09
140525142078544,2024-07-02,CS501,Caltech,Stem,4.0,20262.0,58.61
140525142081296,2024-12-16,CS501,Caltech,Stem,5.0,20480.0,95.23
140525142068368,2024-12-13,CS401,Caltech,Stem,5.0,18679.0,95.87
140525142070096,2024-08-10,CS501,Caltech,Stem,4.0,20910.0,95.22
140525142072400,2024-06-17,CS401,Caltech,Stem,3.0,15813.0,89.48
140525142070352,2024-10-17,CS601,Caltech,Stem,5.0,19109.874457308248,69.93520170043416
140525142074192,2024-11-09,CS501,Caltech,Stem,5.0,20788.0,89.36
140525142078032,2024-10-21,CS401,Caltech,Stem,5.0,17196.0,95.97
140525142069136,2024-07-04,CS501,Caltech,Stem,4.0,19109.874457308248,69.93520170043416
140525142071888,2024-10-11,CS501,Caltech,Stem,4.0,21175.0,71.78
140525142071376,2024-07-20,CS401,Caltech,Stem,5.0,18827.0,76.54
140525142078288,2024-11-22,CS501,Caltech,Stem,5.0,23745.0,72.74
140525142065360,2024-10-15,CS501,Caltech,Stem,3.0,20447.0,85.45
140525142073936,2024-10-11,CS401,Caltech,Stem,5.0,17385.0,52.47
140525142069392,2024-11-06,CS401,Caltech,Stem,4.0,17880.0,87.42
140525142068880,2024-07-11,CS501,Caltech,Stem,5.0,20385.0,54.03
140525142079760,2024-06-17,CS501,Caltech,Stem,3.0,22921.0,97.69
140525142075472,2024-05-24,CS501,Caltech,Stem,5.0,21656.0,95.24
140525142067600,2024-07-16,CS501,Caltech,Stem,5.0,20456.0,77.6
140525142073168,2024-05-15,CS401,Caltech,Stem,5.0,16134.0,91.3
140525142079056,2024-11-06,CS501,Caltech,Stem,5.0,19109.874457308248,69.93520170043416
140525142075984,2024-04-19,CS401,Caltech,Stem,3.0,16483.0,78.96
140525142066640,2024-07-17,CS501,Caltech,Stem,4.0,20777.0,91.74
140525142080528,2024-11-22,CS501,Caltech,Stem,4.0,21234.0,80.47
140525142074960,2024-11-28,CS401,Caltech,Stem,4.0,15579.0,88.23
140525142077008,2024-07-24,CS501,Caltech,Stem,4.0,21281.0,95.06
140525142065872,2024-12-28,CS401,Caltech,Stem,3.0,15871.0,92.14
140525139381392,2024-12-20,CS401,Caltech,Stem,5.0,15330.0,96.16
140525139383696,2024-12-15,CS401,Caltech,Stem,3.0,17022.0,73.22
140525139381136,2024-04-08,CS501,Caltech,Stem,3.0,22516.0,95.05
140525139388048,2024-09-10,CS501,Caltech,Stem,4.0,19109.874457308248,69.93520170043416
140525139393680,2024-09-05,CS501,Caltech,Stem,3.5576437831723657,20689.0,98.27
140525139379856,2024-08-14,CS401,Caltech,Stem,4.0,17534.0,89.09
140525139378896,2024-09-25,CS601,Caltech,Stem,4.0,26222.0,94.95
140525139387536,2024-11-14,CS401,Caltech,Stem,4.0,16159.0,85.58
140525139379600,2024-12-17,CS401,Caltech,Stem,5.0,16255.0,98.24
140525139384976,2024-10-29,CS501,Caltech,Stem,3.0,21889.0,72.89
140525139389072,2024-07-22,CS401,Caltech,Stem,5.0,18353.0,82.02
140525139391376,2024-09-16,CS401,Caltech,Stem,5.0,16200.0,93.25
140525139386000,2024-12-28,CS501,Caltech,Stem,5.0,20369.0,68.78
140525139392656,2024-02-08,CS401,Caltech,Stem,5.0,16721.0,67.74
140525139382160,2024-06-16,CS401,Caltech,Stem,5.0,15204.0,83.01
140525139388816,2024-11-29,CS501,Caltech,Stem,5.0,20280.0,84.26
140525139383952,2024-12-02,CS501,Caltech,Stem,3.0,21167.0,85.18
140525139386256,2024-10-18,CS501,Caltech,Stem,4.0,20149.0,97.72
140525139382672,2024-12-28,CS501,Caltech,Stem,3.0,22768.0,91.4
140525139384208,2024-11-28,CS501,Caltech,Stem,3.0,20069.0,73.24
140525139392400,2024-12-25,CS501,Caltech,Stem,3.0,20764.0,62.95
140525139387024,2024-10-23,CS501,Caltech,Stem,5.0,20840.0,98.84
140525139387792,2024-12-18,CS401,Caltech,Stem,4.0,19109.874457308248,69.93520170043416
140525139383440,2024-12-01,CS501,Caltech,Stem,2.0,21724.0,63.08
140525139388304,2024-12-08,CS401,Caltech,Stem,5.0,17406.0,86.14
140525139383184,2024-11-15,CS501,Caltech,Stem,3.0,20281.0,88.08
140525139382928,2024-08-26,CS401,Caltech,Stem,5.0,17166.0,81.77
140525139394448,2024-05-26,CS401,Caltech,Stem,3.0,16113.0,56.68
140525139392144,2024-07-16,CS501,Caltech,Stem,4.0,22661.0,86.92
140525139393936,2024-12-14,CS501,Caltech,Stem,3.0,20193.0,77.13
140525139381904,2024-08-06,CS501,Caltech,Stem,4.0,21917.0,88.25
140525139389328,2024-10-27,CS501,Caltech,Stem,4.0,21223.0,85.29
140525139391632,2024-11-25,CS501,Caltech,Stem,3.5576437831723657,20512.0,95.22
140525188835792,2024-11-27,CS501,Caltech,Stem,3.0,20486.0,96.5
140525188840528,2024-07-13,CS401,Caltech,Stem,4.0,16269.0,66.55
140525188834000,2024-04-06,CS501,Caltech,Stem,2.0,20320.0,95.86
140525188838352,2024-10-17,CS501,Caltech,Stem,3.0,20942.0,95.53
140525188835536,2024-10-23,CS401,Caltech,Stem,5.0,16110.0,94.6
140525188837648,2024-11-08,CS601,Caltech,Stem,5.0,28106.0,91.09
140525188834832,2024-11-30,CS401,Caltech,Stem,4.0,16031.0,98.86
140525188838992,2024-10-20,CS401,Caltech,Stem,3.0,15736.0,93.86
140525188837072,2024-10-13,CS501,Caltech,Stem,3.5576437831723657,20120.0,68.58
140525188840272,2024-12-20,CS501,Caltech,Stem,4.0,20397.0,94.55
140525188834896,2024-04-12,CS401,Caltech,Stem,2.0,15483.0,91.84
140525188837968,2024-08-01,CS401,Caltech,Stem,4.0,15901.0,66.59
140525188834320,2024-05-27,CS501,Caltech,Stem,4.0,22834.0,72.62
140525188833232,2024-06-20,CS401,Caltech,Stem,3.0,16009.0,94.83
140525188833104,2024-10-16,CS401,Caltech,Stem,3.0,15954.0,63.17
140525188835856,2024-11-08,CS401,Caltech,Stem,3.0,15975.0,95.53
140525188837456,2024-09-13,CS501,Caltech,Stem,4.0,20545.0,96.63
140525188838416,2024-11-17,CS501,Caltech,Stem,4.0,21960.0,80.26
140525188830672,2024-11-04,CS501,Caltech,Stem,4.0,20478.0,84.88
140525188830416,2024-12-16,CS501,Caltech,Stem,5.0,23012.0,68.18
140525188834192,2024-12-13,CS401,Caltech,Stem,5.0,15150.0,66.35
140525188833488,2024-11-02,CS501,Caltech,Stem,4.0,22951.0,98.71
140525188838672,2024-10-15,CS401,Caltech,Stem,3.0,17743.0,71.44
140525188835216,2024-07-20,CS401,Caltech,Stem,3.0,18775.0,59.64
140525188836176,2024-12-06,CS401,Caltech,Stem,5.0,15137.0,83.24
140525188834640,2024-09-29,CS501,Caltech,Stem,4.0,20612.0,75.83
140525188833424,2024-10-06,CS401,Caltech,Stem,5.0,17993.0,93.6
140525188840400,2024-08-11,CS401,Caltech,Stem,2.0,15666.0,80.18
140525188837840,2024-11-21,CS501,Caltech,Stem,5.0,20704.0,77.64
140525188832848,2024-12-24,CS401,Caltech,Stem,4.0,15872.0,78.07
140525188831376,2024-10-28,CS401,Caltech,Stem,2.0,17813.0,81.35
140525188837712,2024-11-05,CS401,Caltech,Stem,4.0,19109.874457308248,69.93520170043416
140525188840848,2024-12-28,CS401,Caltech,Stem,5.0,15287.0,81.95
140525188836240,2024-09-25,CS501,Caltech,Stem,3.0,20158.0,94.79
140525188830992,2024-10-04,CS401,Caltech,Stem,4.0,15848.0,98.1
140525188836560,2024-10-11,CS401,Caltech,Stem,3.5576437831723657,15213.0,93.99
140525188830032,2024-11-09,CS501,Caltech,Stem,3.0,21389.0,75.33
140525188837264,2024-11-07,CS501,Caltech,Stem,4.0,20613.0,59.3
140525188838928,2024-07-09,CS501,Caltech,Stem,5.0,22132.0,86.01
140525188837904,2024-05-16,CS501,Caltech,Stem,3.0,20579.0,95.28
140525188834704,2024-12-28,CS401,Caltech,Stem,5.0,19109.874457308248,69.93520170043416
140525188830736,2024-12-07,CS401,Caltech,Stem,4.0,15314.0,84.77
140525188837200,2024-05-26,CS501,Caltech,Stem,4.0,19109.874457308248,69.93520170043416
140525188836944,2024-10-25,CS601,Caltech,Stem,4.0,26102.0,66.68
140525188840592,2024-11-30,CS401,Caltech,Stem,4.0,15258.0,94.31
140525188834064,2024-12-19,CS401,Caltech,Stem,4.0,15422.0,87.03
140525188830224,2024-09-20,CS501,Caltech,Stem,4.0,21004.0,95.76
140525188829200,2024-03-17,CS401,Caltech,Stem,4.0,15012.0,97.06
140525188833168,2024-12-09,CS501,Caltech,Stem,5.0,22869.0,74.33
140525188839632,2024-12-28,CS501,Caltech,Stem,4.0,19109.874457308248,69.93520170043416
140525188837136,2024-09-27,CS401,Caltech,Stem,5.0,15113.0,72.98
140525188839440,2024-09-12,CS401,Caltech,Stem,4.0,19109.874457308248,69.93520170043416
140525188830352,2024-11-03,CS501,Caltech,Stem,4.0,21506.0,98.88
140525188841360,2024-09-08,CS401,Caltech,Stem,5.0,17638.0,91.98
140525188835984,2024-08-06,CS401,Caltech,Stem,2.0,15015.0,73.81
140525188831632,2024-11-19,CS401,Caltech,Stem,3.0,16012.0,79.36
140525188836432,2024-08-14,CS501,Caltech,Stem,5.0,20305.0,54.67
140525188839952,2024-03-20,CS401,Caltech,Stem,5.0,15378.0,72.02
140525188834448,2024-10-28,CS501,Caltech,Stem,4.0,21121.0,55.87
140525188841424,2024-06-28,CS401,Caltech,Stem,3.0,16829.0,94.46
140525205014096,2024-10-22,CS501,Caltech,Stem,4.0,21944.0,98.15
140525202913744,2024-07-28,CS401,Caltech,Stem,4.0,15272.0,93.38
140525239713040,2024-11-17,CS401,Caltech,Stem,5.0,15254.0,92.59
140525239712976,2024-11-05,CS401,Caltech,Stem,3.0,16568.0,95.89
140525239710160,2024-11-03,CS401,Caltech,Stem,4.0,17560.0,68.15
140525239712848,2024-10-23,CS501,Caltech,Stem,5.0,21205.0,61.89
140526252913296,2024-12-22,CS401,Caltech,Stem,5.0,18759.0,91.91
140526252912848,2024-11-24,CS401,Caltech,Stem,3.0,15432.0,87.7
140525202975440,2024-12-28,CS401,Caltech,Stem,5.0,16860.0,83.97
140526243951760,2024-07-02,CS401,Caltech,Stem,4.0,16442.0,98.22
140526243944016,2024-04-07,CS401,Caltech,Stem,4.0,15960.0,95.8
140526243948624,2024-08-08,CS401,Caltech,Stem,3.0,19109.874457308248,69.93520170043416
140526243952400,2024-08-06,CS401,Caltech,Stem,4.0,15041.0,77.61
140526254465232,2024-12-26,CS401,Caltech,Stem,2.0,16051.0,91.32
140526253126672,2024-12-02,CS501,Caltech,Stem,5.0,20060.0,89.53
140526253119696,2024-09-18,CS501,Caltech,Stem,5.0,21430.0,71.44
140526253129680,2024-08-29,CS501,Caltech,Stem,4.0,20362.0,82.49
140525119827600,2024-11-22,CS401,Caltech,Stem,5.0,15537.0,86.68
140525119825040,2024-08-18,CS501,Caltech,Stem,4.0,22789.0,81.5
140525119825744,2024-10-23,CS601,Caltech,Stem,2.0,25584.0,93.13
140525119830608,2024-12-18,CS501,Caltech,Stem,3.5576437831723657,22282.0,83.3
140525119823440,2024-08-14,CS401,Caltech,Stem,5.0,16458.0,97.47
140525119819024,2024-09-14,CS401,Caltech,Stem,5.0,17268.0,78.73
140525119818256,2024-11-27,CS501,Caltech,Stem,3.0,20165.0,90.63
140525119827408,2024-12-21,CS501,Caltech,Stem,3.5576437831723657,21157.0,89.5
140525119826896,2024-12-02,CS501,Caltech,Stem,5.0,22873.0,83.44
140525119825680,2024-10-01,CS501,Caltech,Stem,4.0,20274.0,80.55
140525119830480,2024-10-14,CS401,Caltech,Stem,5.0,17465.0,81.74
140525119819600,2024-12-04,CS501,Caltech,Stem,4.0,21799.0,87.54
140525119826064,2024-10-28,CS501,Caltech,Stem,4.0,21704.0,92.0
140525119826832,2024-07-06,CS501,Caltech,Stem,3.0,20107.0,82.45
140525119820304,2024-12-08,CS501,Caltech,Stem,4.0,23223.0,54.88
140525119816912,2024-10-13,CS401,Caltech,Stem,5.0,18466.0,86.68
140525119831120,2024-11-06,CS501,Caltech,Stem,3.0,19109.874457308248,69.93520170043416
140525119822544,2024-12-25,CS401,Caltech,Stem,3.5576437831723657,15160.0,94.7
140525119819536,2024-09-22,CS401,Caltech,Stem,5.0,15517.0,95.88
140525119818512,2024-05-16,CS401,Caltech,Stem,5.0,17731.0,98.33
140525119830288,2024-10-13,CS501,Caltech,Stem,4.0,22787.0,82.4
140525119828176,2024-10-07,CS501,Caltech,Stem,5.0,21075.0,81.42
140525119821584,2024-10-24,CS401,Caltech,Stem,3.0,16221.0,79.95
140525119822928,2024-07-22,CS401,Caltech,Stem,3.0,18555.0,88.35
140525119818064,2024-10-30,CS401,Caltech,Stem,4.0,17504.0,95.5
140525119827984,2024-07-10,CS501,Caltech,Stem,3.5576437831723657,20328.0,75.85
140525119829136,2024-07-10,CS501,Caltech,Stem,4.0,20799.0,66.39
140525119822096,2024-09-06,CS501,Caltech,Stem,3.0,22767.0,98.94
140525119819216,2024-10-23,CS401,Caltech,Stem,5.0,17508.0,95.86
140525119816016,2024-11-30,CS501,Caltech,Stem,4.0,21940.0,98.57
140525119831952,2024-08-14,CS401,Caltech,Stem,5.0,18304.0,87.2
140525119818896,2024-12-16,CS501,Caltech,Stem,5.0,20643.0,94.72
140525119825168,2024-08-15,CS501,Caltech,Stem,4.0,20402.0,91.81
140525119826192,2024-11-29,CS401,Caltech,Stem,5.0,16513.0,83.29
140525119817936,2024-09-14,CS501,Caltech,Stem,4.0,20799.0,96.2
140525119824080,2024-08-03,CS401,Caltech,Stem,4.0,15887.0,69.95
140525119819408,2024-11-09,CS401,Caltech,Stem,5.0,17769.0,97.21
140525119827664,2024-11-15,CS501,Caltech,Stem,4.0,19109.874457308248,69.93520170043416
140525119819984,2024-10-12,CS401,Caltech,Stem,3.0,17551.0,89.18
140525119829200,2024-11-11,CS501,Caltech,Stem,5.0,22391.0,88.87
140525119822352,2024-05-15,CS501,Caltech,Stem,3.5576437831723657,22295.0,92.88
140525119826512,2024-09-26,CS401,Caltech,Stem,5.0,16129.0,77.69
140525119820880,2024-06-13,CS601,Caltech,Stem,4.0,25546.0,98.41
140525119826128,2024-10-25,CS401,Caltech,Stem,4.0,17443.0,85.52
140525119831376,2024-09-28,CS501,Caltech,Stem,3.0,21780.0,87.8
140525119819856,2024-11-02,CS401,Caltech,Stem,4.0,15675.0,94.76
140525119825488,2024-07-24,CS501,Caltech,Stem,4.0,22560.0,96.69
140525119828688,2024-12-27,CS401,Caltech,Stem,3.0,15490.0,97.79
140525119828560,2024-10-25,CS601,Caltech,Stem,3.0,19109.874457308248,69.93520170043416
140525119822992,2024-11-19,CS401,Caltech,Stem,3.0,15253.0,85.78
140525119828304,2024-08-05,CS501,Caltech,Stem,5.0,23321.0,93.63
140525119825360,2024-11-28,CS401,Caltech,Stem,4.0,19109.874457308248,69.93520170043416
140525119820560,2024-08-14,CS401,Caltech,Stem,4.0,15966.0,86.11
140525119819152,2024-08-31,CS401,Caltech,Stem,4.0,16319.0,94.89
140525119829712,2024-11-29,CS501,Caltech,Stem,4.0,20276.0,92.33
140525119816976,2024-11-27,CS401,Caltech,Stem,2.0,15224.0,82.47
140525119822160,2024-12-05,CS501,Caltech,Stem,2.0,20329.0,97.44
140525119825552,2024-12-17,CS501,Caltech,Stem,4.0,19109.874457308248,69.93520170043416
140525119819728,2024-07-22,CS401,Caltech,Stem,5.0,16553.0,57.28
140525119817360,2024-10-24,CS401,Caltech,Stem,3.0,15513.0,75.14
140525119824144,2024-10-14,CS501,Caltech,Stem,3.0,21134.0,80.47
140525119817488,2024-04-07,CS601,Caltech,Stem,5.0,25671.0,87.41
140525119816848,2024-10-03,CS501,Caltech,Stem,5.0,21811.0,73.38
140525119823184,2024-11-06,CS501,Caltech,Stem,4.0,19109.874457308248,69.93520170043416
140525119816784,2024-12-18,CS501,Caltech,Stem,4.0,22002.0,89.45
140525119824848,2024-08-12,CS501,Caltech,Stem,4.0,20984.0,86.33
140525119824336,2024-12-10,CS501,Caltech,Stem,4.0,23798.0,93.92
140525119826256,2024-12-05,CS601,Caltech,Stem,3.5576437831723657,25062.0,98.33
140525119821904,2024-12-09,CS401,Caltech,Stem,4.0,16828.0,55.8
140525119827344,2024-12-05,CS401,Caltech,Stem,5.0,15783.0,85.73
140525119831696,2024-12-22,CS501,Caltech,Stem,4.0,20251.0,96.11
140525119825616,2024-11-06,CS601,Caltech,Stem,4.0,25406.0,90.92
140525119818000,2024-07-29,CS401,Caltech,Stem,3.0,15816.0,59.87
140525119816656,2024-12-15,CS401,Caltech,Stem,4.0,18533.0,92.26
140525119824784,2024-12-13,CS401,Caltech,Stem,5.0,16230.0,75.33
140525119822480,2024-12-03,CS401,Caltech,Stem,3.0,16363.0,63.23
140525119823952,2024-11-15,CS401,Caltech,Stem,4.0,15309.0,73.62
140525119816272,2024-01-01,CS401,Caltech,Stem,4.0,15352.0,90.05
140525119830032,2024-12-19,CS401,Caltech,Stem,5.0,16443.0,72.94
140525119830416,2024-10-23,CS601,Caltech,Stem,4.0,28088.0,98.76
140525119830352,2024-11-20,CS401,Caltech,Stem,4.0,15661.0,88.49
140525119830224,2024-12-28,CS501,Caltech,Stem,3.0,21949.0,83.68
140525119823376,2024-09-23,CS501,Caltech,Stem,3.0,20987.0,71.29
140525119820816,2024-09-13,CS401,Caltech,Stem,3.0,16481.0,97.56
140525119829072,2024-10-04,CS501,Caltech,Stem,3.0,21754.0,93.06
140525119830736,2024-12-19,CS401,Caltech,Stem,4.0,16740.0,91.56
140525119817552,2024-08-28,CS401,Caltech,Stem,4.0,19109.874457308248,69.93520170043416
140525119830160,2024-11-21,CS501,Caltech,Stem,4.0,21480.0,76.46
140525119829392,2024-10-18,CS401,Caltech,Stem,4.0,15068.0,90.08
140525119817808,2024-12-28,CS401,Caltech,Stem,3.0,17634.0,65.43
140525119826576,2024-12-07,CS501,Caltech,Stem,4.0,21155.0,83.98
140525119824528,2024-08-19,CS501,Caltech,Stem,4.0,21401.0,82.76
140525119826320,2024-09-01,CS401,Caltech,Stem,2.0,15759.0,59.8
140525119819792,2024-03-26,CS401,Caltech,Stem,5.0,17263.0,74.25
140525119821136,2024-09-19,CS501,Caltech,Stem,4.0,20728.0,95.44
140525119818320,2024-12-11,CS501,Caltech,Stem,3.0,21317.0,98.64
140525119831056,2024-04-21,CS401,Caltech,Stem,5.0,16931.0,79.89
140525119828112,2024-10-04,CS501,Caltech,Stem,5.0,22108.0,94.08
140525119828048,2024-10-08,CS401,Caltech,Stem,4.0,15696.0,74.69
140525119818128,2024-10-20,CS401,Caltech,Stem,3.0,15868.0,83.54
140525119824400,2024-08-04,CS501,Caltech,Stem,3.0,22570.0,90.74
140525119829968,2024-07-01,CS401,Caltech,Stem,2.0,17926.0,74.37
140525119826384,2024-08-02,CS501,Caltech,Stem,5.0,20509.0,90.5
140525119818192,2024-11-12,CS501,Caltech,Stem,4.0,21852.0,65.31
140525119829584,2024-07-26,CS401,Caltech,Stem,5.0,15036.0,71.63
140525119825808,2024-08-10,CS501,Caltech,Stem,5.0,20633.0,97.61
140525119824656,2024-11-11,CS401,Caltech,Stem,3.0,15630.0,64.68
140525119825232,2024-09-14,CS501,Caltech,Stem,4.0,20207.0,79.39
140525119831824,2024-08-30,CS501,Caltech,Stem,4.0,19109.874457308248,69.93520170043416
140525119826768,2024-09-28,CS401,Caltech,Stem,5.0,15817.0,94.79
140525119831888,2024-10-04,CS401,Caltech,Stem,4.0,16451.0,50.44
140525119818448,2024-12-02,CS501,Caltech,Stem,4.0,20289.0,91.71
140525119826448,2024-10-25,CS501,Caltech,Stem,4.0,20873.0,77.89
140525119831632,2024-10-04,CS601,Caltech,Stem,4.0,25223.0,82.67
140525119831184,2024-09-21,CS401,Caltech,Stem,4.0,15780.0,86.48
140525119817424,2024-11-06,CS501,Caltech,Stem,4.0,20136.0,94.58
140525119825104,2024-12-13,CS401,Caltech,Stem,4.0,19361.0,85.71
140525119828880,2024-12-15,CS501,Caltech,Stem,5.0,20445.0,94.78
140525119830928,2024-12-16,CS501,Caltech,Stem,4.0,20064.0,87.19
140525119815760,2024-11-24,CS501,Caltech,Stem,3.0,20172.0,75.25
140525119817744,2024-10-22,CS401,Caltech,Stem,5.0,17026.0,90.25
140525119820432,2024-12-13,CS501,Caltech,Stem,5.0,20026.0,98.31
140525119830544,2024-09-03,CS501,Caltech,Stem,5.0,22889.0,88.57
140525119826000,2024-09-03,CS401,Caltech,Stem,4.0,18510.0,97.01
140525119820944,2024-11-14,CS501,Caltech,Stem,5.0,21938.0,71.06
140525119818832,2024-11-22,CS401,Caltech,Stem,3.0,15097.0,84.9
140525119819472,2024-05-26,CS401,Caltech,Stem,5.0,16546.0,89.6
140526254572432,2024-12-28,CS401,Caltech,Stem,4.0,17640.0,89.99
140525191805584,2024-11-14,CS401,Caltech,Stem,5.0,18231.0,97.93
140525134475856,2024-12-22,CS401,Caltech,Stem,5.0,15828.0,86.64
140525134465232,2024-08-25,CS501,Caltech,Stem,4.0,21367.0,80.68
140525134466256,2024-07-19,CS401,Caltech,Stem,4.0,19109.874457308248,69.93520170043416
140525134476368,2024-12-14,CS401,Caltech,Stem,5.0,19109.874457308248,69.93520170043416
140525134475344,2024-09-30,CS401,Caltech,Stem,3.0,16200.0,87.48
140525134471504,2024-09-29,CS501,Caltech,Stem,5.0,20647.0,96.19
140525134468752,2024-12-22,CS401,Caltech,Stem,4.0,15554.0,89.05
140525134472528,2024-09-02,CS601,Caltech,Stem,4.0,26027.0,87.44
140525134469200,2024-09-29,CS501,Caltech,Stem,4.0,19109.874457308248,69.93520170043416
140525134466448,2024-09-10,CS401,Caltech,Stem,5.0,15076.0,67.24
140525134475600,2024-12-28,CS501,Caltech,Stem,4.0,20799.0,84.8
140525134463952,2024-03-05,CS401,Caltech,Stem,5.0,15090.0,82.92
140525134468944,2024-10-20,CS501,Caltech,Stem,5.0,22101.0,66.49
140525134464464,2024-09-11,CS601,Caltech,Stem,3.0,26123.0,92.83
140525134463440,2024-12-25,CS501,Caltech,Stem,3.5576437831723657,20124.0,96.31
140525134476624,2024-07-29,CS501,Caltech,Stem,5.0,22000.0,65.58
140525134476112,2024-11-18,CS401,Caltech,Stem,4.0,16987.0,80.0
140525134472272,2024-11-10,CS401,Caltech,Stem,3.0,16370.0,77.86
140525134478160,2024-06-26,CS501,Caltech,Stem,5.0,21072.0,73.77
140525134472784,2024-09-01,CS401,Caltech,Stem,3.0,19109.874457308248,69.93520170043416
140525134468240,2024-06-08,CS401,Caltech,Stem,4.0,15797.0,75.08
140525134465744,2024-11-11,CS501,Caltech,Stem,3.0,19109.874457308248,69.93520170043416
140525134474320,2024-10-05,CS501,Caltech,Stem,2.0,23924.0,97.33
140525134469968,2024-10-13,CS401,Caltech,Stem,4.0,15008.0,96.33
140525134474576,2024-12-21,CS401,Caltech,Stem,3.0,16391.0,96.26
140525134466704,2024-12-27,CS501,Caltech,Stem,5.0,19109.874457308248,69.93520170043416
140525134463696,2024-12-27,CS501,Caltech,Stem,4.0,22137.0,75.73
140525134473296,2024-09-28,CS401,Caltech,Stem,5.0,15765.0,93.28
140525134477648,2024-11-04,CS401,Caltech,Stem,3.0,17904.0,65.9
140525134477392,2024-09-29,CS501,Caltech,Stem,5.0,19109.874457308248,69.93520170043416
140525134479184,2024-08-14,CS501,Caltech,Stem,2.0,20497.0,71.7
140525134465488,2024-11-15,CS401,Caltech,Stem,4.0,15099.0,92.35
140525134478928,2024-10-30,CS501,Caltech,Stem,4.0,22305.0,50.74
140525134474064,2024-07-08,CS401,Caltech,Stem,3.0,16848.0,88.63
140526254660304,2024-12-28,CS501,Caltech,Stem,4.0,19109.874457308248,69.93520170043416
140525180001104,2024-08-24,CS501,Caltech,Stem,5.0,22309.0,98.14
140525180000784,2024-10-31,CS401,Caltech,Stem,4.0,15093.0,94.61
140525179994896,2024-10-25,CS501,Caltech,Stem,4.0,20044.0,77.7
140525180010384,2024-12-29,CS401,Caltech,Stem,4.0,18111.0,70.74
140525179998608,2024-12-19,CS501,Caltech,Stem,3.0,20169.0,57.04
140525180004688,2024-07-05,CS401,Caltech,Stem,3.0,15859.0,75.21
140525180000208,2024-12-25,CS501,Caltech,Stem,4.0,20792.0,87.07
140525179999888,2024-08-20,CS501,Caltech,Stem,5.0,19109.874457308248,69.93520170043416
140525180003664,2024-10-22,CS401,Caltech,Stem,2.0,15759.0,97.59
140525180009488,2024-09-20,CS401,Caltech,Stem,4.0,15526.0,89.33
140525180008208,2024-07-31,CS401,Caltech,Stem,4.0,17356.0,96.62
140525180010256,2024-12-17,CS501,Caltech,Stem,5.0,20088.0,90.07
140525179995600,2024-10-05,CS401,Caltech,Stem,5.0,17107.0,85.85
140525180000400,2024-11-11,CS501,Caltech,Stem,5.0,20706.0,58.09
140525180001552,2024-09-25,CS501,Caltech,Stem,4.0,20740.0,53.31
140525180000464,2024-10-02,CS401,Caltech,Stem,5.0,15976.0,84.85
140525180001680,2024-08-31,CS601,Caltech,Stem,3.0,25591.0,92.21
140525180007312,2024-06-22,CS401,Caltech,Stem,5.0,15761.0,58.06
140525179998224,2024-12-07,CS501,Caltech,Stem,4.0,23241.0,66.64
140525180002960,2024-11-09,CS501,Caltech,Stem,4.0,20618.0,88.35
140525179994448,2024-10-17,CS601,Caltech,Stem,4.0,26852.0,95.3
140525179998928,2024-07-12,CS501,Caltech,Stem,5.0,21300.0,90.11
140525180002640,2024-05-29,CS501,Caltech,Stem,3.0,20389.0,92.69
140525180004816,2024-11-24,CS501,Caltech,Stem,4.0,20662.0,96.18
140525179997968,2024-12-15,CS401,Caltech,Stem,4.0,16184.0,84.36
140525179999120,2024-08-04,CS401,Caltech,Stem,5.0,17087.0,91.26
140525180009616,2024-08-04,CS401,Caltech,Stem,5.0,15277.0,75.45
140525179999696,2024-11-27,CS501,Caltech,Stem,5.0,20902.0,91.81
140525180008464,2024-11-03,CS501,Caltech,Stem,4.0,20768.0,62.67
140525180005456,2024-11-27,CS501,Caltech,Stem,4.0,20100.0,95.54
140525180007376,2024-09-08,CS401,Caltech,Stem,3.0,15006.0,97.49
140525180003088,2024-02-15,CS501,Caltech,Stem,4.0,19109.874457308248,69.93520170043416
140525180000272,2024-10-23,CS501,Caltech,Stem,3.5576437831723657,22183.0,76.13
140525180000656,2024-08-30,CS501,Caltech,Stem,3.0,20166.0,67.86
140525180001808,2024-10-21,CS601,Caltech,Stem,5.0,25008.0,79.4
140525179996496,2024-06-28,CS401,Caltech,Stem,4.0,15842.0,96.07
140525180008016,2024-08-15,CS501,Caltech,Stem,4.0,19109.874457308248,69.93520170043416
140525180007568,2024-12-07,CS401,Caltech,Stem,4.0,15840.0,86.61
140525180006736,2024-06-09,CS501,Caltech,Stem,5.0,20472.0,50.93
140525179997456,2024-08-10,CS501,Caltech,Stem,3.0,21071.0,81.23
140525179995728,2024-09-25,CS501,Caltech,Stem,5.0,20168.0,89.32
140525180008528,2024-10-17,CS501,Caltech,Stem,3.5576437831723657,22008.0,65.31
140525180003472,2024-12-28,CS401,Caltech,Stem,5.0,15810.0,81.71
140525180003984,2024-08-03,CS501,Caltech,Stem,2.0,20097.0,95.48
140525179997072,2024-12-28,CS401,Caltech,Stem,4.0,15488.0,76.9
140525180009168,2024-11-03,CS401,Caltech,Stem,5.0,15584.0,88.22
140525180001488,2024-12-31,CS401,Caltech,Stem,5.0,17149.0,73.5
140525180004240,2024-04-06,CS601,Caltech,Stem,4.0,28748.0,98.74
140525179997392,2024-12-03,CS401,Caltech,Stem,4.0,16324.0,98.11
140525180006608,2024-11-13,CS401,Caltech,Stem,5.0,16086.0,90.36
140525179999504,2024-11-06,CS401,Caltech,Stem,4.0,16399.0,90.03
140525180006800,2024-09-10,CS501,Caltech,Stem,4.0,19109.874457308248,69.93520170043416
140525179995472,2024-11-12,CS401,Caltech,Stem,4.0,15941.0,64.15
140525180003920,2024-11-11,CS401,Caltech,Stem,3.0,16919.0,58.79
140525179999248,2024-07-01,CS501,Caltech,Stem,4.0,20684.0,82.92
140525180005776,2024-11-28,CS401,Caltech,Stem,5.0,19109.874457308248,69.93520170043416
140525180001936,2024-12-30,CS501,Caltech,Stem,5.0,20236.0,80.97
140525180000016,2024-10-14,CS401,Caltech,Stem,4.0,16149.0,96.94
140525180002000,2024-08-09,CS501,Caltech,Stem,3.0,20322.0,92.86
140525179999952,2024-10-19,CS501,Caltech,Stem,5.0,20035.0,90.69
140525180005264,2024-08-17,CS501,Caltech,Stem,5.0,22332.0,81.9
140525180007184,2024-12-24,CS501,Caltech,Stem,3.0,22215.0,87.4
140525180003792,2024-08-25,CS401,Caltech,Stem,5.0,15530.0,95.51
140525179997136,2024-08-28,CS401,Caltech,Stem,4.0,15287.0,91.41
140525179995088,2024-11-02,CS501,Caltech,Stem,4.0,19109.874457308248,69.93520170043416
140525179998672,2024-08-08,CS501,Caltech,Stem,4.0,22063.0,66.09
140525179997712,2024-07-31,CS501,Caltech,Stem,4.0,20002.0,73.38
140525179998992,2024-05-27,CS501,Caltech,Stem,3.0,22716.0,97.25
140525180003536,2024-08-27,CS401,Caltech,Stem,4.0,15574.0,80.87
140525180000528,2024-09-20,CS401,Caltech,Stem,5.0,19109.874457308248,69.93520170043416
140525179999184,2024-10-23,CS601,Caltech,Stem,3.0,25856.0,83.54
140525180006224,2024-07-03,CS501,Caltech,Stem,4.0,20658.0,94.02
140525180000976,2024-11-27,CS401,Caltech,Stem,2.0,16218.0,81.77
140525180001296,2024-03-20,CS501,Caltech,Stem,4.0,22454.0,97.19
140525180004944,2024-04-21,CS401,Caltech,Stem,4.0,15854.0,96.07
140525179994192,2024-10-21,CS601,Caltech,Stem,4.0,26284.0,91.59
140525180009360,2024-11-26,CS501,Caltech,Stem,5.0,19109.874457308248,69.93520170043416
140525179994384,2024-11-19,CS401,Caltech,Stem,4.0,16207.0,94.24
140525180004496,2024-06-13,CS501,Caltech,Stem,3.0,20390.0,78.85
140525180001424,2024-11-15,CS401,Caltech,Stem,3.5576437831723657,16888.0,96.28
140525179995344,2024-09-05,CS401,Caltech,Stem,5.0,15185.0,94.39
140525179998480,2024-09-01,CS401,Caltech,Stem,3.0,15866.0,90.19
140525179995408,2024-11-02,CS501,Caltech,Stem,4.0,20576.0,98.18
140525179996240,2024-09-18,CS401,Caltech,Stem,4.0,16129.0,95.81
140525179994832,2024-09-12,CS401,Caltech,Stem,3.5576437831723657,17000.0,77.72
140525180004176,2024-10-20,CS401,Caltech,Stem,4.0,16413.0,98.1
140525180001232,2024-12-03,CS401,Caltech,Stem,5.0,18414.0,85.82
140525180006352,2024-09-24,CS501,Caltech,Stem,4.0,19109.874457308248,69.93520170043416
140525179996112,2024-09-23,CS601,Caltech,Stem,5.0,25098.0,96.53
140525179995856,2024-10-20,CS501,Caltech,Stem,5.0,21036.0,98.61
140525180005584,2024-10-14,CS501,Caltech,Stem,4.0,20048.0,90.64
140525180009296,2024-08-12,CS401,Caltech,Stem,4.0,18832.0,82.09
140525179999440,2024-10-15,CS401,Caltech,Stem,5.0,15085.0,73.39
140525180009040,2024-04-07,CS401,Caltech,Stem,3.5576437831723657,18359.0,97.58
140525180004560,2024-06-27,CS501,Caltech,Stem,4.0,20696.0,90.46
140525180005520,2024-10-17,CS501,Caltech,Stem,4.0,21013.0,98.58
140525180008784,2024-08-28,CS501,Caltech,Stem,5.0,21184.0,82.76
140525138895440,2024-09-28,CS401,Caltech,Stem,4.0,15864.0,61.96
140525138892880,2024-12-15,CS501,Caltech,Stem,5.0,20130.0,98.34
140525138899664,2024-10-08,CS501,Caltech,Stem,3.5576437831723657,23094.0,83.85
140525138897872,2024-11-27,CS501,Caltech,Stem,3.0,22529.0,80.27
140525138896912,2024-11-21,CS401,Caltech,Stem,4.0,17857.0,91.09
140525138889040,2024-10-18,CS501,Caltech,Stem,3.0,21676.0,71.18
140525138892624,2024-06-18,CS401,Caltech,Stem,3.0,16152.0,56.64
140525138897616,2024-07-27,CS501,Caltech,Stem,5.0,23061.0,64.2
140525138898128,2024-12-29,CS401,Caltech,Stem,4.0,17622.0,96.01
140525138889808,2024-10-04,CS401,Caltech,Stem,4.0,16227.0,90.1
140525138888528,2024-09-01,CS501,Caltech,Stem,5.0,20093.0,95.95
140525138892368,2024-10-16,CS501,Caltech,Stem,5.0,20713.0,93.49
140525138901200,2024-12-12,CS501,Caltech,Stem,4.0,19109.874457308248,69.93520170043416
140525138896720,2024-12-12,CS401,Caltech,Stem,4.0,16651.0,61.92
140525138891088,2024-11-27,CS401,Caltech,Stem,3.0,16228.0,97.51
140525138889296,2024-10-24,CS401,Caltech,Stem,3.0,16583.0,83.56
140525138893648,2024-12-07,CS401,Caltech,Stem,4.0,15148.0,60.46
140525138889552,2024-09-17,CS501,Caltech,Stem,3.0,20207.0,75.56
140525138891344,2024-12-24,CS501,Caltech,Stem,5.0,20097.0,92.07
140525138902480,2024-12-23,CS501,Caltech,Stem,5.0,20399.0,73.59
140525138902992,2024-11-26,CS501,Caltech,Stem,4.0,22195.0,94.45
140525138894416,2024-10-01,CS501,Caltech,Stem,4.0,20073.0,77.37
140525138894672,2024-12-28,CS501,Caltech,Stem,5.0,22256.0,92.62
140525138894928,2024-04-30,CS401,Caltech,Stem,2.0,15241.0,94.91
140525138901456,2024-12-13,CS401,Caltech,Stem,3.0,15744.0,97.11
140525138898640,2024-11-14,CS601,Caltech,Stem,4.0,25727.0,92.58
140525138888784,2024-11-18,CS401,Caltech,Stem,5.0,16491.0,65.96
140525138902736,2024-09-03,CS501,Caltech,Stem,5.0,20852.0,87.28
140525138895696,2024-03-02,CS401,Caltech,Stem,2.0,16213.0,79.04
140525138887568,2024-09-05,CS401,Caltech,Stem,4.0,17767.0,90.83
140525138893136,2024-12-05,CS401,Caltech,Stem,4.0,15599.0,90.33
140525138886800,2024-07-27,CS501,Caltech,Stem,4.0,22004.0,60.78
140525138887312,2024-07-08,CS401,Caltech,Stem,5.0,15916.0,62.45
140525138890064,2024-12-03,CS501,Caltech,Stem,4.0,21478.0,87.86
140525183397072,2024-12-23,CS501,Caltech,Stem,3.5576437831723657,23110.0,90.51
140525183398800,2024-10-21,CS501,Caltech,Stem,2.0,20408.0,69.6
140525183389008,2024-11-09,CS401,Caltech,Stem,3.0,15444.0,96.15
140525183401424,2024-12-15,CS501,Caltech,Stem,5.0,21857.0,96.19
140525183397648,2024-06-03,CS401,Caltech,Stem,3.0,16406.0,79.11
140525183386832,2024-11-19,CS501,Caltech,Stem,5.0,20968.0,68.76
140525183396688,2024-10-24,CS501,Caltech,Stem,3.0,21221.0,83.97
140525183385936,2024-10-28,CS501,Caltech,Stem,3.0,20443.0,97.76
140525183387408,2024-11-18,CS501,Caltech,Stem,4.0,22606.0,97.52
140525183393296,2024-08-28,CS501,Caltech,Stem,5.0,20641.0,89.54
140525183391696,2024-12-12,CS501,Caltech,Stem,4.0,22823.0,61.81
140525183394832,2024-12-20,CS401,Caltech,Stem,4.0,15701.0,50.07
140525183397456,2024-11-29,CS501,Caltech,Stem,5.0,21883.0,92.03
140525183398160,2024-11-22,CS501,Caltech,Stem,5.0,21135.0,75.97
140525183399440,2024-10-05,CS501,Caltech,Stem,5.0,21758.0,87.3
140525183401232,2024-06-30,CS501,Caltech,Stem,5.0,21305.0,89.53
140525183386896,2024-08-31,CS401,Caltech,Stem,3.5576437831723657,16917.0,95.02
140525183397264,2024-10-22,CS401,Caltech,Stem,3.0,15431.0,97.9
140525183388240,2024-06-13,CS401,Caltech,Stem,4.0,15406.0,97.07
140525183388304,2024-11-01,CS401,Caltech,Stem,4.0,15938.0,89.13
140525183398544,2024-10-17,CS401,Caltech,Stem,3.5576437831723657,15021.0,87.98
140525183386000,2024-11-22,CS501,Caltech,Stem,5.0,22708.0,80.72
140525183400464,2024-07-10,CS401,Caltech,Stem,3.0,15333.0,91.42
140525183399952,2024-10-06,CS501,Caltech,Stem,4.0,20272.0,90.4
140525183399120,2024-11-28,CS501,Caltech,Stem,5.0,20345.0,68.88
140525183396560,2024-11-30,CS401,Caltech,Stem,5.0,18644.0,95.85
140525183397136,2024-08-18,CS601,Caltech,Stem,4.0,26984.0,82.79
140525183388432,2024-11-17,CS601,Caltech,Stem,5.0,25349.0,78.34
140525183389328,2024-12-28,CS401,Caltech,Stem,4.0,17143.0,77.84
140525183390992,2024-06-24,CS401,Caltech,Stem,5.0,15798.0,87.54
140525183401616,2024-08-16,CS401,Caltech,Stem,5.0,17011.0,77.25
140525183399312,2024-04-22,CS501,Caltech,Stem,3.0,22674.0,94.14
140525183401680,2024-08-06,CS401,Caltech,Stem,3.0,17570.0,82.43
140525183385808,2024-10-05,CS401,Caltech,Stem,5.0,15676.0,90.34
140525183396624,2024-06-05,CS401,Caltech,Stem,4.0,16386.0,94.7
140525183393872,2024-10-05,CS401,Caltech,Stem,3.0,15029.0,92.91
140525183392208,2024-08-15,CS401,Caltech,Stem,5.0,16896.0,97.98
140525183386448,2024-11-24,CS501,Caltech,Stem,5.0,20375.0,87.31
140525183385872,2024-11-07,CS401,Caltech,Stem,3.0,15354.0,92.88
140525183391888,2024-07-03,CS401,Caltech,Stem,4.0,15929.0,97.59
140525183394256,2024-08-05,CS401,Caltech,Stem,4.0,18927.0,90.48
140525183392976,2024-09-02,CS401,Caltech,Stem,5.0,16344.0,88.25
140525183393744,2024-08-11,CS501,Caltech,Stem,3.0,22105.0,97.64
140525183388752,2024-11-14,CS501,Caltech,Stem,3.0,20566.0,95.01
140525183396432,2024-08-06,CS601,Caltech,Stem,3.0,26009.0,91.21
140525183388944,2024-12-05,CS601,Caltech,Stem,5.0,27091.0,92.55
140525183396752,2024-11-18,CS501,Caltech,Stem,4.0,20304.0,90.1
140525183395344,2024-10-10,CS501,Caltech,Stem,3.0,20176.0,97.2
140525183392080,2024-10-25,CS401,Caltech,Stem,5.0,16150.0,76.31
140525183399888,2024-07-14,CS501,Caltech,Stem,5.0,23039.0,91.97
140525183397712,2024-10-29,CS401,Caltech,Stem,5.0,16714.0,89.12
140525183387856,2024-10-30,CS401,Caltech,Stem,4.0,15680.0,76.16
140525183398672,2024-04-07,CS501,Caltech,Stem,5.0,21064.0,67.63
140525183388880,2024-07-15,CS401,Caltech,Stem,5.0,15512.0,84.73
140525183398416,2024-12-04,CS401,Caltech,Stem,5.0,15165.0,78.97
140525183392528,2024-11-29,CS401,Caltech,Stem,5.0,15238.0,94.56
140525183387920,2024-04-26,CS501,Caltech,Stem,4.0,20179.0,71.76
140525183397776,2024-11-06,CS501,Caltech,Stem,4.0,23091.0,97.9
140525183394000,2024-07-28,CS401,Caltech,Stem,4.0,16507.0,89.78
140525183400208,2024-05-19,CS401,Caltech,Stem,4.0,15752.0,95.68
140525183396880,2024-11-28,CS401,Caltech,Stem,3.5576437831723657,19234.0,77.29
140525183391376,2024-09-13,CS401,Caltech,Stem,4.0,16516.0,90.47
140525183394320,2024-12-18,CS501,Caltech,Stem,4.0,19109.874457308248,69.93520170043416
140525183399696,2024-05-21,CS401,Caltech,Stem,4.0,17217.0,85.37
140525183393808,2024-12-28,CS401,Caltech,Stem,4.0,16227.0,71.61
140525183390416,2024-12-20,CS501,Caltech,Stem,4.0,22522.0,90.33
140525183395280,2024-11-08,CS601,Caltech,Stem,3.0,27692.0,67.87
140525183395024,2024-08-23,CS401,Caltech,Stem,3.5576437831723657,15869.0,85.81
140525183388176,2024-12-05,CS401,Caltech,Stem,4.0,19109.874457308248,69.93520170043416
140525183390160,2024-12-07,CS401,Caltech,Stem,4.0,16242.0,86.04
140525183397328,2024-11-13,CS501,Caltech,Stem,3.5576437831723657,21007.0,95.92
140525183397584,2024-12-24,CS401,Caltech,Stem,2.0,15175.0,63.74
140525183391504,2024-12-14,CS401,Caltech,Stem,4.0,19109.874457308248,69.93520170043416
140525183390608,2024-12-28,CS401,Caltech,Stem,2.0,15335.0,70.89
140525183400912,2024-08-17,CS401,Caltech,Stem,3.0,15929.0,65.89
140525183389392,2024-07-25,CS501,Caltech,Stem,5.0,22227.0,83.02
140525183398096,2024-12-28,CS501,Caltech,Stem,4.0,20309.0,97.28
140525183391312,2024-09-15,CS501,Caltech,Stem,3.0,20830.0,67.74
140525183396304,2024-10-15,CS501,Caltech,Stem,5.0,21272.0,68.2
140525183391248,2024-09-06,CS501,Caltech,Stem,4.0,21699.0,97.29
140525183394448,2024-08-28,CS501,Caltech,Stem,5.0,21739.0,71.64
140525183393168,2024-12-30,CS501,Caltech,Stem,5.0,21597.0,93.75
140525183397904,2024-12-28,CS501,Caltech,Stem,5.0,23784.0,70.41
140525183395408,2024-12-31,CS501,Caltech,Stem,5.0,20099.0,85.14
140525185475216,2024-04-29,CS401,Caltech,Stem,3.0,16905.0,91.67
140525183395152,2024-09-23,CS401,Caltech,Stem,5.0,15048.0,93.62
140525183388688,2024-08-20,CS401,Caltech,Stem,5.0,15739.0,72.29
140525183401488,2024-12-28,CS501,Caltech,Stem,4.0,22312.0,84.7
140525183400080,2024-11-08,CS401,Caltech,Stem,4.0,17222.0,95.51
140525183390224,2024-06-17,CS501,Caltech,Stem,3.5576437831723657,22081.0,93.64
140525183389072,2024-12-08,CS401,Caltech,Stem,4.0,17807.0,87.3
140525183399248,2024-12-20,CS401,Caltech,Stem,4.0,17272.0,79.1
140525183398032,2024-10-03,CS501,Caltech,Stem,3.0,20709.0,90.36
140525183401872,2024-04-14,CS501,Caltech,Stem,4.0,23262.0,94.01
140525183393552,2024-08-03,CS401,Caltech,Stem,4.0,16094.0,67.4
140525183390352,2024-10-21,CS501,Caltech,Stem,3.0,20459.0,78.78
140525183396176,2024-09-22,CS401,Caltech,Stem,3.5576437831723657,16414.0,61.09
140525183389776,2024-12-28,CS401,Caltech,Stem,3.0,19109.874457308248,69.93520170043416
140525183391440,2024-09-11,CS401,Caltech,Stem,4.0,17212.0,52.69
140525183386768,2024-11-24,CS401,Caltech,Stem,4.0,15227.0,82.1
140525183389968,2024-12-16,CS601,Caltech,Stem,4.0,26394.0,74.73
140525183386256,2024-08-17,CS501,Caltech,Stem,4.0,20180.0,95.85
140525183400592,2024-10-05,CS401,Caltech,Stem,3.0,16200.0,75.96
140525183400528,2024-10-05,CS601,Caltech,Stem,5.0,26756.0,85.03
140525183400976,2024-06-05,CS501,Caltech,Stem,5.0,22106.0,87.57
140525183397008,2024-08-31,CS501,Caltech,Stem,4.0,20581.0,95.39
140525183392720,2024-10-29,CS501,Caltech,Stem,4.0,20841.0,85.64
140525183395088,2024-11-20,CS401,Caltech,Stem,4.0,19109.874457308248,69.93520170043416
140525183392400,2024-08-17,CS501,Caltech,Stem,5.0,20558.0,88.38
140525183390864,2024-04-22,CS401,Caltech,Stem,3.0,17101.0,96.81
140525183386064,2024-08-18,CS501,Caltech,Stem,5.0,20925.0,93.4
140525183392016,2024-10-14,CS501,Caltech,Stem,5.0,21651.0,98.11
140525183394192,2024-10-06,CS401,Caltech,Stem,4.0,19109.874457308248,69.93520170043416
140525182712336,2024-08-30,CS401,Caltech,Stem,5.0,15108.0,90.48
140525182701648,2024-12-12,CS401,Caltech,Stem,5.0,15528.0,85.63
140525182699536,2024-10-23,CS501,Caltech,Stem,4.0,21962.0,97.71
140525182699600,2024-09-07,CS501,Caltech,Stem,5.0,20351.0,62.25
140525182704848,2024-11-04,CS401,Caltech,Stem,5.0,16544.0,76.48
140525182706960,2024-11-15,CS401,Caltech,Stem,4.0,17025.0,98.25
140525182700176,2024-03-14,CS401,Caltech,Stem,3.0,15353.0,96.12
140525182698000,2024-09-25,CS401,Caltech,Stem,3.0,19141.0,94.57
140525182703312,2024-11-06,CS401,Caltech,Stem,4.0,15364.0,98.4
140525182700944,2024-11-13,CS501,Caltech,Stem,5.0,19109.874457308248,69.93520170043416
140525182712912,2024-10-23,CS401,Caltech,Stem,4.0,17346.0,85.54
140525182711824,2024-11-23,CS401,Caltech,Stem,5.0,16131.0,88.6
140525182704784,2024-10-17,CS501,Caltech,Stem,4.0,20593.0,62.41
140525182697680,2024-07-16,CS401,Caltech,Stem,5.0,19109.874457308248,69.93520170043416
140525182713552,2024-12-28,CS401,Caltech,Stem,5.0,19109.874457308248,69.93520170043416
140525182705872,2024-12-28,CS401,Caltech,Stem,2.0,15080.0,89.86
140525182704720,2024-10-27,CS401,Caltech,Stem,5.0,16797.0,78.71
140525182699280,2024-12-17,CS501,Caltech,Stem,5.0,20203.0,79.18
140525182706704,2024-05-06,CS401,Caltech,Stem,4.0,15767.0,72.07
140525182705296,2024-12-16,CS501,Caltech,Stem,3.5576437831723657,19109.874457308248,69.93520170043416
140525182711248,2024-09-11,CS401,Caltech,Stem,4.0,16170.0,86.07
140525182711376,2024-11-11,CS601,Caltech,Stem,4.0,26347.0,88.93
140525182699472,2024-09-30,CS401,Caltech,Stem,5.0,17945.0,86.47
140525182709328,2024-07-31,CS501,Caltech,Stem,4.0,20363.0,65.93
140525182698768,2024-04-13,CS401,Caltech,Stem,5.0,16339.0,96.03
140525182701584,2024-10-10,CS501,Caltech,Stem,4.0,21993.0,95.09
140525182704656,2024-12-23,CS501,Caltech,Stem,2.0,20837.0,94.65
140525182698896,2024-12-22,CS401,Caltech,Stem,3.0,15900.0,80.08
140525182701712,2024-10-24,CS401,Caltech,Stem,4.0,16480.0,84.31
140525182713424,2024-11-29,CS501,Caltech,Stem,3.0,21442.0,61.68
140525182712528,2024-10-14,CS601,Caltech,Stem,4.0,25180.0,80.42
140525182703056,2024-09-15,CS501,Caltech,Stem,4.0,21502.0,65.75
140525182702928,2024-12-06,CS601,Caltech,Stem,5.0,25224.0,92.53
140525182706768,2024-10-15,CS401,Caltech,Stem,4.0,15299.0,98.74
140525182698512,2024-11-19,CS401,Caltech,Stem,4.0,15288.0,75.95
140525182702160,2024-09-16,CS401,Caltech,Stem,4.0,16777.0,91.18
140525182702544,2024-12-25,CS501,Caltech,Stem,3.0,22069.0,98.11
140525182699856,2024-11-28,CS401,Caltech,Stem,2.0,19109.874457308248,69.93520170043416
140525182712272,2024-12-30,CS501,Caltech,Stem,5.0,22748.0,76.23
140525182709712,2024-11-09,CS501,Caltech,Stem,4.0,20116.0,97.5
140525182710352,2024-09-30,CS401,Caltech,Stem,4.0,15095.0,81.02
140525182708368,2024-10-05,CS401,Caltech,Stem,3.0,15492.0,94.61
140525182711696,2024-12-28,CS501,Caltech,Stem,3.5576437831723657,22911.0,61.0
140525182709776,2024-12-06,CS401,Caltech,Stem,4.0,15216.0,93.38
140525182699024,2024-04-29,CS501,Caltech,Stem,5.0,21237.0,67.17
140525182709968,2024-10-12,CS501,Caltech,Stem,4.0,19109.874457308248,69.93520170043416
140525182698576,2024-11-22,CS401,Caltech,Stem,5.0,15414.0,70.78
140525182700368,2024-07-18,CS401,Caltech,Stem,4.0,17802.0,75.82
140525182710480,2024-05-27,CS401,Caltech,Stem,3.0,17357.0,68.22
140525182701520,2024-11-09,CS401,Caltech,Stem,4.0,19109.874457308248,69.93520170043416
140525182700240,2024-07-16,CS601,Caltech,Stem,4.0,27146.0,94.62
140525182698384,2024-11-28,CS501,Caltech,Stem,5.0,19109.874457308248,69.93520170043416
140525182712144,2024-05-05,CS501,Caltech,Stem,4.0,21896.0,88.01
140525182704272,2024-11-10,CS401,Caltech,Stem,5.0,15669.0,84.27
140525182713680,2024-05-21,CS401,Caltech,Stem,4.0,16006.0,77.52
140525182711056,2024-12-18,CS501,Caltech,Stem,4.0,23176.0,88.36
140525182707024,2024-11-01,CS401,Caltech,Stem,5.0,15117.0,70.37
140525182709520,2024-12-27,CS501,Caltech,Stem,5.0,22433.0,60.05
140525182709008,2024-09-21,CS401,Caltech,Stem,3.5576437831723657,16007.0,93.75
140525182702736,2024-12-29,CS401,Caltech,Stem,3.0,15983.0,83.45
140525182705552,2024-10-22,CS501,Caltech,Stem,5.0,20177.0,64.39
140525182708752,2024-07-29,CS401,Caltech,Stem,5.0,16083.0,98.73
140525182700752,2024-12-31,CS501,Caltech,Stem,4.0,19109.874457308248,69.93520170043416
140525182705488,2024-10-21,CS501,Caltech,Stem,4.0,20128.0,85.3
140525182708176,2024-09-07,CS501,Caltech,Stem,4.0,20131.0,95.64
140525182706448,2024-08-17,CS501,Caltech,Stem,4.0,20372.0,88.21
140525182709072,2024-09-25,CS401,Caltech,Stem,4.0,17132.0,62.19
140525182708624,2024-11-07,CS401,Caltech,Stem,5.0,15333.0,93.96
140525182698960,2024-07-23,CS401,Caltech,Stem,4.0,15292.0,91.56
140525182710288,2024-11-14,CS501,Caltech,Stem,4.0,20541.0,69.6
140525182711184,2024-12-30,CS401,Caltech,Stem,4.0,15749.0,79.47
140525182708496,2024-12-02,CS501,Caltech,Stem,4.0,21829.0,75.46
140525182710864,2024-06-09,CS501,Caltech,Stem,4.0,21567.0,97.14
140525182706320,2024-09-16,CS401,Caltech,Stem,5.0,15367.0,91.12
140525182697936,2024-09-09,CS401,Caltech,Stem,4.0,16323.0,83.76
140525182701904,2024-09-13,CS501,Caltech,Stem,4.0,20948.0,81.91
140525182706896,2024-08-01,CS501,Caltech,Stem,5.0,21325.0,97.86
140525182704336,2024-12-05,CS401,Caltech,Stem,4.0,15481.0,92.79
140525182706640,2024-10-15,CS501,Caltech,Stem,3.0,20176.0,96.73
140525182704400,2024-12-28,CS501,Caltech,Stem,3.0,21119.0,91.73
140525182713104,2024-12-27,CS601,Caltech,Stem,4.0,27898.0,97.38
140525182705616,2024-11-10,CS501,Caltech,Stem,4.0,21680.0,93.47
140525182709840,2024-08-26,CS401,Caltech,Stem,5.0,17179.0,93.27
140525182708112,2024-10-03,CS401,Caltech,Stem,4.0,15925.0,95.09
140525182712080,2024-12-04,CS401,Caltech,Stem,5.0,15901.0,98.42
140525182698704,2024-08-19,CS501,Caltech,Stem,5.0,20719.0,85.8
140525182706064,2024-12-28,CS501,Caltech,Stem,4.0,20275.0,73.53
140525182707984,2024-07-15,CS401,Caltech,Stem,4.0,17374.0,91.29
140525182702992,2024-08-11,CS501,Caltech,Stem,5.0,22009.0,87.31
140525182703696,2024-09-05,CS501,Caltech,Stem,4.0,23081.0,73.24
140525182707920,2024-07-07,CS501,Caltech,Stem,4.0,20680.0,70.92
140525182712720,2024-10-19,CS401,Caltech,Stem,5.0,16354.0,79.85
140525182701072,2024-12-04,CS401,Caltech,Stem,3.0,19109.874457308248,69.93520170043416
140525182699152,2024-08-25,CS401,Caltech,Stem,3.0,17385.0,92.42
140525182711760,2024-11-11,CS501,Caltech,Stem,5.0,20850.0,88.16
140525182707152,2024-12-02,CS401,Caltech,Stem,4.0,16279.0,81.94
140525182699728,2024-12-16,CS501,Caltech,Stem,4.0,20366.0,89.39
140525182699792,2024-08-27,CS501,Caltech,Stem,5.0,19109.874457308248,69.93520170043416
140525182713232,2024-12-28,CS401,Caltech,Stem,5.0,16039.0,74.53
140525182700560,2024-03-22,CS501,Caltech,Stem,4.0,21861.0,76.78
140525182700816,2024-10-29,CS501,Caltech,Stem,5.0,21021.0,93.24
140525182711888,2024-11-04,CS501,Caltech,Stem,4.0,21871.0,93.87
140525182713616,2024-11-21,CS401,Caltech,Stem,3.0,15969.0,98.64
140525182710992,2024-11-21,CS501,Caltech,Stem,4.0,20394.0,78.62
140525182708816,2024-05-21,CS601,Caltech,Stem,4.0,19109.874457308248,69.93520170043416
140525182713488,2024-11-15,CS401,Caltech,Stem,5.0,16425.0,95.12
140525182707728,2024-11-30,CS501,Caltech,Stem,5.0,22815.0,82.4
140525182710672,2024-10-16,CS401,Caltech,Stem,3.0,15078.0,79.85
140525182699984,2024-12-03,CS501,Caltech,Stem,4.0,21453.0,96.46
140525182702608,2024-10-31,CS501,Caltech,Stem,3.5576437831723657,22051.0,69.52
140525182706832,2024-12-02,CS401,Caltech,Stem,4.0,15102.0,73.3
140525182703184,2024-11-27,CS401,Caltech,Stem,3.0,15528.0,72.94
140525182701840,2024-12-04,CS401,Caltech,Stem,4.0,18673.0,88.52
140525182697872,2024-06-19,CS501,Caltech,Stem,5.0,20444.0,95.13
140525182707216,2024-10-10,CS401,Caltech,Stem,2.0,15742.0,90.97
140525182705104,2024-10-02,CS501,Caltech,Stem,5.0,23312.0,98.44
140525182707792,2024-11-02,CS501,Caltech,Stem,4.0,22771.0,67.74
140525182703376,2024-10-20,CS401,Caltech,Stem,2.0,15660.0,66.97
140525182701328,2024-07-27,CS401,Caltech,Stem,4.0,16766.0,56.72
140525182700112,2024-12-28,CS401,Caltech,Stem,4.0,15974.0,56.03
140525182707280,2024-05-24,CS501,Caltech,Stem,4.0,19109.874457308248,69.93520170043416
140525182707536,2024-12-26,CS401,Caltech,Stem,4.0,15558.0,96.5
140525182703504,2024-08-29,CS501,Caltech,Stem,4.0,19109.874457308248,69.93520170043416
140525182710544,2024-07-07,CS501,Caltech,Stem,4.0,21063.0,78.16
140525182710160,2024-12-04,CS501,Caltech,Stem,4.0,22619.0,74.43
140525182713040,2024-11-09,CS401,Caltech,Stem,4.0,16418.0,76.67
140525182712976,2024-12-23,CS401,Caltech,Stem,4.0,15596.0,78.1
140525182709648,2024-06-05,CS401,Caltech,Stem,4.0,16316.0,87.34
140525182698192,2024-07-07,CS501,Caltech,Stem,2.0,20091.0,69.68
140525182710928,2024-09-23,CS501,Caltech,Stem,5.0,22034.0,65.19
140525182704144,2024-10-18,CS401,Caltech,Stem,5.0,18688.0,98.37
140525182698448,2024-11-11,CS601,Caltech,Stem,4.0,19109.874457308248,69.93520170043416
140525140034064,2024-12-02,CS401,Caltech,Stem,5.0,19109.874457308248,69.93520170043416
140525140042576,2024-12-28,CS401,Caltech,Stem,3.0,18242.0,94.05
140525140043600,2024-10-26,CS401,Caltech,Stem,4.0,15685.0,84.13
140525140040720,2024-10-11,CS401,Caltech,Stem,4.0,15863.0,97.91
140525140036816,2024-10-03,CS401,Caltech,Stem,2.0,15837.0,50.58
140525140045136,2024-10-29,CS501,Caltech,Stem,5.0,20395.0,83.91
140525140048272,2024-11-23,CS401,Caltech,Stem,3.5576437831723657,15267.0,78.57
140525140037776,2024-11-21,CS401,Caltech,Stem,4.0,16544.0,84.82
140525140037456,2024-11-23,CS401,Caltech,Stem,4.0,19109.874457308248,69.93520170043416
140525140038480,2024-10-07,CS501,Caltech,Stem,5.0,20091.0,96.26
140525140044432,2024-04-21,CS601,Caltech,Stem,3.5576437831723657,25022.0,94.15
140525140035792,2024-05-20,CS501,Caltech,Stem,4.0,19109.874457308248,69.93520170043416
140525140035152,2024-09-26,CS401,Caltech,Stem,4.0,18039.0,94.64
140525140039504,2024-10-10,CS401,Caltech,Stem,5.0,17275.0,96.11
140525140047632,2024-09-19,CS401,Caltech,Stem,5.0,19109.874457308248,69.93520170043416
140525140039888,2024-11-19,CS501,Caltech,Stem,3.0,19109.874457308248,69.93520170043416
140525140036048,2024-10-21,CS401,Caltech,Stem,4.0,17114.0,90.93
140525140041680,2024-11-14,CS501,Caltech,Stem,5.0,22066.0,75.32
140525140035856,2024-11-01,CS501,Caltech,Stem,5.0,21691.0,74.03
140525140047504,2024-10-29,CS601,Caltech,Stem,5.0,25494.0,98.4
140525140038224,2024-06-27,CS401,Caltech,Stem,3.0,16560.0,95.31
140525140043088,2024-12-28,CS501,Caltech,Stem,1.0,21216.0,98.99
140525140036880,2024-11-12,CS501,Caltech,Stem,4.0,20515.0,84.64
140525140034960,2024-10-29,CS501,Caltech,Stem,4.0,23751.0,52.13
140525140046672,2024-11-15,CS501,Caltech,Stem,4.0,20861.0,87.67
140525140048528,2024-05-23,CS501,Caltech,Stem,5.0,20998.0,66.36
140525140049616,2024-09-28,CS401,Caltech,Stem,3.5576437831723657,18468.0,92.25
140525140039568,2024-12-06,CS401,Caltech,Stem,3.5576437831723657,17711.0,47.15
140525140037968,2024-12-05,CS601,Caltech,Stem,5.0,26526.0,94.34
140525140037072,2024-08-16,CS401,Caltech,Stem,4.0,15941.0,85.85
140525140037008,2024-12-27,CS401,Caltech,Stem,3.0,15978.0,81.83
140525140033872,2024-12-28,CS401,Caltech,Stem,3.5576437831723657,19109.874457308248,69.93520170043416
140525140041296,2024-09-30,CS401,Caltech,Stem,5.0,16612.0,90.17
140525140042448,2024-12-28,CS501,Caltech,Stem,4.0,20388.0,90.25
140525140036240,2024-12-26,CS601,Caltech,Stem,4.0,25001.0,92.74
140525140035024,2024-03-02,CS401,Caltech,Stem,3.0,17038.0,85.34
140525140047376,2024-11-18,CS501,Caltech,Stem,5.0,20530.0,89.05
140525140048144,2024-10-22,CS501,Caltech,Stem,5.0,24102.0,93.21
140525140047696,2024-12-08,CS501,Caltech,Stem,5.0,21329.0,98.35
140525140035920,2024-09-05,CS601,Caltech,Stem,3.5576437831723657,28398.0,97.95
140525140047312,2024-09-26,CS501,Caltech,Stem,4.0,20391.0,91.17
140525140034640,2024-05-15,CS501,Caltech,Stem,4.0,20089.0,78.64
140525140046608,2024-11-08,CS401,Caltech,Stem,4.0,18202.0,73.91
140525140043344,2024-09-23,CS401,Caltech,Stem,5.0,15685.0,95.55
140525140043664,2024-12-28,CS401,Caltech,Stem,4.0,16520.0,82.6
140525140043152,2024-12-15,CS401,Caltech,Stem,5.0,17150.0,97.02
140525140045840,2024-11-16,CS501,Caltech,Stem,3.0,21589.0,70.43
140525140036112,2024-11-27,CS501,Caltech,Stem,5.0,21232.0,80.98
140525140034512,2024-10-12,CS401,Caltech,Stem,3.0,15136.0,74.45
140525140044560,2024-12-21,CS401,Caltech,Stem,3.0,18170.0,94.88
140525140035472,2024-11-02,CS501,Caltech,Stem,5.0,19109.874457308248,69.93520170043416
140525140041808,2024-11-11,CS401,Caltech,Stem,3.0,16270.0,85.5
140525140040144,2024-07-12,CS401,Caltech,Stem,4.0,18084.0,95.09
140525140036432,2024-10-23,CS401,Caltech,Stem,4.0,16265.0,90.13
140525140037904,2024-08-19,CS401,Caltech,Stem,5.0,15001.0,97.1
140525140045392,2024-11-07,CS501,Caltech,Stem,4.0,20331.0,78.62
140525140040656,2024-07-05,CS501,Caltech,Stem,3.0,23277.0,86.63
140525140040848,2024-12-16,CS401,Caltech,Stem,5.0,17385.0,91.72
140525140049488,2024-12-06,CS401,Caltech,Stem,5.0,17213.0,81.07
140525140046096,2024-09-30,CS401,Caltech,Stem,4.0,18744.0,95.75
140525140049232,2024-09-03,CS501,Caltech,Stem,5.0,21063.0,98.16
140525140035664,2024-10-04,CS501,Caltech,Stem,5.0,21732.0,85.74
140525140040400,2024-06-27,CS401,Caltech,Stem,4.0,15271.0,80.83
140525140043472,2024-11-30,CS501,Caltech,Stem,3.0,20497.0,90.24
140525140036496,2024-10-30,CS501,Caltech,Stem,4.0,21365.0,90.56
140525140034704,2024-12-28,CS401,Caltech,Stem,2.0,16394.0,96.86
140525140044880,2024-08-30,CS401,Caltech,Stem,2.0,16367.0,71.6
140525140038672,2024-12-03,CS501,Caltech,Stem,3.0,23296.0,67.25
140525140045648,2024-12-11,CS501,Caltech,Stem,3.0,20294.0,70.92
140525140035728,2024-06-13,CS401,Caltech,Stem,5.0,16205.0,97.26
140525140046032,2024-08-19,CS501,Caltech,Stem,5.0,20011.0,84.04
140525140035536,2024-12-18,CS401,Caltech,Stem,3.5576437831723657,15053.0,90.69
140525140033744,2024-12-28,CS401,Caltech,Stem,5.0,15887.0,54.42
140525140042896,2024-08-28,CS401,Caltech,Stem,3.5576437831723657,19109.874457308248,69.93520170043416
140525140040336,2024-09-05,CS501,Caltech,Stem,3.0,21759.0,79.32
140525140042320,2024-11-10,CS401,Caltech,Stem,3.0,15380.0,77.69
140525140046800,2024-10-19,CS501,Caltech,Stem,3.0,20196.0,65.16
140525140042064,2024-12-12,CS401,Caltech,Stem,5.0,15515.0,87.37
140525140046224,2024-11-15,CS501,Caltech,Stem,4.0,20203.0,97.6
140525140048912,2024-12-30,CS401,Caltech,Stem,2.0,16684.0,77.97
140525140048976,2024-12-19,CS401,Caltech,Stem,4.0,15962.0,79.85
140525140048208,2024-11-13,CS401,Caltech,Stem,3.0,16607.0,89.53
140525140037520,2024-09-05,CS501,Caltech,Stem,5.0,21120.0,97.69
140525140039760,2024-07-16,CS401,Caltech,Stem,4.0,15552.0,92.62
140525140033936,2024-12-03,CS501,Caltech,Stem,4.0,21375.0,83.47
140525140047248,2024-10-31,CS501,Caltech,Stem,5.0,21710.0,87.92
140525140044048,2024-11-26,CS401,Caltech,Stem,3.0,15157.0,88.32
140525140046864,2024-06-02,CS501,Caltech,Stem,3.0,21586.0,72.22
140525140041104,2024-10-08,CS501,Caltech,Stem,3.0,20123.0,78.58
140525140043728,2024-09-12,CS501,Caltech,Stem,3.0,20741.0,85.71
140525140039120,2024-06-16,CS501,Caltech,Stem,4.0,20034.0,71.79
140525140044368,2024-12-15,CS501,Caltech,Stem,3.0,20381.0,75.82
140525140045264,2024-09-29,CS401,Caltech,Stem,4.0,15091.0,87.07
140525140046736,2024-07-14,CS401,Caltech,Stem,4.0,15149.0,88.79
140525140046928,2024-12-04,CS401,Caltech,Stem,3.5576437831723657,19109.874457308248,69.93520170043416
140525140043408,2024-07-22,CS601,Caltech,Stem,4.0,25495.0,93.64
140525140044816,2024-10-29,CS401,Caltech,Stem,3.0,15212.0,79.6
140525140045968,2024-06-24,CS401,Caltech,Stem,4.0,15666.0,98.9
140525140048784,2024-07-20,CS401,Caltech,Stem,4.0,16794.0,93.73
140525140036176,2024-06-09,CS501,Caltech,Stem,3.0,20593.0,65.19
140525140043024,2024-06-23,CS501,Caltech,Stem,3.0,19109.874457308248,69.93520170043416
140525140045456,2024-07-30,CS501,Caltech,Stem,4.0,20579.0,68.57
140525140048336,2024-11-16,CS501,Caltech,Stem,3.0,21978.0,88.93
140525140034448,2024-08-28,CS501,Caltech,Stem,4.0,20150.0,68.85
140525140040080,2024-12-04,CS501,Caltech,Stem,3.0,20910.0,90.6
140525140048464,2024-11-28,CS501,Caltech,Stem,3.0,21644.0,97.75
140525140041040,2024-04-21,CS501,Caltech,Stem,4.0,22950.0,89.75
140525140045200,2024-03-30,CS501,Caltech,Stem,3.0,20181.0,82.71
140525140048016,2024-12-10,CS501,Caltech,Stem,3.0,23746.0,97.68
140525140045776,2024-11-12,CS401,Caltech,Stem,5.0,15387.0,85.49
140525140037200,2024-11-19,CS501,Caltech,Stem,3.0,21449.0,94.56
140525140036944,2024-05-12,CS501,Caltech,Stem,5.0,20892.0,84.65
140525140044944,2024-09-05,CS401,Caltech,Stem,3.0,16134.0,98.93
140525140036688,2024-12-26,CS501,Caltech,Stem,5.0,20723.0,87.55
140525140045008,2024-12-28,CS401,Caltech,Stem,4.0,16937.0,85.34
140525140035408,2024-09-28,CS601,Caltech,Stem,5.0,25282.0,85.25
140525140049872,2024-09-02,CS501,Caltech,Stem,4.0,20014.0,98.09
140525140038160,2024-10-30,CS601,Caltech,Stem,4.0,27909.0,88.46
140525140047760,2024-08-28,CS501,Caltech,Stem,5.0,22101.0,90.42
140525140035344,2024-07-10,CS501,Caltech,Stem,4.0,19109.874457308248,69.93520170043416
140525140033808,2024-10-17,CS401,Caltech,Stem,3.0,15229.0,79.77
140525140046352,2024-08-27,CS501,Caltech,Stem,5.0,20938.0,88.4
140525140036752,2024-12-26,CS401,Caltech,Stem,4.0,19109.874457308248,69.93520170043416
140525140045328,2024-06-03,CS401,Caltech,Stem,5.0,15054.0,89.45
140525140041744,2024-09-05,CS401,Caltech,Stem,3.5576437831723657,16514.0,87.33
140525140038032,2024-11-26,CS501,Caltech,Stem,2.0,20472.0,92.31
140525140037840,2024-05-04,CS501,Caltech,Stem,5.0,20472.0,91.8
140525140040016,2024-08-01,CS401,Caltech,Stem,3.0,15205.0,79.99
140525140033616,2024-05-04,CS401,Caltech,Stem,5.0,16085.0,93.49
140525140033680,2024-12-27,CS501,Caltech,Stem,4.0,21116.0,72.13
140525140044624,2024-12-26,CS501,Caltech,Stem,4.0,20373.0,96.61
140525140034320,2024-12-10,CS401,Caltech,Stem,5.0,18801.0,87.19
140525140041424,2024-07-09,CS401,Caltech,Stem,4.0,15228.0,88.74
140525140044688,2024-12-28,CS401,Caltech,Stem,4.0,16103.0,82.38
140525134560720,2024-12-28,CS501,Caltech,Stem,5.0,20387.0,95.45
140525134545296,2024-12-04,CS601,Caltech,Stem,4.0,26228.0,85.0
140525134556368,2024-12-14,CS401,Caltech,Stem,5.0,15135.0,86.83
140525134545808,2024-12-14,CS501,Caltech,Stem,5.0,23071.0,70.37
140525134558672,2024-09-24,CS501,Caltech,Stem,5.0,20477.0,81.06
140525134548112,2024-10-14,CS401,Caltech,Stem,4.0,17782.0,93.39
140525134560976,2024-12-19,CS501,Caltech,Stem,4.0,20112.0,87.22
140525134552080,2024-09-14,CS501,Caltech,Stem,3.0,21321.0,79.1
140525134551824,2024-11-14,CS501,Caltech,Stem,3.0,22954.0,86.0
140525134555600,2024-12-25,CS401,Caltech,Stem,3.0,15053.0,84.93
140525134547600,2024-12-09,CS501,Caltech,Stem,4.0,21270.0,97.44
140525134559952,2024-11-10,CS501,Caltech,Stem,4.0,20106.0,78.68
140525134555344,2024-10-02,CS601,Caltech,Stem,5.0,25410.0,79.14
140525134552336,2024-09-23,CS401,Caltech,Stem,3.0,16856.0,77.32
140525134551568,2024-12-11,CS401,Caltech,Stem,4.0,18462.0,84.16
140525134559696,2024-12-28,CS401,Caltech,Stem,4.0,17472.0,49.88
140525134546320,2024-12-27,CS501,Caltech,Stem,5.0,22942.0,97.34
140525134557904,2024-10-02,CS601,Caltech,Stem,5.0,26540.0,94.32
140525134552592,2024-11-12,CS401,Caltech,Stem,3.0,15722.0,75.68
140525134550800,2024-12-01,CS501,Caltech,Stem,5.0,20805.0,80.08
140525134548880,2024-08-27,CS501,Caltech,Stem,2.0,21026.0,87.93
140525134559440,2024-11-23,CS501,Caltech,Stem,3.5576437831723657,20149.0,81.56
140525134555088,2024-12-27,CS501,Caltech,Stem,5.0,22660.0,75.09
140525134546832,2024-09-03,CS501,Caltech,Stem,4.0,20112.0,76.61
140525134549392,2024-12-29,CS401,Caltech,Stem,5.0,15526.0,80.25
140525134547856,2024-07-17,CS501,Caltech,Stem,2.0,20560.0,89.69
140525134546064,2024-11-23,CS501,Caltech,Stem,4.0,20219.0,84.93
140525134545552,2024-07-10,CS401,Caltech,Stem,5.0,17460.0,67.55
140525134550160,2024-12-04,CS401,Caltech,Stem,5.0,16391.0,87.19
140525134560464,2024-09-16,CS401,Caltech,Stem,4.0,15624.0,98.85
140525134549904,2024-10-02,CS501,Caltech,Stem,2.0,21260.0,73.38
140525134552848,2024-08-16,CS501,Caltech,Stem,4.0,20871.0,80.45
140525134556624,2024-08-12,CS601,Caltech,Stem,3.5576437831723657,26988.0,94.0
140525134555856,2024-09-27,CS501,Caltech,Stem,3.0,21295.0,74.23
140525179580560,2024-12-09,CS501,Caltech,Stem,5.0,19109.874457308248,69.93520170043416
140525179581840,2024-08-03,CS401,Caltech,Stem,4.0,15710.0,98.23
140525179568400,2024-10-04,CS401,Caltech,Stem,5.0,15049.0,72.0
140525179574288,2024-09-15,CS501,Caltech,Stem,5.0,21670.0,97.94
140525179582992,2024-10-06,CS401,Caltech,Stem,5.0,18353.0,73.27
140525179579216,2024-12-14,CS501,Caltech,Stem,4.0,23617.0,89.17
140525179584208,2024-11-19,CS501,Caltech,Stem,4.0,20649.0,92.41
140525179569424,2024-09-12,CS501,Caltech,Stem,3.0,21136.0,95.65
140525179575824,2024-06-17,CS501,Caltech,Stem,3.0,20182.0,83.51
140525179578512,2024-09-28,CS501,Caltech,Stem,3.0,21842.0,78.88
140525179570000,2024-11-28,CS501,Caltech,Stem,4.0,21265.0,72.55
140525179574096,2024-08-03,CS501,Caltech,Stem,3.0,20562.0,82.64
140525179581520,2024-12-04,CS401,Caltech,Stem,2.0,15240.0,64.93
140525179569680,2024-08-25,CS501,Caltech,Stem,5.0,20684.0,84.92
140525179570384,2024-09-28,CS601,Caltech,Stem,3.0,25507.0,88.18
140525179581776,2024-07-15,CS501,Caltech,Stem,4.0,20396.0,95.52
140525179576976,2024-10-14,CS401,Caltech,Stem,5.0,16744.0,65.81
140525179572432,2024-06-16,CS401,Caltech,Stem,5.0,15163.0,82.62
140525179573840,2024-09-19,CS401,Caltech,Stem,4.0,19109.874457308248,69.93520170043416
140525179575056,2024-05-07,CS501,Caltech,Stem,5.0,19109.874457308248,69.93520170043416
140525179581200,2024-07-05,CS401,Caltech,Stem,4.0,16951.0,82.83
140525179582032,2024-10-14,CS401,Caltech,Stem,5.0,16563.0,95.55
140525179583248,2024-08-18,CS501,Caltech,Stem,3.0,20022.0,93.47
140525179570128,2024-09-30,CS501,Caltech,Stem,3.0,22665.0,85.14
140525179570448,2024-12-20,CS501,Caltech,Stem,5.0,20600.0,85.25
140525179571664,2024-12-18,CS501,Caltech,Stem,4.0,22070.0,90.43
140525179575760,2024-06-23,CS401,Caltech,Stem,3.5576437831723657,19109.874457308248,69.93520170043416
140525179576336,2024-10-12,CS401,Caltech,Stem,4.0,15256.0,67.08
140525179578768,2024-11-18,CS401,Caltech,Stem,5.0,15670.0,89.28
140525179577488,2024-12-07,CS501,Caltech,Stem,5.0,20664.0,95.99
140525179580816,2024-12-20,CS401,Caltech,Stem,5.0,15055.0,87.16
140525179581456,2024-11-19,CS501,Caltech,Stem,4.0,22443.0,98.2
140525179583504,2024-11-18,CS501,Caltech,Stem,5.0,20076.0,82.76
140525179573648,2024-11-09,CS501,Caltech,Stem,3.5576437831723657,20087.0,88.66
140525179570704,2024-04-21,CS501,Caltech,Stem,4.0,22575.0,93.26
140525179571280,2024-04-11,CS401,Caltech,Stem,4.0,15023.0,91.59
140525179572752,2024-09-22,CS401,Caltech,Stem,5.0,15810.0,84.73
140525179575568,2024-05-29,CS401,Caltech,Stem,4.0,15790.0,66.69
140525179578704,2024-12-28,CS501,Caltech,Stem,5.0,19109.874457308248,69.93520170043416
140525179579472,2024-08-01,CS601,Caltech,Stem,2.0,25052.0,94.49
140525179580688,2024-09-26,CS401,Caltech,Stem,4.0,17195.0,66.13
140525179575696,2024-09-02,CS501,Caltech,Stem,5.0,20822.0,96.74
140525179568208,2024-10-24,CS501,Caltech,Stem,4.0,19109.874457308248,69.93520170043416
140525179580112,2024-10-28,CS401,Caltech,Stem,3.0,15217.0,97.43
140525179578576,2024-11-17,CS401,Caltech,Stem,4.0,15153.0,97.73
140525179577360,2024-09-19,CS501,Caltech,Stem,3.0,20778.0,83.74
140525179579152,2024-12-11,CS401,Caltech,Stem,4.0,15048.0,92.99
140525179579920,2024-07-24,CS401,Caltech,Stem,4.0,15043.0,89.96
140525179584272,2024-06-22,CS501,Caltech,Stem,3.0,20482.0,93.66
140525179581584,2024-10-28,CS401,Caltech,Stem,4.0,16863.0,86.52
140525179574672,2024-09-09,CS501,Caltech,Stem,4.0,20824.0,95.05
140525179570640,2024-12-09,CS401,Caltech,Stem,4.0,15191.0,95.61
140525179573008,2024-12-28,CS401,Caltech,Stem,4.0,15514.0,76.35
140525179575952,2024-10-14,CS401,Caltech,Stem,5.0,15317.0,75.55
140525179580432,2024-02-11,CS501,Caltech,Stem,4.0,20869.0,82.18
140525179582480,2024-03-24,CS401,Caltech,Stem,4.0,17093.0,98.45
140525179568720,2024-07-10,CS401,Caltech,Stem,4.0,16378.0,85.66
140525179571728,2024-10-03,CS501,Caltech,Stem,4.0,20694.0,98.89
140525179574480,2024-08-21,CS501,Caltech,Stem,3.0,19109.874457308248,69.93520170043416
140525179577552,2024-12-24,CS501,Caltech,Stem,5.0,20126.0,97.43
140525179580496,2024-12-26,CS501,Caltech,Stem,4.0,20091.0,84.43
140525179583120,2024-09-03,CS501,Caltech,Stem,3.0,21864.0,78.52
140525179574352,2024-09-29,CS401,Caltech,Stem,3.0,17875.0,85.18
140525179571536,2024-06-22,CS401,Caltech,Stem,4.0,15266.0,72.92
140525179569232,2024-11-15,CS401,Caltech,Stem,4.0,15132.0,90.38
140525179575632,2024-12-11,CS601,Caltech,Stem,3.0,26412.0,85.28
140525179572560,2024-11-08,CS401,Caltech,Stem,5.0,15453.0,90.88
140525179570960,2024-10-31,CS501,Caltech,Stem,2.0,20470.0,94.11
140525179579984,2024-06-23,CS401,Caltech,Stem,3.0,18306.0,67.37
140525179573072,2024-06-15,CS401,Caltech,Stem,5.0,16197.0,81.3
140525179577872,2024-09-01,CS501,Caltech,Stem,5.0,19109.874457308248,69.93520170043416
140525179573200,2024-11-06,CS501,Caltech,Stem,5.0,22069.0,59.37
140525179577232,2024-09-14,CS401,Caltech,Stem,5.0,15002.0,97.65
140525179583056,2024-12-14,CS601,Caltech,Stem,4.0,26045.0,83.33
140525179568976,2024-05-16,CS401,Caltech,Stem,3.5576437831723657,15082.0,96.34
140525179570256,2024-10-25,CS401,Caltech,Stem,5.0,15444.0,91.39
140525179573520,2024-12-07,CS401,Caltech,Stem,5.0,15933.0,67.25
140525179577808,2024-06-05,CS401,Caltech,Stem,4.0,16477.0,89.34
140525179579792,2024-12-28,CS501,Caltech,Stem,4.0,20871.0,53.68
140525179583888,2024-10-25,CS401,Caltech,Stem,3.0,15546.0,87.92
140525179570896,2024-12-20,CS401,Caltech,Stem,4.0,15251.0,96.15
140525179573776,2024-04-09,CS401,Caltech,Stem,5.0,19109.874457308248,69.93520170043416
140525179576720,2024-12-05,CS401,Caltech,Stem,2.0,19109.874457308248,69.93520170043416
140525179579664,2024-09-12,CS401,Caltech,Stem,5.0,19109.874457308248,69.93520170043416
140525179582544,2024-09-27,CS501,Caltech,Stem,4.0,21801.0,82.34
140525179576656,2024-09-19,CS401,Caltech,Stem,2.0,16153.0,79.88
140525179573584,2024-04-21,CS401,Caltech,Stem,5.0,15544.0,74.49
140525179575248,2024-12-19,CS501,Caltech,Stem,5.0,23243.0,94.42
140525179578960,2024-09-05,CS401,Caltech,Stem,3.5576437831723657,17879.0,90.85
140525179569616,2024-09-06,CS501,Caltech,Stem,5.0,19109.874457308248,69.93520170043416
140525179582352,2024-11-05,CS601,Caltech,Stem,4.0,25356.0,64.21
140525179579280,2024-12-28,CS501,Caltech,Stem,5.0,20063.0,93.62
140525179576784,2024-12-05,CS501,Caltech,Stem,3.0,21900.0,88.44
140525179569360,2024-12-20,CS501,Caltech,Stem,4.0,20395.0,94.56
140525179579088,2024-10-20,CS501,Caltech,Stem,3.5576437831723657,20305.0,57.54
140525179577040,2024-04-20,CS401,Caltech,Stem,5.0,15154.0,88.18
140525179568464,2024-12-19,CS501,Caltech,Stem,3.5576437831723657,22509.0,77.99
140525179574224,2024-10-23,CS501,Caltech,Stem,2.0,20979.0,91.91
140525179579408,2024-09-18,CS501,Caltech,Stem,4.0,19109.874457308248,69.93520170043416
140525179584336,2024-12-28,CS401,Caltech,Stem,5.0,15413.0,53.46
140525179571920,2024-09-15,CS501,Caltech,Stem,3.0,20824.0,92.82
140525179577104,2024-11-18,CS501,Caltech,Stem,3.0,22580.0,90.38
140525179582800,2024-12-28,CS601,Caltech,Stem,3.5576437831723657,25310.0,93.77
140525179576464,2024-11-08,CS501,Caltech,Stem,2.0,21630.0,73.58
140525179575504,2024-05-25,CS501,Caltech,Stem,2.0,20263.0,75.78
140525181147984,2024-11-25,CS501,Caltech,Stem,4.0,19109.874457308248,69.93520170043416
140525181150928,2024-11-09,CS501,Caltech,Stem,4.0,22807.0,78.1
140525181149968,2024-08-31,CS401,Caltech,Stem,4.0,15599.0,48.77
140525181143696,2024-09-21,CS501,Caltech,Stem,4.0,21719.0,83.45
140525181153808,2024-03-08,CS401,Caltech,Stem,4.0,16306.0,66.6
140525181152528,2024-12-26,CS601,Caltech,Stem,4.0,25535.0,96.35
140525181154000,2024-12-10,CS501,Caltech,Stem,5.0,22290.0,72.11
140525181147408,2024-12-23,CS501,Caltech,Stem,3.0,20932.0,89.9
140525181155024,2024-11-24,CS501,Caltech,Stem,3.0,20128.0,87.62
140525181151824,2024-09-27,CS401,Caltech,Stem,4.0,15701.0,85.19
140525181155216,2024-07-26,CS501,Caltech,Stem,3.0,20582.0,66.33
140525181141264,2024-11-05,CS401,Caltech,Stem,4.0,15159.0,84.4
140525181145040,2024-09-30,CS401,Caltech,Stem,4.0,15461.0,66.85
140525181141328,2024-12-24,CS601,Caltech,Stem,4.0,27130.0,90.88
140525181146384,2024-12-08,CS401,Caltech,Stem,4.0,17181.0,89.07
140525181142160,2024-07-26,CS501,Caltech,Stem,5.0,20330.0,80.66
140525181145232,2024-11-19,CS401,Caltech,Stem,4.0,15523.0,81.37
140525181155728,2024-07-22,CS401,Caltech,Stem,5.0,16101.0,91.83
140525181152016,2024-11-01,CS401,Caltech,Stem,5.0,18824.0,87.55
140525181149776,2024-12-21,CS401,Caltech,Stem,5.0,15439.0,86.52
140525181150544,2024-12-25,CS501,Caltech,Stem,2.0,20396.0,82.81
140525181149008,2024-10-07,CS501,Caltech,Stem,4.0,22276.0,91.05
140525181157136,2024-09-19,CS501,Caltech,Stem,4.0,20465.0,74.24
140525181144976,2024-09-16,CS401,Caltech,Stem,3.5576437831723657,16726.0,94.24
140525181152400,2024-07-13,CS501,Caltech,Stem,4.0,21178.0,97.93
140525181147152,2024-06-22,CS501,Caltech,Stem,4.0,20232.0,86.57
140525181156048,2024-12-16,CS501,Caltech,Stem,3.0,20184.0,61.21
140525181149520,2024-12-09,CS501,Caltech,Stem,5.0,20540.0,79.54
140525181141904,2024-11-15,CS501,Caltech,Stem,3.0,20706.0,86.19
140525181154640,2024-09-28,CS501,Caltech,Stem,3.0,19109.874457308248,69.93520170043416
140525181148560,2024-12-23,CS401,Caltech,Stem,5.0,16091.0,94.08
140525181144720,2024-07-29,CS401,Caltech,Stem,3.0,15263.0,92.99
140525181150288,2024-10-27,CS501,Caltech,Stem,3.0,21199.0,84.61
140525181148240,2024-08-25,CS401,Caltech,Stem,5.0,15536.0,98.09
140525181152080,2024-11-10,CS401,Caltech,Stem,3.0,17531.0,80.4
140525181143888,2024-05-21,CS601,Caltech,Stem,3.0,25400.0,73.81
140525181157264,2024-12-16,CS501,Caltech,Stem,2.0,23631.0,98.66
140525181145488,2024-10-17,CS501,Caltech,Stem,4.0,20117.0,77.85
140525181151760,2024-08-01,CS501,Caltech,Stem,4.0,19109.874457308248,69.93520170043416
140525181146704,2024-08-15,CS601,Caltech,Stem,4.0,28115.0,79.06
140525181154896,2024-10-18,CS401,Caltech,Stem,5.0,15427.0,88.27
140525181148944,2024-10-04,CS401,Caltech,Stem,5.0,17660.0,83.26
140525181149712,2024-12-01,CS401,Caltech,Stem,5.0,15133.0,94.65
140525181148816,2024-11-22,CS401,Caltech,Stem,4.0,16937.0,88.44
140525181155088,2024-08-12,CS501,Caltech,Stem,3.0,20135.0,82.73
140525181146896,2024-08-22,CS401,Caltech,Stem,5.0,15260.0,84.95
140525181146640,2024-09-25,CS401,Caltech,Stem,4.0,15649.0,98.69
140525181146256,2024-05-08,CS501,Caltech,Stem,4.0,20692.0,92.26
140525181152592,2024-08-20,CS401,Caltech,Stem,4.0,18268.0,85.68
140525181146064,2024-09-24,CS401,Caltech,Stem,4.0,16549.0,74.38
140525181147664,2024-10-23,CS501,Caltech,Stem,5.0,20853.0,93.37
140525181143824,2024-12-28,CS401,Caltech,Stem,5.0,17200.0,86.79
140525181147920,2024-11-02,CS501,Caltech,Stem,5.0,20309.0,92.28
140525181148176,2024-11-15,CS501,Caltech,Stem,4.0,20969.0,72.64
140525181142800,2024-12-09,CS401,Caltech,Stem,4.0,15784.0,51.55
140525181154384,2024-09-16,CS501,Caltech,Stem,3.0,20123.0,92.72
140525181156112,2024-12-07,CS401,Caltech,Stem,5.0,15846.0,88.43
140525181142096,2024-07-31,CS401,Caltech,Stem,3.0,16996.0,71.88
140525181144144,2024-12-16,CS501,Caltech,Stem,3.0,20317.0,98.41
140525181143440,2024-04-26,CS501,Caltech,Stem,4.0,21593.0,88.87
140525181155856,2024-07-17,CS401,Caltech,Stem,4.0,15187.0,77.06
140525181151120,2024-12-29,CS401,Caltech,Stem,4.0,15566.0,94.44
140525181153872,2024-11-08,CS501,Caltech,Stem,5.0,23697.0,80.44
140525181151056,2024-11-12,CS401,Caltech,Stem,2.0,15555.0,69.88
140525181141136,2024-10-26,CS401,Caltech,Stem,4.0,18257.0,79.96
140525181152784,2024-11-17,CS501,Caltech,Stem,3.0,20131.0,82.77
140525181149264,2024-09-12,CS401,Caltech,Stem,5.0,15408.0,87.35
140525181146128,2024-12-22,CS501,Caltech,Stem,5.0,20928.0,77.64
140525181145872,2024-11-16,CS401,Caltech,Stem,5.0,15211.0,64.62
140525181145744,2024-08-09,CS501,Caltech,Stem,4.0,20794.0,80.31
140525181155600,2024-06-01,CS401,Caltech,Stem,3.0,17277.0,84.06
140525181150032,2024-03-30,CS501,Caltech,Stem,4.0,23460.0,60.66
140525181150096,2024-09-21,CS401,Caltech,Stem,4.0,17367.0,87.3
140525181141584,2024-11-30,CS501,Caltech,Stem,3.5576437831723657,22933.0,90.14
140525181145360,2024-12-01,CS401,Caltech,Stem,4.0,16551.0,73.33
140525181156176,2024-10-02,CS401,Caltech,Stem,5.0,15108.0,86.39
140525181149328,2024-09-24,CS601,Caltech,Stem,4.0,25901.0,89.31
140525181151376,2024-10-07,CS401,Caltech,Stem,4.0,17259.0,70.85
140525181141392,2024-11-18,CS401,Caltech,Stem,2.0,15494.0,89.83
140525181153936,2024-11-09,CS401,Caltech,Stem,3.0,17610.0,93.64
140525181153680,2024-08-15,CS401,Caltech,Stem,5.0,17769.0,84.56
140525181156624,2024-07-22,CS501,Caltech,Stem,3.0,21830.0,92.66
140525181153424,2024-11-09,CS401,Caltech,Stem,5.0,16230.0,90.4
140525181154448,2024-11-18,CS601,Caltech,Stem,4.0,25423.0,77.12
140525181153296,2024-09-27,CS401,Caltech,Stem,3.0,15232.0,68.34
140525181144656,2024-08-03,CS401,Caltech,Stem,2.0,16449.0,77.73
140525181153616,2024-02-04,CS401,Caltech,Stem,5.0,19512.0,97.36
140525181157072,2024-09-15,CS401,Caltech,Stem,5.0,15813.0,98.3
140525181146768,2024-05-25,CS401,Caltech,Stem,3.0,16131.0,90.65
140525181153552,2024-11-25,CS401,Caltech,Stem,3.0,16122.0,95.31
140525181150224,2024-12-10,CS501,Caltech,Stem,5.0,20538.0,76.28
140525181146512,2024-10-05,CS501,Caltech,Stem,3.0,20779.0,93.87
140525181152976,2024-12-25,CS501,Caltech,Stem,4.0,19109.874457308248,69.93520170043416
140525181142544,2024-09-04,CS401,Caltech,Stem,5.0,17106.0,64.37
140525181156496,2024-10-01,CS501,Caltech,Stem,4.0,19109.874457308248,69.93520170043416
140525181148304,2024-11-28,CS501,Caltech,Stem,4.0,22173.0,63.85
140525181155408,2024-10-27,CS501,Caltech,Stem,3.0,24273.0,94.05
140525181148688,2024-04-05,CS501,Caltech,Stem,3.0,20443.0,85.7
140525181147088,2024-05-24,CS501,Caltech,Stem,4.0,20043.0,84.1
140525181153040,2024-10-20,CS401,Caltech,Stem,5.0,18307.0,61.25
140525181152848,2024-11-27,CS401,Caltech,Stem,5.0,15752.0,70.39
140525181150352,2024-09-19,CS401,Caltech,Stem,4.0,15081.0,98.1
140525181148496,2024-11-05,CS601,Caltech,Stem,5.0,27091.0,95.99
140525181147792,2024-08-20,CS401,Caltech,Stem,5.0,16517.0,65.46
140525181144848,2024-11-26,CS501,Caltech,Stem,5.0,21788.0,69.16
140525181154064,2024-10-26,CS501,Caltech,Stem,4.0,21449.0,86.59
140525181152912,2024-12-30,CS401,Caltech,Stem,3.0,16651.0,89.88
140525181143120,2024-10-19,CS401,Caltech,Stem,5.0,16041.0,90.68
140525179116944,2024-11-20,CS401,Caltech,Stem,4.0,16622.0,57.58
140525179115664,2024-09-03,CS501,Caltech,Stem,4.0,19109.874457308248,69.93520170043416
140525179113872,2024-01-24,CS401,Caltech,Stem,2.0,15376.0,70.21
140525179124496,2024-11-20,CS401,Caltech,Stem,5.0,15296.0,71.32
140525179110672,2024-12-19,CS401,Caltech,Stem,5.0,15129.0,86.2
140525179119504,2024-11-25,CS501,Caltech,Stem,5.0,22232.0,99.0
140525179120080,2024-12-05,CS401,Caltech,Stem,4.0,18222.0,90.95
140525179114128,2024-12-05,CS501,Caltech,Stem,4.0,22010.0,95.96
140525179120528,2024-09-18,CS501,Caltech,Stem,4.0,19109.874457308248,69.93520170043416
140525179110736,2024-07-25,CS401,Caltech,Stem,4.0,15601.0,89.94
140525179117200,2024-12-05,CS401,Caltech,Stem,3.0,15181.0,93.33
140525179120592,2024-12-02,CS501,Caltech,Stem,3.5576437831723657,20451.0,97.07
140525179125200,2024-11-14,CS601,Caltech,Stem,4.0,27944.0,86.05
140525179113744,2024-06-29,CS401,Caltech,Stem,5.0,16983.0,60.36
140525179114512,2024-11-01,CS401,Caltech,Stem,4.0,15186.0,93.81
140525179115408,2024-07-14,CS501,Caltech,Stem,3.0,20241.0,83.97
140525179116432,2024-12-28,CS401,Caltech,Stem,4.0,17926.0,98.29
140525179124944,2024-11-03,CS601,Caltech,Stem,5.0,26785.0,97.97
140525179123728,2024-08-12,CS401,Caltech,Stem,3.0,15307.0,75.72
140525179119824,2024-03-08,CS601,Caltech,Stem,5.0,26043.0,87.95
140525179109648,2024-04-17,CS401,Caltech,Stem,5.0,15064.0,83.66
140525179114768,2024-10-24,CS401,Caltech,Stem,4.0,17299.0,86.68
140525179124880,2024-11-04,CS501,Caltech,Stem,4.0,20801.0,77.17
140525179120848,2024-10-02,CS501,Caltech,Stem,2.0,22393.0,93.95
140525179123216,2024-10-16,CS401,Caltech,Stem,4.0,19109.874457308248,69.93520170043416
140525179125456,2024-08-24,CS401,Caltech,Stem,3.0,19109.874457308248,69.93520170043416
140525179111184,2024-12-21,CS401,Caltech,Stem,5.0,15996.0,60.02
140525179115216,2024-10-06,CS501,Caltech,Stem,4.0,19109.874457308248,69.93520170043416
140525179116496,2024-12-31,CS501,Caltech,Stem,4.0,20077.0,95.65
140525179120144,2024-10-22,CS401,Caltech,Stem,5.0,15866.0,80.13
140525179118864,2024-10-04,CS501,Caltech,Stem,5.0,22025.0,93.83
140525179116176,2024-03-23,CS401,Caltech,Stem,2.0,16395.0,57.67
140525179113232,2024-08-05,CS501,Caltech,Stem,4.0,22038.0,97.66
140525179124624,2024-08-01,CS501,Caltech,Stem,4.0,23010.0,93.04
140525179118352,2024-07-18,CS501,Caltech,Stem,5.0,21479.0,64.2
140525179111504,2024-12-28,CS501,Caltech,Stem,3.5576437831723657,20756.0,88.68
140525179119568,2024-04-21,CS501,Caltech,Stem,3.0,21679.0,91.88
140525179111632,2024-11-27,CS401,Caltech,Stem,5.0,15717.0,92.19
140525179112208,2024-12-22,CS401,Caltech,Stem,3.0,15972.0,88.01
140525179122768,2024-09-30,CS501,Caltech,Stem,2.0,21653.0,85.09
140525179114896,2024-09-03,CS401,Caltech,Stem,3.0,17364.0,98.65
140525179117776,2024-09-05,CS501,Caltech,Stem,5.0,21113.0,69.24
140525179119760,2024-08-17,CS501,Caltech,Stem,4.0,22479.0,67.9
140525179109584,2024-04-21,CS501,Caltech,Stem,5.0,21619.0,94.4
140525179115280,2024-09-24,CS501,Caltech,Stem,5.0,20392.0,77.5
140525179120016,2024-06-14,CS501,Caltech,Stem,3.0,21086.0,60.57
140525179125712,2024-12-19,CS401,Caltech,Stem,4.0,17678.0,97.78
140525179110352,2024-08-31,CS501,Caltech,Stem,3.0,22798.0,79.62
140525179118736,2024-08-15,CS501,Caltech,Stem,4.0,23147.0,87.85
140525179123472,2024-12-14,CS401,Caltech,Stem,5.0,18324.0,89.54
140525179116624,2024-10-18,CS501,Caltech,Stem,5.0,21456.0,98.81
140525179113168,2024-08-11,CS501,Caltech,Stem,4.0,20235.0,90.01
140525179124368,2024-02-05,CS501,Caltech,Stem,2.0,21446.0,73.55
140525179121744,2024-10-02,CS501,Caltech,Stem,3.0,21378.0,96.27
140525179112528,2024-06-01,CS501,Caltech,Stem,5.0,21367.0,93.05
140525179124816,2024-12-09,CS601,Caltech,Stem,5.0,25976.0,79.29
140525179121872,2024-12-31,CS401,Caltech,Stem,5.0,15773.0,78.49
140525179122064,2024-07-18,CS601,Caltech,Stem,4.0,25198.0,88.56
140525179110864,2024-10-22,CS401,Caltech,Stem,3.0,15591.0,73.17
140525179116304,2024-05-05,CS501,Caltech,Stem,3.0,20283.0,78.33
140525179123664,2024-09-18,CS401,Caltech,Stem,5.0,17445.0,75.12
140525179113936,2024-09-11,CS501,Caltech,Stem,5.0,20502.0,89.9
140525179110224,2024-09-29,CS401,Caltech,Stem,4.0,15322.0,73.26
140525179122448,2024-12-14,CS401,Caltech,Stem,5.0,17730.0,86.06
140525179118800,2024-12-09,CS501,Caltech,Stem,5.0,22998.0,75.38
140525179121296,2024-12-27,CS401,Caltech,Stem,5.0,16517.0,69.26
140525179122384,2024-11-22,CS501,Caltech,Stem,4.0,21614.0,96.26
140525179118288,2024-02-22,CS401,Caltech,Stem,4.0,16865.0,77.31
140525179120272,2024-09-04,CS501,Caltech,Stem,4.0,21070.0,97.8
140525179118480,2024-08-24,CS401,Caltech,Stem,5.0,16787.0,94.09
140525179112336,2024-07-28,CS401,Caltech,Stem,4.0,16425.0,84.01
140525179110608,2024-09-29,CS501,Caltech,Stem,5.0,20722.0,92.5
140525179123344,2024-08-04,CS501,Caltech,Stem,4.0,20468.0,89.57
140525179120912,2024-12-28,CS501,Caltech,Stem,4.0,23299.0,90.77
140525179121552,2024-12-07,CS501,Caltech,Stem,3.0,19109.874457308248,69.93520170043416
140525179122192,2024-12-11,CS401,Caltech,Stem,4.0,16777.0,72.16
140525179117328,2024-07-22,CS501,Caltech,Stem,4.0,21305.0,94.03
140525179117072,2024-11-04,CS401,Caltech,Stem,3.0,17428.0,94.74
140525179111440,2024-09-29,CS501,Caltech,Stem,4.0,20491.0,92.35
140525179119312,2024-11-20,CS601,Caltech,Stem,4.0,26290.0,98.84
140525179112720,2024-09-22,CS401,Caltech,Stem,3.0,15456.0,81.44
140525179117008,2024-12-01,CS501,Caltech,Stem,3.0,21057.0,97.49
140525179114960,2024-06-20,CS501,Caltech,Stem,4.0,21914.0,98.54
140525179124432,2024-09-13,CS501,Caltech,Stem,5.0,21384.0,88.82
140525179111248,2024-10-02,CS501,Caltech,Stem,4.0,20811.0,69.59
140525179123920,2024-12-26,CS501,Caltech,Stem,2.0,21083.0,62.16
140525179121616,2024-08-16,CS401,Caltech,Stem,5.0,16694.0,92.37
140525179109840,2024-08-12,CS401,Caltech,Stem,3.0,15359.0,48.01
140525179115600,2024-08-22,CS401,Caltech,Stem,5.0,15821.0,88.06
140525179116752,2024-07-18,CS401,Caltech,Stem,4.0,16330.0,96.05
140525179121680,2024-08-28,CS401,Caltech,Stem,5.0,16083.0,89.1
140525179123792,2024-12-28,CS501,Caltech,Stem,4.0,20544.0,97.26
140525179118608,2024-11-27,CS501,Caltech,Stem,4.0,23235.0,91.18
140525179119376,2024-10-27,CS401,Caltech,Stem,1.0,16390.0,96.67
140525179113488,2024-06-07,CS401,Caltech,Stem,3.0,15303.0,89.71
140525179121424,2024-11-12,CS401,Caltech,Stem,5.0,17102.0,86.98
140525179111824,2024-09-24,CS501,Caltech,Stem,4.0,21548.0,91.07
140525179115728,2024-12-09,CS401,Caltech,Stem,3.0,16853.0,82.78
140525179125264,2024-12-28,CS401,Caltech,Stem,4.0,15915.0,98.65
140525179118032,2024-12-12,CS401,Caltech,Stem,4.0,17063.0,63.6
140525179117520,2024-10-21,CS601,Caltech,Stem,5.0,26429.0,78.1
140525179114576,2024-12-08,CS401,Caltech,Stem,4.0,16616.0,65.8
140525179115024,2024-12-28,CS401,Caltech,Stem,5.0,16182.0,97.81
140525179125008,2024-10-23,CS501,Caltech,Stem,5.0,21495.0,54.18
140525184883216,2024-10-10,CS401,Caltech,Stem,4.0,17259.0,78.88
140525184891216,2024-10-26,CS601,Caltech,Stem,3.0,26265.0,81.28
140525184882576,2024-12-07,CS501,Caltech,Stem,4.0,21930.0,98.26
140525184883408,2024-11-27,CS401,Caltech,Stem,2.0,15144.0,89.79
140525184891280,2024-12-06,CS501,Caltech,Stem,3.5576437831723657,20210.0,90.9
140525184885136,2024-11-18,CS501,Caltech,Stem,4.0,20716.0,71.7
140525184890512,2024-11-11,CS401,Caltech,Stem,3.0,19109.874457308248,69.93520170043416
140525184881360,2024-12-18,CS501,Caltech,Stem,5.0,20491.0,67.08
140525184885456,2024-11-28,CS401,Caltech,Stem,5.0,15968.0,90.04
140525184892432,2024-08-08,CS601,Caltech,Stem,5.0,25266.0,98.52
140525184877648,2024-09-21,CS401,Caltech,Stem,5.0,15727.0,92.0
140525184891920,2024-09-22,CS501,Caltech,Stem,4.0,22507.0,87.63
140525184887376,2024-08-28,CS401,Caltech,Stem,5.0,17134.0,87.27
140525184887632,2024-10-17,CS501,Caltech,Stem,5.0,23486.0,87.49
140525184892304,2024-07-13,CS501,Caltech,Stem,5.0,20671.0,96.61
140525184881744,2024-08-27,CS501,Caltech,Stem,3.0,21784.0,90.89
140525184888464,2024-11-21,CS401,Caltech,Stem,4.0,17564.0,78.43
140525184877904,2024-11-29,CS401,Caltech,Stem,5.0,16782.0,67.0
140525184880528,2024-11-26,CS401,Caltech,Stem,4.0,16532.0,87.82
140525184881488,2024-12-06,CS501,Caltech,Stem,3.0,22235.0,96.29
140525184879504,2024-11-08,CS501,Caltech,Stem,5.0,20412.0,74.42
140525184884752,2024-11-13,CS501,Caltech,Stem,5.0,20048.0,97.85
140525184876944,2024-10-16,CS501,Caltech,Stem,4.0,21547.0,78.24
140525184878544,2024-11-30,CS501,Caltech,Stem,3.5576437831723657,20316.0,96.16
140525184880848,2024-09-17,CS401,Caltech,Stem,5.0,15533.0,89.59
140525184883472,2024-09-19,CS401,Caltech,Stem,4.0,16209.0,97.74
140525184887952,2024-12-23,CS401,Caltech,Stem,4.0,16201.0,93.65
140525184887696,2024-06-09,CS401,Caltech,Stem,5.0,16087.0,98.98
140525184877840,2024-06-28,CS401,Caltech,Stem,5.0,17198.0,60.94
140525184888720,2024-11-19,CS401,Caltech,Stem,5.0,15537.0,87.38
140525184888656,2024-11-06,CS501,Caltech,Stem,3.5576437831723657,19109.874457308248,69.93520170043416
140525184882448,2024-12-17,CS401,Caltech,Stem,4.0,16649.0,82.26
140525184877712,2024-08-01,CS501,Caltech,Stem,3.0,20157.0,86.31
140525184891728,2024-12-12,CS501,Caltech,Stem,3.0,21133.0,64.62
140525184882512,2024-06-20,CS401,Caltech,Stem,5.0,15935.0,97.85
140525184883664,2024-12-07,CS501,Caltech,Stem,3.0,21087.0,85.48
140525184878736,2024-10-31,CS401,Caltech,Stem,4.0,16458.0,69.0
140525184883152,2024-09-24,CS501,Caltech,Stem,4.0,20825.0,97.98
140525184886928,2024-10-03,CS401,Caltech,Stem,5.0,16974.0,91.46
140525184888144,2024-05-10,CS401,Caltech,Stem,4.0,16351.0,91.86
140525184891536,2024-09-04,CS501,Caltech,Stem,4.0,21508.0,91.97
140525184888400,2024-12-31,CS401,Caltech,Stem,5.0,16845.0,86.52
140525184891984,2024-11-15,CS401,Caltech,Stem,3.0,15894.0,96.55
140525184891024,2024-10-12,CS401,Caltech,Stem,4.0,16806.0,87.72
140525184892048,2024-11-26,CS501,Caltech,Stem,4.0,21270.0,81.7
140525184884688,2024-09-14,CS501,Caltech,Stem,4.0,21433.0,96.62
140525184885328,2024-11-21,CS401,Caltech,Stem,5.0,16280.0,84.89
140525184877968,2024-12-25,CS401,Caltech,Stem,4.0,19109.874457308248,69.93520170043416
140525184887120,2024-05-05,CS401,Caltech,Stem,5.0,17004.0,97.71
140525184879312,2024-12-21,CS501,Caltech,Stem,3.0,20483.0,97.26
140525184891664,2024-10-18,CS501,Caltech,Stem,4.0,22943.0,92.37
140525184887184,2024-12-11,CS501,Caltech,Stem,5.0,21957.0,77.25
140525184882640,2024-10-11,CS501,Caltech,Stem,4.0,20846.0,81.23
140525184888784,2024-12-02,CS401,Caltech,Stem,4.0,15542.0,98.12
140525184884432,2024-12-16,CS401,Caltech,Stem,3.5576437831723657,19109.874457308248,69.93520170043416
140525184885904,2024-10-25,CS501,Caltech,Stem,5.0,20958.0,81.92
140525184889168,2024-07-23,CS401,Caltech,Stem,5.0,16459.0,91.7
140525184883792,2024-12-14,CS501,Caltech,Stem,4.0,19109.874457308248,69.93520170043416
140525184889104,2024-11-10,CS501,Caltech,Stem,3.0,22985.0,90.22
140525184879248,2024-09-19,CS501,Caltech,Stem,5.0,22155.0,97.29
140525184876752,2024-08-05,CS401,Caltech,Stem,5.0,15707.0,77.31
140525184890128,2024-12-07,CS401,Caltech,Stem,5.0,15007.0,90.03
140525184890192,2024-08-24,CS501,Caltech,Stem,2.0,21775.0,90.7
140525184879696,2024-03-30,CS401,Caltech,Stem,4.0,15692.0,83.29
140525184883600,2024-05-07,CS501,Caltech,Stem,5.0,21049.0,98.84
140525184892240,2024-11-11,CS401,Caltech,Stem,4.0,16690.0,93.24
140525184885648,2024-12-17,CS401,Caltech,Stem,4.0,15618.0,84.7
140525184885840,2024-11-22,CS601,Caltech,Stem,4.0,27552.0,98.77
140525184892688,2024-10-30,CS401,Caltech,Stem,3.0,15807.0,85.56
140525184889360,2024-09-20,CS501,Caltech,Stem,5.0,19109.874457308248,69.93520170043416
140525184885712,2024-10-29,CS501,Caltech,Stem,4.0,20758.0,78.76
140525184880592,2024-12-07,CS401,Caltech,Stem,5.0,15516.0,82.65
140525184881552,2024-12-24,CS401,Caltech,Stem,3.0,15667.0,94.43
140525184889424,2024-07-28,CS501,Caltech,Stem,5.0,24028.0,86.81
140525184880784,2024-09-01,CS401,Caltech,Stem,5.0,18912.0,87.83
140525184879952,2024-08-14,CS401,Caltech,Stem,4.0,15831.0,87.22
140525184886352,2024-11-30,CS501,Caltech,Stem,4.0,19109.874457308248,69.93520170043416
140525184891472,2024-07-22,CS401,Caltech,Stem,4.0,15614.0,87.95
140525184883856,2024-08-22,CS401,Caltech,Stem,4.0,19109.874457308248,69.93520170043416
140525184881232,2024-07-12,CS401,Caltech,Stem,4.0,15671.0,96.1
140525184891408,2024-08-01,CS401,Caltech,Stem,4.0,15842.0,98.52
140525184886672,2024-11-23,CS501,Caltech,Stem,4.0,21158.0,72.86
140525184878480,2024-11-03,CS501,Caltech,Stem,3.5576437831723657,20438.0,61.83
140525184877392,2024-12-24,CS401,Caltech,Stem,4.0,19109.874457308248,69.93520170043416
140525184888912,2024-10-20,CS501,Caltech,Stem,5.0,21422.0,78.2
140525184886416,2024-10-25,CS401,Caltech,Stem,5.0,17509.0,77.89
140525184888528,2024-12-10,CS401,Caltech,Stem,4.0,15423.0,67.12
140525184884304,2024-11-16,CS401,Caltech,Stem,4.0,18235.0,98.59
140525184882384,2024-11-22,CS401,Caltech,Stem,4.0,15230.0,84.32
140525184880464,2024-08-09,CS601,Caltech,Stem,4.0,25978.0,82.42
140525184886480,2024-12-28,CS401,Caltech,Stem,3.5576437831723657,15131.0,67.19
140525184884944,2024-07-19,CS501,Caltech,Stem,4.0,20214.0,97.63
140525184886096,2024-06-25,CS501,Caltech,Stem,4.0,21803.0,87.48
140525184886160,2024-09-21,CS401,Caltech,Stem,3.0,16187.0,97.3
140525184877520,2024-08-27,CS501,Caltech,Stem,5.0,20126.0,92.49
140525184876688,2024-08-10,CS401,Caltech,Stem,4.0,15063.0,98.48
140525184889936,2024-09-08,CS501,Caltech,Stem,4.0,21043.0,84.47
140525184884112,2024-07-07,CS401,Caltech,Stem,5.0,16924.0,89.47
140525184877776,2024-10-09,CS401,Caltech,Stem,3.5576437831723657,15126.0,83.48
140525184882256,2024-06-10,CS401,Caltech,Stem,3.0,18159.0,69.86
140525184883280,2024-06-09,CS501,Caltech,Stem,3.0,22509.0,92.79
140525184881808,2024-12-12,CS401,Caltech,Stem,5.0,19109.874457308248,69.93520170043416
140525184889616,2024-08-19,CS501,Caltech,Stem,3.0,22050.0,80.55
140525142185616,2024-10-10,CS401,Caltech,Stem,4.0,16573.0,98.42
140525142195344,2024-09-04,CS401,Caltech,Stem,3.0,15778.0,86.43
140525142188304,2024-04-30,CS401,Caltech,Stem,3.0,16385.0,46.23
140525142194384,2024-11-22,CS401,Caltech,Stem,3.0,17698.0,67.63
140525142183056,2024-11-16,CS501,Caltech,Stem,3.0,21622.0,94.09
140525142190096,2024-08-07,CS401,Caltech,Stem,5.0,16553.0,94.55
140525142180752,2024-09-19,CS501,Caltech,Stem,3.0,22471.0,98.82
140525142184336,2024-11-06,CS401,Caltech,Stem,5.0,15132.0,95.13
140525142188816,2024-05-09,CS601,Caltech,Stem,4.0,26888.0,81.35
140525142195856,2024-08-31,CS501,Caltech,Stem,4.0,19109.874457308248,69.93520170043416
140525142182544,2024-10-09,CS501,Caltech,Stem,5.0,20560.0,89.91
140525142187536,2024-12-28,CS401,Caltech,Stem,2.0,15608.0,76.88
140525142194640,2024-12-10,CS401,Caltech,Stem,5.0,15719.0,79.85
140525142182288,2024-10-21,CS501,Caltech,Stem,5.0,20577.0,79.49
140525142182032,2024-10-04,CS401,Caltech,Stem,4.0,15308.0,78.08
140525142182800,2024-12-16,CS401,Caltech,Stem,3.5576437831723657,19109.874457308248,69.93520170043416
140525142181520,2024-11-17,CS501,Caltech,Stem,4.0,21052.0,92.74
140525142180240,2024-09-16,CS501,Caltech,Stem,4.0,20451.0,98.48
140525142189328,2024-11-15,CS501,Caltech,Stem,4.0,22514.0,87.76
140525142192400,2024-10-25,CS401,Caltech,Stem,5.0,16170.0,75.19
140525142184080,2024-11-09,CS501,Caltech,Stem,4.0,19109.874457308248,69.93520170043416
140525142187088,2024-10-24,CS601,Caltech,Stem,5.0,25994.0,94.77
140525142194128,2024-10-22,CS501,Caltech,Stem,3.0,19109.874457308248,69.93520170043416
140525142183824,2024-12-09,CS501,Caltech,Stem,5.0,20665.0,78.0
140525142186832,2024-09-28,CS501,Caltech,Stem,5.0,21578.0,90.45
140525142192848,2024-05-23,CS501,Caltech,Stem,4.0,22096.0,83.05
140525142183568,2024-09-11,CS401,Caltech,Stem,4.0,17210.0,96.99
140525142186640,2024-11-09,CS401,Caltech,Stem,4.0,16059.0,92.81
140525142191632,2024-10-30,CS501,Caltech,Stem,3.0,20005.0,77.06
140525142181264,2024-02-27,CS401,Caltech,Stem,3.5576437831723657,16954.0,86.16
140525142186128,2024-12-28,CS401,Caltech,Stem,4.0,15375.0,86.99
140525142183312,2024-05-10,CS401,Caltech,Stem,5.0,15607.0,64.1
140525179976592,2024-11-12,CS401,Caltech,Stem,5.0,15459.0,86.49
140525179972880,2024-10-22,CS401,Caltech,Stem,5.0,16615.0,86.53
140525179968848,2024-11-29,CS501,Caltech,Stem,3.0,20375.0,83.77
140525179965456,2024-11-29,CS501,Caltech,Stem,5.0,20187.0,85.98
140525179974096,2024-12-20,CS401,Caltech,Stem,3.5576437831723657,17549.0,70.58
140525179975184,2024-10-07,CS501,Caltech,Stem,5.0,21496.0,77.95
140525179974544,2024-11-12,CS401,Caltech,Stem,4.0,16173.0,87.45
140525179975376,2024-12-26,CS401,Caltech,Stem,3.0,17280.0,97.41
140525179971792,2024-09-04,CS601,Caltech,Stem,4.0,28285.0,85.44
140525179966544,2024-04-17,CS501,Caltech,Stem,4.0,23094.0,91.78
140525179973840,2024-12-12,CS401,Caltech,Stem,4.0,16131.0,92.17
140525179970256,2024-06-08,CS501,Caltech,Stem,3.0,20056.0,91.35
140525179977360,2024-12-14,CS501,Caltech,Stem,5.0,20659.0,65.9
140525179972304,2024-11-11,CS501,Caltech,Stem,3.0,20599.0,91.11
140525179976656,2024-10-30,CS501,Caltech,Stem,4.0,22354.0,86.8
140525179975312,2024-11-06,CS501,Caltech,Stem,3.5576437831723657,20714.0,94.46
140525179967696,2024-12-24,CS401,Caltech,Stem,3.0,17436.0,89.81
140525179968272,2024-11-10,CS401,Caltech,Stem,3.0,15669.0,73.54
140525179968016,2024-12-23,CS501,Caltech,Stem,3.0,20787.0,93.36
140525179964944,2024-11-18,CS501,Caltech,Stem,5.0,21567.0,89.74
140525179967440,2024-04-27,CS501,Caltech,Stem,3.0,20342.0,96.28
140525179962192,2024-11-17,CS401,Caltech,Stem,5.0,15418.0,81.97
140525179968336,2024-12-18,CS501,Caltech,Stem,5.0,20830.0,84.84
140525179970576,2024-12-30,CS401,Caltech,Stem,4.0,15408.0,91.68
140525179962320,2024-10-31,CS401,Caltech,Stem,5.0,19109.874457308248,69.93520170043416
140525179962448,2024-12-30,CS401,Caltech,Stem,3.5576437831723657,15902.0,97.37
140525179961488,2024-08-07,CS501,Caltech,Stem,3.0,20581.0,91.72
140525179971024,2024-08-27,CS501,Caltech,Stem,5.0,21731.0,72.16
140525179970448,2024-12-17,CS501,Caltech,Stem,3.0,19109.874457308248,69.93520170043416
140525179965520,2024-11-25,CS401,Caltech,Stem,3.0,16051.0,91.32
140525179963920,2024-11-27,CS501,Caltech,Stem,3.0,21705.0,71.9
140525179966928,2024-12-20,CS601,Caltech,Stem,4.0,26062.0,94.62
140525179967760,2024-12-16,CS401,Caltech,Stem,3.0,15192.0,90.65
140525179967632,2024-09-30,CS501,Caltech,Stem,3.0,20529.0,88.88
140525179977488,2024-10-08,CS501,Caltech,Stem,5.0,20844.0,77.75
140525179966288,2024-08-08,CS501,Caltech,Stem,5.0,22289.0,83.59
140525179963664,2024-12-06,CS401,Caltech,Stem,3.0,15063.0,94.63
140525179972048,2024-10-08,CS401,Caltech,Stem,5.0,15059.0,94.81
140525179976528,2024-12-28,CS401,Caltech,Stem,4.0,16737.0,72.92
140525179974352,2024-12-20,CS501,Caltech,Stem,3.0,21212.0,82.8
140525179966480,2024-06-30,CS501,Caltech,Stem,4.0,22723.0,94.83
140525179966160,2024-11-14,CS401,Caltech,Stem,4.0,17468.0,96.12
140525179967184,2024-08-01,CS401,Caltech,Stem,4.0,17901.0,86.71
140525179968784,2024-10-30,CS401,Caltech,Stem,4.0,15103.0,73.97
140525179972624,2024-07-08,CS401,Caltech,Stem,5.0,16768.0,94.36
140525179966608,2024-09-25,CS401,Caltech,Stem,4.0,16613.0,80.41
140525179972240,2024-08-16,CS501,Caltech,Stem,5.0,22641.0,84.11
140525179961936,2024-11-26,CS601,Caltech,Stem,4.0,25613.0,96.69
140525179977168,2024-12-22,CS601,Caltech,Stem,4.0,25556.0,96.62
140525179977424,2024-11-07,CS401,Caltech,Stem,4.0,16780.0,83.71
140525179964560,2024-08-03,CS601,Caltech,Stem,5.0,26623.0,78.1
140525179964368,2024-07-18,CS501,Caltech,Stem,4.0,21695.0,98.34
140525179972112,2024-09-29,CS501,Caltech,Stem,5.0,21681.0,80.24
140525179968080,2024-12-18,CS501,Caltech,Stem,3.0,19109.874457308248,69.93520170043416
140525179963856,2024-08-25,CS501,Caltech,Stem,4.0,22924.0,87.61
140525179968208,2024-12-12,CS401,Caltech,Stem,3.0,15172.0,97.04
140525179963408,2024-09-23,CS401,Caltech,Stem,4.0,15372.0,87.15
140525179971472,2024-08-04,CS501,Caltech,Stem,5.0,20266.0,66.72
140525179974416,2024-12-28,CS501,Caltech,Stem,3.0,20356.0,92.17
140525179965264,2024-11-15,CS501,Caltech,Stem,5.0,20392.0,91.34
140525179966224,2024-12-18,CS501,Caltech,Stem,4.0,21019.0,79.14
140525179976144,2024-04-06,CS401,Caltech,Stem,4.0,15628.0,73.15
140525179963984,2024-12-08,CS401,Caltech,Stem,5.0,16183.0,80.46
140525179967824,2024-10-04,CS401,Caltech,Stem,4.0,16940.0,77.97
140525179968528,2024-12-27,CS401,Caltech,Stem,4.0,15123.0,90.44
140525179964880,2024-07-16,CS401,Caltech,Stem,2.0,16680.0,85.9
140525179968592,2024-08-11,CS401,Caltech,Stem,5.0,19109.874457308248,69.93520170043416
140525179965584,2024-09-30,CS401,Caltech,Stem,4.0,15419.0,84.8
140525179969936,2024-12-06,CS501,Caltech,Stem,5.0,19109.874457308248,69.93520170043416
140525179963152,2024-08-08,CS401,Caltech,Stem,3.0,18070.0,59.44
140525179965136,2024-11-30,CS501,Caltech,Stem,4.0,21933.0,87.93
140525179961616,2024-02-02,CS401,Caltech,Stem,2.0,16026.0,81.82
140525179963728,2024-09-24,CS501,Caltech,Stem,3.0,20029.0,85.03
140525179971344,2024-09-05,CS501,Caltech,Stem,5.0,19109.874457308248,69.93520170043416
140525179975632,2024-10-15,CS401,Caltech,Stem,5.0,17263.0,80.0
140525179974160,2024-08-20,CS501,Caltech,Stem,3.5576437831723657,20413.0,74.27
140525179971856,2024-09-07,CS401,Caltech,Stem,4.0,19094.0,70.0
140525179967312,2024-12-15,CS401,Caltech,Stem,5.0,16663.0,81.57
140525179969552,2024-11-10,CS601,Caltech,Stem,4.0,28647.0,75.51
140525179970320,2024-07-10,CS401,Caltech,Stem,4.0,17858.0,70.46
140525179962704,2024-07-17,CS401,Caltech,Stem,4.0,19109.874457308248,69.93520170043416
140525179970064,2024-11-15,CS401,Caltech,Stem,4.0,15909.0,89.14
140525179963472,2024-10-29,CS401,Caltech,Stem,5.0,17024.0,88.86
140525179962832,2024-12-28,CS501,Caltech,Stem,4.0,20802.0,68.85
140525179975824,2024-12-27,CS401,Caltech,Stem,4.0,15545.0,94.09
140525179977680,2024-12-30,CS501,Caltech,Stem,3.0,20069.0,93.23
140525179976336,2024-12-05,CS401,Caltech,Stem,4.0,16998.0,70.77
140525179973520,2024-12-28,CS501,Caltech,Stem,4.0,19109.874457308248,69.93520170043416
140525179977232,2024-09-03,CS601,Caltech,Stem,4.0,25607.0,81.68
140525179973328,2024-06-21,CS401,Caltech,Stem,3.0,19109.874457308248,69.93520170043416
140525179962384,2024-10-17,CS401,Caltech,Stem,5.0,15931.0,73.18
140525179969232,2024-10-01,CS401,Caltech,Stem,5.0,15177.0,79.76
140525179970192,2024-08-14,CS501,Caltech,Stem,4.0,22022.0,96.18
140525179973584,2024-07-26,CS501,Caltech,Stem,4.0,24022.0,63.69
140525179972368,2024-08-08,CS501,Caltech,Stem,5.0,23019.0,97.48
140525179973264,2024-12-08,CS401,Caltech,Stem,5.0,16697.0,57.78
140525179973776,2024-03-23,CS401,Caltech,Stem,5.0,17393.0,85.55
140525179969488,2024-12-28,CS401,Caltech,Stem,3.0,16546.0,59.29
140525179971088,2024-08-12,CS601,Caltech,Stem,4.0,25345.0,63.5
140525179971536,2024-07-31,CS401,Caltech,Stem,4.0,15055.0,67.89
140525179964752,2024-11-07,CS401,Caltech,Stem,5.0,15571.0,93.0
140525179975504,2024-09-07,CS401,Caltech,Stem,4.0,16059.0,94.32
140525179969424,2024-12-04,CS501,Caltech,Stem,4.0,22978.0,71.2
140525179970704,2024-11-01,CS601,Caltech,Stem,3.0,26961.0,86.74
140525179961808,2024-11-20,CS501,Caltech,Stem,4.0,23402.0,89.97
140525183430160,2024-10-08,CS501,Caltech,Stem,4.0,21234.0,75.39
140525183431696,2024-07-30,CS501,Caltech,Stem,4.0,20728.0,90.69
140525183420176,2024-10-16,CS501,Caltech,Stem,4.0,22427.0,90.66
140525183432016,2024-08-16,CS501,Caltech,Stem,4.0,21591.0,83.07
140525183427408,2024-11-19,CS401,Caltech,Stem,5.0,15254.0,74.46
140525183430992,2024-11-03,CS501,Caltech,Stem,3.0,20620.0,91.43
140525183429776,2024-11-15,CS501,Caltech,Stem,5.0,20046.0,91.74
140525183428880,2024-12-28,CS401,Caltech,Stem,5.0,17141.0,60.15
140525183430416,2024-11-04,CS501,Caltech,Stem,5.0,22849.0,67.63
140525183430928,2024-05-07,CS401,Caltech,Stem,5.0,15759.0,87.43
140525183421264,2024-03-28,CS501,Caltech,Stem,4.0,19109.874457308248,69.93520170043416
140525183418448,2024-11-21,CS501,Caltech,Stem,4.0,21819.0,78.17
140525183419856,2024-09-24,CS501,Caltech,Stem,4.0,23361.0,87.47
140525183419792,2024-11-17,CS601,Caltech,Stem,4.0,25038.0,82.46
140525183423248,2024-10-16,CS601,Caltech,Stem,5.0,29481.0,87.38
140525183418576,2024-09-21,CS401,Caltech,Stem,3.0,15980.0,61.46
140525183420432,2024-08-11,CS501,Caltech,Stem,4.0,22625.0,98.64
140525183419728,2024-12-17,CS501,Caltech,Stem,5.0,19109.874457308248,69.93520170043416
140525183422224,2024-10-06,CS401,Caltech,Stem,4.0,15583.0,90.28
140525183426384,2024-09-20,CS501,Caltech,Stem,5.0,22603.0,83.91
140525183419664,2024-10-26,CS501,Caltech,Stem,5.0,20428.0,88.08
140525183428560,2024-04-02,CS401,Caltech,Stem,5.0,15922.0,85.45
140525183429264,2024-09-20,CS401,Caltech,Stem,3.0,16997.0,82.65
140525183422544,2024-12-28,CS501,Caltech,Stem,3.0,21450.0,87.35
140525183420304,2024-08-21,CS501,Caltech,Stem,4.0,19109.874457308248,69.93520170043416
140525183422800,2024-09-30,CS401,Caltech,Stem,3.0,15052.0,70.78
140525183434256,2024-09-03,CS501,Caltech,Stem,3.0,21701.0,66.73
140525183426832,2024-12-27,CS501,Caltech,Stem,3.0,20723.0,87.65
140525183425488,2024-10-13,CS501,Caltech,Stem,4.0,21929.0,87.69
140525183428304,2024-09-01,CS501,Caltech,Stem,4.0,21385.0,95.96
140525183422480,2024-11-05,CS501,Caltech,Stem,3.0,20187.0,77.3
140525183426768,2024-05-29,CS501,Caltech,Stem,4.0,20013.0,91.34
140525183427920,2024-08-11,CS401,Caltech,Stem,4.0,17231.0,71.48
140525183425360,2024-08-21,CS401,Caltech,Stem,4.0,15978.0,60.39
140525183429136,2024-11-21,CS401,Caltech,Stem,5.0,15223.0,74.72
140525183424528,2024-10-11,CS501,Caltech,Stem,4.0,21684.0,94.81
140525183428432,2024-09-28,CS401,Caltech,Stem,3.0,17211.0,94.03
140525183432976,2024-12-14,CS401,Caltech,Stem,4.0,15930.0,85.91
140525183433488,2024-11-12,CS401,Caltech,Stem,4.0,16573.0,92.82
140525183430608,2024-11-27,CS401,Caltech,Stem,4.0,18214.0,96.83
140525183427344,2024-09-20,CS501,Caltech,Stem,5.0,20634.0,92.22
140525183431184,2024-07-20,CS401,Caltech,Stem,2.0,19109.874457308248,69.93520170043416
140525183420624,2024-12-09,CS401,Caltech,Stem,3.0,15000.0,82.53
140525183434512,2024-08-25,CS401,Caltech,Stem,3.0,17819.0,79.29
140525183425552,2024-11-25,CS401,Caltech,Stem,5.0,19109.874457308248,69.93520170043416
140525183424848,2024-10-19,CS401,Caltech,Stem,5.0,15881.0,74.84
140525183419344,2024-06-26,CS401,Caltech,Stem,4.0,16174.0,73.07
140525183434384,2024-10-01,CS501,Caltech,Stem,5.0,19109.874457308248,69.93520170043416
140525183427600,2024-11-19,CS401,Caltech,Stem,4.0,16201.0,89.83
140525183424336,2024-11-10,CS501,Caltech,Stem,5.0,21069.0,82.27
140525183432144,2024-11-24,CS601,Caltech,Stem,5.0,25454.0,88.26
140525183428624,2024-11-15,CS501,Caltech,Stem,5.0,21070.0,92.7
140525183421456,2024-06-25,CS501,Caltech,Stem,4.0,22516.0,88.71
140525183427536,2024-06-29,CS501,Caltech,Stem,4.0,21011.0,82.85
140525183423568,2024-11-07,CS401,Caltech,Stem,4.0,16105.0,82.46
140525183420752,2024-06-15,CS501,Caltech,Stem,5.0,20361.0,98.72
140525183431632,2024-06-13,CS501,Caltech,Stem,5.0,21012.0,85.78
140525183428368,2024-11-06,CS401,Caltech,Stem,4.0,17803.0,97.1
140525183433040,2024-10-20,CS401,Caltech,Stem,5.0,17110.0,95.89
140525183423120,2024-07-09,CS401,Caltech,Stem,3.0,16222.0,84.61
140525183431888,2024-12-15,CS501,Caltech,Stem,4.0,21582.0,75.69
140525183430224,2024-05-04,CS501,Caltech,Stem,3.5576437831723657,20053.0,96.56
140525183421136,2024-09-22,CS401,Caltech,Stem,5.0,16688.0,96.07
140525183430864,2024-09-27,CS501,Caltech,Stem,5.0,20434.0,84.13
140525183433808,2024-11-12,CS401,Caltech,Stem,4.0,19109.874457308248,69.93520170043416
140525183433296,2024-12-02,CS401,Caltech,Stem,4.0,15377.0,97.64
140525183430736,2024-11-26,CS401,Caltech,Stem,3.0,15531.0,93.37
140525183422672,2024-11-17,CS401,Caltech,Stem,3.0,16518.0,73.81
140525183425296,2024-11-25,CS401,Caltech,Stem,5.0,15841.0,97.61
140525183429328,2024-06-22,CS501,Caltech,Stem,4.0,22413.0,91.93
140525183422992,2024-12-23,CS501,Caltech,Stem,5.0,20804.0,70.09
140525183427664,2024-12-11,CS401,Caltech,Stem,5.0,16444.0,60.84
140525183433680,2024-10-21,CS401,Caltech,Stem,4.0,15787.0,88.92
140525183421520,2024-07-21,CS501,Caltech,Stem,4.0,20197.0,80.42
140525183419984,2024-11-27,CS501,Caltech,Stem,5.0,20251.0,79.39
140525183425808,2024-12-08,CS401,Caltech,Stem,5.0,15347.0,61.08
140525183423504,2024-11-14,CS501,Caltech,Stem,4.0,21523.0,81.31
140525183420944,2024-11-14,CS401,Caltech,Stem,3.0,15173.0,76.34
140525183433232,2024-12-05,CS401,Caltech,Stem,5.0,15033.0,97.6
140525183431760,2024-11-08,CS401,Caltech,Stem,3.0,15409.0,74.56
140525183432720,2024-04-27,CS501,Caltech,Stem,5.0,22488.0,96.81
140525183424208,2024-11-23,CS501,Caltech,Stem,4.0,21708.0,74.11
140525183420688,2024-12-03,CS501,Caltech,Stem,3.0,21099.0,96.26
140525183420880,2024-08-15,CS401,Caltech,Stem,5.0,15003.0,95.17
140525183424016,2024-09-26,CS501,Caltech,Stem,5.0,21594.0,74.9
140525183432400,2024-12-08,CS601,Caltech,Stem,4.0,25868.0,92.03
140525183421008,2024-09-19,CS601,Caltech,Stem,2.0,24998.0,88.46
140525183426576,2024-09-29,CS501,Caltech,Stem,4.0,20430.0,93.99
140525183426256,2024-12-17,CS501,Caltech,Stem,4.0,24025.0,96.49
140525183419408,2024-08-10,CS501,Caltech,Stem,4.0,20447.0,74.82
140525183423952,2024-09-27,CS401,Caltech,Stem,4.0,15133.0,75.22
140525183421392,2024-11-24,CS401,Caltech,Stem,3.0,19109.874457308248,69.93520170043416
140525183424080,2024-11-17,CS601,Caltech,Stem,4.0,25611.0,59.06
140525183418640,2024-11-26,CS401,Caltech,Stem,5.0,15154.0,83.18
140525183424272,2024-09-29,CS501,Caltech,Stem,4.0,20347.0,72.13
140525183421200,2024-10-21,CS501,Caltech,Stem,5.0,21671.0,95.86
140525183422288,2024-09-04,CS401,Caltech,Stem,5.0,15967.0,85.2
140525183429648,2024-07-23,CS401,Caltech,Stem,4.0,16110.0,76.53
140525183423440,2024-11-08,CS401,Caltech,Stem,5.0,15152.0,64.09
140525183431504,2024-11-27,CS501,Caltech,Stem,4.0,22512.0,89.27
140525183421776,2024-12-28,CS401,Caltech,Stem,4.0,15122.0,94.8
140525183420816,2024-10-18,CS501,Caltech,Stem,5.0,20048.0,92.0
140525183428496,2024-10-16,CS501,Caltech,Stem,3.0,21422.0,87.54
140525183429200,2024-12-17,CS401,Caltech,Stem,4.0,15345.0,88.97
140525183431440,2024-12-02,CS401,Caltech,Stem,4.0,18349.0,87.92
140525183423760,2024-12-14,CS501,Caltech,Stem,4.0,21905.0,82.96
140525183421968,2024-06-30,CS501,Caltech,Stem,5.0,20341.0,81.68
140525142549840,2024-10-21,CS401,Caltech,Stem,4.0,16658.0,78.95
140525142551824,2024-03-29,CS401,Caltech,Stem,4.0,18112.0,93.3
140525142540496,2024-12-28,CS501,Caltech,Stem,5.0,20206.0,83.08
140525142552336,2024-11-28,CS401,Caltech,Stem,5.0,15504.0,85.44
140525142544784,2024-07-31,CS401,Caltech,Stem,5.0,16705.0,83.54
140525142547600,2024-08-22,CS501,Caltech,Stem,5.0,22572.0,94.53
140525142550352,2024-11-06,CS501,Caltech,Stem,3.0,22151.0,94.98
140525142551120,2024-12-28,CS401,Caltech,Stem,5.0,17608.0,93.08
140525142541712,2024-12-28,CS501,Caltech,Stem,4.0,19109.874457308248,69.93520170043416
140525142541456,2024-11-09,CS401,Caltech,Stem,3.0,16212.0,96.17
140525142550096,2024-09-16,CS401,Caltech,Stem,5.0,16127.0,61.56
140525142547088,2024-07-23,CS501,Caltech,Stem,5.0,22279.0,89.91
140525142542224,2024-08-29,CS401,Caltech,Stem,3.5576437831723657,15385.0,95.33
140525142549584,2024-12-09,CS401,Caltech,Stem,5.0,15063.0,98.81
140525142541968,2024-07-07,CS501,Caltech,Stem,4.0,22275.0,75.67
140525142546832,2024-12-09,CS401,Caltech,Stem,4.0,16853.0,83.29
140525142543504,2024-12-12,CS401,Caltech,Stem,4.0,15619.0,49.19
140525142546064,2024-03-06,CS401,Caltech,Stem,4.0,15159.0,75.87
140525142546320,2024-12-28,CS401,Caltech,Stem,5.0,15836.0,84.01
140525142547856,2024-10-15,CS401,Caltech,Stem,4.0,15131.0,93.9
140525142556624,2024-10-05,CS401,Caltech,Stem,4.0,15061.0,78.8
140525142553616,2024-06-17,CS501,Caltech,Stem,5.0,23151.0,98.81
140525142542992,2024-09-26,CS501,Caltech,Stem,4.0,20304.0,70.52
140525142543248,2024-12-22,CS501,Caltech,Stem,4.0,20775.0,84.19
140525142545296,2024-11-15,CS501,Caltech,Stem,5.0,20454.0,96.42
140525142553104,2024-11-12,CS401,Caltech,Stem,5.0,19109.874457308248,69.93520170043416
140525142545040,2024-12-23,CS401,Caltech,Stem,3.0,16908.0,73.74
140525142554640,2024-10-27,CS501,Caltech,Stem,4.0,21110.0,74.03
140525142553360,2024-11-17,CS401,Caltech,Stem,5.0,15713.0,93.51
140525142547344,2024-12-11,CS401,Caltech,Stem,4.0,16297.0,81.59
140525142545552,2024-10-03,CS501,Caltech,Stem,3.0,20122.0,78.14
140525142555856,2024-09-24,CS601,Caltech,Stem,4.0,25536.0,96.91
140525142548816,2024-10-02,CS401,Caltech,Stem,3.5576437831723657,16464.0,80.04
140525142555152,2024-07-09,CS401,Caltech,Stem,5.0,17339.0,94.66
140525180048336,2024-12-22,CS401,Caltech,Stem,5.0,18762.0,73.22
140525180054864,2024-11-14,CS501,Caltech,Stem,4.0,20744.0,91.22
140525180047440,2024-11-20,CS401,Caltech,Stem,5.0,19109.874457308248,69.93520170043416
140525180051600,2024-09-12,CS401,Caltech,Stem,4.0,16981.0,81.62
140525180057104,2024-08-05,CS401,Caltech,Stem,5.0,19109.874457308248,69.93520170043416
140525180043344,2024-03-17,CS401,Caltech,Stem,3.0,17360.0,83.08
140525180053264,2024-12-23,CS401,Caltech,Stem,4.0,16339.0,72.64
140525180052368,2024-11-13,CS501,Caltech,Stem,3.0,20528.0,61.47
140525180045712,2024-09-01,CS501,Caltech,Stem,5.0,20250.0,90.37
140525180045392,2024-09-21,CS401,Caltech,Stem,3.0,16262.0,96.44
140525180048080,2024-11-28,CS501,Caltech,Stem,4.0,23537.0,95.93
140525180049616,2024-09-01,CS401,Caltech,Stem,3.0,17220.0,91.69
140525180055376,2024-10-26,CS501,Caltech,Stem,4.0,20747.0,78.93
140525180048976,2024-03-29,CS401,Caltech,Stem,5.0,15542.0,95.49
140525180052752,2024-12-31,CS401,Caltech,Stem,4.0,19109.874457308248,69.93520170043416
140525180044112,2024-11-13,CS401,Caltech,Stem,5.0,16633.0,87.59
140525180045008,2024-10-11,CS501,Caltech,Stem,4.0,22253.0,98.41
140525180057168,2024-12-19,CS401,Caltech,Stem,4.0,15664.0,89.0
140525180051984,2024-08-30,CS401,Caltech,Stem,5.0,15936.0,97.58
140525180053904,2024-05-19,CS501,Caltech,Stem,3.0,20942.0,84.35
140525180059408,2024-12-05,CS501,Caltech,Stem,3.0,20207.0,88.7
140525180046928,2024-11-09,CS401,Caltech,Stem,4.0,18035.0,49.88
140525180053648,2024-09-28,CS401,Caltech,Stem,4.0,19109.874457308248,69.93520170043416
140525180049232,2024-09-21,CS401,Caltech,Stem,3.0,15299.0,78.08
140525180049104,2024-12-28,CS401,Caltech,Stem,3.0,15115.0,46.42
140525180050640,2024-06-08,CS401,Caltech,Stem,4.0,15694.0,90.53
140525180057296,2024-09-09,CS501,Caltech,Stem,4.0,20174.0,87.22
140525180044752,2024-11-30,CS401,Caltech,Stem,4.0,15836.0,71.17
140525180044688,2024-11-22,CS401,Caltech,Stem,3.0,16292.0,98.71
140525180046288,2024-07-17,CS601,Caltech,Stem,4.0,19109.874457308248,69.93520170043416
140525180058192,2024-06-22,CS501,Caltech,Stem,4.0,21543.0,96.0
140525180045648,2024-11-30,CS501,Caltech,Stem,5.0,21334.0,51.52
140525180048016,2024-09-17,CS401,Caltech,Stem,3.0,16107.0,97.97
140525180057872,2024-12-28,CS401,Caltech,Stem,4.0,17104.0,58.1
140525180057424,2024-08-26,CS501,Caltech,Stem,4.0,23501.0,82.68
140525180044432,2024-12-03,CS401,Caltech,Stem,5.0,15325.0,98.26
140525180055056,2024-10-24,CS501,Caltech,Stem,3.0,20643.0,80.08
140525180056592,2024-04-06,CS401,Caltech,Stem,3.0,15213.0,96.9
140525180045968,2024-06-24,CS501,Caltech,Stem,4.0,24217.0,89.33
140525180044048,2024-12-28,CS401,Caltech,Stem,5.0,15195.0,91.72
140525180057616,2024-12-11,CS601,Caltech,Stem,3.0,25881.0,94.76
140525180055632,2024-11-15,CS401,Caltech,Stem,4.0,19109.874457308248,69.93520170043416
140525180050064,2024-12-09,CS501,Caltech,Stem,3.0,20256.0,96.15
140525180058832,2024-09-04,CS401,Caltech,Stem,4.0,16491.0,73.52
140525180054800,2024-06-25,CS501,Caltech,Stem,5.0,21049.0,47.9
140525180056784,2024-06-26,CS501,Caltech,Stem,5.0,22031.0,69.0
140525180051216,2024-08-27,CS401,Caltech,Stem,3.0,15780.0,75.63
140525180050256,2024-12-06,CS501,Caltech,Stem,3.0,20132.0,98.19
140525180053328,2024-11-06,CS501,Caltech,Stem,3.0,20186.0,85.49
140525180046800,2024-10-09,CS501,Caltech,Stem,3.0,20240.0,71.04
140525180049488,2024-11-30,CS501,Caltech,Stem,3.0,20155.0,79.29
140525180044176,2024-10-19,CS401,Caltech,Stem,4.0,19109.874457308248,69.93520170043416
140525180057040,2024-03-06,CS501,Caltech,Stem,4.0,20874.0,98.37
140525180043856,2024-11-19,CS401,Caltech,Stem,5.0,16754.0,81.33
140525180047120,2024-11-10,CS401,Caltech,Stem,5.0,18176.0,77.98
140525180045456,2024-10-29,CS501,Caltech,Stem,5.0,20763.0,93.53
140525180049744,2024-12-04,CS401,Caltech,Stem,3.5576437831723657,16585.0,59.02
140525180058320,2024-12-07,CS501,Caltech,Stem,4.0,20226.0,87.27
140525180059472,2024-09-12,CS401,Caltech,Stem,3.0,16281.0,89.25
140525180055184,2024-08-27,CS501,Caltech,Stem,4.0,21959.0,93.64
140525180055120,2024-12-29,CS501,Caltech,Stem,3.0,23187.0,97.13
140525180047760,2024-11-30,CS401,Caltech,Stem,3.0,15261.0,62.03
140525180043920,2024-06-26,CS401,Caltech,Stem,4.0,17599.0,97.26
140525180044496,2024-10-09,CS501,Caltech,Stem,4.0,22251.0,97.32
140525180045520,2024-12-19,CS401,Caltech,Stem,5.0,15662.0,81.03
140525180047696,2024-12-15,CS501,Caltech,Stem,5.0,20338.0,81.57
140525180052304,2024-04-01,CS501,Caltech,Stem,5.0,23300.0,50.81
140525180044880,2024-09-10,CS401,Caltech,Stem,4.0,15048.0,67.44
140525180059344,2024-12-06,CS501,Caltech,Stem,4.0,20624.0,98.53
140525180058000,2024-12-08,CS501,Caltech,Stem,2.0,21816.0,98.66
140525180054160,2024-07-31,CS501,Caltech,Stem,4.0,20010.0,95.3
140525180043728,2024-11-18,CS501,Caltech,Stem,4.0,20295.0,89.71
140525180058064,2024-08-16,CS501,Caltech,Stem,4.0,22398.0,67.99
140525180053008,2024-07-05,CS401,Caltech,Stem,4.0,17030.0,54.17
140525180059600,2024-09-13,CS401,Caltech,Stem,4.0,17046.0,71.24
140525180050320,2024-12-13,CS401,Caltech,Stem,5.0,15083.0,97.93
140525180049552,2024-09-23,CS401,Caltech,Stem,5.0,15770.0,98.17
140525180059216,2024-10-17,CS401,Caltech,Stem,4.0,15212.0,82.7
140525180057680,2024-12-28,CS401,Caltech,Stem,3.0,15416.0,98.28
140525180052624,2024-07-18,CS501,Caltech,Stem,4.0,22158.0,75.69
140525180044368,2024-12-06,CS401,Caltech,Stem,3.0,17113.0,82.57
140525180056528,2024-11-20,CS501,Caltech,Stem,4.0,20849.0,85.44
140525180049360,2024-12-24,CS501,Caltech,Stem,4.0,20082.0,76.69
140525180049808,2024-10-25,CS501,Caltech,Stem,4.0,23409.0,98.82
140525180049296,2024-09-02,CS501,Caltech,Stem,3.0,22649.0,97.26
140525180048912,2024-12-01,CS401,Caltech,Stem,4.0,17192.0,98.13
140525180044944,2024-02-29,CS401,Caltech,Stem,4.0,15103.0,90.98
140525180055312,2024-10-05,CS401,Caltech,Stem,5.0,15647.0,91.93
140525180058640,2024-12-28,CS501,Caltech,Stem,4.0,20632.0,74.81
140525180045200,2024-10-25,CS501,Caltech,Stem,4.0,20327.0,95.55
140525180053136,2024-06-16,CS501,Caltech,Stem,5.0,21546.0,88.4
140525180059088,2024-08-01,CS401,Caltech,Stem,2.0,15170.0,83.09
140525180054288,2024-10-05,CS401,Caltech,Stem,5.0,15342.0,98.33
140525180046992,2024-11-17,CS401,Caltech,Stem,3.0,19109.874457308248,69.93520170043416
140525180053968,2024-12-17,CS601,Caltech,Stem,5.0,25443.0,96.63
140525180052048,2024-09-13,CS501,Caltech,Stem,4.0,22736.0,87.68
140525180043600,2024-12-09,CS501,Caltech,Stem,3.0,23309.0,78.96
140525180047056,2024-06-10,CS501,Caltech,Stem,5.0,20081.0,98.65
140525180053520,2024-08-30,CS501,Caltech,Stem,4.0,20071.0,97.67
140525180043472,2024-10-02,CS401,Caltech,Stem,5.0,17075.0,67.46
140525180055440,2024-10-31,CS401,Caltech,Stem,5.0,15948.0,96.67
140525180045904,2024-08-22,CS401,Caltech,Stem,4.0,15368.0,92.12
140525180054672,2024-12-15,CS401,Caltech,Stem,5.0,15373.0,84.21
140525141945296,2024-12-28,CS501,Caltech,Stem,3.0,22215.0,98.18
140525141935120,2024-10-06,CS401,Caltech,Stem,5.0,15872.0,87.04
140525141943248,2024-05-18,CS401,Caltech,Stem,3.5576437831723657,16236.0,85.75
140525141950416,2024-12-28,CS501,Caltech,Stem,4.0,20861.0,81.84
140525141943760,2024-12-07,CS401,Caltech,Stem,5.0,15053.0,79.61
140525141946320,2024-11-23,CS501,Caltech,Stem,5.0,20106.0,94.39
140525141944272,2024-07-07,CS501,Caltech,Stem,3.5576437831723657,21829.0,60.41
140525141941968,2024-06-09,CS501,Caltech,Stem,5.0,20747.0,71.9
140525141940176,2024-06-22,CS501,Caltech,Stem,4.0,20597.0,72.48
140525141942224,2024-08-29,CS401,Caltech,Stem,3.0,19109.874457308248,69.93520170043416
140525141949136,2024-07-27,CS401,Caltech,Stem,5.0,16423.0,94.73
140525141940432,2024-07-26,CS401,Caltech,Stem,3.0,16225.0,86.48
140525141950160,2024-12-13,CS501,Caltech,Stem,3.0,22637.0,77.21
140525141939920,2024-10-16,CS501,Caltech,Stem,4.0,21416.0,70.9
140525141940688,2024-10-12,CS401,Caltech,Stem,4.0,15119.0,74.44
140525141938128,2024-07-20,CS501,Caltech,Stem,5.0,20239.0,98.57
140525141934352,2024-05-14,CS501,Caltech,Stem,4.0,20136.0,88.44
140525141946064,2024-11-27,CS401,Caltech,Stem,3.5576437831723657,17746.0,87.25
140525141935376,2024-03-26,CS401,Caltech,Stem,4.0,15889.0,80.0
140525141936848,2024-10-01,CS401,Caltech,Stem,4.0,16356.0,57.36
140525141937616,2024-07-22,CS501,Caltech,Stem,4.0,20262.0,79.34
140525141940944,2024-07-16,CS401,Caltech,Stem,3.0,15510.0,90.46
140525141948624,2024-11-06,CS501,Caltech,Stem,3.0,21971.0,93.98
140525141941200,2024-12-28,CS501,Caltech,Stem,4.0,21173.0,79.03
140525141944016,2024-08-23,CS401,Caltech,Stem,4.0,16792.0,85.49
140525141939152,2024-09-27,CS501,Caltech,Stem,5.0,21633.0,94.43
140525141947344,2024-12-06,CS601,Caltech,Stem,4.0,27543.0,62.51
140525141946832,2024-09-14,CS401,Caltech,Stem,4.0,15596.0,91.2
140525141945040,2024-10-20,CS501,Caltech,Stem,5.0,20342.0,85.05
140525141949392,2024-06-19,CS401,Caltech,Stem,2.0,15178.0,97.32
140525141947088,2024-08-29,CS401,Caltech,Stem,3.0,15187.0,85.36
140525141943504,2024-10-02,CS601,Caltech,Stem,4.0,25680.0,89.6
140525141937872,2024-07-17,CS501,Caltech,Stem,5.0,23152.0,98.49
140525179230224,2024-12-04,CS601,Caltech,Stem,3.5576437831723657,26784.0,98.19
140525179233296,2024-10-01,CS401,Caltech,Stem,3.0,17740.0,73.3
140525179233360,2024-11-12,CS501,Caltech,Stem,5.0,20936.0,90.65
140525179238736,2024-05-21,CS501,Caltech,Stem,3.0,20995.0,72.66
140525179229712,2024-11-14,CS501,Caltech,Stem,4.0,20441.0,85.89
140525179238224,2024-11-28,CS401,Caltech,Stem,4.0,15641.0,82.66
140525179225040,2024-12-06,CS401,Caltech,Stem,4.0,15320.0,92.02
140525179235472,2024-11-24,CS501,Caltech,Stem,4.0,20608.0,93.04
140525179236112,2024-11-25,CS401,Caltech,Stem,3.0,17282.0,85.78
140525179238032,2024-11-12,CS401,Caltech,Stem,4.0,19109.874457308248,69.93520170043416
140525179229584,2024-06-07,CS501,Caltech,Stem,4.0,20283.0,96.2
140525179234896,2024-07-04,CS601,Caltech,Stem,4.0,27751.0,98.01
140525179238096,2024-08-09,CS501,Caltech,Stem,4.0,20588.0,98.2
140525179225360,2024-07-05,CS501,Caltech,Stem,5.0,20453.0,84.1
140525179235856,2024-08-09,CS401,Caltech,Stem,4.0,15666.0,94.24
140525179238160,2024-12-28,CS401,Caltech,Stem,5.0,16052.0,79.49
140525179225936,2024-11-30,CS401,Caltech,Stem,5.0,15081.0,87.6
140525179225168,2024-08-23,CS401,Caltech,Stem,4.0,18132.0,96.71
140525179234320,2024-12-28,CS501,Caltech,Stem,5.0,21223.0,73.53
140525179235600,2024-11-06,CS401,Caltech,Stem,4.0,16660.0,84.33
140525179237968,2024-10-28,CS501,Caltech,Stem,4.0,21115.0,66.39
140525179240400,2024-12-28,CS401,Caltech,Stem,4.0,15707.0,97.74
140525179234000,2024-07-22,CS501,Caltech,Stem,4.0,21231.0,98.94
140525179225680,2024-11-04,CS401,Caltech,Stem,4.0,15164.0,92.62
140525179230800,2024-11-06,CS401,Caltech,Stem,4.0,15165.0,88.35
140525179224912,2024-10-26,CS401,Caltech,Stem,4.0,15364.0,56.01
140525179224592,2024-12-28,CS501,Caltech,Stem,4.0,21065.0,70.14
140525179226704,2024-12-20,CS401,Caltech,Stem,5.0,18081.0,80.74
140525179236176,2024-10-13,CS401,Caltech,Stem,5.0,19109.874457308248,69.93520170043416
140525179232784,2024-09-06,CS401,Caltech,Stem,5.0,15439.0,97.4
140525179228432,2024-11-01,CS501,Caltech,Stem,4.0,20620.0,90.6
140525179231312,2024-10-08,CS501,Caltech,Stem,4.0,21713.0,78.41
140525179233552,2024-07-13,CS501,Caltech,Stem,3.5576437831723657,23149.0,75.89
140525179235792,2024-10-27,CS501,Caltech,Stem,3.0,22890.0,87.08
140525179237072,2024-11-05,CS401,Caltech,Stem,4.0,16207.0,96.38
140525179237136,2024-07-17,CS501,Caltech,Stem,4.0,20014.0,94.34
140525179228688,2024-12-04,CS401,Caltech,Stem,4.0,18605.0,54.56
140525179236816,2024-11-24,CS501,Caltech,Stem,5.0,20690.0,62.16
140525179233616,2024-12-28,CS501,Caltech,Stem,4.0,20620.0,61.74
140525179229968,2024-12-06,CS401,Caltech,Stem,4.0,16902.0,90.41
140525179231248,2024-10-16,CS401,Caltech,Stem,4.0,18112.0,87.36
140525179226768,2024-12-01,CS501,Caltech,Stem,4.0,20859.0,91.23
140525179224464,2024-10-23,CS601,Caltech,Stem,4.0,25144.0,64.86
140525179234512,2024-08-14,CS401,Caltech,Stem,3.0,15823.0,67.85
140525179237200,2024-06-18,CS501,Caltech,Stem,3.0,20021.0,86.19
140525179228176,2024-11-14,CS401,Caltech,Stem,4.0,16750.0,83.98
140525179226000,2024-12-02,CS601,Caltech,Stem,3.0,27366.0,79.06
140525179229456,2024-11-24,CS401,Caltech,Stem,4.0,15505.0,92.84
140525179235152,2024-12-28,CS501,Caltech,Stem,4.0,23213.0,88.87
140525179227472,2024-10-28,CS401,Caltech,Stem,5.0,15089.0,68.77
140525179227920,2024-12-27,CS501,Caltech,Stem,5.0,19109.874457308248,69.93520170043416
140525179225488,2024-11-12,CS501,Caltech,Stem,5.0,21449.0,90.39
140525179237264,2024-10-20,CS401,Caltech,Stem,2.0,16081.0,66.85
140525179224976,2024-09-20,CS401,Caltech,Stem,4.0,19109.874457308248,69.93520170043416
140525179234256,2024-10-28,CS501,Caltech,Stem,4.0,23814.0,78.2
140525179231120,2024-09-15,CS501,Caltech,Stem,5.0,21412.0,92.92
140525179232080,2024-06-13,CS501,Caltech,Stem,4.0,19109.874457308248,69.93520170043416
140525179235344,2024-11-21,CS501,Caltech,Stem,4.0,21643.0,70.64
140525179236880,2024-12-08,CS501,Caltech,Stem,4.0,21029.0,69.13
140525179228496,2024-09-18,CS501,Caltech,Stem,2.0,22568.0,98.44
140525179227088,2024-12-15,CS401,Caltech,Stem,3.5576437831723657,16050.0,88.48
140525179239312,2024-11-05,CS501,Caltech,Stem,4.0,22025.0,89.36
140525179240016,2024-11-01,CS401,Caltech,Stem,4.0,16021.0,86.7
140525179232272,2024-10-03,CS401,Caltech,Stem,4.0,16797.0,96.58
140525179226512,2024-12-28,CS501,Caltech,Stem,4.0,21685.0,93.82
140525179232592,2024-12-29,CS401,Caltech,Stem,3.0,16250.0,98.23
140525179234640,2024-11-13,CS401,Caltech,Stem,3.0,16850.0,90.46
140525179227984,2024-12-12,CS601,Caltech,Stem,3.5576437831723657,25257.0,84.47
140525179224720,2024-08-17,CS501,Caltech,Stem,3.0,21478.0,87.84
140525179227408,2024-07-12,CS401,Caltech,Stem,3.0,16937.0,64.9
140525179235280,2024-10-14,CS501,Caltech,Stem,3.0,24295.0,93.91
140525179236752,2024-10-07,CS501,Caltech,Stem,3.0,21444.0,96.81
140525179238992,2024-11-10,CS501,Caltech,Stem,5.0,21041.0,69.82
140525179227024,2024-09-15,CS401,Caltech,Stem,4.0,15163.0,64.53
140525179232464,2024-08-22,CS401,Caltech,Stem,5.0,17124.0,89.07
140525179225232,2024-12-01,CS501,Caltech,Stem,4.0,20991.0,85.96
140525179226896,2024-12-28,CS401,Caltech,Stem,4.0,18483.0,94.76
140525179229008,2024-12-12,CS401,Caltech,Stem,5.0,18693.0,51.66
140525179239248,2024-12-04,CS401,Caltech,Stem,4.0,19109.874457308248,69.93520170043416
140525179230608,2024-11-23,CS501,Caltech,Stem,3.5576437831723657,20241.0,77.69
140525179235728,2024-07-01,CS601,Caltech,Stem,5.0,25426.0,85.43
140525179226256,2024-09-28,CS401,Caltech,Stem,5.0,19109.874457308248,69.93520170043416
140525179228816,2024-10-13,CS601,Caltech,Stem,2.0,26657.0,96.8
140525179229840,2024-04-01,CS401,Caltech,Stem,4.0,16272.0,91.11
140525179230480,2024-11-02,CS401,Caltech,Stem,3.0,16249.0,93.42
140525179231568,2024-03-25,CS501,Caltech,Stem,3.5576437831723657,22415.0,87.24
140525179233040,2024-09-17,CS501,Caltech,Stem,4.0,20838.0,85.74
140525179234768,2024-12-28,CS401,Caltech,Stem,3.0,16988.0,91.1
140525179237712,2024-06-24,CS501,Caltech,Stem,4.0,21822.0,98.97
140525179239760,2024-10-13,CS501,Caltech,Stem,5.0,19109.874457308248,69.93520170043416
140525179226128,2024-10-21,CS501,Caltech,Stem,5.0,22242.0,95.04
140525179232528,2024-11-30,CS401,Caltech,Stem,5.0,16202.0,76.52
140525179240208,2024-08-04,CS501,Caltech,Stem,5.0,21791.0,96.82
140525179231696,2024-10-27,CS401,Caltech,Stem,5.0,15757.0,86.1
140525179236496,2024-12-25,CS401,Caltech,Stem,3.0,16027.0,58.95
140525179238800,2024-02-22,CS401,Caltech,Stem,5.0,15777.0,58.02
140525179230992,2024-08-25,CS401,Caltech,Stem,5.0,19109.874457308248,69.93520170043416
140525179227216,2024-08-22,CS401,Caltech,Stem,3.0,19109.874457308248,69.93520170043416
140525179239824,2024-11-22,CS501,Caltech,Stem,4.0,20154.0,90.01
140525179227536,2024-11-21,CS401,Caltech,Stem,3.0,17885.0,90.37
140525179224208,2024-12-28,CS501,Caltech,Stem,2.0,20535.0,91.62
140525179228240,2024-06-26,CS401,Caltech,Stem,4.0,15279.0,96.32
140525179233744,2024-07-03,CS401,Caltech,Stem,4.0,16697.0,89.81
140525179236240,2024-06-26,CS501,Caltech,Stem,5.0,20013.0,87.9
140525179224400,2024-06-05,CS401,Caltech,Stem,3.5576437831723657,17288.0,93.84
140525180334608,2024-06-18,CS401,Caltech,Stem,5.0,18482.0,80.03
140525180331792,2024-12-03,CS401,Caltech,Stem,5.0,18472.0,93.07
140525180326480,2024-08-22,CS501,Caltech,Stem,4.0,20106.0,94.64
140525180322064,2024-12-28,CS401,Caltech,Stem,2.0,19626.0,83.8
140525180336272,2024-11-07,CS501,Caltech,Stem,4.0,20958.0,78.42
140525180337296,2024-11-20,CS401,Caltech,Stem,4.0,15104.0,90.46
140525180326416,2024-11-28,CS401,Caltech,Stem,5.0,18366.0,97.2
140525180334416,2024-10-05,CS501,Caltech,Stem,4.0,20791.0,98.33
140525180337936,2024-10-02,CS401,Caltech,Stem,4.0,15140.0,94.56
140525180322960,2024-11-29,CS601,Caltech,Stem,5.0,25577.0,91.26
140525180325904,2024-08-10,CS401,Caltech,Stem,2.0,15481.0,89.06
140525180337552,2024-09-11,CS501,Caltech,Stem,2.0,20046.0,97.1
140525180334672,2024-09-06,CS501,Caltech,Stem,5.0,21893.0,97.81
140525180331600,2024-12-03,CS401,Caltech,Stem,5.0,15067.0,91.86
140525180332304,2024-08-18,CS501,Caltech,Stem,4.0,20706.0,88.41
140525180331856,2024-12-11,CS501,Caltech,Stem,4.0,21568.0,65.28
140525180330128,2024-08-05,CS501,Caltech,Stem,5.0,19109.874457308248,69.93520170043416
140525180322384,2024-12-14,CS401,Caltech,Stem,3.0,17944.0,96.7
140525180336208,2024-12-06,CS501,Caltech,Stem,5.0,20123.0,85.2
140525180324880,2024-10-14,CS501,Caltech,Stem,4.0,19109.874457308248,69.93520170043416
140525180333456,2024-04-20,CS401,Caltech,Stem,4.0,18093.0,93.15
140525180327184,2024-09-25,CS501,Caltech,Stem,5.0,20410.0,51.39
140525180333712,2024-10-02,CS501,Caltech,Stem,5.0,22965.0,73.68
140525180337424,2024-11-20,CS401,Caltech,Stem,5.0,17334.0,70.21
140525180328272,2024-09-29,CS401,Caltech,Stem,4.0,17494.0,61.9
140525180329488,2024-10-18,CS401,Caltech,Stem,4.0,15067.0,98.79
140525180330896,2024-10-05,CS401,Caltech,Stem,4.0,15026.0,89.51
140525180333584,2024-11-13,CS401,Caltech,Stem,4.0,16075.0,93.7
140525180335440,2024-12-25,CS401,Caltech,Stem,4.0,16125.0,84.48
140525180336784,2024-11-20,CS501,Caltech,Stem,3.0,20575.0,88.55
140525180325264,2024-10-03,CS601,Caltech,Stem,5.0,25785.0,79.42
140525180331024,2024-12-22,CS401,Caltech,Stem,5.0,15975.0,95.67
140525180333904,2024-08-11,CS401,Caltech,Stem,4.0,15316.0,86.42
140525180325072,2024-11-03,CS401,Caltech,Stem,4.0,15283.0,93.85
140525180329552,2024-11-26,CS401,Caltech,Stem,4.0,15223.0,86.65
140525180330000,2024-11-26,CS501,Caltech,Stem,3.0,21669.0,85.76
140525180325200,2024-09-10,CS501,Caltech,Stem,2.0,22127.0,89.04
140525180334352,2024-09-28,CS401,Caltech,Stem,4.0,15195.0,93.14
140525180329168,2024-07-08,CS501,Caltech,Stem,4.0,20840.0,96.11
140525180323600,2024-11-08,CS401,Caltech,Stem,5.0,15600.0,97.11
140525180334864,2024-11-07,CS501,Caltech,Stem,3.0,22557.0,81.49
140525180331664,2024-08-28,CS401,Caltech,Stem,4.0,15745.0,79.32
140525180335888,2024-03-23,CS401,Caltech,Stem,4.0,16201.0,96.48
140525180331152,2024-09-01,CS401,Caltech,Stem,4.0,19109.874457308248,69.93520170043416
140525180328848,2024-10-22,CS401,Caltech,Stem,4.0,15335.0,73.86
140525180330384,2024-10-13,CS401,Caltech,Stem,5.0,16016.0,78.68
140525180322704,2024-06-26,CS501,Caltech,Stem,3.0,23012.0,88.49
140525180329232,2024-12-02,CS601,Caltech,Stem,4.0,25821.0,72.71
140525180331088,2024-06-21,CS401,Caltech,Stem,4.0,15308.0,83.78
140525180326160,2024-09-21,CS401,Caltech,Stem,4.0,15190.0,96.87
140525180337168,2024-12-06,CS401,Caltech,Stem,5.0,15898.0,89.35
140525180332560,2024-11-01,CS401,Caltech,Stem,5.0,15923.0,83.99
140525180326288,2024-11-02,CS401,Caltech,Stem,3.0,16695.0,84.25
140525180335696,2024-02-19,CS501,Caltech,Stem,4.0,21359.0,97.72
140525180324624,2024-09-10,CS401,Caltech,Stem,5.0,15013.0,94.74
140525180329360,2024-11-30,CS501,Caltech,Stem,5.0,19109.874457308248,69.93520170043416
140525180323088,2024-11-26,CS401,Caltech,Stem,4.0,18947.0,93.11
140525180335184,2024-09-18,CS401,Caltech,Stem,4.0,15770.0,97.41
140525180332432,2024-10-14,CS501,Caltech,Stem,2.0,20274.0,92.74
140525180326928,2024-10-15,CS401,Caltech,Stem,5.0,15007.0,78.76
140525180335376,2024-10-05,CS401,Caltech,Stem,5.0,15038.0,74.22
140525180327568,2024-06-26,CS401,Caltech,Stem,3.0,15653.0,93.87
140525180334160,2024-12-20,CS501,Caltech,Stem,4.0,22379.0,73.12
140525180325776,2024-11-20,CS501,Caltech,Stem,4.0,21035.0,80.29
140525180336144,2024-09-21,CS501,Caltech,Stem,4.0,20401.0,89.45
140525180321936,2024-02-13,CS401,Caltech,Stem,3.0,17508.0,92.51
140525180327504,2024-05-30,CS401,Caltech,Stem,5.0,19109.874457308248,69.93520170043416
140525180335632,2024-05-25,CS501,Caltech,Stem,4.0,19109.874457308248,69.93520170043416
140525180332112,2024-10-22,CS401,Caltech,Stem,4.0,15408.0,95.35
140525180336400,2024-06-12,CS501,Caltech,Stem,3.0,20131.0,86.01
140525180335952,2024-10-09,CS401,Caltech,Stem,5.0,15478.0,73.18
140525180328336,2024-09-25,CS501,Caltech,Stem,5.0,21074.0,85.07
140525180332880,2024-05-29,CS401,Caltech,Stem,4.0,18086.0,62.16
140525180337808,2024-11-21,CS401,Caltech,Stem,4.0,17259.0,92.75
140525180336528,2024-08-24,CS601,Caltech,Stem,4.0,25735.0,74.05
140525180335760,2024-09-24,CS401,Caltech,Stem,5.0,18304.0,85.31
140525180330256,2024-10-20,CS501,Caltech,Stem,3.0,20571.0,94.93
140525180322128,2024-10-19,CS401,Caltech,Stem,3.0,16132.0,84.09
140525180323664,2024-09-23,CS501,Caltech,Stem,5.0,20544.0,69.11
140525180328592,2024-11-11,CS601,Caltech,Stem,4.0,19109.874457308248,69.93520170043416
140525180332368,2024-12-12,CS401,Caltech,Stem,5.0,17300.0,97.17
140525180338128,2024-09-10,CS501,Caltech,Stem,4.0,20723.0,73.58
140525180335504,2024-11-15,CS501,Caltech,Stem,3.0,21839.0,72.18
140525180324048,2024-11-03,CS401,Caltech,Stem,3.5576437831723657,17101.0,98.25
140525180324944,2024-11-10,CS401,Caltech,Stem,4.0,15609.0,82.46
140525180336976,2024-10-28,CS401,Caltech,Stem,3.5576437831723657,15139.0,84.11
140525180335120,2024-08-06,CS401,Caltech,Stem,3.5576437831723657,15032.0,91.36
140525180331408,2024-03-16,CS501,Caltech,Stem,5.0,20428.0,97.88
140525180327440,2024-06-19,CS501,Caltech,Stem,4.0,21765.0,75.78
140525180334736,2024-12-09,CS401,Caltech,Stem,4.0,15424.0,95.68
140525180328144,2024-11-11,CS501,Caltech,Stem,5.0,20492.0,83.81
140525180330064,2024-11-21,CS401,Caltech,Stem,4.0,18696.0,90.93
140525180324432,2024-05-04,CS501,Caltech,Stem,4.0,21381.0,83.99
140525180334992,2024-11-02,CS601,Caltech,Stem,3.0,19109.874457308248,69.93520170043416
140525180331216,2024-09-30,CS501,Caltech,Stem,2.0,20047.0,55.32
140525180323472,2024-11-22,CS401,Caltech,Stem,1.0,19109.874457308248,69.93520170043416
140525180334288,2024-11-07,CS501,Caltech,Stem,3.0,21110.0,92.96
140525180330832,2024-10-09,CS501,Caltech,Stem,5.0,20612.0,75.49
140525180323856,2024-11-21,CS401,Caltech,Stem,5.0,16122.0,86.7
140525180333200,2024-12-28,CS401,Caltech,Stem,4.0,15608.0,98.35
140525180333264,2024-10-26,CS401,Caltech,Stem,2.0,16214.0,97.97
140525180322640,2024-12-22,CS501,Caltech,Stem,4.0,21886.0,92.03
140525180326032,2024-06-30,CS401,Caltech,Stem,4.0,17069.0,96.6
140525180323152,2024-09-04,CS501,Caltech,Stem,5.0,21169.0,73.83
140525180658384,2024-12-03,CS601,Caltech,Stem,5.0,26109.0,93.96
140525180658128,2024-10-13,CS501,Caltech,Stem,3.0,21193.0,96.62
140525180650576,2024-12-14,CS501,Caltech,Stem,4.0,20554.0,94.19
140525180663440,2024-12-04,CS501,Caltech,Stem,4.0,20395.0,69.71
140525180658768,2024-12-28,CS401,Caltech,Stem,5.0,15556.0,93.49
140525180661584,2024-12-14,CS501,Caltech,Stem,4.0,21911.0,94.59
140525180659728,2024-12-22,CS501,Caltech,Stem,5.0,21152.0,94.74
140525180657616,2024-12-17,CS401,Caltech,Stem,4.0,15080.0,94.29
140525180664528,2024-06-17,CS401,Caltech,Stem,4.0,15560.0,69.92
140525180652688,2024-11-13,CS401,Caltech,Stem,4.0,16035.0,96.97
140525180655696,2024-10-02,CS401,Caltech,Stem,4.0,17111.0,94.66
140525180650832,2024-12-11,CS401,Caltech,Stem,5.0,15587.0,50.83
140525180650192,2024-10-30,CS401,Caltech,Stem,5.0,15865.0,93.69
140525180655248,2024-08-22,CS501,Caltech,Stem,3.0,22473.0,98.52
140525180656912,2024-12-23,CS501,Caltech,Stem,3.0,19109.874457308248,69.93520170043416
140525180658576,2024-12-04,CS401,Caltech,Stem,4.0,15330.0,67.29
140525180653072,2024-09-22,CS501,Caltech,Stem,4.0,21013.0,61.47
140525180659536,2024-12-28,CS501,Caltech,Stem,5.0,22335.0,81.27
140525180654608,2024-12-28,CS501,Caltech,Stem,2.0,21362.0,87.55
140525180655120,2024-10-28,CS401,Caltech,Stem,4.0,16900.0,97.1
140525180665168,2024-12-24,CS401,Caltech,Stem,5.0,16856.0,82.26
140525180650512,2024-11-13,CS401,Caltech,Stem,3.5576437831723657,15637.0,92.68
140525180660368,2024-12-11,CS401,Caltech,Stem,4.0,16309.0,97.43
140525180652368,2024-12-21,CS401,Caltech,Stem,3.0,17643.0,84.83
140525180665808,2024-11-20,CS401,Caltech,Stem,3.0,15707.0,73.15
140525180652816,2024-05-05,CS501,Caltech,Stem,3.0,22517.0,82.74
140525180653648,2024-09-18,CS401,Caltech,Stem,4.0,15187.0,96.83
140525180662864,2024-03-20,CS601,Caltech,Stem,5.0,26140.0,96.55
140525180651152,2024-06-24,CS401,Caltech,Stem,4.0,16142.0,86.33
140525180655504,2024-11-10,CS501,Caltech,Stem,3.0,21296.0,92.37
140525180663120,2024-10-15,CS401,Caltech,Stem,5.0,17168.0,64.57
140525180653584,2024-11-19,CS501,Caltech,Stem,3.5576437831723657,23317.0,87.75
140525180665040,2024-10-15,CS501,Caltech,Stem,3.0,21851.0,89.73
140525180650640,2024-12-28,CS501,Caltech,Stem,5.0,21679.0,97.13
140525180665424,2024-11-12,CS401,Caltech,Stem,5.0,15073.0,80.95
140525180654096,2024-12-28,CS401,Caltech,Stem,5.0,15625.0,96.63
140525180659856,2024-11-03,CS501,Caltech,Stem,4.0,20233.0,98.03
140525180650256,2024-12-10,CS401,Caltech,Stem,5.0,17128.0,92.36
140525180652112,2024-10-26,CS401,Caltech,Stem,3.0,16549.0,90.63
140525180663568,2024-04-24,CS501,Caltech,Stem,4.0,21681.0,68.21
140525180659280,2024-09-12,CS401,Caltech,Stem,3.0,15303.0,98.42
140525180653776,2024-12-20,CS501,Caltech,Stem,4.0,22309.0,89.14
140525180652560,2024-12-28,CS501,Caltech,Stem,4.0,19109.874457308248,69.93520170043416
140525180661264,2024-11-05,CS501,Caltech,Stem,5.0,20626.0,91.72
140525180661968,2024-11-30,CS401,Caltech,Stem,4.0,16042.0,94.82
140525180664976,2024-12-09,CS401,Caltech,Stem,4.0,17520.0,81.33
140525180665296,2024-10-17,CS501,Caltech,Stem,3.5576437831723657,21082.0,91.28
140525180653520,2024-12-29,CS501,Caltech,Stem,2.0,22783.0,96.08
140525180651024,2024-10-21,CS601,Caltech,Stem,5.0,26610.0,75.11
140525180651984,2024-09-21,CS401,Caltech,Stem,5.0,17459.0,82.2
140525180658064,2024-12-28,CS501,Caltech,Stem,4.0,22485.0,76.66
140525180651408,2024-06-23,CS501,Caltech,Stem,4.0,20749.0,95.09
140525180650448,2024-08-14,CS401,Caltech,Stem,5.0,16630.0,90.54
140525180663888,2024-10-20,CS501,Caltech,Stem,3.5576437831723657,20871.0,96.97
140525180654992,2024-12-24,CS501,Caltech,Stem,5.0,20163.0,82.91
140525180662288,2024-07-24,CS401,Caltech,Stem,5.0,16567.0,85.29
140525180658448,2024-12-24,CS401,Caltech,Stem,4.0,19109.874457308248,69.93520170043416
140525180656720,2024-12-24,CS401,Caltech,Stem,5.0,15635.0,94.5
140525180663312,2024-11-18,CS401,Caltech,Stem,5.0,15586.0,77.84
140525180665232,2024-11-22,CS401,Caltech,Stem,3.0,17737.0,98.42
140525180654352,2024-10-19,CS501,Caltech,Stem,3.0,21124.0,93.47
140525180661392,2024-09-02,CS501,Caltech,Stem,5.0,20684.0,73.98
140525180662928,2024-11-02,CS401,Caltech,Stem,4.0,16061.0,75.87
140525180663376,2024-11-25,CS401,Caltech,Stem,4.0,15228.0,89.37
140525180656208,2024-08-08,CS501,Caltech,Stem,5.0,20558.0,97.23
140525180652624,2024-11-16,CS401,Caltech,Stem,4.0,16667.0,79.29
140525180657360,2024-10-06,CS401,Caltech,Stem,3.5576437831723657,17890.0,92.4
140525180660880,2024-06-21,CS401,Caltech,Stem,3.0,15969.0,96.87
140525180656080,2024-02-28,CS501,Caltech,Stem,2.0,20530.0,63.55
140525180664080,2024-11-05,CS501,Caltech,Stem,3.5576437831723657,21679.0,98.2
140525180665680,2024-07-30,CS401,Caltech,Stem,3.5576437831723657,16528.0,92.11
140525180658512,2024-11-10,CS401,Caltech,Stem,4.0,15288.0,74.83
140525180649872,2024-09-23,CS501,Caltech,Stem,5.0,21865.0,95.1
140525180655888,2024-10-07,CS501,Caltech,Stem,3.0,20714.0,83.43
140525180651600,2024-11-30,CS501,Caltech,Stem,4.0,23038.0,91.66
140525180651664,2024-12-17,CS501,Caltech,Stem,5.0,21134.0,89.8
140525180651536,2024-08-08,CS401,Caltech,Stem,4.0,19109.874457308248,69.93520170043416
140525180661008,2024-12-10,CS501,Caltech,Stem,4.0,20495.0,93.77
140525180659408,2024-12-18,CS401,Caltech,Stem,2.0,16300.0,83.49
140525180657488,2024-11-28,CS501,Caltech,Stem,3.0,22358.0,77.74
140525180656016,2024-09-16,CS501,Caltech,Stem,3.0,19109.874457308248,69.93520170043416
140525180660944,2024-12-22,CS501,Caltech,Stem,4.0,20528.0,79.85
140525180657040,2024-11-23,CS401,Caltech,Stem,5.0,15550.0,71.16
140525180663632,2024-10-25,CS401,Caltech,Stem,4.0,16183.0,78.97
140525180658192,2024-07-19,CS401,Caltech,Stem,3.5576437831723657,15560.0,98.05
140525180654864,2024-09-26,CS401,Caltech,Stem,4.0,15218.0,87.7
140525180657872,2024-11-18,CS401,Caltech,Stem,4.0,18094.0,86.96
140525180659152,2024-08-25,CS501,Caltech,Stem,2.0,20208.0,86.49
140525180665616,2024-08-23,CS501,Caltech,Stem,4.0,21965.0,97.13
140525180652048,2024-09-27,CS401,Caltech,Stem,3.0,15988.0,75.73
140525180664336,2024-12-05,CS401,Caltech,Stem,3.0,15993.0,95.73
140525180657808,2024-06-07,CS401,Caltech,Stem,5.0,16243.0,80.77
140525180660048,2024-08-11,CS401,Caltech,Stem,4.0,16043.0,91.52
140525180658832,2024-11-18,CS401,Caltech,Stem,5.0,18444.0,79.18
140525180653264,2024-09-09,CS401,Caltech,Stem,2.0,15695.0,81.58
140525180652176,2024-05-30,CS401,Caltech,Stem,3.0,17673.0,97.51
140525180649552,2024-09-09,CS501,Caltech,Stem,4.0,21430.0,87.61
140525180658000,2024-10-25,CS501,Caltech,Stem,5.0,20509.0,85.25
140525180665104,2024-11-10,CS401,Caltech,Stem,5.0,19109.874457308248,69.93520170043416
140525180661840,2024-06-06,CS501,Caltech,Stem,5.0,22937.0,98.33
140525180660304,2024-11-11,CS401,Caltech,Stem,3.5576437831723657,15426.0,93.55
140525180657552,2024-07-13,CS401,Caltech,Stem,4.0,15348.0,87.15
140525180652496,2024-12-25,CS501,Caltech,Stem,4.0,20308.0,92.82
140525180649680,2024-06-06,CS501,Caltech,Stem,5.0,21735.0,85.76
140525180654416,2024-09-24,CS401,Caltech,Stem,4.0,17612.0,90.12
140525180653840,2024-12-10,CS401,Caltech,Stem,5.0,15659.0,84.44
140525180655952,2024-11-18,CS501,Caltech,Stem,2.0,20556.0,90.26
140525180662480,2024-05-26,CS501,Caltech,Stem,4.0,20797.0,89.68
140525180659664,2024-11-01,CS401,Caltech,Stem,5.0,15181.0,82.7
140525180655376,2024-12-29,CS501,Caltech,Stem,5.0,20182.0,71.94
140525180660496,2024-12-22,CS501,Caltech,Stem,3.0,20817.0,83.81
140525180664720,2024-11-27,CS501,Caltech,Stem,4.0,24056.0,69.98
140525180654288,2024-09-15,CS401,Caltech,Stem,5.0,16403.0,73.34
140525180649808,2024-07-14,CS501,Caltech,Stem,3.0,20501.0,61.26
140525180664400,2024-07-14,CS501,Caltech,Stem,5.0,22019.0,86.86
140525180656144,2024-12-09,CS501,Caltech,Stem,4.0,20606.0,94.79
140525180652944,2024-08-25,CS501,Caltech,Stem,5.0,20902.0,87.83
140525180661200,2024-11-19,CS501,Caltech,Stem,3.5576437831723657,20897.0,73.33
140525180664592,2024-11-04,CS401,Caltech,Stem,3.5576437831723657,15100.0,97.66
140525180661072,2024-10-04,CS501,Caltech,Stem,4.0,20673.0,54.25
140525180659472,2024-09-30,CS501,Caltech,Stem,4.0,21196.0,82.25
140525180656592,2024-11-25,CS501,Caltech,Stem,3.0,20118.0,97.06
140525180654224,2024-11-22,CS501,Caltech,Stem,4.0,21686.0,90.85
140525180660240,2024-04-22,CS501,Caltech,Stem,3.5576437831723657,19109.874457308248,69.93520170043416
140525180660432,2024-12-12,CS401,Caltech,Stem,5.0,15326.0,92.11
140525180661776,2024-10-02,CS401,Caltech,Stem,4.0,15126.0,92.69
140525180663824,2024-11-25,CS501,Caltech,Stem,5.0,20700.0,74.51
140525180650064,2024-10-29,CS501,Caltech,Stem,4.0,23465.0,98.16
140525180650960,2024-11-12,CS401,Caltech,Stem,4.0,16049.0,89.91
140525182478864,2024-09-20,CS601,Caltech,Stem,5.0,26017.0,80.27
140525182477968,2024-11-19,CS501,Caltech,Stem,5.0,21823.0,80.3
140525182480976,2024-12-22,CS401,Caltech,Stem,4.0,17757.0,56.96
140525182473488,2024-11-15,CS601,Caltech,Stem,5.0,27317.0,95.5
140525182469200,2024-10-21,CS401,Caltech,Stem,3.0,15966.0,91.04
140525182479952,2024-05-28,CS501,Caltech,Stem,4.0,20521.0,77.94
140525182469968,2024-12-19,CS401,Caltech,Stem,3.5576437831723657,19109.874457308248,69.93520170043416
140525182476560,2024-11-01,CS401,Caltech,Stem,4.0,15521.0,94.96
140525182479376,2024-12-28,CS501,Caltech,Stem,5.0,20340.0,72.57
140525182479632,2024-08-05,CS501,Caltech,Stem,3.0,21701.0,77.0
140525182479888,2024-10-10,CS501,Caltech,Stem,5.0,20027.0,81.29
140525182481936,2024-09-16,CS501,Caltech,Stem,5.0,21195.0,82.67
140525182471184,2024-10-20,CS501,Caltech,Stem,5.0,19109.874457308248,69.93520170043416
140525182476688,2024-12-07,CS601,Caltech,Stem,3.5576437831723657,27235.0,96.05
140525182479504,2024-08-10,CS601,Caltech,Stem,3.0,25826.0,71.03
140525182471824,2024-10-10,CS501,Caltech,Stem,5.0,20859.0,98.11
140525182469008,2024-11-19,CS401,Caltech,Stem,4.0,15537.0,86.99
140525182470928,2024-08-08,CS501,Caltech,Stem,4.0,21127.0,96.62
140525182469264,2024-07-14,CS601,Caltech,Stem,4.0,26447.0,81.13
140525182468752,2024-08-09,CS401,Caltech,Stem,4.0,15629.0,72.0
140525182473872,2024-11-28,CS501,Caltech,Stem,4.0,21499.0,97.65
140525182475408,2024-09-18,CS401,Caltech,Stem,4.0,16234.0,74.93
140525182468432,2024-07-08,CS501,Caltech,Stem,4.0,22391.0,96.54
140525182468176,2024-06-22,CS501,Caltech,Stem,4.0,22111.0,86.63
140525182479120,2024-11-17,CS501,Caltech,Stem,4.0,20026.0,79.65
140525182473360,2024-12-28,CS401,Caltech,Stem,4.0,15596.0,84.77
140525182483792,2024-05-22,CS401,Caltech,Stem,5.0,16637.0,95.94
140525182469520,2024-09-03,CS501,Caltech,Stem,4.0,23234.0,96.05
140525182481552,2024-10-14,CS401,Caltech,Stem,4.0,15493.0,87.6
140525182482832,2024-11-20,CS601,Caltech,Stem,5.0,26552.0,97.49
140525182473616,2024-10-27,CS401,Caltech,Stem,4.0,17553.0,88.79
140525182480912,2024-11-26,CS501,Caltech,Stem,4.0,20892.0,96.59
140525182478480,2024-06-17,CS601,Caltech,Stem,5.0,28108.0,88.46
140525182482000,2024-11-27,CS401,Caltech,Stem,4.0,18170.0,94.44
140525182470544,2024-09-18,CS401,Caltech,Stem,5.0,16642.0,88.55
140525182479440,2024-08-31,CS401,Caltech,Stem,3.0,16836.0,86.66
140525182473744,2024-05-13,CS501,Caltech,Stem,3.5576437831723657,20211.0,68.4
140525182483472,2024-10-24,CS501,Caltech,Stem,4.0,21482.0,78.42
140525182471440,2024-08-29,CS501,Caltech,Stem,4.0,22970.0,62.92
140525182483024,2024-06-02,CS401,Caltech,Stem,2.0,16125.0,72.96
140525182478672,2024-08-17,CS401,Caltech,Stem,4.0,16698.0,81.72
140525182484112,2024-10-17,CS501,Caltech,Stem,4.0,20528.0,98.57
140525182481360,2024-09-20,CS501,Caltech,Stem,5.0,20017.0,87.4
140525182483280,2024-12-05,CS501,Caltech,Stem,5.0,20699.0,73.16
140525182477392,2024-12-02,CS401,Caltech,Stem,4.0,16802.0,91.4
140525182474384,2024-07-09,CS401,Caltech,Stem,3.5576437831723657,15888.0,90.92
140525182479696,2024-12-21,CS501,Caltech,Stem,5.0,19109.874457308248,69.93520170043416
140525182481232,2024-12-13,CS401,Caltech,Stem,3.0,17361.0,91.61
140525182475536,2024-09-30,CS401,Caltech,Stem,5.0,15282.0,95.65
140525182477584,2024-09-01,CS501,Caltech,Stem,3.0,20457.0,83.29
140525182468624,2024-07-04,CS401,Caltech,Stem,5.0,16526.0,89.67
140525182471696,2024-12-02,CS501,Caltech,Stem,4.0,21331.0,59.19
140525182477072,2024-10-26,CS401,Caltech,Stem,3.0,16936.0,98.8
140525182482768,2024-09-04,CS501,Caltech,Stem,3.0,20446.0,89.31
140525182471248,2024-09-28,CS501,Caltech,Stem,3.0,20225.0,80.82
140525182480272,2024-12-20,CS501,Caltech,Stem,5.0,21506.0,79.03
140525182480144,2024-11-25,CS501,Caltech,Stem,4.0,20542.0,98.01
140525182482576,2024-12-20,CS501,Caltech,Stem,4.0,20521.0,94.8
140525182473808,2024-09-22,CS401,Caltech,Stem,4.0,19109.874457308248,69.93520170043416
140525182480208,2024-05-31,CS401,Caltech,Stem,4.0,17137.0,88.34
140525182470160,2024-03-10,CS601,Caltech,Stem,4.0,19109.874457308248,69.93520170043416
140525182480528,2024-12-10,CS401,Caltech,Stem,4.0,15768.0,62.66
140525182469392,2024-12-28,CS401,Caltech,Stem,5.0,15982.0,89.64
140525182484368,2024-08-09,CS401,Caltech,Stem,4.0,17125.0,84.19
140525182478992,2024-07-12,CS501,Caltech,Stem,3.0,22799.0,98.81
140525182475920,2024-09-21,CS601,Caltech,Stem,4.0,26046.0,89.98
140525182482960,2024-11-24,CS401,Caltech,Stem,4.0,18080.0,90.24
140525182479760,2024-07-21,CS501,Caltech,Stem,3.0,20705.0,94.86
140525182472272,2024-11-22,CS501,Caltech,Stem,4.0,22028.0,93.53
140525182470480,2024-12-12,CS501,Caltech,Stem,4.0,20210.0,95.57
140525182478736,2024-06-03,CS401,Caltech,Stem,5.0,15130.0,66.19
140525182474320,2024-11-06,CS401,Caltech,Stem,4.0,16162.0,85.2
140525182476880,2024-11-04,CS501,Caltech,Stem,5.0,23724.0,73.96
140525182484048,2024-07-17,CS501,Caltech,Stem,4.0,20183.0,96.75
140525182477904,2024-10-12,CS401,Caltech,Stem,4.0,19109.874457308248,69.93520170043416
140525182477456,2024-09-19,CS401,Caltech,Stem,5.0,19109.874457308248,69.93520170043416
140525182476368,2024-06-11,CS501,Caltech,Stem,4.0,19109.874457308248,69.93520170043416
140525182482320,2024-11-30,CS401,Caltech,Stem,5.0,15240.0,82.93
140525182483088,2024-12-28,CS501,Caltech,Stem,3.0,20252.0,91.65
140525182470992,2024-06-30,CS401,Caltech,Stem,5.0,15587.0,97.57
140525182468368,2024-09-26,CS401,Caltech,Stem,4.0,15008.0,88.45
140525182476944,2024-11-22,CS501,Caltech,Stem,4.0,22602.0,90.82
140525178637264,2024-07-07,CS401,Caltech,Stem,3.0,15281.0,97.37
140525178639056,2024-09-08,CS501,Caltech,Stem,4.0,20662.0,96.35
140525178636752,2024-07-22,CS501,Caltech,Stem,3.0,22325.0,98.22
140525178635472,2024-07-18,CS501,Caltech,Stem,2.0,21195.0,80.8
140525178644432,2024-10-04,CS401,Caltech,Stem,4.0,16417.0,97.54
140525178650064,2024-08-24,CS501,Caltech,Stem,4.0,20805.0,95.82
140525178636368,2024-12-18,CS401,Caltech,Stem,4.0,15327.0,89.97
140525178639312,2024-12-29,CS401,Caltech,Stem,5.0,15256.0,84.35
140525178643536,2024-10-24,CS401,Caltech,Stem,4.0,15090.0,91.99
140525178638800,2024-12-15,CS401,Caltech,Stem,5.0,15887.0,81.65
140525178643344,2024-12-28,CS401,Caltech,Stem,4.0,15280.0,90.14
140525178636560,2024-11-16,CS501,Caltech,Stem,4.0,21076.0,76.27
140525178645776,2024-09-21,CS401,Caltech,Stem,3.0,15039.0,95.69
140525178635984,2024-05-13,CS401,Caltech,Stem,3.5576437831723657,15789.0,84.96
140525178636112,2024-09-24,CS501,Caltech,Stem,3.0,22813.0,89.47
140525178637392,2024-10-09,CS401,Caltech,Stem,4.0,15998.0,94.52
140525178642320,2024-12-14,CS501,Caltech,Stem,5.0,21069.0,86.66
140525178648848,2024-09-09,CS601,Caltech,Stem,4.0,25157.0,60.05
140525178637072,2024-07-20,CS401,Caltech,Stem,5.0,16282.0,83.67
140525178647056,2024-10-29,CS501,Caltech,Stem,4.0,22168.0,97.48
140525178642448,2024-08-20,CS501,Caltech,Stem,3.0,20166.0,73.68
140525178647376,2024-11-11,CS501,Caltech,Stem,3.0,20665.0,63.83
140525178638480,2024-05-24,CS401,Caltech,Stem,3.0,15802.0,96.09
140525178642832,2024-10-02,CS501,Caltech,Stem,4.0,19109.874457308248,69.93520170043416
140525178648016,2024-07-05,CS601,Caltech,Stem,4.0,26465.0,77.84
140525178641168,2024-12-02,CS501,Caltech,Stem,4.0,21304.0,89.89
140525178645584,2024-11-30,CS401,Caltech,Stem,5.0,16973.0,93.3
140525178647312,2024-11-13,CS401,Caltech,Stem,5.0,16615.0,96.76
140525178640656,2024-10-23,CS501,Caltech,Stem,4.0,19109.874457308248,69.93520170043416
140525178638608,2024-08-03,CS401,Caltech,Stem,3.0,15567.0,75.23
140525178645520,2024-07-20,CS501,Caltech,Stem,4.0,20587.0,79.11
140525178640464,2024-10-08,CS401,Caltech,Stem,3.0,17129.0,97.24
140525178650512,2024-11-17,CS501,Caltech,Stem,4.0,22157.0,98.9
140525178646160,2024-11-13,CS501,Caltech,Stem,4.0,20994.0,80.4
140525178635088,2024-09-24,CS501,Caltech,Stem,2.0,21418.0,94.59
140525178647568,2024-10-22,CS501,Caltech,Stem,4.0,21155.0,98.38
140525178646032,2024-09-26,CS401,Caltech,Stem,4.0,15986.0,92.48
140525178640976,2024-09-21,CS601,Caltech,Stem,5.0,27174.0,97.01
140525178648336,2024-12-05,CS401,Caltech,Stem,4.0,15364.0,93.34
140525178646608,2024-11-08,CS401,Caltech,Stem,3.0,16153.0,96.6
140525178645904,2024-07-26,CS501,Caltech,Stem,3.0,20410.0,78.74
140525178640912,2024-12-25,CS501,Caltech,Stem,4.0,20611.0,96.67
140525178639504,2024-05-29,CS601,Caltech,Stem,5.0,26731.0,77.77
140525178647504,2024-12-05,CS501,Caltech,Stem,5.0,21350.0,86.99
140525178636880,2024-12-23,CS401,Caltech,Stem,5.0,15522.0,98.73
140525178645072,2024-08-08,CS401,Caltech,Stem,4.0,15566.0,91.48
140525178646480,2024-11-05,CS501,Caltech,Stem,5.0,20171.0,97.91
140525178646864,2024-12-28,CS401,Caltech,Stem,5.0,19109.874457308248,69.93520170043416
140525178638416,2024-12-18,CS401,Caltech,Stem,3.0,17839.0,73.68
140525178638544,2024-10-01,CS401,Caltech,Stem,5.0,15884.0,98.4
140525178648464,2024-10-07,CS501,Caltech,Stem,4.0,19109.874457308248,69.93520170043416
140525178637840,2024-10-13,CS501,Caltech,Stem,3.0,22106.0,93.02
140525178637328,2024-09-21,CS401,Caltech,Stem,3.0,19109.874457308248,69.93520170043416
140525178646992,2024-08-12,CS401,Caltech,Stem,3.0,16190.0,93.04
140525178641552,2024-10-18,CS501,Caltech,Stem,5.0,22359.0,73.82
140525178639824,2024-09-28,CS501,Caltech,Stem,5.0,20216.0,97.88
140525178649488,2024-08-04,CS401,Caltech,Stem,4.0,19109.874457308248,69.93520170043416
140525178649360,2024-10-28,CS401,Caltech,Stem,5.0,18474.0,93.28
140525178649232,2024-11-17,CS501,Caltech,Stem,4.0,21981.0,94.17
140525178635856,2024-06-22,CS401,Caltech,Stem,5.0,15480.0,66.31
140525178648720,2024-10-09,CS501,Caltech,Stem,4.0,22665.0,87.8
140525178640592,2024-11-01,CS501,Caltech,Stem,5.0,21458.0,88.63
140525178643600,2024-07-30,CS401,Caltech,Stem,3.0,15770.0,75.34
140525178650000,2024-12-06,CS401,Caltech,Stem,3.0,17030.0,93.64
140525178640528,2024-12-08,CS401,Caltech,Stem,5.0,15459.0,98.94
140525178639184,2024-12-16,CS501,Caltech,Stem,2.0,19109.874457308248,69.93520170043416
140525178637584,2024-10-22,CS501,Caltech,Stem,4.0,20720.0,78.75
140525178645392,2024-12-19,CS401,Caltech,Stem,5.0,16156.0,60.36
140525178634512,2024-08-30,CS401,Caltech,Stem,5.0,18282.0,95.48
140525178641424,2024-07-03,CS501,Caltech,Stem,5.0,20309.0,94.88
140525178634960,2024-08-17,CS401,Caltech,Stem,3.0,17051.0,87.88
140525178640080,2024-07-05,CS501,Caltech,Stem,5.0,22891.0,78.69
140525178636816,2024-12-08,CS401,Caltech,Stem,4.0,16996.0,96.88
140525178643152,2024-09-18,CS401,Caltech,Stem,3.0,16817.0,73.0
140525178645200,2024-10-09,CS401,Caltech,Stem,3.0,15450.0,85.19
140525178649808,2024-03-18,CS401,Caltech,Stem,4.0,17806.0,88.91
140525178639952,2024-07-08,CS501,Caltech,Stem,2.0,21116.0,76.48
140525178639120,2024-09-06,CS501,Caltech,Stem,4.0,20846.0,65.55
140525178636240,2024-11-08,CS401,Caltech,Stem,4.0,15245.0,91.24
140525178641872,2024-10-28,CS501,Caltech,Stem,4.0,20361.0,73.88
140525178641104,2024-11-16,CS501,Caltech,Stem,3.0,23870.0,75.29
140525178639696,2024-06-23,CS501,Caltech,Stem,4.0,20456.0,94.81
140525178642640,2024-08-30,CS501,Caltech,Stem,4.0,21869.0,91.74
140525178642384,2024-12-04,CS401,Caltech,Stem,4.0,17043.0,80.75
140525178638352,2024-09-19,CS401,Caltech,Stem,4.0,19109.874457308248,69.93520170043416
140525178644240,2024-08-29,CS401,Caltech,Stem,3.0,18815.0,60.52
140525178650576,2024-12-19,CS401,Caltech,Stem,4.0,16062.0,72.83
140525178641232,2024-11-07,CS501,Caltech,Stem,4.0,22189.0,79.59
140525178637008,2024-11-18,CS401,Caltech,Stem,2.0,17357.0,72.9
140525178638160,2024-09-08,CS601,Caltech,Stem,5.0,25917.0,75.94
140525178637904,2024-12-01,CS501,Caltech,Stem,4.0,21252.0,81.19
140525178641488,2024-09-06,CS401,Caltech,Stem,3.0,15631.0,60.65
140525178646416,2024-11-01,CS401,Caltech,Stem,5.0,16288.0,80.4
140525178649744,2024-08-28,CS401,Caltech,Stem,4.0,17806.0,97.51
140525178646288,2024-07-25,CS501,Caltech,Stem,5.0,20559.0,88.7
140525178634384,2024-12-01,CS501,Caltech,Stem,5.0,21745.0,97.72
140525178642064,2024-10-19,CS401,Caltech,Stem,3.5576437831723657,17484.0,78.67
140525178649040,2024-11-12,CS501,Caltech,Stem,4.0,20641.0,57.94
140525178648208,2024-08-30,CS401,Caltech,Stem,4.0,15900.0,96.16
140525178644816,2024-07-16,CS401,Caltech,Stem,4.0,16698.0,85.72
140525178635792,2024-12-28,CS401,Caltech,Stem,5.0,15938.0,76.96
140525178649872,2024-12-19,CS501,Caltech,Stem,3.0,20412.0,72.91
140525178639376,2024-07-03,CS501,Caltech,Stem,5.0,22735.0,73.71
140525178639440,2024-10-26,CS401,Caltech,Stem,5.0,15450.0,75.86
140525178643920,2024-12-21,CS401,Caltech,Stem,5.0,15806.0,73.9
140525178634576,2024-11-11,CS401,Caltech,Stem,4.0,19109.874457308248,69.93520170043416
140525178639888,2024-12-29,CS501,Caltech,Stem,4.0,21393.0,58.86
140525178634704,2024-07-10,CS501,Caltech,Stem,3.0,23581.0,91.55
140525534201808,2024-12-31,CS601,Caltech,Stem,2.0,27599.0,91.73
140525211750416,2024-05-10,CS501,Caltech,Stem,4.0,23101.0,82.15
140525211750480,2024-10-20,CS501,Caltech,Stem,3.0,20455.0,80.1
140526253696528,2024-08-18,CS401,Caltech,Stem,5.0,19109.874457308248,69.93520170043416
140526253702160,2024-12-06,CS401,Caltech,Stem,5.0,17135.0,94.44
140525211190416,2024-12-28,CS401,Caltech,Stem,5.0,15250.0,97.16
140526253333008,2024-05-10,CS601,Caltech,Stem,3.5576437831723657,26256.0,62.61
140526253330448,2024-06-18,CS501,Caltech,Stem,5.0,20597.0,79.46
140525202680144,2024-12-28,CS401,Caltech,Stem,5.0,19109.874457308248,69.93520170043416
140525202685008,2024-12-28,CS401,Caltech,Stem,5.0,15081.0,74.04
140525534327376,2024-03-03,CS601,Caltech,Stem,3.0,19109.874457308248,69.93520170043416
140525534316048,2024-09-01,CS401,Caltech,Stem,4.0,16108.0,96.66
140525181936976,2024-12-01,CS501,Caltech,Stem,4.0,20061.0,94.14
140525181942224,2024-09-02,CS501,Caltech,Stem,4.0,22513.0,77.56
140525181935056,2024-11-07,CS401,Caltech,Stem,3.5576437831723657,19109.874457308248,69.93520170043416
140525181928720,2024-08-17,CS501,Caltech,Stem,5.0,20461.0,64.57
140525181935504,2024-07-09,CS401,Caltech,Stem,5.0,16282.0,93.88
140525181940688,2024-12-14,CS401,Caltech,Stem,4.0,15912.0,72.29
140525181935888,2024-08-10,CS501,Caltech,Stem,5.0,20737.0,86.92
140525181941328,2024-09-11,CS401,Caltech,Stem,5.0,15588.0,75.5
140525181935568,2024-11-22,CS501,Caltech,Stem,2.0,21771.0,97.86
140525181942416,2024-12-28,CS501,Caltech,Stem,3.0,21021.0,90.98
140525181939600,2024-06-11,CS401,Caltech,Stem,4.0,15085.0,89.76
140525181928976,2024-10-05,CS501,Caltech,Stem,3.0,21053.0,80.53
140525181927568,2024-11-13,CS501,Caltech,Stem,4.0,19109.874457308248,69.93520170043416
140525181941136,2024-06-19,CS501,Caltech,Stem,4.0,20320.0,93.79
140525181929040,2024-10-28,CS401,Caltech,Stem,5.0,15564.0,84.1
140525181937744,2024-12-14,CS501,Caltech,Stem,5.0,20361.0,96.66
140525181942288,2024-12-20,CS401,Caltech,Stem,5.0,15688.0,96.02
140525181928848,2024-06-16,CS501,Caltech,Stem,4.0,20568.0,93.71
140525181938000,2024-09-12,CS501,Caltech,Stem,5.0,20390.0,81.39
140525181940240,2024-08-09,CS501,Caltech,Stem,3.0,22059.0,79.49
140525181941008,2024-12-28,CS401,Caltech,Stem,3.0,15618.0,89.38
140525181929744,2024-11-27,CS401,Caltech,Stem,4.0,16008.0,81.64
140525181937296,2024-07-19,CS501,Caltech,Stem,5.0,22070.0,60.1
140525181933584,2024-11-21,CS501,Caltech,Stem,3.0,20733.0,93.68
140525181942672,2024-09-11,CS501,Caltech,Stem,5.0,22784.0,93.52
140525181927696,2024-12-11,CS501,Caltech,Stem,3.0,20161.0,85.05
140525181941264,2024-10-04,CS501,Caltech,Stem,5.0,20094.0,75.99
140525181939920,2024-06-09,CS501,Caltech,Stem,3.0,21892.0,91.47
140525181933712,2024-12-11,CS501,Caltech,Stem,5.0,20871.0,94.81
140525181940368,2024-12-10,CS501,Caltech,Stem,4.0,21635.0,75.97
140525181942032,2024-12-02,CS501,Caltech,Stem,4.0,21248.0,90.24
140525181929424,2024-12-04,CS601,Caltech,Stem,4.0,19109.874457308248,69.93520170043416
140525181931792,2024-12-23,CS501,Caltech,Stem,4.0,21186.0,98.75
140525181936592,2024-12-23,CS501,Caltech,Stem,4.0,20020.0,78.15
140525181930320,2024-12-26,CS501,Caltech,Stem,4.0,20863.0,71.18
140525181933264,2024-07-18,CS501,Caltech,Stem,3.0,20952.0,70.55
140525181937872,2024-05-21,CS401,Caltech,Stem,4.0,15578.0,89.85
140525181928592,2024-04-10,CS401,Caltech,Stem,3.0,15965.0,91.97
140525181930512,2024-03-01,CS401,Caltech,Stem,5.0,19109.874457308248,69.93520170043416
140525181940112,2024-12-12,CS401,Caltech,Stem,5.0,17622.0,96.05
140525181943568,2024-12-19,CS401,Caltech,Stem,4.0,18553.0,97.75
140525181935952,2024-12-28,CS501,Caltech,Stem,3.0,19109.874457308248,69.93520170043416
140525181941072,2024-11-18,CS401,Caltech,Stem,5.0,16473.0,94.26
140525181932688,2024-12-24,CS401,Caltech,Stem,4.0,19109.874457308248,69.93520170043416
140525181940496,2024-11-10,CS501,Caltech,Stem,4.0,20111.0,92.61
140525181935440,2024-12-29,CS401,Caltech,Stem,4.0,15759.0,98.56
140525181931344,2024-10-05,CS401,Caltech,Stem,4.0,17891.0,89.59
140525181939216,2024-08-23,CS501,Caltech,Stem,5.0,21660.0,93.81
140525181935760,2024-09-04,CS501,Caltech,Stem,3.0,19109.874457308248,69.93520170043416
140525181935312,2024-12-15,CS501,Caltech,Stem,4.0,20947.0,97.48
140525181937040,2024-11-25,CS401,Caltech,Stem,3.0,16463.0,87.74
140525181942736,2024-12-08,CS401,Caltech,Stem,3.0,15681.0,92.0
140525181928912,2024-11-05,CS501,Caltech,Stem,5.0,23269.0,87.1
140525181927504,2024-07-06,CS501,Caltech,Stem,4.0,21466.0,76.15
140525181936144,2024-10-31,CS401,Caltech,Stem,5.0,15679.0,93.83
140525181939792,2024-12-30,CS501,Caltech,Stem,5.0,21739.0,85.42
140525181938832,2024-10-24,CS401,Caltech,Stem,3.0,15818.0,89.17
140525181936336,2024-12-28,CS501,Caltech,Stem,3.0,21747.0,68.58
140525181933008,2024-10-14,CS401,Caltech,Stem,3.0,15312.0,86.13
140525181934608,2024-11-30,CS501,Caltech,Stem,5.0,23670.0,98.9
140525181941456,2024-10-07,CS401,Caltech,Stem,5.0,15120.0,81.41
140525181932944,2024-04-14,CS601,Caltech,Stem,4.0,19109.874457308248,69.93520170043416
140525181931600,2024-12-24,CS501,Caltech,Stem,4.0,22462.0,98.66
140525181932048,2024-11-21,CS501,Caltech,Stem,5.0,20901.0,97.23
140525181937360,2024-07-22,CS501,Caltech,Stem,5.0,22627.0,77.56
140525181939152,2024-08-16,CS601,Caltech,Stem,4.0,25262.0,79.14
140525181936208,2024-09-18,CS401,Caltech,Stem,4.0,15186.0,85.14
140525181928016,2024-08-09,CS401,Caltech,Stem,4.0,15333.0,57.75
140525181932496,2024-08-23,CS501,Caltech,Stem,5.0,20521.0,81.16
140525181943120,2024-10-15,CS401,Caltech,Stem,3.0,16585.0,80.11
140525181943504,2024-09-27,CS401,Caltech,Stem,4.0,16773.0,86.38
140525181928080,2024-03-06,CS401,Caltech,Stem,3.0,16034.0,88.23
140525181935632,2024-11-10,CS501,Caltech,Stem,3.0,20298.0,72.92
140525181939280,2024-07-08,CS501,Caltech,Stem,4.0,23998.0,97.0
140525181939088,2024-06-06,CS501,Caltech,Stem,4.0,20125.0,95.55
140525181942480,2024-10-24,CS401,Caltech,Stem,4.0,15120.0,97.53
140525181938384,2024-09-16,CS501,Caltech,Stem,5.0,20078.0,75.08
140525181928144,2024-11-02,CS501,Caltech,Stem,3.5576437831723657,21768.0,96.4
140525181939472,2024-11-06,CS401,Caltech,Stem,3.0,15456.0,94.44
140525181939856,2024-09-11,CS501,Caltech,Stem,5.0,20622.0,92.73
140525181940432,2024-10-18,CS501,Caltech,Stem,2.0,20218.0,85.41
140525181930640,2024-10-06,CS401,Caltech,Stem,3.5576437831723657,15449.0,92.76
140525181934416,2024-12-08,CS501,Caltech,Stem,4.0,19109.874457308248,69.93520170043416
140525181939728,2024-08-17,CS501,Caltech,Stem,3.0,20543.0,77.33
140525181932368,2024-12-04,CS401,Caltech,Stem,4.0,15224.0,84.59
140525181934224,2024-06-01,CS501,Caltech,Stem,5.0,20247.0,57.67
140525181941712,2024-10-07,CS501,Caltech,Stem,4.0,20014.0,59.39
140525181939536,2024-04-16,CS501,Caltech,Stem,3.5576437831723657,20451.0,97.27
140525181934544,2024-12-25,CS501,Caltech,Stem,3.0,23082.0,97.24
140525181934928,2024-09-17,CS501,Caltech,Stem,5.0,21891.0,95.96
140525181929872,2024-10-18,CS501,Caltech,Stem,2.0,21060.0,58.24
140525181936720,2024-06-07,CS501,Caltech,Stem,4.0,20837.0,94.38
140525181935376,2024-06-23,CS401,Caltech,Stem,5.0,17967.0,96.36
140525181936848,2024-11-05,CS601,Caltech,Stem,4.0,26224.0,70.61
140525181928784,2024-12-24,CS401,Caltech,Stem,5.0,18511.0,79.37
140525181933072,2024-12-02,CS501,Caltech,Stem,5.0,21714.0,93.82
140525181938896,2024-11-07,CS601,Caltech,Stem,4.0,25639.0,51.01
140525181941648,2024-11-22,CS401,Caltech,Stem,4.0,15758.0,96.63
140525181934288,2024-11-26,CS401,Caltech,Stem,4.0,18856.0,81.45
140525181940048,2024-07-02,CS401,Caltech,Stem,5.0,15223.0,92.33
140525181931280,2024-12-26,CS401,Caltech,Stem,4.0,15568.0,86.83
140525181935120,2024-09-24,CS501,Caltech,Stem,4.0,20213.0,72.84
140525181930768,2024-07-09,CS501,Caltech,Stem,4.0,20619.0,95.15
140525181929360,2024-10-10,CS501,Caltech,Stem,5.0,21762.0,68.59
140525181939344,2024-10-20,CS401,Caltech,Stem,5.0,16197.0,81.29
140525181927632,2024-12-07,CS601,Caltech,Stem,5.0,25167.0,83.06
140525181943376,2024-11-04,CS401,Caltech,Stem,3.0,15909.0,85.85
140525181939984,2024-12-29,CS401,Caltech,Stem,5.0,16286.0,98.23
140525181941776,2024-12-28,CS501,Caltech,Stem,3.0,20041.0,77.74
140525181931152,2024-08-10,CS401,Caltech,Stem,2.0,15070.0,80.65
140525181933840,2024-12-28,CS401,Caltech,Stem,4.0,15540.0,89.6
140525181941200,2024-11-20,CS501,Caltech,Stem,4.0,21889.0,82.17
140525181933456,2024-12-18,CS401,Caltech,Stem,3.0,16566.0,66.09
140525181940880,2024-08-13,CS501,Caltech,Stem,4.0,22610.0,95.75
140525181928528,2024-10-17,CS601,Caltech,Stem,4.0,25437.0,76.97
140525181928400,2024-07-26,CS501,Caltech,Stem,3.0,21358.0,95.57
140525181940560,2024-06-08,CS501,Caltech,Stem,4.0,20094.0,81.84
140525181937552,2024-08-09,CS401,Caltech,Stem,4.0,15167.0,86.12
140525181927952,2024-09-15,CS401,Caltech,Stem,4.0,17347.0,90.26
140525181932560,2024-12-28,CS501,Caltech,Stem,4.0,22281.0,82.59
140525181931728,2024-12-19,CS401,Caltech,Stem,3.0,15352.0,95.81
140525181930384,2024-08-18,CS401,Caltech,Stem,4.0,15390.0,88.27
140525181938320,2024-12-22,CS401,Caltech,Stem,4.0,15355.0,96.72
140525181928208,2024-10-03,CS501,Caltech,Stem,3.0,21041.0,82.03
140525136847120,2024-06-09,CS501,Caltech,Stem,4.0,21114.0,91.77
140525136853712,2024-09-11,CS501,Caltech,Stem,5.0,20221.0,84.32
140525136840272,2024-11-22,CS401,Caltech,Stem,5.0,15395.0,74.57
140525136842512,2024-12-28,CS401,Caltech,Stem,4.0,16124.0,97.92
140525136852432,2024-10-11,CS401,Caltech,Stem,4.0,15930.0,87.77
140525136850576,2024-09-22,CS501,Caltech,Stem,4.0,22575.0,88.34
140525136844048,2024-04-20,CS501,Caltech,Stem,3.0,20968.0,95.16
140525136849680,2024-11-22,CS601,Caltech,Stem,3.0,25358.0,53.45
140525136848592,2024-09-17,CS501,Caltech,Stem,5.0,20428.0,96.5
140525136843536,2024-12-13,CS401,Caltech,Stem,5.0,15207.0,94.19
140525136840080,2024-12-20,CS401,Caltech,Stem,4.0,16478.0,90.63
140525136843088,2024-07-24,CS401,Caltech,Stem,5.0,15598.0,54.59
140525136852240,2024-09-11,CS501,Caltech,Stem,3.0,22910.0,82.43
140525136840848,2024-10-16,CS501,Caltech,Stem,5.0,20822.0,69.82
140525136842896,2024-10-26,CS601,Caltech,Stem,3.0,28091.0,91.52
140525136852048,2024-11-22,CS401,Caltech,Stem,3.0,19109.874457308248,69.93520170043416
140525136846864,2024-05-31,CS501,Caltech,Stem,3.0,21026.0,98.45
140525136848784,2024-12-21,CS501,Caltech,Stem,3.0,20337.0,93.03
140525136843024,2024-09-29,CS401,Caltech,Stem,5.0,16070.0,94.29
140525136851792,2024-11-24,CS401,Caltech,Stem,5.0,15719.0,91.54
140525136844816,2024-12-28,CS401,Caltech,Stem,5.0,15706.0,57.91
140525136840208,2024-09-24,CS501,Caltech,Stem,4.0,20473.0,78.89
140525136852560,2024-12-28,CS401,Caltech,Stem,1.0,16505.0,90.61
140525136840720,2024-09-26,CS401,Caltech,Stem,3.0,16329.0,55.2
140525136853328,2024-06-08,CS401,Caltech,Stem,4.0,15529.0,80.98
140525136853968,2024-08-18,CS501,Caltech,Stem,4.0,20387.0,92.87
140525136851216,2024-06-20,CS501,Caltech,Stem,4.0,20652.0,87.34
140525136839376,2024-12-28,CS501,Caltech,Stem,4.0,21674.0,85.73
140525136842384,2024-09-04,CS401,Caltech,Stem,4.0,15646.0,74.12
140525136849488,2024-07-02,CS401,Caltech,Stem,4.0,16204.0,92.02
140525136847696,2024-10-04,CS401,Caltech,Stem,5.0,15840.0,82.81
140525136841616,2024-10-25,CS401,Caltech,Stem,5.0,15074.0,94.13
140525136840592,2024-06-26,CS501,Caltech,Stem,5.0,20413.0,64.64
140525136851984,2024-12-27,CS401,Caltech,Stem,4.0,15945.0,51.73
140525136847952,2024-10-22,CS501,Caltech,Stem,3.5576437831723657,20769.0,88.42
140525136854992,2024-12-15,CS501,Caltech,Stem,5.0,21780.0,91.68
140525136854032,2024-09-20,CS401,Caltech,Stem,4.0,15250.0,62.69
140525136841104,2024-09-15,CS501,Caltech,Stem,5.0,21338.0,98.89
140525136849744,2024-08-29,CS501,Caltech,Stem,4.0,20311.0,73.6
140525136848464,2024-12-23,CS501,Caltech,Stem,3.0,24372.0,94.17
140525136842256,2024-12-28,CS501,Caltech,Stem,2.0,20627.0,70.75
140525136849552,2024-12-14,CS501,Caltech,Stem,5.0,20687.0,94.84
140525136850896,2024-11-04,CS501,Caltech,Stem,3.0,21459.0,81.08
140525136845328,2024-06-13,CS501,Caltech,Stem,4.0,20501.0,92.86
140525136843984,2024-09-26,CS401,Caltech,Stem,4.0,16004.0,82.66
140525136847056,2024-12-28,CS401,Caltech,Stem,5.0,16157.0,92.05
140525136847504,2024-12-29,CS501,Caltech,Stem,3.0,20079.0,89.82
140525136841424,2024-08-04,CS401,Caltech,Stem,4.0,15590.0,83.21
140525136846032,2024-11-10,CS501,Caltech,Stem,5.0,20898.0,67.35
140525136839952,2024-09-21,CS401,Caltech,Stem,4.0,15518.0,85.17
140525136840016,2024-11-25,CS401,Caltech,Stem,4.0,15603.0,85.89
140525136847760,2024-09-19,CS501,Caltech,Stem,2.0,21639.0,85.57
140525136846480,2024-11-04,CS401,Caltech,Stem,2.0,15974.0,96.95
140525136845200,2024-10-30,CS401,Caltech,Stem,4.0,16219.0,91.09
140525136852688,2024-07-26,CS501,Caltech,Stem,5.0,23094.0,73.51
140525136853136,2024-09-11,CS401,Caltech,Stem,4.0,15712.0,86.66
140525136850064,2024-06-21,CS601,Caltech,Stem,4.0,27369.0,98.03
140525136844944,2024-09-18,CS401,Caltech,Stem,5.0,15424.0,75.67
140525136843920,2024-10-20,CS401,Caltech,Stem,5.0,17432.0,74.33
140525136841936,2024-10-09,CS501,Caltech,Stem,4.0,20132.0,73.79
140525136840912,2024-11-21,CS501,Caltech,Stem,3.0,21639.0,98.14
140525136847568,2024-09-28,CS501,Caltech,Stem,4.0,21227.0,86.69
140525136851856,2024-11-18,CS401,Caltech,Stem,5.0,17343.0,82.14
140525136845008,2024-06-07,CS401,Caltech,Stem,5.0,15565.0,90.12
140525136841488,2024-10-12,CS501,Caltech,Stem,3.0,24412.0,72.99
140525136854608,2024-08-08,CS501,Caltech,Stem,5.0,21871.0,80.78
140525136842960,2024-05-13,CS501,Caltech,Stem,2.0,20020.0,70.82
140525136852880,2024-08-30,CS501,Caltech,Stem,5.0,20479.0,65.25
140525136854160,2024-10-03,CS501,Caltech,Stem,4.0,20176.0,70.71
140525136841680,2024-06-08,CS501,Caltech,Stem,4.0,19109.874457308248,69.93520170043416
140525136850512,2024-10-21,CS501,Caltech,Stem,2.0,20003.0,95.91
140525136839056,2024-05-08,CS501,Caltech,Stem,3.0,20713.0,90.38
140525136844496,2024-12-14,CS501,Caltech,Stem,5.0,22660.0,85.18
140525136848144,2024-09-18,CS401,Caltech,Stem,4.0,17028.0,70.08
140525136853200,2024-12-11,CS501,Caltech,Stem,3.0,22674.0,97.75
140525136853904,2024-12-20,CS501,Caltech,Stem,5.0,21634.0,79.14
140525136848400,2024-12-12,CS401,Caltech,Stem,3.0,16955.0,96.39
140525136853456,2024-12-28,CS501,Caltech,Stem,3.5576437831723657,20426.0,85.86
140525136845840,2024-12-28,CS401,Caltech,Stem,5.0,16934.0,82.43
140525136838736,2024-11-09,CS501,Caltech,Stem,5.0,20587.0,84.8
140525136845072,2024-10-13,CS601,Caltech,Stem,5.0,26107.0,75.1
140525136850256,2024-10-25,CS501,Caltech,Stem,4.0,20487.0,86.25
140525136844112,2024-07-19,CS401,Caltech,Stem,4.0,18110.0,75.03
140525136842640,2024-08-10,CS401,Caltech,Stem,5.0,16382.0,83.44
140525136851600,2024-11-06,CS601,Caltech,Stem,4.0,25782.0,88.09
140525136848912,2024-10-21,CS501,Caltech,Stem,3.0,20402.0,73.84
140525136847824,2024-10-26,CS401,Caltech,Stem,4.0,15223.0,74.17
140525136839760,2024-11-15,CS501,Caltech,Stem,4.0,20316.0,77.32
140525136845776,2024-11-01,CS501,Caltech,Stem,2.0,20518.0,90.02
140525136845968,2024-11-23,CS401,Caltech,Stem,4.0,15108.0,85.18
140525136852816,2024-12-12,CS501,Caltech,Stem,3.0,20534.0,97.53
140525136854416,2024-12-16,CS401,Caltech,Stem,5.0,15249.0,79.62
140525136845136,2024-06-22,CS501,Caltech,Stem,4.0,20934.0,91.42
140525136846928,2024-05-09,CS401,Caltech,Stem,4.0,15098.0,91.95
140525136852496,2024-08-16,CS401,Caltech,Stem,3.0,15676.0,77.89
140525136844368,2024-12-28,CS401,Caltech,Stem,4.0,15274.0,73.24
140525136844880,2024-12-18,CS401,Caltech,Stem,5.0,16405.0,98.67
140525136840144,2024-09-22,CS501,Caltech,Stem,3.5576437831723657,20911.0,81.68
140525136849232,2024-08-09,CS501,Caltech,Stem,4.0,21850.0,70.03
140525136854288,2024-10-26,CS601,Caltech,Stem,5.0,27563.0,94.81
140525136844624,2024-07-15,CS401,Caltech,Stem,5.0,15878.0,96.71
140525136851024,2024-10-21,CS501,Caltech,Stem,5.0,22375.0,91.3
140525136840336,2024-11-13,CS401,Caltech,Stem,4.0,16327.0,94.15
140525136853264,2024-12-28,CS401,Caltech,Stem,3.0,16192.0,86.92
140525136847440,2024-10-04,CS501,Caltech,Stem,5.0,21587.0,93.48
140525136850768,2024-09-29,CS401,Caltech,Stem,4.0,19109.874457308248,69.93520170043416
140525136840976,2024-12-28,CS501,Caltech,Stem,4.0,20770.0,65.7
140525136850640,2024-11-26,CS401,Caltech,Stem,3.0,16361.0,98.4
140525136851344,2024-12-19,CS501,Caltech,Stem,5.0,20695.0,74.1
140525136850384,2024-08-22,CS501,Caltech,Stem,4.0,21579.0,74.49
140525136850704,2024-10-25,CS501,Caltech,Stem,3.5576437831723657,23604.0,93.77
140525136850128,2024-08-30,CS501,Caltech,Stem,5.0,21619.0,93.5
140525136851664,2024-11-26,CS401,Caltech,Stem,3.0,15995.0,75.45
140525136852304,2024-12-28,CS501,Caltech,Stem,4.0,20300.0,97.01
140525136846352,2024-12-15,CS501,Caltech,Stem,4.0,19109.874457308248,69.93520170043416
140525136853584,2024-07-01,CS501,Caltech,Stem,4.0,21044.0,95.13
140525136843664,2024-10-20,CS501,Caltech,Stem,4.0,22683.0,93.76
140525136846096,2024-12-25,CS601,Caltech,Stem,2.0,25005.0,94.05
140525136851536,2024-06-21,CS401,Caltech,Stem,5.0,16021.0,74.94
140525136852624,2024-12-28,CS401,Caltech,Stem,3.0,15051.0,66.08
140525136842320,2024-12-29,CS501,Caltech,Stem,2.0,21291.0,93.68
140525136844176,2024-10-28,CS501,Caltech,Stem,3.0,21520.0,70.83
140525136845264,2024-12-24,CS401,Caltech,Stem,3.0,15180.0,82.09
140525136849616,2024-05-14,CS501,Caltech,Stem,4.0,21157.0,76.75
140525136841232,2024-12-03,CS401,Caltech,Stem,4.0,15760.0,79.83
140525136844432,2024-10-20,CS401,Caltech,Stem,4.0,15151.0,51.22
140525136841296,2024-04-17,CS401,Caltech,Stem,3.0,15385.0,65.55
140525136854864,2024-12-22,CS401,Caltech,Stem,5.0,19109.874457308248,69.93520170043416
140525136852112,2024-08-02,CS401,Caltech,Stem,3.0,15898.0,96.28
140525136843792,2024-05-09,CS401,Caltech,Stem,2.0,15106.0,67.03
140525136840464,2024-08-29,CS601,Caltech,Stem,4.0,25431.0,96.28
140525136838992,2024-09-17,CS401,Caltech,Stem,3.0,19109.874457308248,69.93520170043416
140525135317712,2024-10-13,CS401,Caltech,Stem,3.0,17925.0,87.57
140525135319760,2024-10-14,CS501,Caltech,Stem,4.0,20744.0,98.77
140525135320528,2024-12-15,CS401,Caltech,Stem,5.0,15393.0,83.77
140525135320272,2024-10-10,CS501,Caltech,Stem,2.0,20416.0,97.79
140525135324496,2024-10-22,CS401,Caltech,Stem,5.0,16818.0,79.13
140525135320720,2024-12-28,CS501,Caltech,Stem,3.0,20535.0,92.39
140525135330512,2024-12-25,CS501,Caltech,Stem,4.0,20974.0,98.72
140525135326224,2024-12-15,CS501,Caltech,Stem,4.0,20938.0,89.46
140525135315792,2024-11-01,CS601,Caltech,Stem,5.0,25438.0,85.87
140525135327504,2024-05-02,CS401,Caltech,Stem,5.0,17201.0,81.47
140525135317968,2024-09-30,CS501,Caltech,Stem,4.0,20879.0,70.51
140525135325200,2024-12-15,CS401,Caltech,Stem,3.0,16444.0,97.94
140525135324240,2024-12-21,CS501,Caltech,Stem,4.0,20443.0,95.75
140525135321744,2024-12-10,CS401,Caltech,Stem,4.0,17427.0,89.74
140525135326736,2024-11-19,CS401,Caltech,Stem,4.0,15598.0,88.59
140525135322000,2024-09-30,CS401,Caltech,Stem,5.0,15737.0,96.96
140525135316496,2024-07-23,CS501,Caltech,Stem,5.0,21465.0,86.74
140525135331024,2024-12-22,CS501,Caltech,Stem,2.0,20341.0,50.03
140525135318224,2024-05-29,CS401,Caltech,Stem,4.0,19109.874457308248,69.93520170043416
140525135325456,2024-10-20,CS501,Caltech,Stem,3.5576437831723657,21180.0,80.7
140525135318736,2024-12-17,CS401,Caltech,Stem,4.0,17482.0,81.2
140525135322512,2024-12-18,CS501,Caltech,Stem,4.0,20406.0,89.2
140525135317456,2024-09-01,CS401,Caltech,Stem,5.0,16879.0,95.65
140525135327248,2024-07-18,CS401,Caltech,Stem,5.0,15925.0,91.05
140525135315280,2024-12-20,CS601,Caltech,Stem,3.0,26643.0,96.75
140525135320976,2024-08-09,CS501,Caltech,Stem,4.0,21838.0,87.61
140525135318480,2024-12-28,CS501,Caltech,Stem,4.0,20870.0,60.42
140525135318992,2024-11-27,CS501,Caltech,Stem,4.0,20727.0,92.41
140525180355856,2024-09-11,CS401,Caltech,Stem,4.0,16654.0,64.46
140525180363536,2024-12-02,CS401,Caltech,Stem,5.0,15048.0,95.45
140525180368720,2024-08-09,CS601,Caltech,Stem,5.0,28281.0,89.85
140525180370192,2024-09-11,CS601,Caltech,Stem,4.0,25968.0,77.82
140525180364560,2024-08-09,CS501,Caltech,Stem,4.0,19109.874457308248,69.93520170043416
140525180362704,2024-11-18,CS501,Caltech,Stem,5.0,20341.0,88.04
140525180357904,2024-09-22,CS401,Caltech,Stem,5.0,19109.874457308248,69.93520170043416
140525180369744,2024-10-20,CS401,Caltech,Stem,4.0,17288.0,58.62
140525180354960,2024-12-06,CS501,Caltech,Stem,5.0,20419.0,57.47
140525180357008,2024-09-17,CS401,Caltech,Stem,3.0,19109.874457308248,69.93520170043416
140525180368464,2024-10-19,CS501,Caltech,Stem,3.0,20623.0,97.7
140525180369488,2024-07-30,CS401,Caltech,Stem,5.0,15408.0,69.75
140525180355472,2024-10-17,CS501,Caltech,Stem,5.0,21065.0,86.68
140525180368208,2024-12-30,CS401,Caltech,Stem,3.5576437831723657,15260.0,93.89
140525180368080,2024-12-13,CS401,Caltech,Stem,4.0,16859.0,93.2
140525180357136,2024-10-26,CS501,Caltech,Stem,3.0,20549.0,89.54
140525180363920,2024-11-29,CS601,Caltech,Stem,5.0,25263.0,88.93
140525180362384,2024-12-28,CS401,Caltech,Stem,4.0,19109.874457308248,69.93520170043416
140525180369232,2024-12-24,CS501,Caltech,Stem,4.0,20293.0,52.83
140525180370896,2024-11-04,CS401,Caltech,Stem,2.0,15089.0,92.88
140525180366288,2024-12-02,CS401,Caltech,Stem,5.0,18210.0,88.11
140525180365840,2024-07-15,CS401,Caltech,Stem,4.0,19109.874457308248,69.93520170043416
140525180355152,2024-06-14,CS501,Caltech,Stem,3.0,21192.0,85.77
140525180364240,2024-04-09,CS501,Caltech,Stem,5.0,20436.0,75.81
140525180366032,2024-08-23,CS501,Caltech,Stem,4.0,21547.0,65.06
140525180356752,2024-10-04,CS501,Caltech,Stem,5.0,20358.0,72.9
140525180364624,2024-10-15,CS501,Caltech,Stem,5.0,19109.874457308248,69.93520170043416
140525180359504,2024-11-06,CS401,Caltech,Stem,5.0,16459.0,95.82
140525180368592,2024-09-12,CS401,Caltech,Stem,3.0,19109.874457308248,69.93520170043416
140525180367632,2024-12-14,CS401,Caltech,Stem,4.0,16561.0,95.86
140525180369168,2024-10-03,CS401,Caltech,Stem,3.0,17113.0,90.17
140525180366608,2024-12-27,CS401,Caltech,Stem,3.0,17093.0,73.64
140525180355088,2024-11-06,CS501,Caltech,Stem,4.0,22327.0,60.78
140525180365200,2024-10-28,CS401,Caltech,Stem,4.0,15589.0,89.63
140525180354640,2024-12-07,CS401,Caltech,Stem,2.0,16350.0,88.22
140525180365392,2024-11-18,CS401,Caltech,Stem,4.0,16161.0,94.81
140525180358992,2024-12-09,CS601,Caltech,Stem,4.0,25766.0,78.8
140525180363984,2024-09-20,CS401,Caltech,Stem,5.0,15670.0,52.69
140525180358416,2024-09-30,CS401,Caltech,Stem,4.0,16794.0,92.5
140525180361872,2024-10-18,CS401,Caltech,Stem,4.0,15331.0,66.83
140525180364432,2024-05-24,CS401,Caltech,Stem,5.0,19109.874457308248,69.93520170043416
140525180368912,2024-12-11,CS601,Caltech,Stem,4.0,27863.0,68.45
140525180361616,2024-12-18,CS501,Caltech,Stem,5.0,22115.0,98.12
140525180365904,2024-10-25,CS601,Caltech,Stem,5.0,25930.0,87.57
140525180361808,2024-09-16,CS501,Caltech,Stem,5.0,20039.0,90.18
140525180364688,2024-09-08,CS401,Caltech,Stem,3.0,15879.0,96.74
140525180359376,2024-12-08,CS501,Caltech,Stem,5.0,21683.0,82.92
140525180364368,2024-11-08,CS401,Caltech,Stem,5.0,16489.0,98.22
140525180360144,2024-03-27,CS401,Caltech,Stem,3.0,15177.0,80.32
140525180355792,2024-07-10,CS501,Caltech,Stem,4.0,20183.0,74.79
140525180362192,2024-08-03,CS401,Caltech,Stem,3.5576437831723657,15841.0,96.08
140525180358608,2024-12-02,CS401,Caltech,Stem,3.5576437831723657,17489.0,72.72
140525180360848,2024-11-11,CS501,Caltech,Stem,4.0,21622.0,81.7
140525180355920,2024-12-18,CS501,Caltech,Stem,5.0,19109.874457308248,69.93520170043416
140525180368848,2024-11-20,CS401,Caltech,Stem,4.0,15371.0,89.49
140525180367120,2024-11-14,CS401,Caltech,Stem,3.0,15806.0,88.2
140525180361232,2024-09-18,CS401,Caltech,Stem,4.0,17968.0,88.34
140525180370448,2024-10-04,CS401,Caltech,Stem,4.0,19109.874457308248,69.93520170043416
140525180356496,2024-10-30,CS501,Caltech,Stem,5.0,20268.0,72.56
140525180354704,2024-12-23,CS501,Caltech,Stem,4.0,20425.0,56.26
140525180365328,2024-09-02,CS401,Caltech,Stem,4.0,15121.0,83.6
140525180356816,2024-10-05,CS501,Caltech,Stem,4.0,20309.0,94.85
140525180355984,2024-10-20,CS401,Caltech,Stem,1.0,17819.0,95.7
140525180361936,2024-11-01,CS401,Caltech,Stem,4.0,17096.0,68.64
140525180362640,2024-11-07,CS401,Caltech,Stem,4.0,19109.874457308248,69.93520170043416
140525180356432,2024-09-12,CS401,Caltech,Stem,3.0,16389.0,96.53
140525180366672,2024-11-02,CS501,Caltech,Stem,4.0,20322.0,92.41
140525180363408,2024-09-11,CS501,Caltech,Stem,4.0,20786.0,90.26
140525180367696,2024-12-05,CS401,Caltech,Stem,4.0,17264.0,55.09
140525180359184,2024-12-28,CS501,Caltech,Stem,3.0,20045.0,69.65
140525180360336,2024-09-09,CS401,Caltech,Stem,4.0,18212.0,73.0
140525180364496,2024-11-29,CS501,Caltech,Stem,5.0,20697.0,88.39
140525180357200,2024-07-25,CS501,Caltech,Stem,3.5576437831723657,21547.0,89.48
140525180354896,2024-12-06,CS401,Caltech,Stem,3.0,15115.0,75.39
140525180366096,2024-12-21,CS401,Caltech,Stem,4.0,15985.0,96.06
140525180369872,2024-12-09,CS501,Caltech,Stem,5.0,20175.0,91.87
140525180365712,2024-11-14,CS401,Caltech,Stem,4.0,16256.0,77.83
140525180358736,2024-12-02,CS501,Caltech,Stem,5.0,22536.0,86.34
140525180356112,2024-12-26,CS501,Caltech,Stem,5.0,19109.874457308248,69.93520170043416
140525180358864,2024-08-24,CS401,Caltech,Stem,4.0,16508.0,71.71
140525180370768,2024-11-01,CS401,Caltech,Stem,4.0,17229.0,63.73
140525180368656,2024-09-21,CS501,Caltech,Stem,3.0,20514.0,97.05
140525180359952,2024-11-18,CS601,Caltech,Stem,2.0,26841.0,78.43
140525180361168,2024-04-04,CS501,Caltech,Stem,5.0,19109.874457308248,69.93520170043416
140525180362832,2024-08-31,CS401,Caltech,Stem,4.0,17403.0,69.84
140525183847504,2024-06-28,CS601,Caltech,Stem,4.0,26071.0,94.12
140525183853136,2024-11-12,CS401,Caltech,Stem,3.5576437831723657,15145.0,65.99
140525183846608,2024-03-30,CS601,Caltech,Stem,5.0,26507.0,83.49
140525183847440,2024-09-25,CS401,Caltech,Stem,3.0,15415.0,81.41
140525183856848,2024-03-17,LAW501,Harvard,non-Stem,2.0,20275.0,46.81
140525183849488,2024-09-08,LAW501,Harvard,non-Stem,4.0,21611.0,65.05
140525183851792,2024-12-07,LAW501,Harvard,non-Stem,4.0,22207.0,67.01
140525183849680,2024-09-09,LAW401,Harvard,non-Stem,3.0,15927.0,41.44
140525183849040,2024-12-01,LAW401,Harvard,non-Stem,4.0,16137.0,72.21
140525183856592,2024-09-02,LAW501,Harvard,non-Stem,2.0,19109.874457308248,69.93520170043416
140525183850768,2024-09-26,LAW501,Harvard,non-Stem,1.0,21286.0,54.85
140525183848976,2024-12-29,LAW501,Harvard,non-Stem,2.0,19109.874457308248,69.93520170043416
140525183848016,2024-10-16,LAW501,Harvard,non-Stem,3.5576437831723657,20505.0,54.49
140525183848208,2024-11-23,LAW501,Harvard,non-Stem,5.0,21645.0,40.58
140525183845456,2024-07-07,LAW601,Harvard,non-Stem,3.5576437831723657,25280.0,70.74
140525183849744,2024-08-11,LAW501,Harvard,non-Stem,3.0,20939.0,70.69
140525183860176,2024-08-09,LAW501,Harvard,non-Stem,3.0,20578.0,44.76
140525183854096,2024-12-07,LAW401,Harvard,non-Stem,3.0,15985.0,49.41
140525183857168,2024-12-22,LAW401,Harvard,non-Stem,3.5576437831723657,16811.0,65.35
140525183859152,2024-12-02,LAW501,Harvard,non-Stem,3.0,20147.0,79.16
140525183852816,2024-10-01,LAW501,Harvard,non-Stem,3.0,20543.0,51.46
140525183856272,2024-07-24,LAW501,Harvard,non-Stem,5.0,20649.0,63.72
140525183845712,2024-10-17,LAW401,Harvard,non-Stem,2.0,17117.0,43.44
140525183857808,2024-10-27,LAW401,Harvard,non-Stem,5.0,17009.0,46.12
140525183859344,2024-08-20,LAW401,Harvard,non-Stem,4.0,17642.0,54.84
140525183860496,2024-10-25,LAW501,Harvard,non-Stem,2.0,21473.0,42.96
140525183850192,2024-12-18,LAW401,Harvard,non-Stem,3.0,18712.0,43.8
140525183852496,2024-12-22,LAW501,Harvard,non-Stem,4.0,20794.0,60.95
140525183855632,2024-10-12,LAW601,Harvard,non-Stem,3.0,25933.0,59.32
140525183844816,2024-11-21,LAW501,Harvard,non-Stem,5.0,21006.0,44.73
140525183852048,2024-11-24,LAW401,Harvard,non-Stem,2.0,15074.0,59.07
140525183859472,2024-03-30,LAW501,Harvard,non-Stem,4.0,20871.0,70.16
140525183859088,2024-12-21,LAW401,Harvard,non-Stem,1.0,15344.0,47.3
140525183855824,2024-11-10,LAW401,Harvard,non-Stem,3.0,15548.0,79.3
140525183858192,2024-10-28,LAW501,Harvard,non-Stem,4.0,21117.0,73.93
140525183848912,2024-12-03,LAW401,Harvard,non-Stem,4.0,15595.0,64.66
140525183859408,2024-05-25,LAW401,Harvard,non-Stem,3.0,16012.0,57.25
140525183845136,2024-10-27,LAW401,Harvard,non-Stem,5.0,17313.0,79.01
140525183845840,2024-07-19,LAW401,Harvard,non-Stem,4.0,15568.0,48.32
140525183858960,2024-10-24,LAW401,Harvard,non-Stem,2.0,15557.0,54.8
140525183848464,2024-08-07,LAW501,Harvard,non-Stem,3.0,22577.0,68.89
140525183847632,2024-08-01,LAW401,Harvard,non-Stem,4.0,15695.0,40.81
140525183846224,2024-05-21,LAW401,Harvard,non-Stem,4.0,15329.0,66.74
140525183854032,2024-09-08,LAW401,Harvard,non-Stem,4.0,15955.0,40.41
140525183855376,2024-12-09,LAW501,Harvard,non-Stem,4.0,20016.0,60.88
140525183849296,2024-06-09,LAW401,Harvard,non-Stem,3.0,15027.0,41.71
140525183851216,2024-12-22,LAW501,Harvard,non-Stem,1.0,20223.0,65.91
140525183856912,2024-08-02,LAW501,Harvard,non-Stem,3.0,20797.0,55.98
140525183853072,2024-07-20,LAW401,Harvard,non-Stem,2.0,17191.0,45.86
140525183853520,2024-10-14,LAW501,Harvard,non-Stem,3.0,21046.0,44.3
140525183853648,2024-12-02,LAW501,Harvard,non-Stem,2.0,22620.0,44.13
140525183851600,2024-07-31,LAW501,Harvard,non-Stem,3.5576437831723657,20886.0,74.37
140525183851728,2024-08-23,LAW501,Harvard,non-Stem,3.0,22428.0,53.56
140525183846160,2024-08-06,LAW501,Harvard,non-Stem,4.0,21498.0,43.53
140525183858576,2024-12-18,LAW501,Harvard,non-Stem,2.0,22080.0,42.64
140525183858384,2024-10-22,LAW401,Harvard,non-Stem,5.0,17868.0,46.69
140525183852240,2024-12-14,LAW501,Harvard,non-Stem,2.0,20394.0,56.83
140525183851856,2024-07-14,LAW401,Harvard,non-Stem,4.0,16042.0,40.14
140525183855056,2024-12-31,LAW401,Harvard,non-Stem,3.0,15405.0,42.64
140525183855568,2024-12-06,LAW401,Harvard,non-Stem,5.0,15337.0,63.49
140525183845072,2024-08-14,LAW501,Harvard,non-Stem,4.0,20328.0,44.16
140525183857872,2024-10-04,LAW401,Harvard,non-Stem,4.0,17413.0,58.09
140525183860112,2024-11-28,LAW401,Harvard,non-Stem,4.0,15076.0,47.18
140525183856080,2024-05-06,LAW401,Harvard,non-Stem,2.0,16732.0,49.2
140525183853840,2024-10-19,LAW401,Harvard,non-Stem,5.0,15294.0,48.21
140525183859984,2024-09-04,LAW401,Harvard,non-Stem,3.0,15419.0,66.34
140525183859920,2024-05-14,LAW401,Harvard,non-Stem,3.0,15745.0,51.29
140525183857040,2024-08-19,LAW401,Harvard,non-Stem,3.0,15207.0,59.56
140525183846480,2024-05-14,LAW401,Harvard,non-Stem,3.0,18495.0,70.52
140525183846864,2024-06-30,LAW401,Harvard,non-Stem,4.0,17090.0,57.7
140525183846928,2024-12-27,LAW501,Harvard,non-Stem,3.5576437831723657,20901.0,47.7
140525183860624,2024-03-11,LAW501,Harvard,non-Stem,3.5576437831723657,21702.0,51.85
140525183848144,2024-12-12,LAW501,Harvard,non-Stem,3.0,20395.0,82.16
140525183845200,2024-07-23,LAW501,Harvard,non-Stem,4.0,20707.0,59.72
140525183847376,2024-12-22,LAW401,Harvard,non-Stem,4.0,15373.0,55.61
140525183850064,2024-08-14,LAW501,Harvard,non-Stem,3.0,23478.0,48.82
140525183854480,2024-08-16,LAW401,Harvard,non-Stem,2.0,15409.0,55.65
140525183851024,2024-10-07,LAW501,Harvard,non-Stem,2.0,23755.0,47.8
140525183853264,2024-10-28,LAW501,Harvard,non-Stem,3.0,20224.0,48.49
140525183855312,2024-11-20,LAW401,Harvard,non-Stem,4.0,16828.0,41.18
140525183845328,2024-11-30,LAW501,Harvard,non-Stem,4.0,20472.0,63.04
140525183852368,2024-12-28,LAW501,Harvard,non-Stem,4.0,23261.0,51.03
140525183848656,2024-09-21,LAW501,Harvard,non-Stem,2.0,23524.0,41.76
140525183857552,2024-11-24,LAW401,Harvard,non-Stem,3.5576437831723657,15326.0,53.56
140525183851280,2024-10-05,LAW501,Harvard,non-Stem,2.0,20999.0,51.43
140525183846992,2024-12-01,LAW401,Harvard,non-Stem,1.0,15272.0,44.17
140525134984592,2024-12-13,LAW501,Harvard,non-Stem,4.0,20931.0,58.49
140525134975952,2024-12-06,LAW401,Harvard,non-Stem,1.0,16104.0,62.1
140525134987152,2024-12-27,LAW501,Harvard,non-Stem,3.0,21454.0,85.38
140525134972880,2024-12-26,LAW401,Harvard,non-Stem,4.0,15472.0,46.42
140525134986640,2024-03-31,LAW501,Harvard,non-Stem,4.0,19109.874457308248,69.93520170043416
140525134973392,2024-10-07,LAW501,Harvard,non-Stem,3.5576437831723657,22130.0,63.15
140525134978704,2024-11-14,LAW401,Harvard,non-Stem,4.0,15330.0,59.3
140525134985616,2024-10-03,LAW501,Harvard,non-Stem,5.0,22775.0,41.75
140525134978448,2024-12-13,LAW401,Harvard,non-Stem,5.0,16438.0,50.18
140525134983824,2024-04-10,LAW501,Harvard,non-Stem,2.0,20288.0,49.81
140525134981200,2024-09-11,LAW401,Harvard,non-Stem,4.0,17382.0,62.25
140525134986896,2024-09-06,LAW501,Harvard,non-Stem,3.0,22338.0,54.65
140525134977936,2024-02-22,LAW401,Harvard,non-Stem,3.0,19109.874457308248,69.93520170043416
140525134975440,2024-09-18,LAW501,Harvard,non-Stem,4.0,19109.874457308248,69.93520170043416
140525134979920,2024-12-28,LAW501,Harvard,non-Stem,2.0,22341.0,47.92
140525134975184,2024-07-11,LAW501,Harvard,non-Stem,2.0,20977.0,70.53
140525134977232,2024-10-28,LAW401,Harvard,non-Stem,3.0,17230.0,70.26
140525134973136,2024-11-10,LAW401,Harvard,non-Stem,2.0,17304.0,41.13
140525134972624,2024-08-11,LAW501,Harvard,non-Stem,4.0,20461.0,55.76
140525134980944,2024-12-25,LAW401,Harvard,non-Stem,4.0,15340.0,52.19
140525134976464,2024-08-31,LAW401,Harvard,non-Stem,1.0,19109.874457308248,69.93520170043416
140525134973904,2024-08-23,LAW501,Harvard,non-Stem,2.0,21592.0,46.02
140525134981456,2024-12-06,LAW501,Harvard,non-Stem,3.5576437831723657,21547.0,54.05
140525134975696,2024-05-21,LAW401,Harvard,non-Stem,2.0,15350.0,55.05
140525134986128,2024-12-28,LAW501,Harvard,non-Stem,2.0,21076.0,62.89
140525134984080,2024-11-05,LAW501,Harvard,non-Stem,3.5576437831723657,20791.0,61.42
140525134983312,2024-09-13,LAW401,Harvard,non-Stem,4.0,15802.0,69.42
140525134982416,2024-12-03,LAW601,Harvard,non-Stem,4.0,25851.0,43.54
140525134972112,2024-11-25,LAW501,Harvard,non-Stem,2.0,23062.0,41.84
140525134982864,2024-07-02,LAW501,Harvard,non-Stem,2.0,20220.0,43.71
140525134977424,2024-11-20,LAW401,Harvard,non-Stem,4.0,15275.0,52.48
140525134984336,2024-09-03,LAW401,Harvard,non-Stem,2.0,15140.0,78.19
140525134971600,2024-11-04,LAW501,Harvard,non-Stem,1.0,21210.0,75.84
140525134976976,2024-06-07,LAW401,Harvard,non-Stem,3.0,15150.0,40.49
140525137297360,2024-04-14,LAW401,Harvard,non-Stem,3.0,19109.874457308248,69.93520170043416
140525137286352,2024-12-16,LAW401,Harvard,non-Stem,5.0,17484.0,62.03
140525137295056,2024-09-03,LAW501,Harvard,non-Stem,3.0,22049.0,54.69
140525137291280,2024-05-27,LAW401,Harvard,non-Stem,2.0,15694.0,42.74
140525137288144,2024-06-06,LAW401,Harvard,non-Stem,3.5576437831723657,15485.0,44.45
140525137293008,2024-05-07,LAW401,Harvard,non-Stem,4.0,15910.0,82.48
140525137287632,2024-05-17,LAW501,Harvard,non-Stem,4.0,21090.0,40.27
140525137286608,2024-12-13,LAW401,Harvard,non-Stem,3.5576437831723657,15734.0,61.63
140525137286096,2024-11-19,LAW401,Harvard,non-Stem,2.0,15374.0,43.55
140525137296848,2024-08-09,LAW401,Harvard,non-Stem,2.0,15999.0,58.92
140525137287888,2024-05-18,LAW501,Harvard,non-Stem,2.0,20149.0,62.42
140525137295824,2024-09-06,LAW501,Harvard,non-Stem,2.0,21162.0,64.15
140525137292240,2024-08-10,LAW501,Harvard,non-Stem,3.0,20649.0,41.73
140525137288912,2024-08-08,LAW401,Harvard,non-Stem,3.0,16220.0,78.68
140525137285840,2024-11-29,LAW401,Harvard,non-Stem,3.0,15370.0,42.37
140525137291088,2024-10-28,LAW401,Harvard,non-Stem,4.0,17647.0,70.74
140525137290384,2024-05-30,LAW401,Harvard,non-Stem,5.0,15333.0,69.57
140525137290640,2024-11-08,LAW401,Harvard,non-Stem,3.0,17288.0,59.63
140525137294032,2024-08-25,LAW501,Harvard,non-Stem,4.0,20754.0,47.75
140525137291536,2024-08-22,LAW401,Harvard,non-Stem,4.0,15381.0,69.01
140525137294288,2024-11-02,LAW401,Harvard,non-Stem,4.0,15455.0,51.81
140525137290128,2024-11-30,LAW401,Harvard,non-Stem,3.0,15831.0,54.65
140525137290896,2024-10-31,LAW501,Harvard,non-Stem,3.0,21665.0,58.24
140525137281488,2024-06-03,LAW401,Harvard,non-Stem,4.0,15198.0,43.81
140525137294544,2024-08-03,LAW401,Harvard,non-Stem,2.0,15161.0,66.16
140525137297104,2024-12-08,LAW401,Harvard,non-Stem,2.0,15291.0,63.94
140525137287120,2024-08-16,LAW401,Harvard,non-Stem,3.0,16006.0,51.68
140525137285584,2024-10-04,LAW501,Harvard,non-Stem,4.0,22036.0,48.79
140525137287376,2024-12-14,LAW401,Harvard,non-Stem,2.0,17612.0,52.14
140525137282000,2024-08-27,LAW401,Harvard,non-Stem,4.0,15673.0,56.19
140525137289168,2024-12-11,LAW501,Harvard,non-Stem,1.0,22227.0,41.93
140525137282256,2024-08-31,LAW401,Harvard,non-Stem,2.0,16405.0,78.07
140525138801040,2024-09-26,LAW501,Harvard,non-Stem,2.0,22554.0,55.58
140525138793424,2024-11-22,LAW401,Harvard,non-Stem,2.0,15037.0,58.03
140525138788816,2024-10-13,LAW401,Harvard,non-Stem,2.0,15972.0,43.62
140525138802320,2024-09-22,LAW501,Harvard,non-Stem,2.0,20789.0,64.03
140525138791888,2024-11-11,LAW601,Harvard,non-Stem,4.0,27598.0,53.14
140525138788560,2024-09-20,LAW501,Harvard,non-Stem,4.0,22447.0,48.01
140525138790096,2024-12-28,LAW501,Harvard,non-Stem,5.0,21731.0,64.48
140525138790608,2024-12-21,LAW501,Harvard,non-Stem,4.0,24250.0,48.11
140525138791120,2024-10-04,LAW401,Harvard,non-Stem,3.0,15126.0,58.45
140525138793168,2024-11-05,LAW401,Harvard,non-Stem,4.0,15912.0,45.45
140525138797776,2024-09-04,LAW501,Harvard,non-Stem,4.0,21021.0,57.24
140525138799248,2024-06-09,LAW501,Harvard,non-Stem,2.0,20147.0,44.18
140525138798736,2024-10-30,LAW501,Harvard,non-Stem,5.0,20884.0,53.0
140525138791632,2024-10-18,LAW501,Harvard,non-Stem,1.0,21068.0,64.91
140525138789072,2024-07-12,LAW401,Harvard,non-Stem,2.0,15743.0,50.11
140525138792144,2024-12-29,LAW501,Harvard,non-Stem,3.0,20273.0,59.51
140525138800272,2024-12-27,LAW401,Harvard,non-Stem,4.0,15965.0,85.95
140525138796240,2024-10-19,LAW601,Harvard,non-Stem,4.0,25407.0,64.99
140525138799504,2024-12-11,LAW501,Harvard,non-Stem,3.0,22311.0,43.94
140525138794448,2024-12-18,LAW601,Harvard,non-Stem,3.0,25879.0,44.61
140525138790352,2024-12-28,LAW401,Harvard,non-Stem,5.0,16749.0,52.2
140525138798480,2024-09-07,LAW401,Harvard,non-Stem,3.0,16113.0,55.83
140525138802064,2024-11-13,LAW401,Harvard,non-Stem,3.0,16143.0,67.97
140525138789328,2024-11-11,LAW401,Harvard,non-Stem,2.0,18315.0,57.15
140525138804112,2024-09-11,LAW501,Harvard,non-Stem,3.0,20189.0,40.81
140525138792400,2024-05-16,LAW401,Harvard,non-Stem,4.0,17242.0,48.19
140525138797008,2024-12-22,LAW401,Harvard,non-Stem,3.0,18114.0,40.51
140525138802576,2024-12-24,LAW501,Harvard,non-Stem,4.0,20761.0,79.99
140525138797264,2024-09-25,LAW601,Harvard,non-Stem,4.0,27792.0,47.18
140525138801808,2024-08-12,LAW501,Harvard,non-Stem,1.0,20118.0,51.9
140525138796496,2024-11-16,LAW501,Harvard,non-Stem,3.0,19109.874457308248,69.93520170043416
140525138797520,2024-12-25,LAW401,Harvard,non-Stem,4.0,17517.0,48.97
140525138804624,2024-09-30,LAW501,Harvard,non-Stem,4.0,20181.0,49.84
140525138551696,2024-12-25,LAW401,Harvard,non-Stem,2.0,15899.0,44.03
140525138552656,2024-08-21,LAW501,Harvard,non-Stem,3.0,22555.0,43.22
140525138547088,2024-10-27,LAW401,Harvard,non-Stem,3.5576437831723657,16200.0,55.33
140525138542736,2024-10-17,LAW401,Harvard,non-Stem,3.5576437831723657,15164.0,42.55
140525138555920,2024-06-03,LAW501,Harvard,non-Stem,1.0,20542.0,51.35
140525138545552,2024-10-16,LAW501,Harvard,non-Stem,3.0,20427.0,50.08
140525138553936,2024-08-01,LAW401,Harvard,non-Stem,5.0,15049.0,43.76
140525138544016,2024-12-28,LAW401,Harvard,non-Stem,2.0,17677.0,46.11
140525138542992,2024-09-09,LAW501,Harvard,non-Stem,2.0,21188.0,79.73
140525138549648,2024-11-12,LAW401,Harvard,non-Stem,3.0,15066.0,54.93
140525138557648,2024-10-11,LAW401,Harvard,non-Stem,2.0,17572.0,44.63
140525138547856,2024-10-25,LAW501,Harvard,non-Stem,5.0,20257.0,59.42
140525138554448,2024-12-08,LAW401,Harvard,non-Stem,1.0,17513.0,68.79
140525138543760,2024-09-02,LAW401,Harvard,non-Stem,3.0,15215.0,46.47
140525138552912,2024-11-24,LAW501,Harvard,non-Stem,4.0,19109.874457308248,69.93520170043416
140525138548368,2024-10-13,LAW401,Harvard,non-Stem,3.5576437831723657,17696.0,45.22
140525138549392,2024-12-01,LAW401,Harvard,non-Stem,4.0,15848.0,62.24
140525138544272,2024-11-15,LAW501,Harvard,non-Stem,2.0,21064.0,55.24
140525138553680,2024-12-11,LAW401,Harvard,non-Stem,3.0,15614.0,86.95
140525138548624,2024-11-15,LAW401,Harvard,non-Stem,1.0,16607.0,42.21
140525138554960,2024-10-13,LAW401,Harvard,non-Stem,2.0,15229.0,40.21
140525138555152,2024-08-16,LAW401,Harvard,non-Stem,4.0,16426.0,41.08
140525138547344,2024-12-04,LAW501,Harvard,non-Stem,3.0,20369.0,44.37
140525138552400,2024-09-04,LAW601,Harvard,non-Stem,1.0,27027.0,51.07
140525138545296,2024-12-09,LAW401,Harvard,non-Stem,2.0,19109.874457308248,69.93520170043416
140525138557456,2024-08-21,LAW501,Harvard,non-Stem,2.0,19109.874457308248,69.93520170043416
140525138551440,2024-11-07,LAW501,Harvard,non-Stem,1.0,22981.0,66.42
140525138546064,2024-11-11,LAW501,Harvard,non-Stem,2.0,20294.0,58.8
140525138555664,2024-10-05,LAW501,Harvard,non-Stem,3.5576437831723657,20267.0,86.76
140525138543248,2024-12-15,LAW501,Harvard,non-Stem,3.0,20857.0,52.13
140525138557904,2024-12-10,LAW401,Harvard,non-Stem,3.0,15311.0,64.32
140525138545808,2024-10-04,LAW501,Harvard,non-Stem,5.0,22777.0,43.83
140525138552144,2024-08-10,LAW401,Harvard,non-Stem,3.0,18174.0,68.1
140525138554192,2024-11-04,LAW601,Harvard,non-Stem,3.0,25026.0,62.89
140525221766352,2024-09-26,LAW501,Harvard,non-Stem,4.0,21554.0,41.84
140525185529872,2024-06-25,LAW501,Harvard,non-Stem,3.0,20918.0,43.01
140525185530832,2024-12-11,LAW501,Harvard,non-Stem,4.0,22161.0,71.3
140525185526352,2024-07-13,LAW401,Harvard,non-Stem,4.0,15433.0,43.58
140525185518864,2024-09-05,LAW401,Harvard,non-Stem,3.0,18792.0,73.01
140525185520976,2024-08-20,LAW401,Harvard,non-Stem,1.0,15995.0,49.66
140525185519440,2024-12-04,LAW401,Harvard,non-Stem,4.0,15572.0,42.83
140525185522832,2024-12-17,LAW501,Harvard,non-Stem,3.0,20258.0,42.56
140525185530384,2024-10-30,LAW501,Harvard,non-Stem,4.0,21518.0,51.09
140525185527312,2024-09-22,LAW501,Harvard,non-Stem,1.0,20316.0,43.8
140525185515600,2024-07-21,LAW601,Harvard,non-Stem,3.0,19109.874457308248,69.93520170043416
140525185525840,2024-10-01,LAW501,Harvard,non-Stem,3.0,22973.0,55.35
140525185525520,2024-11-17,LAW401,Harvard,non-Stem,3.5576437831723657,16057.0,48.98
140525185527952,2024-05-01,LAW501,Harvard,non-Stem,4.0,20760.0,41.13
140525185530640,2024-08-19,LAW401,Harvard,non-Stem,4.0,15632.0,69.07
140525185526288,2024-08-07,LAW401,Harvard,non-Stem,1.0,15154.0,60.31
140525185519824,2024-12-28,LAW401,Harvard,non-Stem,4.0,15228.0,62.7
140525185531856,2024-12-13,LAW401,Harvard,non-Stem,1.0,15847.0,57.96
140525185521232,2024-09-24,LAW501,Harvard,non-Stem,2.0,21611.0,57.67
140525185522768,2024-07-05,LAW601,Harvard,non-Stem,3.0,27064.0,88.62
140525185525584,2024-10-31,LAW501,Harvard,non-Stem,3.0,19109.874457308248,69.93520170043416
140525185524816,2024-10-21,LAW501,Harvard,non-Stem,4.0,21971.0,56.32
140525185529616,2024-08-19,LAW401,Harvard,non-Stem,1.0,17621.0,53.47
140525185522640,2024-10-26,LAW401,Harvard,non-Stem,5.0,17788.0,62.23
140525185527632,2024-08-12,LAW501,Harvard,non-Stem,2.0,21034.0,52.71
140525185526480,2024-07-09,LAW401,Harvard,non-Stem,1.0,15754.0,50.99
140525185528272,2024-10-14,LAW501,Harvard,non-Stem,3.5576437831723657,20520.0,44.51
140525185524048,2024-11-15,LAW401,Harvard,non-Stem,3.0,15148.0,75.11
140525185517520,2024-10-12,LAW501,Harvard,non-Stem,2.0,20414.0,40.71
140525185519312,2024-12-06,LAW501,Harvard,non-Stem,2.0,20412.0,61.1
140525185531088,2024-11-23,LAW401,Harvard,non-Stem,2.0,16035.0,41.89
140525185527504,2024-11-21,LAW501,Harvard,non-Stem,4.0,21499.0,43.4
140525185519248,2024-11-06,LAW601,Harvard,non-Stem,3.0,26919.0,79.25
140525185520720,2024-10-01,LAW401,Harvard,non-Stem,3.0,18839.0,48.42
140525185522960,2024-10-30,LAW401,Harvard,non-Stem,4.0,17750.0,52.12
140525185520400,2024-12-22,LAW601,Harvard,non-Stem,3.0,25698.0,55.97
140525185529232,2024-10-02,LAW401,Harvard,non-Stem,2.0,16409.0,56.47
140525185530576,2024-10-28,LAW401,Harvard,non-Stem,2.0,15921.0,45.77
140525185531344,2024-05-19,LAW401,Harvard,non-Stem,1.0,15089.0,45.2
140525185518352,2024-12-15,LAW401,Harvard,non-Stem,1.0,15007.0,43.17
140525185522384,2024-07-03,LAW401,Harvard,non-Stem,4.0,15653.0,65.69
140525185529040,2024-09-29,LAW401,Harvard,non-Stem,4.0,16350.0,40.31
140525185521424,2024-11-24,LAW401,Harvard,non-Stem,3.0,18847.0,49.22
140525185518288,2024-10-26,LAW501,Harvard,non-Stem,4.0,20254.0,57.35
140525185519056,2024-06-01,LAW401,Harvard,non-Stem,3.0,15778.0,49.08
140525185520336,2024-10-17,LAW501,Harvard,non-Stem,4.0,19109.874457308248,69.93520170043416
140525185523664,2024-11-02,LAW401,Harvard,non-Stem,2.0,17106.0,52.85
140525185525456,2024-06-23,LAW501,Harvard,non-Stem,4.0,20449.0,63.1
140525185517072,2024-11-19,LAW401,Harvard,non-Stem,2.0,16900.0,44.04
140525185531536,2024-07-13,LAW501,Harvard,non-Stem,4.0,21343.0,55.3
140525185517264,2024-04-20,LAW401,Harvard,non-Stem,3.0,16941.0,41.03
140525185522192,2024-06-12,LAW401,Harvard,non-Stem,3.0,15408.0,46.64
140525185520144,2024-09-19,LAW501,Harvard,non-Stem,2.0,22327.0,64.11
140525185518544,2024-09-01,LAW501,Harvard,non-Stem,4.0,23516.0,47.81
140525185521488,2024-12-28,LAW501,Harvard,non-Stem,2.0,20278.0,77.01
140525185524176,2024-12-26,LAW401,Harvard,non-Stem,2.0,17016.0,47.82
140525185523984,2024-10-17,LAW601,Harvard,non-Stem,2.0,19109.874457308248,69.93520170043416
140525185531664,2024-10-12,LAW401,Harvard,non-Stem,3.0,19109.874457308248,69.93520170043416
140525185518928,2024-12-25,LAW501,Harvard,non-Stem,2.0,23397.0,55.46
140525185529296,2024-10-28,LAW501,Harvard,non-Stem,3.0,20736.0,51.73
140525185525008,2024-11-13,LAW401,Harvard,non-Stem,3.0,16658.0,94.11
140525185521168,2024-11-19,LAW501,Harvard,non-Stem,3.0,20453.0,67.43
140525185528016,2024-06-18,LAW501,Harvard,non-Stem,4.0,21582.0,46.95
140525185522000,2024-09-26,LAW501,Harvard,non-Stem,4.0,21092.0,77.92
140525185520080,2024-09-04,LAW501,Harvard,non-Stem,1.0,20972.0,48.82
140525185520848,2024-10-14,LAW501,Harvard,non-Stem,2.0,15000.0,43.8
140525185529808,2024-11-27,LAW401,Harvard,non-Stem,2.0,15361.0,71.36
140525185528208,2024-12-05,LAW401,Harvard,non-Stem,3.0,16807.0,44.24
140525185519376,2024-10-24,LAW401,Harvard,non-Stem,2.0,16162.0,66.32
140525185527568,2024-08-23,LAW501,Harvard,non-Stem,5.0,20932.0,50.78
140525185522064,2024-09-09,LAW501,Harvard,non-Stem,5.0,22900.0,40.75
140525185527248,2024-07-07,LAW501,Harvard,non-Stem,5.0,22900.0,66.39
140525185520592,2024-09-12,LAW601,Harvard,non-Stem,3.0,26468.0,73.87
140525185516304,2024-07-13,LAW401,Harvard,non-Stem,3.0,15276.0,40.4
140525185523280,2024-11-12,LAW401,Harvard,non-Stem,5.0,16450.0,46.74
140525185529488,2024-10-17,LAW401,Harvard,non-Stem,5.0,16321.0,71.14
140525962832656,2024-12-20,LAW401,Harvard,non-Stem,2.0,19109.874457308248,69.93520170043416
140525962837392,2024-04-23,LAW601,Harvard,non-Stem,3.0,26559.0,54.7
140525962837264,2024-08-24,LAW501,Harvard,non-Stem,3.0,20257.0,41.88
140525962826000,2024-07-14,LAW501,Harvard,non-Stem,4.0,21159.0,49.13
140525962835920,2024-12-29,LAW501,Harvard,non-Stem,3.0,20106.0,45.01
140525962822864,2024-11-29,LAW501,Harvard,non-Stem,3.0,20500.0,71.55
140525962824848,2024-12-05,LAW501,Harvard,non-Stem,5.0,21064.0,52.72
140525962821712,2024-12-06,LAW501,Harvard,non-Stem,3.0,20565.0,43.18
140525962836496,2024-12-22,LAW501,Harvard,non-Stem,2.0,21007.0,49.11
140525962822096,2024-09-03,LAW401,Harvard,non-Stem,3.0,15759.0,53.95
140525962831504,2024-12-14,LAW501,Harvard,non-Stem,2.0,19109.874457308248,69.93520170043416
140525962826192,2024-09-09,LAW401,Harvard,non-Stem,4.0,15831.0,52.71
140525962830480,2024-12-25,LAW501,Harvard,non-Stem,2.0,22018.0,46.54
140525962826448,2024-12-11,LAW501,Harvard,non-Stem,2.0,21955.0,43.92
140525962822736,2024-05-25,LAW401,Harvard,non-Stem,2.0,17346.0,53.87
140525962825040,2024-11-01,LAW401,Harvard,non-Stem,5.0,15306.0,43.16
140525962823248,2024-12-28,LAW501,Harvard,non-Stem,3.0,21177.0,59.88
140525962835088,2024-12-31,LAW401,Harvard,non-Stem,1.0,16671.0,62.58
140525962833936,2024-07-23,LAW501,Harvard,non-Stem,2.0,21282.0,42.44
140525962833104,2024-09-12,LAW501,Harvard,non-Stem,4.0,23318.0,63.68
140525962825808,2024-09-20,LAW401,Harvard,non-Stem,1.0,15621.0,85.08
140525962829136,2024-12-15,LAW501,Harvard,non-Stem,2.0,22362.0,45.63
140525962827280,2024-12-09,LAW501,Harvard,non-Stem,2.0,22611.0,50.32
140525962835024,2024-10-26,LAW501,Harvard,non-Stem,1.0,21617.0,72.34
140525962836368,2024-12-15,LAW401,Harvard,non-Stem,2.0,18227.0,41.55
140525962834576,2024-11-26,LAW501,Harvard,non-Stem,4.0,20437.0,47.06
140525962829776,2024-10-06,LAW501,Harvard,non-Stem,2.0,21763.0,50.87
140525962834064,2024-11-15,LAW601,Harvard,non-Stem,2.0,25271.0,44.62
140525962822224,2024-12-26,LAW501,Harvard,non-Stem,2.0,22658.0,54.11
140525962829456,2024-10-17,LAW501,Harvard,non-Stem,1.0,20498.0,81.15
140525962835856,2024-11-09,LAW501,Harvard,non-Stem,3.0,20795.0,57.01
140525962832912,2024-11-23,LAW501,Harvard,non-Stem,5.0,22774.0,53.82
140525962824336,2024-08-10,LAW401,Harvard,non-Stem,3.0,16325.0,60.16
140525962829648,2024-09-15,LAW401,Harvard,non-Stem,3.0,19109.874457308248,69.93520170043416
140525962828368,2024-12-10,LAW401,Harvard,non-Stem,5.0,15803.0,47.6
140525962824016,2024-09-09,LAW501,Harvard,non-Stem,5.0,20300.0,53.55
140525962829392,2024-09-10,LAW501,Harvard,non-Stem,3.0,20481.0,52.62
140525962832400,2024-11-14,LAW401,Harvard,non-Stem,3.0,15692.0,77.14
140525962831184,2024-12-26,LAW501,Harvard,non-Stem,2.0,20550.0,46.67
140525962831760,2024-12-28,LAW501,Harvard,non-Stem,3.0,20791.0,53.24
140525962830992,2024-05-29,LAW401,Harvard,non-Stem,4.0,15714.0,59.01
140525962826640,2024-10-26,LAW501,Harvard,non-Stem,2.0,20281.0,52.65
140525962828944,2024-12-31,LAW401,Harvard,non-Stem,3.0,17318.0,60.08
140525962822160,2024-07-13,LAW401,Harvard,non-Stem,4.0,16906.0,43.2
140525962836752,2024-09-19,LAW401,Harvard,non-Stem,3.0,15090.0,43.59
140525962830544,2024-07-23,LAW401,Harvard,non-Stem,3.5576437831723657,15855.0,49.1
140525962827536,2024-09-06,LAW501,Harvard,non-Stem,4.0,20333.0,66.85
140525962834320,2024-07-04,LAW401,Harvard,non-Stem,3.0,15074.0,43.22
140525962828048,2024-12-28,LAW501,Harvard,non-Stem,1.0,20251.0,71.61
140525962824976,2024-11-13,LAW501,Harvard,non-Stem,3.0,21108.0,53.54
140525962826384,2024-08-11,LAW501,Harvard,non-Stem,3.0,20226.0,40.07
140525962831824,2024-11-16,LAW401,Harvard,non-Stem,2.0,17363.0,59.58
140525962836880,2024-12-24,LAW401,Harvard,non-Stem,3.0,15244.0,53.35
140525962827664,2024-07-08,LAW501,Harvard,non-Stem,4.0,20429.0,45.97
140525962823952,2024-11-11,LAW401,Harvard,non-Stem,3.0,15957.0,42.56
140525962824400,2024-08-25,LAW501,Harvard,non-Stem,5.0,21371.0,45.97
140525962823696,2024-05-16,LAW501,Harvard,non-Stem,4.0,22011.0,65.08
140525962826128,2024-11-11,LAW401,Harvard,non-Stem,3.0,16608.0,61.0
140525962826832,2024-11-13,LAW401,Harvard,non-Stem,3.5576437831723657,15055.0,48.75
140525962825616,2024-08-25,LAW401,Harvard,non-Stem,1.0,15558.0,42.64
140525962836048,2024-12-28,LAW501,Harvard,non-Stem,4.0,21039.0,48.91
140525962823824,2024-07-29,LAW401,Harvard,non-Stem,3.0,17169.0,49.3
140525962822544,2024-12-19,LAW401,Harvard,non-Stem,2.0,16463.0,55.65
140525962824528,2024-08-10,LAW401,Harvard,non-Stem,3.0,15002.0,60.35
140525962829200,2024-11-03,LAW501,Harvard,non-Stem,3.0,20919.0,57.0
140525962825936,2024-12-05,LAW401,Harvard,non-Stem,1.0,15964.0,67.73
140525962830096,2024-07-05,LAW501,Harvard,non-Stem,4.0,23594.0,87.46
140525962827408,2024-11-05,LAW501,Harvard,non-Stem,1.0,20040.0,51.03
140525962828112,2024-10-25,LAW501,Harvard,non-Stem,3.0,20199.0,69.57
140525962836816,2024-10-10,LAW501,Harvard,non-Stem,3.0,21052.0,53.18
140525962832208,2024-12-28,LAW401,Harvard,non-Stem,2.0,15600.0,40.08
140525962828816,2024-10-12,LAW501,Harvard,non-Stem,5.0,22161.0,77.75
140525962830608,2024-12-14,LAW401,Harvard,non-Stem,2.0,16517.0,58.95
140525962829584,2024-10-17,LAW501,Harvard,non-Stem,5.0,21045.0,83.17
140525962836112,2024-08-31,LAW501,Harvard,non-Stem,1.0,20164.0,53.4
140525962825680,2024-12-16,LAW401,Harvard,non-Stem,2.0,16832.0,41.62
140525962836624,2024-09-05,LAW401,Harvard,non-Stem,5.0,17247.0,42.91
140525962824464,2024-12-01,LAW401,Harvard,non-Stem,2.0,17445.0,56.86
140525962833360,2024-09-07,LAW401,Harvard,non-Stem,4.0,16734.0,48.22
140525962822480,2024-12-22,LAW401,Harvard,non-Stem,3.0,16457.0,62.48
140525962837136,2024-12-06,LAW601,Harvard,non-Stem,2.0,25205.0,59.77
140525962823632,2024-12-19,LAW501,Harvard,non-Stem,2.0,21528.0,52.1
140525962827472,2024-12-07,LAW501,Harvard,non-Stem,3.0,20096.0,46.12
140525962834704,2024-08-25,LAW401,Harvard,non-Stem,4.0,15607.0,61.9
140525962825424,2024-12-31,LAW401,Harvard,non-Stem,5.0,16187.0,42.61
140525962834000,2024-10-30,LAW501,Harvard,non-Stem,3.0,20820.0,52.74
140525962835536,2024-07-31,LAW401,Harvard,non-Stem,1.0,15485.0,41.11
140525182653456,2024-12-27,LAW501,Harvard,non-Stem,2.0,20729.0,69.25
140525182655952,2024-08-14,LAW401,Harvard,non-Stem,3.0,15156.0,58.98
140525182652752,2024-11-21,LAW401,Harvard,non-Stem,2.0,15616.0,40.72
140525182649744,2024-12-15,LAW501,Harvard,non-Stem,2.0,23209.0,41.61
140525182657552,2024-11-17,LAW401,Harvard,non-Stem,5.0,19109.874457308248,69.93520170043416
140525182658832,2024-11-02,LAW401,Harvard,non-Stem,3.0,15252.0,46.72
140525182658128,2024-07-31,LAW401,Harvard,non-Stem,5.0,15238.0,42.15
140525182654800,2024-11-01,LAW601,Harvard,non-Stem,3.0,25868.0,82.79
140525182663440,2024-06-18,LAW401,Harvard,non-Stem,3.0,15180.0,62.83
140525182660496,2024-08-14,LAW501,Harvard,non-Stem,3.0,21650.0,47.57
140525182650320,2024-12-18,LAW501,Harvard,non-Stem,3.0,21313.0,46.6
140525182660304,2024-07-05,LAW501,Harvard,non-Stem,2.0,20345.0,40.92
140525182652368,2024-12-29,LAW401,Harvard,non-Stem,3.0,16564.0,49.85
140525182648400,2024-12-18,LAW401,Harvard,non-Stem,3.0,16302.0,47.13
140525182650896,2024-11-28,LAW401,Harvard,non-Stem,3.0,16839.0,52.22
140525182658192,2024-11-03,LAW601,Harvard,non-Stem,4.0,26033.0,49.63
140525182663184,2024-10-30,LAW401,Harvard,non-Stem,3.5576437831723657,19109.874457308248,69.93520170043416
140525182652688,2024-10-17,LAW501,Harvard,non-Stem,4.0,19109.874457308248,69.93520170043416
140525182660752,2024-06-18,LAW401,Harvard,non-Stem,4.0,16897.0,41.74
140525182651536,2024-10-30,LAW401,Harvard,non-Stem,5.0,15973.0,46.46
140525182658512,2024-11-10,LAW401,Harvard,non-Stem,2.0,17124.0,50.76
140525182654160,2024-10-15,LAW401,Harvard,non-Stem,4.0,17784.0,42.7
140525182649168,2024-12-24,LAW501,Harvard,non-Stem,1.0,21449.0,45.77
140525182659216,2024-12-21,LAW401,Harvard,non-Stem,2.0,15185.0,49.23
140525182659152,2024-11-06,LAW401,Harvard,non-Stem,3.0,15571.0,73.11
140525182652880,2024-11-29,LAW501,Harvard,non-Stem,3.0,20602.0,56.93
140525182658256,2024-11-30,LAW401,Harvard,non-Stem,2.0,19109.874457308248,69.93520170043416
140525182655056,2024-10-05,LAW501,Harvard,non-Stem,3.5576437831723657,20511.0,67.52
140525182651152,2024-10-04,LAW401,Harvard,non-Stem,2.0,15341.0,43.65
140525182649104,2024-08-02,LAW501,Harvard,non-Stem,4.0,21484.0,53.03
140525182660176,2024-09-09,LAW401,Harvard,non-Stem,4.0,19109.874457308248,69.93520170043416
140525182661264,2024-02-26,LAW401,Harvard,non-Stem,5.0,19109.874457308248,69.93520170043416
140525182655632,2024-08-22,LAW401,Harvard,non-Stem,2.0,15268.0,46.82
140525182649680,2024-12-13,LAW501,Harvard,non-Stem,3.0,22236.0,42.1
140525182659920,2024-11-21,LAW401,Harvard,non-Stem,2.0,15284.0,49.19
140525182650832,2024-07-27,LAW501,Harvard,non-Stem,2.0,22682.0,58.63
140525182655440,2024-11-22,LAW401,Harvard,non-Stem,1.0,16305.0,57.15
140525182652496,2024-11-16,LAW401,Harvard,non-Stem,3.0,19109.874457308248,69.93520170043416
140525182663056,2024-04-24,LAW401,Harvard,non-Stem,3.0,16378.0,44.49
140525182648720,2024-08-10,LAW401,Harvard,non-Stem,3.0,15655.0,40.74
140525182661072,2024-12-28,LAW401,Harvard,non-Stem,4.0,15275.0,42.72
140525182649296,2024-12-25,LAW501,Harvard,non-Stem,2.0,23635.0,71.26
140525182659472,2024-11-18,LAW401,Harvard,non-Stem,2.0,15156.0,47.38
140525182651856,2024-11-25,LAW501,Harvard,non-Stem,2.0,21188.0,64.65
140525182650576,2024-12-28,LAW401,Harvard,non-Stem,4.0,15139.0,47.62
140525182650704,2024-12-24,LAW501,Harvard,non-Stem,4.0,21703.0,50.79
140525182661456,2024-11-20,LAW501,Harvard,non-Stem,2.0,22803.0,42.02
140525182649232,2024-04-04,LAW501,Harvard,non-Stem,2.0,20497.0,99.0
140525182664528,2024-11-29,LAW501,Harvard,non-Stem,4.0,21827.0,56.11
140525182662416,2024-10-16,LAW401,Harvard,non-Stem,2.0,15295.0,70.45
140525182651600,2024-08-21,LAW401,Harvard,non-Stem,3.0,16879.0,70.14
140525182662544,2024-10-16,LAW501,Harvard,non-Stem,3.0,20146.0,51.45
140525182653584,2024-03-14,LAW501,Harvard,non-Stem,2.0,21113.0,41.26
140525182658000,2024-10-03,LAW401,Harvard,non-Stem,1.0,15042.0,55.64
140525182656784,2024-12-28,LAW501,Harvard,non-Stem,1.0,20980.0,66.49
140525182660368,2024-10-24,LAW401,Harvard,non-Stem,3.0,16439.0,52.4
140525182652816,2024-09-26,LAW401,Harvard,non-Stem,2.0,15640.0,42.82
140525182663824,2024-09-10,LAW501,Harvard,non-Stem,3.0,21136.0,72.55
140525182661392,2024-12-17,LAW401,Harvard,non-Stem,3.0,15735.0,65.14
140525182658576,2024-07-28,LAW401,Harvard,non-Stem,3.0,16878.0,53.29
140525182657616,2024-09-01,LAW401,Harvard,non-Stem,4.0,17461.0,48.43
140525182662928,2024-09-10,LAW501,Harvard,non-Stem,3.0,21314.0,46.39
140525182649616,2024-10-14,LAW501,Harvard,non-Stem,2.0,22842.0,47.34
140525182658448,2024-09-06,LAW401,Harvard,non-Stem,3.0,17483.0,50.3
140525182650128,2024-06-27,LAW401,Harvard,non-Stem,4.0,16275.0,56.98
140525182650064,2024-11-15,LAW401,Harvard,non-Stem,5.0,17694.0,56.32
140525182660624,2024-04-20,LAW501,Harvard,non-Stem,4.0,21071.0,43.86
140525182654736,2024-08-17,LAW401,Harvard,non-Stem,3.5576437831723657,16127.0,56.57
140525182657808,2024-05-24,LAW501,Harvard,non-Stem,3.0,21073.0,59.68
140525182649360,2024-12-28,LAW401,Harvard,non-Stem,3.0,15251.0,45.64
140525182656080,2024-11-05,LAW501,Harvard,non-Stem,2.0,23105.0,47.5
140525182658768,2024-12-28,LAW501,Harvard,non-Stem,3.0,20278.0,55.87
140525182662288,2024-12-28,LAW401,Harvard,non-Stem,4.0,15509.0,47.2
140525182651792,2024-10-30,LAW501,Harvard,non-Stem,3.0,20974.0,48.28
140525182656272,2024-12-09,LAW501,Harvard,non-Stem,3.5576437831723657,22708.0,51.1
140525182658896,2024-12-25,LAW501,Harvard,non-Stem,3.0,20962.0,42.52
140525182664272,2024-12-28,LAW401,Harvard,non-Stem,3.0,16233.0,52.76
140525182655824,2024-10-11,LAW501,Harvard,non-Stem,4.0,19109.874457308248,69.93520170043416
140525182650640,2024-12-28,LAW401,Harvard,non-Stem,3.0,17410.0,40.9
140525182659536,2024-07-21,LAW501,Harvard,non-Stem,2.0,21874.0,51.8
140525182653968,2024-09-04,LAW501,Harvard,non-Stem,3.5576437831723657,20303.0,46.05
140525182659792,2024-11-21,LAW401,Harvard,non-Stem,2.0,15310.0,52.91
140525182663952,2024-11-24,LAW501,Harvard,non-Stem,3.0,21058.0,50.51
140525182652112,2024-11-18,LAW401,Harvard,non-Stem,3.0,15979.0,62.15
140525182657168,2024-12-06,LAW501,Harvard,non-Stem,5.0,20029.0,50.31
140525182656528,2024-07-18,LAW501,Harvard,non-Stem,1.0,20769.0,41.96
140525182652048,2024-10-19,LAW501,Harvard,non-Stem,2.0,19109.874457308248,69.93520170043416
140525182654032,2024-10-12,LAW401,Harvard,non-Stem,4.0,15623.0,73.58
140525182658704,2024-11-28,LAW501,Harvard,non-Stem,2.0,21855.0,74.17
140525182659280,2024-11-10,LAW501,Harvard,non-Stem,2.0,20625.0,44.03
140525182662032,2024-07-28,LAW401,Harvard,non-Stem,2.0,15257.0,43.66
140525182649424,2024-10-25,LAW501,Harvard,non-Stem,4.0,20189.0,64.41
140525182662608,2024-12-19,LAW501,Harvard,non-Stem,3.0,20946.0,70.44
140525182651024,2024-11-14,LAW401,Harvard,non-Stem,3.0,15881.0,56.64
140525182649040,2024-10-24,LAW501,Harvard,non-Stem,1.0,23551.0,66.99
140525182652176,2024-08-01,LAW501,Harvard,non-Stem,3.0,21279.0,48.18
140525182661712,2024-08-11,LAW501,Harvard,non-Stem,3.0,19999.0,48.85
140525182661328,2024-05-28,LAW401,Harvard,non-Stem,3.0,15976.0,50.06
140525182657488,2024-08-09,LAW601,Harvard,non-Stem,3.0,25255.0,62.97
140525182655888,2024-09-08,LAW601,Harvard,non-Stem,1.0,27002.0,47.14
140525182652624,2024-10-15,LAW501,Harvard,non-Stem,4.0,21770.0,48.18
140525182662864,2024-09-03,LAW501,Harvard,non-Stem,1.0,21187.0,41.55
140525182664080,2024-10-18,LAW401,Harvard,non-Stem,4.0,19109.874457308248,69.93520170043416
140525182650960,2024-11-27,LAW401,Harvard,non-Stem,3.0,16336.0,50.49
140525182652304,2024-11-18,LAW501,Harvard,non-Stem,4.0,21164.0,79.6
140525182655568,2024-12-06,LAW401,Harvard,non-Stem,3.0,17212.0,47.23
140525182657680,2024-12-20,LAW501,Harvard,non-Stem,3.0,20256.0,48.48
140525182650512,2024-12-28,LAW501,Harvard,non-Stem,3.5576437831723657,20475.0,59.35
140525182651408,2024-11-08,LAW401,Harvard,non-Stem,1.0,16868.0,67.9
140525182664592,2024-07-09,LAW501,Harvard,non-Stem,4.0,20730.0,41.96
140525182663120,2024-12-28,LAW401,Harvard,non-Stem,4.0,15170.0,47.48
140525182656592,2024-12-25,LAW501,Harvard,non-Stem,2.0,21791.0,45.27
140525182662352,2024-07-05,LAW501,Harvard,non-Stem,3.0,20418.0,68.2
140525182653520,2024-12-25,LAW501,Harvard,non-Stem,4.0,20563.0,40.42
140525182661136,2024-12-16,LAW501,Harvard,non-Stem,2.0,21138.0,46.57
140525182654992,2024-11-30,LAW401,Harvard,non-Stem,2.0,19109.874457308248,69.93520170043416
140525182656656,2024-12-18,LAW501,Harvard,non-Stem,3.5576437831723657,20557.0,57.16
140525182659024,2024-08-18,LAW401,Harvard,non-Stem,3.0,19109.874457308248,69.93520170043416
140525182650000,2024-11-28,LAW401,Harvard,non-Stem,4.0,17776.0,56.86
140525182653200,2024-08-29,LAW401,Harvard,non-Stem,2.0,15949.0,47.81
140525182653776,2024-07-11,LAW501,Harvard,non-Stem,3.5576437831723657,21443.0,42.31
140525182558736,2024-12-28,LAW501,Harvard,non-Stem,4.0,22432.0,50.89
140525182565520,2024-11-04,LAW401,Harvard,non-Stem,2.0,15101.0,52.15
140525182550096,2024-12-11,LAW401,Harvard,non-Stem,5.0,16205.0,54.02
140525182557392,2024-12-01,LAW401,Harvard,non-Stem,5.0,18640.0,40.67
140525182561744,2024-12-26,LAW401,Harvard,non-Stem,4.0,16268.0,49.74
140525182560272,2024-12-08,LAW601,Harvard,non-Stem,3.0,25163.0,48.22
140525182565328,2024-06-15,LAW501,Harvard,non-Stem,4.0,19109.874457308248,69.93520170043416
140525182553680,2024-08-22,LAW501,Harvard,non-Stem,3.0,20773.0,47.17
140525182551056,2024-08-04,LAW401,Harvard,non-Stem,4.0,18160.0,89.29
140525182550416,2024-08-30,LAW501,Harvard,non-Stem,1.0,21174.0,40.57
140525182553040,2024-12-13,LAW401,Harvard,non-Stem,4.0,15354.0,46.59
140525182562448,2024-05-24,LAW401,Harvard,non-Stem,3.0,15212.0,51.47
140525182552848,2024-12-06,LAW401,Harvard,non-Stem,4.0,15115.0,45.75
140525182566224,2024-09-08,LAW401,Harvard,non-Stem,4.0,15075.0,40.43
140525182559376,2024-11-04,LAW401,Harvard,non-Stem,3.0,16503.0,40.52
140525182554512,2024-12-10,LAW401,Harvard,non-Stem,4.0,15508.0,60.0
140525182560464,2024-08-27,LAW501,Harvard,non-Stem,4.0,20163.0,43.95
140525182564624,2024-11-09,LAW601,Harvard,non-Stem,4.0,27955.0,47.72
140525182558992,2024-10-06,LAW401,Harvard,non-Stem,2.0,16705.0,46.11
140525182564112,2024-08-18,LAW501,Harvard,non-Stem,4.0,20922.0,50.81
140525182555152,2024-11-08,LAW401,Harvard,non-Stem,2.0,17564.0,45.8
140525182563472,2024-10-09,LAW401,Harvard,non-Stem,2.0,16289.0,72.06
140525182553168,2024-12-28,LAW501,Harvard,non-Stem,4.0,20422.0,61.99
140525182554064,2024-11-13,LAW401,Harvard,non-Stem,4.0,17823.0,44.08
140525182550800,2024-12-28,LAW401,Harvard,non-Stem,3.0,18086.0,52.75
140525182550928,2024-07-17,LAW401,Harvard,non-Stem,1.0,15083.0,57.8
140525182552272,2024-08-25,LAW401,Harvard,non-Stem,2.0,15013.0,44.92
140525182561680,2024-11-29,LAW401,Harvard,non-Stem,3.0,15049.0,75.95
140525182557136,2024-08-28,LAW601,Harvard,non-Stem,2.0,27156.0,40.93
140525182560656,2024-09-11,LAW501,Harvard,non-Stem,2.0,20288.0,40.68
140525182557712,2024-10-20,LAW501,Harvard,non-Stem,1.0,21498.0,50.52
140525182553808,2024-12-29,LAW401,Harvard,non-Stem,4.0,15445.0,44.75
140525182561552,2024-06-22,LAW401,Harvard,non-Stem,4.0,17124.0,67.71
140525182560784,2024-08-28,LAW401,Harvard,non-Stem,2.0,17715.0,85.49
140525182552208,2024-09-04,LAW401,Harvard,non-Stem,3.0,15171.0,46.22
140525182565264,2024-11-29,LAW401,Harvard,non-Stem,3.0,18382.0,47.87
140525182553616,2024-11-10,LAW401,Harvard,non-Stem,3.0,16771.0,42.38
140525182552016,2024-11-14,LAW401,Harvard,non-Stem,3.0,15303.0,44.64
140525182552656,2024-11-30,LAW501,Harvard,non-Stem,3.0,23909.0,44.58
140525182559248,2024-12-20,LAW401,Harvard,non-Stem,1.0,17386.0,55.04
140525182562576,2024-08-30,LAW401,Harvard,non-Stem,2.0,16797.0,61.08
140525182551824,2024-12-12,LAW501,Harvard,non-Stem,5.0,20055.0,64.79
140525182553424,2024-11-02,LAW501,Harvard,non-Stem,2.0,21490.0,47.3
140525182551312,2024-10-21,LAW501,Harvard,non-Stem,3.0,20805.0,61.38
140525182561040,2024-09-27,LAW401,Harvard,non-Stem,3.5576437831723657,15767.0,46.87
140525182556304,2024-06-15,LAW401,Harvard,non-Stem,5.0,16075.0,40.67
140525182565648,2024-07-20,LAW401,Harvard,non-Stem,4.0,19109.874457308248,69.93520170043416
140525182557904,2024-12-20,LAW501,Harvard,non-Stem,2.0,20753.0,57.52
140525182558480,2024-10-20,LAW501,Harvard,non-Stem,3.0,21001.0,58.95
140525182560016,2024-08-09,LAW401,Harvard,non-Stem,5.0,16371.0,44.41
140525182565776,2024-03-18,LAW401,Harvard,non-Stem,3.0,15984.0,48.46
140525182553936,2024-08-01,LAW501,Harvard,non-Stem,2.0,20946.0,83.59
140525182558352,2024-10-20,LAW401,Harvard,non-Stem,4.0,15554.0,40.32
140525182564304,2024-06-25,LAW401,Harvard,non-Stem,3.0,16560.0,64.11
140525182558096,2024-12-30,LAW401,Harvard,non-Stem,3.0,16341.0,54.8
140525182554128,2024-09-18,LAW401,Harvard,non-Stem,3.5576437831723657,15078.0,41.08
140525182561296,2024-09-11,LAW501,Harvard,non-Stem,4.0,22347.0,46.66
140525182564368,2024-03-22,LAW501,Harvard,non-Stem,3.0,20191.0,43.69
140525182550608,2024-10-01,LAW501,Harvard,non-Stem,3.0,20046.0,44.51
140525182556880,2024-08-24,LAW401,Harvard,non-Stem,3.0,17254.0,54.49
140525182555792,2024-12-17,LAW501,Harvard,non-Stem,3.0,21828.0,47.72
140525182559824,2024-05-23,LAW401,Harvard,non-Stem,3.0,15628.0,44.97
140525182558864,2024-07-06,LAW501,Harvard,non-Stem,4.0,22580.0,68.43
140525182550288,2024-10-19,LAW401,Harvard,non-Stem,5.0,15670.0,48.3
140525182559504,2024-10-28,LAW501,Harvard,non-Stem,2.0,21011.0,40.03
140525182551184,2024-12-07,LAW401,Harvard,non-Stem,3.5576437831723657,18191.0,60.11
140525182555344,2024-05-24,LAW501,Harvard,non-Stem,4.0,20207.0,43.23
140525182562960,2024-12-26,LAW401,Harvard,non-Stem,4.0,16469.0,44.27
140525182563088,2024-12-30,LAW401,Harvard,non-Stem,2.0,17401.0,41.27
140525182552592,2024-08-21,LAW401,Harvard,non-Stem,3.0,16163.0,56.28
140525182551440,2024-02-28,LAW501,Harvard,non-Stem,2.0,23047.0,41.73
140525182563792,2024-08-29,LAW401,Harvard,non-Stem,3.5576437831723657,15713.0,62.62
140525182561168,2024-10-16,LAW501,Harvard,non-Stem,4.0,21608.0,45.61
140525182563728,2024-03-23,LAW401,Harvard,non-Stem,2.0,16233.0,57.16
140525182564752,2024-07-31,LAW601,Harvard,non-Stem,4.0,27300.0,42.77
140525182560528,2024-11-18,LAW401,Harvard,non-Stem,2.0,16595.0,49.11
140525182550160,2024-03-08,LAW401,Harvard,non-Stem,3.0,15637.0,59.59
140525182566160,2024-07-09,LAW501,Harvard,non-Stem,3.0,22166.0,74.43
140525182555600,2024-12-21,LAW501,Harvard,non-Stem,4.0,20196.0,42.04
140525182555024,2024-07-10,LAW501,Harvard,non-Stem,4.0,22078.0,59.94
140525182561936,2024-07-14,LAW401,Harvard,non-Stem,3.5576437831723657,15297.0,48.18
140525182563024,2024-11-09,LAW501,Harvard,non-Stem,2.0,20977.0,59.02
140525182563536,2024-09-25,LAW401,Harvard,non-Stem,3.0,18461.0,86.98
140525182550352,2024-07-23,LAW501,Harvard,non-Stem,3.5576437831723657,20663.0,56.99
140525182551568,2024-12-14,LAW501,Harvard,non-Stem,5.0,20805.0,61.09
140525182565904,2024-10-11,LAW501,Harvard,non-Stem,5.0,22021.0,52.45
140525182558160,2024-10-08,LAW501,Harvard,non-Stem,3.0,19109.874457308248,69.93520170043416
140525182564048,2024-08-09,LAW401,Harvard,non-Stem,4.0,16035.0,43.45
140525182562512,2024-10-25,LAW401,Harvard,non-Stem,1.0,16686.0,40.47
140525182562064,2024-12-23,LAW501,Harvard,non-Stem,3.5576437831723657,20506.0,45.06
140525182557968,2024-11-09,LAW401,Harvard,non-Stem,3.0,15621.0,54.43
140525182557200,2024-06-29,LAW401,Harvard,non-Stem,4.0,16254.0,44.05
140525182555856,2024-12-28,LAW501,Harvard,non-Stem,3.0,21106.0,72.75
140525182556368,2024-08-07,LAW501,Harvard,non-Stem,2.0,20300.0,89.78
140525182556496,2024-11-25,LAW501,Harvard,non-Stem,4.0,20557.0,59.03
140525182558224,2024-09-30,LAW601,Harvard,non-Stem,4.0,25098.0,52.49
140525182566288,2024-10-29,LAW401,Harvard,non-Stem,4.0,16637.0,55.25
140525182551888,2024-12-21,LAW501,Harvard,non-Stem,2.0,21113.0,43.26
140525182554320,2024-11-09,LAW401,Harvard,non-Stem,2.0,15412.0,58.7
140525182554384,2024-10-10,LAW501,Harvard,non-Stem,2.0,20197.0,57.52
140525182551696,2024-12-17,LAW501,Harvard,non-Stem,3.0,21879.0,60.36
140525184527312,2024-09-10,LAW401,Harvard,non-Stem,4.0,15321.0,42.81
140525184532176,2024-07-12,LAW401,Harvard,non-Stem,3.0,17296.0,50.67
140525184518928,2024-09-19,LAW401,Harvard,non-Stem,4.0,16905.0,66.16
140525184530512,2024-12-19,LAW401,Harvard,non-Stem,1.0,15306.0,48.07
140525184520144,2024-09-13,LAW401,Harvard,non-Stem,3.5576437831723657,17651.0,60.7
140525184516880,2024-08-07,LAW501,Harvard,non-Stem,4.0,20559.0,57.76
140525184528912,2024-08-05,LAW501,Harvard,non-Stem,3.0,20223.0,43.89
140525184517456,2024-12-06,LAW501,Harvard,non-Stem,4.0,20929.0,69.27
140525184527248,2024-08-20,LAW501,Harvard,non-Stem,3.0,20628.0,67.15
140525184528016,2024-12-14,LAW401,Harvard,non-Stem,4.0,18740.0,59.67
140525184531472,2024-08-21,LAW501,Harvard,non-Stem,1.0,22294.0,73.43
140525184528208,2024-10-27,LAW401,Harvard,non-Stem,2.0,15657.0,43.98
140525184529040,2024-09-27,LAW401,Harvard,non-Stem,3.0,19109.874457308248,69.93520170043416
140525184526352,2024-09-30,LAW401,Harvard,non-Stem,2.0,16539.0,63.51
140525184521360,2024-10-26,LAW501,Harvard,non-Stem,1.0,23003.0,43.08
140525184529168,2024-09-29,LAW501,Harvard,non-Stem,2.0,20008.0,53.5
140525184521232,2024-04-24,LAW501,Harvard,non-Stem,3.0,20555.0,46.52
140525184528848,2024-07-04,LAW401,Harvard,non-Stem,3.0,16701.0,59.8
140525184522192,2024-12-04,LAW401,Harvard,non-Stem,3.0,16827.0,45.25
140525184518736,2024-11-30,LAW501,Harvard,non-Stem,4.0,19109.874457308248,69.93520170043416
140525184526800,2024-06-09,LAW401,Harvard,non-Stem,3.0,15050.0,43.97
140525184518992,2024-12-28,LAW501,Harvard,non-Stem,3.0,21769.0,57.38
140525184516368,2024-06-27,LAW401,Harvard,non-Stem,3.0,17123.0,47.26
140525184531792,2024-10-09,LAW501,Harvard,non-Stem,3.0,21482.0,47.85
140525184531600,2024-05-22,LAW401,Harvard,non-Stem,4.0,17517.0,48.41
140525184521808,2024-03-20,LAW401,Harvard,non-Stem,4.0,16343.0,44.15
140525184530448,2024-11-15,LAW501,Harvard,non-Stem,2.0,20413.0,47.86
140525184526096,2024-12-28,LAW501,Harvard,non-Stem,3.0,20239.0,53.06
140525184520336,2024-07-04,LAW401,Harvard,non-Stem,3.0,19109.874457308248,69.93520170043416
140525184519760,2024-12-09,LAW501,Harvard,non-Stem,3.0,20617.0,50.4
140525184527504,2024-11-19,LAW401,Harvard,non-Stem,5.0,15009.0,54.34
140525184521168,2024-12-07,LAW501,Harvard,non-Stem,2.0,20456.0,59.13
140525184526864,2024-09-15,LAW501,Harvard,non-Stem,3.0,20800.0,47.44
140525184531088,2024-04-18,LAW501,Harvard,non-Stem,3.0,20326.0,41.89
140525184521936,2024-08-04,LAW401,Harvard,non-Stem,2.0,16465.0,43.1
140525184519568,2024-08-19,LAW501,Harvard,non-Stem,2.0,21421.0,63.78
140525184517648,2024-08-15,LAW501,Harvard,non-Stem,4.0,20302.0,78.23
140525184520016,2024-12-30,LAW601,Harvard,non-Stem,4.0,27307.0,67.4
140525184526032,2024-09-14,LAW501,Harvard,non-Stem,3.0,21917.0,75.38
140525184518800,2024-12-03,LAW401,Harvard,non-Stem,3.0,15398.0,56.68
140525184523152,2024-09-05,LAW501,Harvard,non-Stem,3.0,22044.0,57.56
140525184527824,2024-12-24,LAW401,Harvard,non-Stem,2.0,15304.0,46.24
140525184519440,2024-09-15,LAW401,Harvard,non-Stem,2.0,16246.0,53.18
140525184523408,2024-12-28,LAW401,Harvard,non-Stem,4.0,15422.0,41.27
140525184518480,2024-06-10,LAW401,Harvard,non-Stem,4.0,15803.0,71.28
140525184521040,2024-12-16,LAW501,Harvard,non-Stem,4.0,20132.0,52.72
140525184528464,2024-10-22,LAW501,Harvard,non-Stem,3.5576437831723657,20023.0,69.92
140525184517968,2024-10-01,LAW401,Harvard,non-Stem,4.0,15773.0,78.57
140525184529552,2024-05-10,LAW401,Harvard,non-Stem,2.0,15153.0,48.68
140525184530384,2024-06-25,LAW601,Harvard,non-Stem,3.0,25829.0,50.47
140525184516432,2024-10-20,LAW501,Harvard,non-Stem,5.0,21286.0,54.15
140525184529936,2024-07-08,LAW401,Harvard,non-Stem,2.0,16097.0,73.9
140525184532240,2024-11-23,LAW501,Harvard,non-Stem,4.0,21007.0,68.4
140525184517840,2024-10-06,LAW501,Harvard,non-Stem,3.0,21625.0,59.79
140525184529680,2024-12-18,LAW401,Harvard,non-Stem,3.0,15179.0,64.01
140525184520976,2024-12-25,LAW401,Harvard,non-Stem,2.0,17543.0,64.79
140525184516176,2024-11-11,LAW501,Harvard,non-Stem,4.0,20689.0,86.28
140525184518416,2024-10-19,LAW401,Harvard,non-Stem,4.0,16157.0,41.56
140525184525968,2024-08-31,LAW401,Harvard,non-Stem,4.0,16307.0,44.22
140525184524176,2024-06-06,LAW401,Harvard,non-Stem,4.0,16252.0,57.27
140525184519312,2024-12-05,LAW401,Harvard,non-Stem,4.0,15611.0,63.07
140525184517200,2024-12-12,LAW501,Harvard,non-Stem,3.5576437831723657,23276.0,59.51
140525184518288,2024-05-05,LAW401,Harvard,non-Stem,4.0,17585.0,82.13
140525184519952,2024-05-30,LAW401,Harvard,non-Stem,5.0,15690.0,79.39
140525184520848,2024-12-08,LAW401,Harvard,non-Stem,2.0,15020.0,40.05
140525184531152,2024-09-07,LAW401,Harvard,non-Stem,1.0,19109.874457308248,69.93520170043416
140525184525712,2024-05-27,LAW401,Harvard,non-Stem,4.0,16025.0,41.43
140525184518864,2024-10-26,LAW401,Harvard,non-Stem,5.0,16450.0,77.34
140525184531920,2024-12-30,LAW501,Harvard,non-Stem,4.0,21059.0,75.37
140525184523984,2024-12-12,LAW501,Harvard,non-Stem,2.0,20714.0,63.51
140525184525584,2024-11-26,LAW401,Harvard,non-Stem,2.0,15699.0,41.74
140525184516624,2024-12-07,LAW401,Harvard,non-Stem,4.0,16509.0,49.21
140525184526928,2024-10-21,LAW501,Harvard,non-Stem,3.0,21899.0,59.49
140525184527440,2024-11-07,LAW501,Harvard,non-Stem,2.0,22764.0,47.75
140525184522064,2024-10-30,LAW501,Harvard,non-Stem,2.0,21454.0,46.24
140525184527888,2024-11-17,LAW401,Harvard,non-Stem,3.0,15757.0,54.49
140525184532432,2024-10-15,LAW501,Harvard,non-Stem,4.0,23516.0,56.46
140525184524432,2024-11-09,LAW401,Harvard,non-Stem,3.0,15522.0,43.42
140525184526416,2024-06-30,LAW401,Harvard,non-Stem,3.0,16369.0,76.58
140525184531344,2024-10-17,LAW401,Harvard,non-Stem,3.0,16017.0,55.37
140525184527952,2024-11-17,LAW501,Harvard,non-Stem,2.0,20064.0,48.77
140525184524752,2024-12-11,LAW401,Harvard,non-Stem,4.0,15219.0,80.81
140525184529616,2024-06-10,LAW401,Harvard,non-Stem,4.0,17383.0,41.35
140525184519120,2024-12-11,LAW501,Harvard,non-Stem,4.0,19109.874457308248,69.93520170043416
140525184528784,2024-09-24,LAW401,Harvard,non-Stem,3.0,16089.0,63.72
140525184525776,2024-07-30,LAW401,Harvard,non-Stem,2.0,15156.0,43.74
140525184524240,2024-11-02,LAW401,Harvard,non-Stem,2.0,15178.0,41.21
140525184520080,2024-12-28,LAW601,Harvard,non-Stem,3.0,25717.0,66.06
140525184520592,2024-12-02,LAW401,Harvard,non-Stem,3.0,19240.0,40.0
140525184526608,2024-09-14,LAW501,Harvard,non-Stem,4.0,20990.0,40.42
140525184532048,2024-08-09,LAW401,Harvard,non-Stem,2.0,15420.0,50.66
140525184529360,2024-10-17,LAW401,Harvard,non-Stem,4.0,17015.0,47.34
140525184526992,2024-06-01,LAW601,Harvard,non-Stem,2.0,25553.0,46.43
140525184522768,2024-12-08,LAW501,Harvard,non-Stem,3.0,22891.0,45.84
140525184517712,2024-05-31,LAW401,Harvard,non-Stem,4.0,16365.0,47.15
140525184530640,2024-10-01,LAW501,Harvard,non-Stem,3.0,20424.0,43.46
140525184524944,2024-11-15,LAW501,Harvard,non-Stem,2.0,19109.874457308248,69.93520170043416
140525184518352,2024-11-20,LAW501,Harvard,non-Stem,1.0,22424.0,61.88
140525184530192,2024-10-28,LAW501,Harvard,non-Stem,4.0,21258.0,47.95
140525184523728,2024-10-12,LAW401,Harvard,non-Stem,3.0,15046.0,43.95
140525184525904,2024-09-26,LAW401,Harvard,non-Stem,2.0,17750.0,42.82
140525184531856,2024-11-02,LAW401,Harvard,non-Stem,3.0,15502.0,41.32
140525184523536,2024-06-21,LAW501,Harvard,non-Stem,2.0,20547.0,53.13
140525184528656,2024-01-26,LAW601,Harvard,non-Stem,3.0,25403.0,40.64
140525184522128,2024-10-19,LAW401,Harvard,non-Stem,4.0,15854.0,75.79
140525184527760,2024-08-24,LAW401,Harvard,non-Stem,3.0,15995.0,55.53
140525184523472,2024-11-01,LAW501,Harvard,non-Stem,4.0,20820.0,52.42
140525184528976,2024-10-31,LAW501,Harvard,non-Stem,2.0,21363.0,76.87
140525184525136,2024-11-03,LAW501,Harvard,non-Stem,2.0,20910.0,54.55
140525184529296,2024-08-08,LAW501,Harvard,non-Stem,3.0,21647.0,52.41
140525184518096,2024-12-04,LAW401,Harvard,non-Stem,3.0,15802.0,47.98
140525184523792,2024-09-30,LAW501,Harvard,non-Stem,3.0,20777.0,87.01
140525184523024,2024-08-01,LAW501,Harvard,non-Stem,2.0,20571.0,49.22
140525184526288,2024-11-17,LAW401,Harvard,non-Stem,1.0,15572.0,48.7
140525184529808,2024-09-27,LAW501,Harvard,non-Stem,5.0,22666.0,44.27
140525184520272,2024-10-15,LAW401,Harvard,non-Stem,4.0,15443.0,46.1
140525184522256,2024-12-26,LAW501,Harvard,non-Stem,2.0,21129.0,51.5
140525184518224,2024-08-17,LAW401,Harvard,non-Stem,4.0,16146.0,46.1
140525184526736,2024-07-25,LAW501,Harvard,non-Stem,2.0,21961.0,45.0
140525184526480,2024-10-22,LAW401,Harvard,non-Stem,2.0,16305.0,55.7
140525184528528,2024-10-14,LAW501,Harvard,non-Stem,3.0,20783.0,46.3
140525184525072,2024-07-19,LAW401,Harvard,non-Stem,3.0,16860.0,47.03
140525184518672,2024-12-28,LAW401,Harvard,non-Stem,3.0,16924.0,49.41
140525184517136,2024-10-26,LAW401,Harvard,non-Stem,3.0,15302.0,58.42
140525184531984,2024-10-01,LAW401,Harvard,non-Stem,1.0,16087.0,66.53
140525184516496,2024-12-11,LAW501,Harvard,non-Stem,3.0,22141.0,60.47
140525184519184,2024-08-24,LAW601,Harvard,non-Stem,4.0,25355.0,43.06
140525181047952,2024-09-11,LAW401,Harvard,non-Stem,3.0,19109.874457308248,69.93520170043416
140525181056912,2024-12-08,LAW401,Harvard,non-Stem,2.0,19109.874457308248,69.93520170043416
140525181047568,2024-09-08,LAW401,Harvard,non-Stem,3.0,16823.0,47.61
140525181049936,2024-10-24,LAW601,Harvard,non-Stem,2.0,27528.0,57.75
140525181043728,2024-10-10,LAW501,Harvard,non-Stem,5.0,20531.0,77.32
140525181056848,2024-12-07,LAW401,Harvard,non-Stem,3.0,16713.0,41.82
140525181054544,2024-09-04,LAW401,Harvard,non-Stem,3.0,16753.0,40.24
140525181055888,2024-11-22,LAW401,Harvard,non-Stem,3.0,16133.0,54.52
140525181045328,2024-09-01,LAW501,Harvard,non-Stem,5.0,20131.0,70.94
140525181046416,2024-12-11,LAW501,Harvard,non-Stem,3.0,19109.874457308248,69.93520170043416
140525181050320,2024-12-20,LAW401,Harvard,non-Stem,2.0,15405.0,67.71
140525181047504,2024-10-15,LAW601,Harvard,non-Stem,3.0,25996.0,65.0
140525181051408,2024-12-13,LAW501,Harvard,non-Stem,3.0,21032.0,44.15
140525181045008,2024-09-15,LAW601,Harvard,non-Stem,3.0,25133.0,55.46
140525181043344,2024-10-13,LAW501,Harvard,non-Stem,4.0,24593.0,45.89
140525181054672,2024-10-03,LAW401,Harvard,non-Stem,2.0,17183.0,65.24
140525181044112,2024-12-01,LAW401,Harvard,non-Stem,2.0,15868.0,62.68
140525181044880,2024-08-16,LAW501,Harvard,non-Stem,2.0,20508.0,40.23
140525181052240,2024-09-15,LAW501,Harvard,non-Stem,3.0,20783.0,75.76
140525181050256,2024-11-22,LAW401,Harvard,non-Stem,4.0,15366.0,43.51
140525181053456,2024-05-07,LAW501,Harvard,non-Stem,5.0,20880.0,72.83
140525181042768,2024-10-27,LAW401,Harvard,non-Stem,3.0,16930.0,42.41
140525181047440,2024-10-28,LAW501,Harvard,non-Stem,3.0,20546.0,58.7
140525181045648,2024-05-23,LAW401,Harvard,non-Stem,3.0,15847.0,47.52
140525181057424,2024-12-29,LAW501,Harvard,non-Stem,3.0,20890.0,44.23
140525181051280,2024-08-27,LAW401,Harvard,non-Stem,3.0,17543.0,45.1
140525181058832,2024-11-10,LAW401,Harvard,non-Stem,3.0,15076.0,58.63
140525181058960,2024-09-07,LAW501,Harvard,non-Stem,3.0,22668.0,72.77
140525181057936,2024-10-27,LAW501,Harvard,non-Stem,3.0,19109.874457308248,69.93520170043416
140525181053392,2024-06-03,LAW501,Harvard,non-Stem,2.0,24280.0,52.29
140525181046288,2024-07-02,LAW401,Harvard,non-Stem,4.0,19035.0,58.02
140525181051984,2024-10-27,LAW401,Harvard,non-Stem,2.0,15678.0,63.5
140525181054416,2024-10-17,LAW401,Harvard,non-Stem,3.0,15417.0,57.68
140525181050768,2024-09-18,LAW401,Harvard,non-Stem,5.0,17976.0,50.92
140525181056080,2024-10-28,LAW601,Harvard,non-Stem,3.0,25124.0,56.61
140525181048208,2024-07-26,LAW401,Harvard,non-Stem,2.0,16721.0,62.89
140525181050000,2024-06-30,LAW401,Harvard,non-Stem,2.0,15252.0,52.96
140525181051216,2024-08-04,LAW401,Harvard,non-Stem,3.5576437831723657,15667.0,49.15
140525181055824,2024-09-16,LAW401,Harvard,non-Stem,1.0,15003.0,55.76
140525181046544,2024-12-08,LAW501,Harvard,non-Stem,2.0,23250.0,51.63
140525181043152,2024-12-16,LAW501,Harvard,non-Stem,4.0,21726.0,49.43
140525181058256,2024-12-11,LAW601,Harvard,non-Stem,3.0,27341.0,52.63
140525181057104,2024-11-24,LAW501,Harvard,non-Stem,3.0,21957.0,55.05
140525181054032,2024-11-28,LAW401,Harvard,non-Stem,4.0,15361.0,51.66
140525181058576,2024-08-13,LAW501,Harvard,non-Stem,4.0,20725.0,46.98
140525181045776,2024-11-20,LAW501,Harvard,non-Stem,2.0,21866.0,48.03
140525181053008,2024-11-14,LAW501,Harvard,non-Stem,4.0,21181.0,58.0
140525181058640,2024-07-15,LAW401,Harvard,non-Stem,3.5576437831723657,16430.0,69.04
140525181048592,2024-12-07,LAW501,Harvard,non-Stem,2.0,20380.0,47.13
140525181043920,2024-12-05,LAW401,Harvard,non-Stem,4.0,17352.0,65.29
140525181053264,2024-06-23,LAW401,Harvard,non-Stem,3.0,15410.0,72.39
140525181057808,2024-11-21,LAW401,Harvard,non-Stem,4.0,19109.874457308248,69.93520170043416
140525181058192,2024-12-01,LAW401,Harvard,non-Stem,2.0,15520.0,40.35
140525181047184,2024-06-12,LAW501,Harvard,non-Stem,3.0,20496.0,68.66
140525181057232,2024-10-19,LAW401,Harvard,non-Stem,2.0,18783.0,67.03
140525181054160,2024-11-17,LAW501,Harvard,non-Stem,3.0,22967.0,48.59
140525181044432,2024-07-22,LAW401,Harvard,non-Stem,4.0,16692.0,41.47
140525181057872,2024-06-28,LAW401,Harvard,non-Stem,2.0,15462.0,52.51
140525181057296,2024-11-25,LAW401,Harvard,non-Stem,4.0,15067.0,65.89
140525181054608,2024-12-09,LAW601,Harvard,non-Stem,4.0,25122.0,72.17
140525181053520,2024-12-14,LAW401,Harvard,non-Stem,2.0,15253.0,45.38
140525181055312,2024-12-14,LAW401,Harvard,non-Stem,2.0,17384.0,46.53
140525181048336,2024-03-13,LAW501,Harvard,non-Stem,2.0,20293.0,43.65
140525181055120,2024-12-22,LAW401,Harvard,non-Stem,3.0,19109.874457308248,69.93520170043416
140525181055952,2024-12-03,LAW401,Harvard,non-Stem,2.0,16032.0,69.26
140525181056528,2024-12-16,LAW501,Harvard,non-Stem,5.0,20247.0,45.76
140525181058704,2024-11-06,LAW401,Harvard,non-Stem,2.0,17090.0,58.82
140525181044368,2024-11-16,LAW501,Harvard,non-Stem,3.0,19109.874457308248,69.93520170043416
140525181049488,2024-10-02,LAW401,Harvard,non-Stem,4.0,15055.0,79.25
140525181051600,2024-12-28,LAW401,Harvard,non-Stem,3.0,16090.0,40.8
140525181054288,2024-06-23,LAW401,Harvard,non-Stem,4.0,15269.0,47.62
140525181051472,2024-05-25,LAW401,Harvard,non-Stem,3.0,19109.874457308248,69.93520170043416
140525181044944,2024-09-02,LAW501,Harvard,non-Stem,4.0,21934.0,58.08
140525181044304,2024-12-26,LAW401,Harvard,non-Stem,5.0,15862.0,76.61
140525181052496,2024-09-28,LAW401,Harvard,non-Stem,2.0,16050.0,63.17
140525181055184,2024-07-19,LAW501,Harvard,non-Stem,5.0,20069.0,67.95
140525181049808,2024-07-13,LAW501,Harvard,non-Stem,4.0,21150.0,59.78
140525181048272,2024-11-27,LAW401,Harvard,non-Stem,4.0,15921.0,66.05
140525181052624,2024-07-26,LAW501,Harvard,non-Stem,4.0,20145.0,48.39
140525181048528,2024-08-29,LAW501,Harvard,non-Stem,4.0,20363.0,52.87
140525181058128,2024-09-27,LAW401,Harvard,non-Stem,2.0,15780.0,52.25
140525181048080,2024-12-07,LAW401,Harvard,non-Stem,1.0,16193.0,47.43
140525181043408,2024-07-02,LAW501,Harvard,non-Stem,2.0,20362.0,48.65
140525181053584,2024-09-13,LAW501,Harvard,non-Stem,3.0,20361.0,42.45
140525181056656,2024-09-21,LAW501,Harvard,non-Stem,3.0,20461.0,56.98
140525181052432,2024-09-17,LAW401,Harvard,non-Stem,3.0,15612.0,53.43
140525181049552,2024-09-03,LAW501,Harvard,non-Stem,3.0,21609.0,76.04
140525181050704,2024-07-01,LAW501,Harvard,non-Stem,2.0,21980.0,50.59
140525181058448,2024-05-20,LAW401,Harvard,non-Stem,3.0,19109.874457308248,69.93520170043416
140525181052304,2024-12-23,LAW501,Harvard,non-Stem,5.0,20970.0,41.51
140525181054864,2024-09-06,LAW501,Harvard,non-Stem,4.0,21085.0,62.96
140525181051792,2024-12-27,LAW501,Harvard,non-Stem,1.0,19109.874457308248,69.93520170043416
140525181043536,2024-09-28,LAW501,Harvard,non-Stem,3.0,21742.0,46.64
140525181057680,2024-10-02,LAW401,Harvard,non-Stem,1.0,15441.0,40.11
140525181056464,2024-12-24,LAW401,Harvard,non-Stem,2.0,15010.0,50.38
140525181045712,2024-11-26,LAW601,Harvard,non-Stem,3.5576437831723657,25899.0,58.4
140525181056592,2024-06-26,LAW401,Harvard,non-Stem,3.0,17045.0,49.83
140525181058896,2024-10-14,LAW401,Harvard,non-Stem,4.0,17557.0,43.11
140525181056336,2024-07-18,LAW401,Harvard,non-Stem,4.0,18320.0,50.64
140525181048848,2024-11-01,LAW501,Harvard,non-Stem,2.0,20597.0,54.05
140525181055632,2024-07-22,LAW501,Harvard,non-Stem,2.0,22763.0,57.92
140525181054480,2024-09-02,LAW501,Harvard,non-Stem,4.0,20514.0,61.45
140525181050448,2024-12-12,LAW401,Harvard,non-Stem,3.0,16186.0,48.68
140525181044240,2024-11-28,LAW501,Harvard,non-Stem,1.0,20013.0,41.62
140525181049232,2024-05-13,LAW601,Harvard,non-Stem,1.0,26128.0,56.48
140525181049040,2024-11-30,LAW501,Harvard,non-Stem,4.0,20020.0,45.18
140525181053072,2024-09-01,LAW401,Harvard,non-Stem,4.0,16339.0,42.63
140525181046032,2024-11-15,LAW401,Harvard,non-Stem,2.0,15196.0,50.83
140525181055440,2024-10-27,LAW401,Harvard,non-Stem,3.0,16779.0,44.42
140525181050576,2024-10-29,LAW401,Harvard,non-Stem,2.0,17084.0,57.45
140525185125840,2024-09-07,LAW501,Harvard,non-Stem,4.0,19109.874457308248,69.93520170043416
140525185130256,2024-08-09,LAW401,Harvard,non-Stem,3.0,19109.874457308248,69.93520170043416
140525185122768,2024-09-20,LAW501,Harvard,non-Stem,3.0,21277.0,69.03
140525185127184,2024-05-04,LAW501,Harvard,non-Stem,1.0,19109.874457308248,69.93520170043416
140525185135248,2024-10-16,LAW501,Harvard,non-Stem,1.0,20897.0,68.42
140525185138320,2024-12-16,LAW501,Harvard,non-Stem,5.0,19109.874457308248,69.93520170043416
140525185133264,2024-08-18,LAW501,Harvard,non-Stem,3.5576437831723657,20063.0,71.7
140525185136528,2024-12-29,LAW501,Harvard,non-Stem,3.0,21235.0,66.4
140525185128912,2024-12-23,LAW401,Harvard,non-Stem,3.5576437831723657,16105.0,80.28
140525185132688,2024-10-04,LAW501,Harvard,non-Stem,4.0,22456.0,79.49
140525185124560,2024-12-25,LAW501,Harvard,non-Stem,2.0,20374.0,56.93
140525185131472,2024-09-09,LAW401,Harvard,non-Stem,5.0,15273.0,50.88
140525185123024,2024-06-02,LAW501,Harvard,non-Stem,4.0,19109.874457308248,69.93520170043416
140525185131024,2024-08-13,LAW601,Harvard,non-Stem,1.0,26309.0,53.06
140525185137296,2024-07-17,LAW401,Harvard,non-Stem,3.0,15432.0,41.35
140525185128016,2024-12-01,LAW401,Harvard,non-Stem,2.0,15204.0,40.1
140525185122512,2024-12-24,LAW501,Harvard,non-Stem,3.0,19109.874457308248,69.93520170043416
140525185123600,2024-11-29,LAW501,Harvard,non-Stem,2.0,21077.0,45.73
140525185138064,2024-10-16,LAW401,Harvard,non-Stem,2.0,16557.0,60.01
140525185132112,2024-11-13,LAW501,Harvard,non-Stem,3.0,20350.0,45.36
140525185125776,2024-11-07,LAW501,Harvard,non-Stem,3.0,20021.0,42.64
140525185124240,2024-10-11,LAW401,Harvard,non-Stem,1.0,16047.0,54.33
140525185127440,2024-11-20,LAW501,Harvard,non-Stem,2.0,19109.874457308248,69.93520170043416
140525185134032,2024-05-17,LAW501,Harvard,non-Stem,4.0,20172.0,64.56
140525185129808,2024-12-10,LAW501,Harvard,non-Stem,2.0,20299.0,48.23
140525185128208,2024-09-16,LAW401,Harvard,non-Stem,4.0,16272.0,41.21
140525185130448,2024-11-09,LAW501,Harvard,non-Stem,5.0,21533.0,71.22
140525185125136,2024-09-03,LAW401,Harvard,non-Stem,5.0,17044.0,45.13
140525185126992,2024-09-16,LAW601,Harvard,non-Stem,2.0,28144.0,48.68
140525185134480,2024-11-16,LAW601,Harvard,non-Stem,3.0,26390.0,70.83
140525185125072,2024-12-27,LAW401,Harvard,non-Stem,4.0,18014.0,48.93
140525185129296,2024-11-21,LAW501,Harvard,non-Stem,2.0,20069.0,80.87
140525185131536,2024-08-11,LAW401,Harvard,non-Stem,4.0,17085.0,59.58
140525185123088,2024-11-12,LAW501,Harvard,non-Stem,3.0,21012.0,50.5
140525185137424,2024-08-22,LAW501,Harvard,non-Stem,4.0,21887.0,48.1
140525185129040,2024-08-16,LAW501,Harvard,non-Stem,4.0,21266.0,66.17
140525185134352,2024-06-25,LAW501,Harvard,non-Stem,3.0,22521.0,56.79
140525185127504,2024-11-18,LAW501,Harvard,non-Stem,3.0,20400.0,48.72
140525185124048,2024-12-27,LAW601,Harvard,non-Stem,3.0,27485.0,73.86
140525185125712,2024-12-28,LAW401,Harvard,non-Stem,2.0,15089.0,44.77
140525185126480,2024-09-21,LAW501,Harvard,non-Stem,4.0,24415.0,70.03
140525185130960,2024-12-18,LAW501,Harvard,non-Stem,4.0,21272.0,42.99
140525185132304,2024-08-16,LAW501,Harvard,non-Stem,3.5576437831723657,21160.0,43.59
140525185130320,2024-06-20,LAW401,Harvard,non-Stem,3.0,16673.0,75.56
140525185123920,2024-09-04,LAW501,Harvard,non-Stem,3.5576437831723657,20271.0,64.07
140525185130704,2024-09-30,LAW501,Harvard,non-Stem,5.0,22756.0,58.24
140525185132240,2024-10-09,LAW401,Harvard,non-Stem,4.0,18712.0,52.03
140525185130000,2024-12-28,LAW401,Harvard,non-Stem,2.0,17365.0,49.03
140525185122448,2024-12-11,LAW601,Harvard,non-Stem,3.0,26028.0,41.65
140525185136912,2024-04-25,LAW401,Harvard,non-Stem,3.0,15905.0,56.41
140525185136336,2024-11-20,LAW501,Harvard,non-Stem,1.0,21621.0,44.17
140525185126096,2024-11-22,LAW501,Harvard,non-Stem,1.0,23384.0,58.75
140525185127120,2024-12-26,LAW401,Harvard,non-Stem,3.5576437831723657,15603.0,58.17
140525185138128,2024-10-25,LAW401,Harvard,non-Stem,3.0,19109.874457308248,69.93520170043416
140525185123536,2024-10-27,LAW401,Harvard,non-Stem,5.0,15078.0,45.67
140525185137680,2024-12-22,LAW401,Harvard,non-Stem,2.0,15294.0,49.04
140525185132368,2024-07-21,LAW401,Harvard,non-Stem,3.0,15841.0,52.43
140525185138448,2024-12-04,LAW501,Harvard,non-Stem,4.0,19109.874457308248,69.93520170043416
140525185133776,2024-07-08,LAW501,Harvard,non-Stem,3.0,20107.0,41.61
140525185126416,2024-05-19,LAW501,Harvard,non-Stem,5.0,21997.0,51.25
140525185129936,2024-12-05,LAW401,Harvard,non-Stem,2.0,15443.0,48.36
140525179286224,2024-11-07,LAW501,Harvard,non-Stem,2.0,19109.874457308248,69.93520170043416
140525179275792,2024-12-08,LAW501,Harvard,non-Stem,3.0,22005.0,72.42
140525179274768,2024-09-20,LAW501,Harvard,non-Stem,5.0,19109.874457308248,69.93520170043416
140525179284688,2024-04-20,LAW401,Harvard,non-Stem,3.0,15161.0,47.06
140525179285712,2024-11-14,LAW501,Harvard,non-Stem,2.0,20374.0,43.82
140525179279568,2024-09-20,LAW401,Harvard,non-Stem,5.0,17596.0,52.61
140525179273936,2024-11-21,LAW501,Harvard,non-Stem,3.0,21864.0,43.21
140525179280208,2024-12-16,LAW401,Harvard,non-Stem,5.0,17186.0,66.15
140525179284240,2024-08-11,LAW401,Harvard,non-Stem,3.0,15047.0,48.27
140525179282576,2024-10-01,LAW401,Harvard,non-Stem,4.0,15737.0,48.15
140525179283856,2024-11-23,LAW501,Harvard,non-Stem,2.0,22293.0,54.25
140525179275536,2024-10-29,LAW501,Harvard,non-Stem,2.0,20155.0,44.73
140525179274448,2024-06-11,LAW501,Harvard,non-Stem,2.0,20124.0,46.88
140525179282064,2024-09-28,LAW401,Harvard,non-Stem,3.0,15447.0,55.37
140525179276688,2024-12-18,LAW501,Harvard,non-Stem,4.0,20078.0,53.18
140525179276240,2024-04-20,LAW501,Harvard,non-Stem,3.0,20249.0,63.36
140525179276880,2024-12-30,LAW501,Harvard,non-Stem,3.0,20589.0,56.47
140525179273744,2024-10-08,LAW401,Harvard,non-Stem,2.0,19109.874457308248,69.93520170043416
140525179287632,2024-07-18,LAW501,Harvard,non-Stem,2.0,20770.0,40.77
140525179275216,2024-09-20,LAW401,Harvard,non-Stem,5.0,17872.0,60.3
140525179280080,2024-07-08,LAW401,Harvard,non-Stem,4.0,17392.0,46.68
140525179278032,2024-12-14,LAW401,Harvard,non-Stem,3.0,15831.0,41.81
140525179279312,2024-11-23,LAW501,Harvard,non-Stem,3.0,20459.0,53.17
140525179282320,2024-08-11,LAW601,Harvard,non-Stem,2.0,25490.0,71.86
140525179286544,2024-12-28,LAW501,Harvard,non-Stem,2.0,21281.0,42.55
140525179289232,2024-11-15,LAW401,Harvard,non-Stem,2.0,17215.0,67.12
140525179282000,2024-12-28,LAW401,Harvard,non-Stem,4.0,19542.0,44.68
140525179276304,2024-08-26,LAW501,Harvard,non-Stem,3.0,20127.0,55.06
140525179287312,2024-10-08,LAW501,Harvard,non-Stem,1.0,20944.0,43.46
140525179278928,2024-12-27,LAW401,Harvard,non-Stem,4.0,15232.0,41.57
140525179276944,2024-11-15,LAW501,Harvard,non-Stem,3.0,20285.0,45.87
140525179285200,2024-06-20,LAW501,Harvard,non-Stem,3.0,19109.874457308248,69.93520170043416
140525179285776,2024-12-26,LAW401,Harvard,non-Stem,3.0,17690.0,45.47
140525179289296,2024-09-20,LAW601,Harvard,non-Stem,3.0,26216.0,72.2
140525179287760,2024-06-24,LAW601,Harvard,non-Stem,1.0,25679.0,43.85
140525179275024,2024-12-10,LAW401,Harvard,non-Stem,3.0,15418.0,78.42
140525179285264,2024-06-26,LAW501,Harvard,non-Stem,2.0,20293.0,43.59
140525179273680,2024-08-06,LAW401,Harvard,non-Stem,3.0,17394.0,45.93
140525179281232,2024-12-03,LAW401,Harvard,non-Stem,2.0,15801.0,66.67
140525179277968,2024-10-14,LAW501,Harvard,non-Stem,4.0,21351.0,72.62
140525179277008,2024-10-20,LAW501,Harvard,non-Stem,3.5576437831723657,20596.0,48.29
140525179285136,2024-05-12,LAW501,Harvard,non-Stem,4.0,20817.0,68.15
140525179275920,2024-07-22,LAW401,Harvard,non-Stem,4.0,19109.874457308248,69.93520170043416
140525179276496,2024-09-11,LAW501,Harvard,non-Stem,5.0,22333.0,50.87
140525179279440,2024-12-25,LAW401,Harvard,non-Stem,3.0,16666.0,43.37
140525179283664,2024-09-25,LAW501,Harvard,non-Stem,2.0,21572.0,54.01
140525179288528,2024-12-28,LAW401,Harvard,non-Stem,5.0,16951.0,60.99
140525179281936,2024-12-28,LAW501,Harvard,non-Stem,5.0,20195.0,49.79
140525179281360,2024-12-08,LAW401,Harvard,non-Stem,1.0,15741.0,62.84
140525179273616,2024-07-08,LAW501,Harvard,non-Stem,3.0,22828.0,59.7
140525179288016,2024-10-22,LAW401,Harvard,non-Stem,4.0,15560.0,45.92
140525179287184,2024-09-30,LAW501,Harvard,non-Stem,3.0,22340.0,42.32
140525179280912,2024-07-23,LAW401,Harvard,non-Stem,4.0,15575.0,40.07
140525179274128,2024-11-11,LAW501,Harvard,non-Stem,5.0,20526.0,64.85
140525179278288,2024-10-14,LAW601,Harvard,non-Stem,3.0,26883.0,49.02
140525179283536,2024-12-16,LAW501,Harvard,non-Stem,2.0,20705.0,43.55
140525179289104,2024-07-29,LAW501,Harvard,non-Stem,4.0,20407.0,55.64
140525179278800,2024-03-15,LAW501,Harvard,non-Stem,3.0,21200.0,62.36
140525179281616,2024-12-09,LAW401,Harvard,non-Stem,4.0,15808.0,42.12
140525179280720,2024-10-09,LAW401,Harvard,non-Stem,3.0,18866.0,61.5
140525179280464,2024-09-11,LAW401,Harvard,non-Stem,3.0,16021.0,50.8
140525179278480,2024-06-10,LAW501,Harvard,non-Stem,4.0,20065.0,60.42
140525179277264,2024-12-07,LAW501,Harvard,non-Stem,3.5576437831723657,21854.0,51.12
140525179276816,2024-10-17,LAW501,Harvard,non-Stem,2.0,20652.0,51.12
140525179285904,2024-12-02,LAW401,Harvard,non-Stem,4.0,15609.0,51.21
140525179289040,2024-09-24,LAW501,Harvard,non-Stem,3.0,22883.0,40.89
140525179273872,2024-12-03,LAW401,Harvard,non-Stem,3.0,19109.874457308248,69.93520170043416
140525179286608,2024-09-13,LAW501,Harvard,non-Stem,1.0,20021.0,52.96
140525179288208,2024-10-01,LAW601,Harvard,non-Stem,2.0,19109.874457308248,69.93520170043416
140525179273424,2024-08-25,LAW401,Harvard,non-Stem,2.0,16909.0,45.76
140525179286672,2024-09-28,LAW401,Harvard,non-Stem,3.0,17598.0,42.77
140525179289552,2024-11-17,LAW401,Harvard,non-Stem,4.0,15018.0,48.96
140525179279056,2024-12-07,LAW501,Harvard,non-Stem,4.0,20248.0,68.73
140525179275984,2024-09-29,LAW501,Harvard,non-Stem,4.0,21972.0,44.48
140525179277200,2024-09-08,LAW501,Harvard,non-Stem,2.0,20283.0,40.28
140525179279952,2024-10-25,LAW401,Harvard,non-Stem,2.0,18913.0,69.55
140525179283600,2024-06-03,LAW401,Harvard,non-Stem,2.0,15839.0,41.66
140525179285008,2024-12-28,LAW501,Harvard,non-Stem,3.0,21376.0,53.84
140525179276112,2024-10-27,LAW501,Harvard,non-Stem,3.0,21091.0,54.77
140525179278544,2024-05-28,LAW401,Harvard,non-Stem,2.0,15227.0,44.29
140525179275728,2024-11-07,LAW501,Harvard,non-Stem,5.0,20942.0,59.81
140525179273360,2024-12-16,LAW401,Harvard,non-Stem,2.0,15181.0,62.62
140525179283472,2024-07-19,LAW401,Harvard,non-Stem,4.0,15372.0,50.55
140525179281040,2024-01-01,LAW401,Harvard,non-Stem,4.0,15994.0,70.51
140525179277456,2024-11-08,LAW401,Harvard,non-Stem,4.0,16177.0,51.3
140525179280272,2024-11-03,LAW401,Harvard,non-Stem,2.0,15867.0,51.43
140525179280976,2024-08-23,LAW501,Harvard,non-Stem,2.0,20240.0,55.69
140525179287248,2024-09-03,LAW401,Harvard,non-Stem,4.0,15160.0,88.46
140525179283792,2024-10-19,LAW501,Harvard,non-Stem,4.0,22525.0,46.9
140525179282768,2024-11-10,LAW501,Harvard,non-Stem,2.0,20416.0,79.8
140525179277904,2024-12-03,LAW401,Harvard,non-Stem,4.0,15307.0,49.72
140525179284560,2024-07-06,LAW401,Harvard,non-Stem,4.0,16576.0,44.74
140525179274384,2024-08-26,LAW601,Harvard,non-Stem,4.0,27191.0,55.05
140525179282512,2024-11-19,LAW401,Harvard,non-Stem,4.0,17258.0,85.02
140525179279760,2024-12-04,LAW501,Harvard,non-Stem,4.0,20280.0,44.5
140525179286416,2024-09-12,LAW501,Harvard,non-Stem,2.0,20074.0,78.93
140525179286288,2024-05-21,LAW401,Harvard,non-Stem,3.0,15089.0,41.93
140525179282832,2024-07-23,LAW401,Harvard,non-Stem,3.0,16160.0,41.14
140525179288976,2024-11-20,LAW501,Harvard,non-Stem,4.0,23042.0,51.46
140525179288272,2024-05-07,LAW401,Harvard,non-Stem,4.0,15333.0,51.8
140525179277584,2024-11-03,LAW501,Harvard,non-Stem,4.0,22888.0,76.17
140525179285520,2024-03-18,LAW401,Harvard,non-Stem,3.0,15800.0,49.43
140525179284368,2024-11-28,LAW401,Harvard,non-Stem,5.0,16615.0,50.8
140525179284432,2024-09-26,LAW401,Harvard,non-Stem,2.0,17221.0,42.99
140525177972432,2024-12-07,LAW401,Harvard,non-Stem,4.0,17387.0,63.06
140525177978512,2024-08-06,LAW401,Harvard,non-Stem,1.0,17371.0,67.38
140525177973200,2024-06-29,LAW401,Harvard,non-Stem,2.0,15507.0,40.43
140525177962640,2024-08-21,LAW401,Harvard,non-Stem,3.0,15583.0,44.03
140525177966416,2024-09-15,LAW501,Harvard,non-Stem,1.0,20030.0,53.09
140525177970704,2024-11-29,LAW501,Harvard,non-Stem,3.0,19109.874457308248,69.93520170043416
140525177971472,2024-07-28,LAW501,Harvard,non-Stem,4.0,20971.0,67.75
140525177968976,2024-07-12,LAW401,Harvard,non-Stem,2.0,15265.0,50.05
140525177967440,2024-06-26,LAW401,Harvard,non-Stem,4.0,19109.874457308248,69.93520170043416
140525177968464,2024-11-05,LAW501,Harvard,non-Stem,2.0,23049.0,44.95
140525177974992,2024-12-25,LAW401,Harvard,non-Stem,3.0,15152.0,71.99
140525177972688,2024-12-21,LAW401,Harvard,non-Stem,2.0,16614.0,40.72
140525177963664,2024-11-02,LAW501,Harvard,non-Stem,2.0,21441.0,41.78
140525177971984,2024-10-12,LAW401,Harvard,non-Stem,3.0,15576.0,45.25
140525177966928,2024-09-23,LAW501,Harvard,non-Stem,3.0,20266.0,57.01
140525177964368,2024-11-15,LAW501,Harvard,non-Stem,3.0,19109.874457308248,69.93520170043416
140525177977488,2024-10-05,LAW401,Harvard,non-Stem,1.0,15616.0,67.37
140525177969936,2024-08-07,LAW501,Harvard,non-Stem,2.0,19109.874457308248,69.93520170043416
140525177974480,2024-08-14,LAW401,Harvard,non-Stem,4.0,19109.874457308248,69.93520170043416
140525177973456,2024-10-25,LAW401,Harvard,non-Stem,4.0,16799.0,67.13
140525177965392,2024-07-30,LAW401,Harvard,non-Stem,4.0,16509.0,40.55
140525177969424,2024-09-02,LAW401,Harvard,non-Stem,2.0,17478.0,55.05
140525177975952,2024-08-19,LAW401,Harvard,non-Stem,3.5576437831723657,16019.0,44.77
140525177963152,2024-11-18,LAW501,Harvard,non-Stem,3.0,21372.0,80.11
140525177969232,2024-12-06,LAW401,Harvard,non-Stem,2.0,15139.0,82.27
140525177967952,2024-10-15,LAW401,Harvard,non-Stem,3.0,15468.0,45.36
140525177962896,2024-11-28,LAW501,Harvard,non-Stem,4.0,22403.0,41.39
140525177978768,2024-08-26,LAW401,Harvard,non-Stem,2.0,18824.0,45.05
140525177976464,2024-12-09,LAW401,Harvard,non-Stem,2.0,17260.0,40.13
140525177965648,2024-06-02,LAW401,Harvard,non-Stem,3.0,16837.0,67.52
140525177972176,2024-11-11,LAW401,Harvard,non-Stem,3.0,19109.874457308248,69.93520170043416
140525177966160,2024-11-26,LAW401,Harvard,non-Stem,4.0,15076.0,47.35
140525177973712,2024-11-27,LAW401,Harvard,non-Stem,5.0,15798.0,58.17
140525177975248,2024-12-14,LAW501,Harvard,non-Stem,4.0,21479.0,43.74
140525185372944,2024-10-24,LAW401,Harvard,non-Stem,2.0,19109.874457308248,69.93520170043416
140525185370960,2024-12-15,LAW501,Harvard,non-Stem,2.0,20383.0,78.29
140525185369168,2024-12-06,LAW401,Harvard,non-Stem,2.0,15362.0,49.3
140525185368848,2024-12-31,LAW401,Harvard,non-Stem,2.0,16010.0,44.97
140525185382480,2024-08-31,LAW501,Harvard,non-Stem,5.0,20095.0,63.6
140525185382992,2024-09-26,LAW501,Harvard,non-Stem,2.0,20807.0,62.92
140525185370896,2024-11-03,LAW401,Harvard,non-Stem,2.0,15886.0,45.12
140525185370832,2024-08-21,LAW401,Harvard,non-Stem,2.0,19109.874457308248,69.93520170043416
140525185370448,2024-09-24,LAW501,Harvard,non-Stem,3.0,19109.874457308248,69.93520170043416
140525185373072,2024-06-13,LAW401,Harvard,non-Stem,3.0,16358.0,56.28
140525185372368,2024-11-24,LAW401,Harvard,non-Stem,3.0,19109.874457308248,69.93520170043416
140525185384272,2024-09-04,LAW501,Harvard,non-Stem,3.5576437831723657,21735.0,61.24
140525185380368,2024-09-23,LAW401,Harvard,non-Stem,3.0,15982.0,64.96
140525185374736,2024-11-03,LAW401,Harvard,non-Stem,2.0,17372.0,63.34
140525185369488,2024-07-14,LAW401,Harvard,non-Stem,3.0,16816.0,65.46
140525185378896,2024-12-28,LAW401,Harvard,non-Stem,4.0,15211.0,60.54
140525185375056,2024-09-29,LAW501,Harvard,non-Stem,4.0,20100.0,53.45
140525185375184,2024-10-31,LAW501,Harvard,non-Stem,3.0,21689.0,48.85
140525185376080,2024-09-15,LAW401,Harvard,non-Stem,3.0,15867.0,49.83
140525185375760,2024-12-28,LAW401,Harvard,non-Stem,2.0,16049.0,54.95
140525185381072,2024-12-14,LAW401,Harvard,non-Stem,5.0,16443.0,43.54
140525185380880,2024-09-03,LAW601,Harvard,non-Stem,4.0,25261.0,47.83
140525185371664,2024-10-07,LAW401,Harvard,non-Stem,3.0,16090.0,53.38
140525185379088,2024-12-28,LAW501,Harvard,non-Stem,5.0,21885.0,42.46
140525185381520,2024-12-28,LAW501,Harvard,non-Stem,3.0,20177.0,77.54
140525185384144,2024-11-01,LAW501,Harvard,non-Stem,4.0,23288.0,76.32
140525185383440,2024-11-10,LAW501,Harvard,non-Stem,2.0,21425.0,57.76
140525185374928,2024-05-15,LAW401,Harvard,non-Stem,5.0,17168.0,45.64
140525185368208,2024-08-28,LAW401,Harvard,non-Stem,3.0,18614.0,46.15
140525185379920,2024-05-28,LAW501,Harvard,non-Stem,3.0,21138.0,43.77
140525185371728,2024-11-06,LAW501,Harvard,non-Stem,3.0,22980.0,64.8
140525185373264,2024-12-19,LAW401,Harvard,non-Stem,4.0,15152.0,41.21
140525185371152,2024-10-03,LAW401,Harvard,non-Stem,2.0,16637.0,54.12
140525185374416,2024-12-18,LAW501,Harvard,non-Stem,4.0,20554.0,41.74
140525185383760,2024-12-29,LAW401,Harvard,non-Stem,3.0,17898.0,54.42
140525185375376,2024-08-20,LAW401,Harvard,non-Stem,3.0,15989.0,44.66
140525185379856,2024-12-28,LAW601,Harvard,non-Stem,2.0,26327.0,52.9
140525185373456,2024-09-01,LAW501,Harvard,non-Stem,3.0,21571.0,41.54
140525185368720,2024-10-03,LAW501,Harvard,non-Stem,2.0,21409.0,40.54
140525185368976,2024-12-01,LAW401,Harvard,non-Stem,4.0,19109.874457308248,69.93520170043416
140525185373520,2024-11-25,LAW401,Harvard,non-Stem,3.0,17451.0,49.82
140525185376848,2024-10-21,LAW401,Harvard,non-Stem,2.0,17097.0,47.46
140525185380816,2024-12-12,LAW501,Harvard,non-Stem,3.5576437831723657,21090.0,40.07
140525185376400,2024-12-28,LAW401,Harvard,non-Stem,3.5576437831723657,15985.0,77.12
140525185373392,2024-09-18,LAW401,Harvard,non-Stem,4.0,15750.0,51.85
140525185378704,2024-11-05,LAW401,Harvard,non-Stem,4.0,16887.0,46.42
140525185373008,2024-07-15,LAW401,Harvard,non-Stem,3.5576437831723657,16256.0,42.75
140525185372560,2024-10-04,LAW501,Harvard,non-Stem,2.0,21662.0,54.05
140525185380688,2024-09-07,LAW401,Harvard,non-Stem,4.0,17014.0,44.41
140525185376784,2024-03-21,LAW401,Harvard,non-Stem,3.0,16047.0,44.49
140525185371216,2024-08-09,LAW501,Harvard,non-Stem,5.0,23369.0,82.65
140525185369616,2024-12-16,LAW601,Harvard,non-Stem,4.0,27638.0,42.38
140525185373328,2024-11-22,LAW601,Harvard,non-Stem,3.0,26674.0,46.24
140525185376336,2024-07-01,LAW401,Harvard,non-Stem,3.0,17341.0,51.0
140525185380560,2024-09-17,LAW601,Harvard,non-Stem,3.0,26972.0,50.16
140525185383632,2024-08-20,LAW401,Harvard,non-Stem,4.0,16653.0,82.78
140525185380048,2024-08-14,LAW401,Harvard,non-Stem,4.0,16348.0,60.08
140525185377360,2024-08-10,LAW501,Harvard,non-Stem,4.0,20044.0,41.6
140525185369872,2024-11-24,LAW401,Harvard,non-Stem,5.0,15297.0,47.59
140525185382416,2024-07-03,LAW401,Harvard,non-Stem,2.0,15025.0,59.07
140525185373968,2024-10-10,LAW501,Harvard,non-Stem,3.0,21607.0,47.39
140525185383184,2024-12-28,LAW501,Harvard,non-Stem,4.0,20678.0,70.3
140525185373712,2024-05-25,LAW501,Harvard,non-Stem,3.0,20526.0,43.77
140525185381776,2024-10-26,LAW401,Harvard,non-Stem,4.0,18213.0,42.04
140525185379664,2024-11-08,LAW501,Harvard,non-Stem,2.0,22664.0,64.69
140525185372176,2024-07-12,LAW501,Harvard,non-Stem,3.0,23381.0,49.87
140525185369424,2024-09-29,LAW401,Harvard,non-Stem,4.0,15418.0,47.74
140525185381584,2024-08-30,LAW401,Harvard,non-Stem,5.0,15037.0,51.49
140525185374288,2024-09-03,LAW401,Harvard,non-Stem,3.0,15498.0,53.68
140525185372688,2024-10-21,LAW401,Harvard,non-Stem,2.0,16166.0,51.34
140525185378064,2024-12-28,LAW501,Harvard,non-Stem,2.0,22172.0,54.59
140525185378256,2024-12-01,LAW501,Harvard,non-Stem,2.0,21340.0,59.89
140525185380496,2024-11-10,LAW401,Harvard,non-Stem,4.0,15342.0,56.73
140525185376208,2024-11-04,LAW501,Harvard,non-Stem,5.0,20312.0,43.42
140525185371856,2024-11-29,LAW501,Harvard,non-Stem,2.0,22895.0,59.22
140525185371408,2024-12-27,LAW401,Harvard,non-Stem,1.0,15151.0,76.08
140525185372624,2024-12-19,LAW401,Harvard,non-Stem,3.0,15822.0,52.78
140525185368144,2024-10-05,LAW501,Harvard,non-Stem,3.5576437831723657,21080.0,40.56
140525185368592,2024-11-10,LAW501,Harvard,non-Stem,4.0,19109.874457308248,69.93520170043416
140525185369680,2024-09-24,LAW401,Harvard,non-Stem,1.0,19109.874457308248,69.93520170043416
140525185380752,2024-10-28,LAW501,Harvard,non-Stem,2.0,22244.0,40.81
140525185371984,2024-09-24,LAW401,Harvard,non-Stem,2.0,15455.0,40.78
140525185384080,2024-09-16,LAW401,Harvard,non-Stem,4.0,15860.0,70.54
140525185379984,2024-12-10,LAW401,Harvard,non-Stem,2.0,17137.0,40.52
140525185381712,2024-07-27,LAW401,Harvard,non-Stem,3.0,16658.0,43.61
140525185369744,2024-12-17,LAW401,Harvard,non-Stem,5.0,15183.0,41.6
140525185375696,2024-09-28,LAW401,Harvard,non-Stem,3.0,18643.0,52.71
140525185378640,2024-11-21,LAW401,Harvard,non-Stem,4.0,16818.0,43.73
140525185370128,2024-06-23,LAW401,Harvard,non-Stem,2.0,15494.0,46.83
140525185381968,2024-11-08,LAW501,Harvard,non-Stem,3.0,21046.0,44.5
140525185368336,2024-12-21,LAW401,Harvard,non-Stem,2.0,15155.0,66.57
140525185369104,2024-12-03,LAW501,Harvard,non-Stem,1.0,19109.874457308248,69.93520170043416
140525185370256,2024-07-08,LAW401,Harvard,non-Stem,4.0,17375.0,47.87
140525185379216,2024-12-30,LAW401,Harvard,non-Stem,2.0,16337.0,46.18
140525185368464,2024-10-27,LAW501,Harvard,non-Stem,2.0,21041.0,48.98
140525185369232,2024-08-15,LAW501,Harvard,non-Stem,2.0,20215.0,41.75
140525185383248,2024-05-28,LAW401,Harvard,non-Stem,4.0,17906.0,76.61
140525185384016,2024-07-29,LAW401,Harvard,non-Stem,4.0,15431.0,52.48
140525185374608,2024-09-16,LAW401,Harvard,non-Stem,4.0,17851.0,46.79
140525185378832,2024-09-16,LAW501,Harvard,non-Stem,2.0,19109.874457308248,69.93520170043416
140525185374800,2024-10-26,LAW501,Harvard,non-Stem,4.0,19109.874457308248,69.93520170043416
140525185383056,2024-12-02,LAW501,Harvard,non-Stem,2.0,20743.0,40.99
140525185373904,2024-07-26,LAW401,Harvard,non-Stem,3.5576437831723657,15926.0,72.86
140525185381904,2024-05-20,LAW501,Harvard,non-Stem,4.0,22392.0,45.71
140525185379024,2024-10-09,LAW401,Harvard,non-Stem,5.0,15347.0,47.85
140525185368912,2024-04-18,LAW501,Harvard,non-Stem,3.5576437831723657,20473.0,59.26
140525185382928,2024-12-11,LAW501,Harvard,non-Stem,2.0,21015.0,41.69
140525185384208,2024-12-11,LAW401,Harvard,non-Stem,5.0,16443.0,40.46
140525185378576,2024-12-10,LAW501,Harvard,non-Stem,2.0,20028.0,41.66
140525185369936,2024-05-14,LAW401,Harvard,non-Stem,4.0,16593.0,53.36
140525185383312,2024-12-06,LAW501,Harvard,non-Stem,3.0,20528.0,42.66
140525185377040,2024-10-30,LAW501,Harvard,non-Stem,2.0,20788.0,51.19
140525185370320,2024-08-09,LAW401,Harvard,non-Stem,3.0,16781.0,61.42
140525185383568,2024-12-18,LAW501,Harvard,non-Stem,3.5576437831723657,20069.0,41.09
140525135045200,2024-09-19,LAW501,Harvard,non-Stem,3.0,22142.0,41.35
140525135038032,2024-10-14,LAW501,Harvard,non-Stem,4.0,22859.0,60.2
140525135052560,2024-12-14,LAW401,Harvard,non-Stem,1.0,15958.0,42.37
140525135048208,2024-12-28,LAW401,Harvard,non-Stem,3.0,15735.0,41.02
140525135044688,2024-10-04,LAW401,Harvard,non-Stem,3.5576437831723657,17704.0,41.15
140525135039568,2024-11-25,LAW401,Harvard,non-Stem,2.0,15909.0,51.57
140525135043408,2024-10-01,LAW501,Harvard,non-Stem,4.0,21791.0,61.62
140525135051280,2024-01-28,LAW401,Harvard,non-Stem,3.5576437831723657,16565.0,42.85
140525135037328,2024-09-25,LAW501,Harvard,non-Stem,3.0,21387.0,44.22
140525135043152,2024-11-20,LAW501,Harvard,non-Stem,4.0,20116.0,45.95
140525135038288,2024-07-14,LAW401,Harvard,non-Stem,3.0,15837.0,49.13
140525135050768,2024-08-30,LAW501,Harvard,non-Stem,5.0,20661.0,51.65
140525135045456,2024-12-18,LAW501,Harvard,non-Stem,2.0,20421.0,52.75
140525135040848,2024-07-01,LAW501,Harvard,non-Stem,2.0,20709.0,42.04
140525135050512,2024-08-11,LAW601,Harvard,non-Stem,3.0,26881.0,71.83
140525135049744,2024-09-23,LAW501,Harvard,non-Stem,3.0,20848.0,51.46
140525135040592,2024-08-29,LAW501,Harvard,non-Stem,3.0,21367.0,72.55
140525135040080,2024-11-05,LAW401,Harvard,non-Stem,5.0,15350.0,40.12
140525135045712,2024-10-06,LAW501,Harvard,non-Stem,2.0,20043.0,45.12
140525135042896,2024-08-02,LAW401,Harvard,non-Stem,1.0,19159.0,55.62
140525135048720,2024-11-22,LAW401,Harvard,non-Stem,2.0,15347.0,54.66
140525135037840,2024-03-10,LAW401,Harvard,non-Stem,4.0,16682.0,58.76
140525135050000,2024-10-27,LAW401,Harvard,non-Stem,2.0,15833.0,89.92
140525135052048,2024-12-28,LAW501,Harvard,non-Stem,3.5576437831723657,20403.0,66.5
140525135039824,2024-11-05,LAW401,Harvard,non-Stem,2.0,16209.0,40.87
140525135043920,2024-12-19,LAW401,Harvard,non-Stem,5.0,15719.0,42.64
140525135048464,2024-07-08,LAW401,Harvard,non-Stem,4.0,15014.0,68.8
140525135041104,2024-10-10,LAW401,Harvard,non-Stem,3.0,15924.0,40.05
140525135050256,2024-11-11,LAW401,Harvard,non-Stem,1.0,16158.0,64.05
140525135046416,2024-09-26,LAW501,Harvard,non-Stem,3.5576437831723657,21421.0,41.35
140525185121168,2024-10-12,LAW401,Harvard,non-Stem,4.0,16780.0,49.89
140525185120976,2024-12-28,LAW501,Harvard,non-Stem,3.0,22303.0,62.69
140525185121936,2024-10-16,LAW501,Harvard,non-Stem,2.0,20126.0,43.66
140525137572880,2024-10-28,LAW501,Harvard,non-Stem,3.5576437831723657,20719.0,47.28
140525137563728,2024-07-05,LAW601,Harvard,non-Stem,4.0,19109.874457308248,69.93520170043416
140525137570576,2024-12-01,LAW501,Harvard,non-Stem,2.0,23372.0,81.44
140525137574352,2024-07-21,LAW501,Harvard,non-Stem,5.0,20307.0,45.15
140525137562192,2024-05-15,LAW401,Harvard,non-Stem,4.0,15717.0,41.04
140525137563984,2024-09-04,LAW501,Harvard,non-Stem,2.0,23765.0,69.25
140525137573904,2024-02-14,LAW601,Harvard,non-Stem,5.0,26715.0,46.59
140525137566032,2024-10-10,LAW501,Harvard,non-Stem,4.0,20807.0,57.96
140525137570320,2024-10-27,LAW401,Harvard,non-Stem,3.0,17210.0,52.36
140525137568784,2024-08-02,LAW401,Harvard,non-Stem,2.0,16050.0,52.91
140525137560912,2024-12-31,LAW501,Harvard,non-Stem,2.0,21412.0,41.78
140525137565776,2024-08-05,LAW501,Harvard,non-Stem,4.0,20340.0,66.26
140525137569296,2024-10-30,LAW501,Harvard,non-Stem,3.0,20540.0,70.65
140525137561680,2024-10-14,LAW401,Harvard,non-Stem,2.0,15829.0,48.74
140525137560400,2024-10-28,LAW501,Harvard,non-Stem,3.0,22920.0,54.64
140525137575120,2024-09-17,LAW401,Harvard,non-Stem,3.0,17184.0,89.04
140525137574160,2024-07-27,LAW401,Harvard,non-Stem,2.0,15299.0,50.35
140525137565264,2024-11-13,LAW401,Harvard,non-Stem,4.0,15742.0,60.94
140525137569552,2024-11-01,LAW401,Harvard,non-Stem,3.0,18083.0,44.91
140525137567760,2024-12-24,LAW401,Harvard,non-Stem,4.0,16436.0,61.85
140525137571344,2024-09-27,LAW401,Harvard,non-Stem,4.0,15284.0,46.04
140525137566992,2024-11-06,LAW401,Harvard,non-Stem,2.0,19109.874457308248,69.93520170043416
140525137567248,2024-09-24,LAW401,Harvard,non-Stem,2.0,16236.0,61.82
140525137561424,2024-11-09,LAW401,Harvard,non-Stem,3.0,15102.0,44.48
140525137572112,2024-09-21,LAW501,Harvard,non-Stem,1.0,20554.0,64.78
140525137562704,2024-11-06,LAW501,Harvard,non-Stem,1.0,21029.0,40.13
140525137561168,2024-11-24,LAW401,Harvard,non-Stem,4.0,17359.0,53.45
140525137565520,2024-11-16,LAW501,Harvard,non-Stem,5.0,22054.0,40.87
140525137559696,2024-09-25,LAW501,Harvard,non-Stem,3.0,20095.0,51.32
140525137561936,2024-12-25,LAW501,Harvard,non-Stem,4.0,20160.0,44.45
140525137564240,2024-11-28,LAW401,Harvard,non-Stem,4.0,15142.0,79.99
140525137560208,2024-11-11,LAW401,Harvard,non-Stem,4.0,18141.0,64.79
140525137573392,2024-12-16,LAW501,Harvard,non-Stem,2.0,21076.0,72.13
140525139515024,2024-12-07,LAW501,Harvard,non-Stem,5.0,20680.0,41.41
140525139511440,2024-11-25,LAW501,Harvard,non-Stem,3.0,20721.0,81.2
140525139518864,2024-12-28,LAW501,Harvard,non-Stem,4.0,21323.0,44.65
140525139510480,2024-10-16,LAW401,Harvard,non-Stem,4.0,15059.0,71.82
140525139509456,2024-10-20,LAW401,Harvard,non-Stem,3.0,17293.0,43.5
140525139514000,2024-08-10,LAW401,Harvard,non-Stem,2.0,19109.874457308248,69.93520170043416
140525139511696,2024-12-15,LAW401,Harvard,non-Stem,3.0,19318.0,72.28
140525139521936,2024-09-11,LAW401,Harvard,non-Stem,3.0,16257.0,43.86
140525139523984,2024-10-20,LAW501,Harvard,non-Stem,3.0,21230.0,47.54
140525139517328,2024-11-16,LAW401,Harvard,non-Stem,2.0,15565.0,55.31
140525139523472,2024-11-14,LAW401,Harvard,non-Stem,2.0,15167.0,60.38
140525139511952,2024-12-14,LAW501,Harvard,non-Stem,1.0,19109.874457308248,69.93520170043416
140525139525264,2024-10-28,LAW501,Harvard,non-Stem,2.0,20121.0,89.3
140525139515536,2024-12-31,LAW501,Harvard,non-Stem,2.0,21731.0,53.67
140525139512464,2024-10-03,LAW501,Harvard,non-Stem,5.0,20561.0,44.47
140525139510992,2024-05-18,LAW501,Harvard,non-Stem,2.0,21625.0,49.64
140525139518608,2024-12-28,LAW401,Harvard,non-Stem,1.0,17347.0,57.76
140525139521424,2024-04-14,LAW401,Harvard,non-Stem,3.0,15388.0,55.15
140525139524496,2024-07-28,LAW401,Harvard,non-Stem,4.0,16702.0,84.42
140525139513232,2024-12-09,LAW401,Harvard,non-Stem,3.0,15131.0,49.79
140525139515792,2024-12-01,LAW401,Harvard,non-Stem,3.0,15651.0,52.3
140525139515280,2024-10-18,LAW401,Harvard,non-Stem,4.0,16633.0,59.71
140525139514512,2024-06-02,LAW401,Harvard,non-Stem,2.0,15011.0,62.75
140525139513744,2024-11-23,LAW401,Harvard,non-Stem,2.0,18335.0,45.09
140525139521680,2024-06-19,LAW401,Harvard,non-Stem,2.0,16102.0,41.97
140525139522704,2024-10-25,LAW501,Harvard,non-Stem,3.5576437831723657,19109.874457308248,69.93520170043416
140525139512720,2024-06-22,LAW501,Harvard,non-Stem,1.0,21532.0,69.62
140525139511248,2024-10-12,LAW501,Harvard,non-Stem,2.0,20077.0,66.77
140525139520656,2024-07-29,LAW501,Harvard,non-Stem,2.0,20307.0,50.7
140525139520912,2024-10-09,LAW401,Harvard,non-Stem,4.0,16147.0,60.37
140525139516816,2024-11-21,LAW401,Harvard,non-Stem,4.0,15580.0,45.15
140525139522448,2024-12-23,LAW401,Harvard,non-Stem,3.0,15281.0,48.73
140525139514768,2024-12-02,LAW601,Harvard,non-Stem,4.0,25815.0,46.21
140525178431696,2024-10-09,LAW401,Harvard,non-Stem,1.0,16141.0,46.13
140525178428880,2024-12-28,LAW501,Harvard,non-Stem,4.0,20207.0,76.71
140525178427344,2024-11-14,LAW501,Harvard,non-Stem,3.0,20042.0,43.1
140525178426320,2024-09-18,LAW501,Harvard,non-Stem,1.0,20222.0,41.64
140525178435984,2024-08-26,LAW501,Harvard,non-Stem,1.0,19109.874457308248,69.93520170043416
140525178437520,2024-06-09,LAW501,Harvard,non-Stem,4.0,20337.0,56.57
140525178429904,2024-08-19,LAW501,Harvard,non-Stem,2.0,21625.0,55.3
140525178429648,2024-03-28,LAW601,Harvard,non-Stem,3.5576437831723657,25479.0,45.78
140525178432464,2024-07-26,LAW501,Harvard,non-Stem,2.0,21232.0,54.28
140525178436752,2024-05-10,LAW401,Harvard,non-Stem,2.0,16214.0,73.65
140525178428112,2024-10-03,LAW601,Harvard,non-Stem,4.0,26534.0,58.59
140525178425040,2024-12-24,LAW501,Harvard,non-Stem,4.0,24158.0,55.9
140525178424784,2024-06-18,LAW501,Harvard,non-Stem,2.0,22802.0,41.37
140525178431952,2024-08-11,LAW501,Harvard,non-Stem,2.0,22255.0,71.56
140525178426064,2024-10-04,LAW601,Harvard,non-Stem,3.0,27814.0,53.95
140525178433680,2024-08-16,LAW401,Harvard,non-Stem,3.0,15228.0,71.38
140525178430672,2024-12-28,LAW501,Harvard,non-Stem,3.0,20514.0,71.56
140525178436240,2024-04-13,LAW401,Harvard,non-Stem,2.0,15198.0,87.95
140525178422992,2024-12-28,LAW401,Harvard,non-Stem,4.0,19109.874457308248,69.93520170043416
140525178436496,2024-09-04,LAW401,Harvard,non-Stem,3.0,16693.0,43.75
140525178430160,2024-08-20,LAW401,Harvard,non-Stem,4.0,16142.0,77.1
140525178437264,2024-10-09,LAW401,Harvard,non-Stem,3.0,15423.0,75.35
140525178425296,2024-06-06,LAW501,Harvard,non-Stem,3.0,21913.0,65.53
140525178432208,2024-09-17,LAW401,Harvard,non-Stem,2.0,16132.0,63.05
140525178427600,2024-12-09,LAW401,Harvard,non-Stem,1.0,17119.0,43.22
140525178422480,2024-10-19,LAW501,Harvard,non-Stem,2.0,20531.0,55.49
140525178435216,2024-10-19,LAW501,Harvard,non-Stem,3.0,21148.0,42.86
140525178423760,2024-12-25,LAW501,Harvard,non-Stem,1.0,19109.874457308248,69.93520170043416
140525178426832,2024-05-03,LAW401,Harvard,non-Stem,3.0,17603.0,70.29
140525178432976,2024-12-19,LAW501,Harvard,non-Stem,2.0,20574.0,67.98
140525178428624,2024-10-27,LAW501,Harvard,non-Stem,3.0,21320.0,45.56
140525178424528,2024-12-14,LAW501,Harvard,non-Stem,4.0,21494.0,79.1
140525178434704,2024-12-28,LAW401,Harvard,non-Stem,4.0,15411.0,52.44
140525178435728,2024-12-29,LAW501,Harvard,non-Stem,2.0,23259.0,54.37
140525178433424,2024-11-04,LAW501,Harvard,non-Stem,2.0,20662.0,48.08
140525137604816,2024-09-15,LAW401,Harvard,non-Stem,1.0,15259.0,59.76
140525137596880,2024-12-30,LAW401,Harvard,non-Stem,2.0,15506.0,49.31
140525137603792,2024-09-26,LAW601,Harvard,non-Stem,2.0,27474.0,43.1
140525137604304,2024-08-01,LAW401,Harvard,non-Stem,4.0,15203.0,42.77
140525137606864,2024-12-14,LAW401,Harvard,non-Stem,4.0,15980.0,52.16
140525137602000,2024-11-20,LAW401,Harvard,non-Stem,3.0,19109.874457308248,69.93520170043416
140525137593872,2024-10-28,LAW401,Harvard,non-Stem,3.0,17212.0,56.89
140525137597136,2024-08-07,LAW501,Harvard,non-Stem,2.0,23199.0,47.64
140525137600464,2024-10-31,LAW501,Harvard,non-Stem,5.0,20633.0,51.49
140525137597904,2024-07-17,LAW501,Harvard,non-Stem,3.0,21700.0,56.52
140525137593616,2024-10-09,LAW401,Harvard,non-Stem,4.0,16538.0,80.78
140525137605840,2024-08-31,LAW401,Harvard,non-Stem,3.5576437831723657,18559.0,63.96
140525137607312,2024-10-03,LAW401,Harvard,non-Stem,3.0,19109.874457308248,69.93520170043416
140525137608080,2024-06-25,LAW401,Harvard,non-Stem,5.0,19109.874457308248,69.93520170043416
140525137602256,2024-07-26,LAW501,Harvard,non-Stem,2.0,20605.0,49.13
140525137604560,2024-06-25,LAW501,Harvard,non-Stem,2.0,19109.874457308248,69.93520170043416
140525137601744,2024-11-21,LAW401,Harvard,non-Stem,5.0,15433.0,78.39
140525137603536,2024-07-30,LAW501,Harvard,non-Stem,3.0,20150.0,81.2
140525137608592,2024-11-30,LAW401,Harvard,non-Stem,1.0,15399.0,47.06
140525137605328,2024-12-18,LAW501,Harvard,non-Stem,5.0,21618.0,43.11
140525137599440,2024-12-13,LAW601,Harvard,non-Stem,5.0,27661.0,63.61
140525137598160,2024-12-29,LAW501,Harvard,non-Stem,2.0,22886.0,60.85
140525137600720,2024-12-12,LAW501,Harvard,non-Stem,2.0,21666.0,43.54
140525137593104,2024-10-28,LAW501,Harvard,non-Stem,3.0,21153.0,41.26
140525137602768,2024-10-25,LAW401,Harvard,non-Stem,4.0,16079.0,66.52
140525137607824,2024-12-12,LAW601,Harvard,non-Stem,4.0,25978.0,41.35
140525137596624,2024-09-30,LAW401,Harvard,non-Stem,4.0,15066.0,41.12
140525137594128,2024-06-18,LAW501,Harvard,non-Stem,4.0,20066.0,60.19
140525137592592,2024-11-25,LAW401,Harvard,non-Stem,3.0,16798.0,43.0
140525137606352,2024-07-29,LAW501,Harvard,non-Stem,2.0,23300.0,51.69
140525137592848,2024-12-03,LAW401,Harvard,non-Stem,2.0,16984.0,47.65
140526253034064,2024-08-25,LAW401,Harvard,non-Stem,1.0,15234.0,60.78
140525179484304,2024-08-30,LAW401,Harvard,non-Stem,3.0,16187.0,71.52
140525179484240,2024-05-02,LAW501,Harvard,non-Stem,4.0,21836.0,57.49
140525179485200,2024-12-28,LAW601,Harvard,non-Stem,3.5576437831723657,26067.0,72.01
140525179473744,2024-06-25,LAW401,Harvard,non-Stem,4.0,15817.0,69.56
140525179471376,2024-11-24,LAW601,Harvard,non-Stem,2.0,25896.0,44.8
140525179473936,2024-08-17,LAW401,Harvard,non-Stem,2.0,16176.0,59.4
140525179482896,2024-11-07,LAW401,Harvard,non-Stem,4.0,17499.0,53.18
140525179477008,2024-12-10,LAW501,Harvard,non-Stem,3.0,19109.874457308248,69.93520170043416
140525179470800,2024-06-03,LAW401,Harvard,non-Stem,3.0,16042.0,47.46
140525179479248,2024-12-09,LAW501,Harvard,non-Stem,2.0,20688.0,62.1
140525179476048,2024-11-14,LAW401,Harvard,non-Stem,4.0,17346.0,52.81
140525179474384,2024-12-28,LAW501,Harvard,non-Stem,3.0,24026.0,55.5
140525179482320,2024-12-12,LAW501,Harvard,non-Stem,3.0,20138.0,50.24
140525179470288,2024-10-03,LAW401,Harvard,non-Stem,4.0,17310.0,41.6
140525179480784,2024-11-12,LAW501,Harvard,non-Stem,4.0,20134.0,73.6
140525179472848,2024-12-09,LAW501,Harvard,non-Stem,4.0,23312.0,51.57
140525179481872,2024-12-31,LAW501,Harvard,non-Stem,3.0,19109.874457308248,69.93520170043416
140525179485904,2024-11-01,LAW401,Harvard,non-Stem,3.0,17500.0,64.28
140525179481616,2024-10-20,LAW401,Harvard,non-Stem,3.0,16212.0,48.03
140525179481680,2024-12-08,LAW501,Harvard,non-Stem,1.0,22301.0,43.7
140525179485648,2024-11-18,LAW501,Harvard,non-Stem,2.0,21652.0,69.65
140525179485520,2024-07-29,LAW401,Harvard,non-Stem,2.0,16009.0,43.93
140525179478096,2024-05-09,LAW401,Harvard,non-Stem,4.0,16235.0,43.85
140525179480464,2024-05-05,LAW501,Harvard,non-Stem,5.0,21387.0,70.74
140525179485712,2024-08-07,LAW501,Harvard,non-Stem,4.0,19109.874457308248,69.93520170043416
140525179471120,2024-10-22,LAW501,Harvard,non-Stem,3.0,20510.0,61.68
140525179470352,2024-10-29,LAW401,Harvard,non-Stem,4.0,15268.0,69.8
140525179483472,2024-12-19,LAW501,Harvard,non-Stem,4.0,20065.0,58.32
140525179477392,2024-11-02,LAW401,Harvard,non-Stem,2.0,15482.0,70.98
140525179484112,2024-10-07,LAW601,Harvard,non-Stem,4.0,28182.0,41.98
140525179486032,2024-04-12,LAW501,Harvard,non-Stem,4.0,20435.0,62.44
140525179474320,2024-11-27,LAW501,Harvard,non-Stem,5.0,22029.0,48.03
140525179474576,2024-12-04,LAW401,Harvard,non-Stem,2.0,16925.0,52.88
140525179485968,2024-12-06,LAW501,Harvard,non-Stem,2.0,21107.0,41.58
140525179479440,2024-12-08,LAW401,Harvard,non-Stem,3.0,16250.0,56.81
140525179481936,2024-12-28,LAW501,Harvard,non-Stem,4.0,23787.0,70.05
140525179477072,2024-10-08,LAW401,Harvard,non-Stem,3.5576437831723657,15718.0,59.56
140525179473424,2024-12-06,LAW401,Harvard,non-Stem,1.0,16990.0,50.92
140525179484752,2024-12-03,LAW501,Harvard,non-Stem,3.0,21560.0,65.15
140525179483984,2024-06-24,LAW401,Harvard,non-Stem,3.0,15353.0,47.47
140525179470096,2024-12-30,LAW401,Harvard,non-Stem,3.0,19109.874457308248,69.93520170043416
140525179482064,2024-12-28,LAW401,Harvard,non-Stem,3.0,15891.0,44.12
140525179478480,2024-11-10,LAW601,Harvard,non-Stem,3.0,27569.0,52.23
140525179483344,2024-10-14,LAW401,Harvard,non-Stem,2.0,19109.874457308248,69.93520170043416
140525179480016,2024-08-22,LAW601,Harvard,non-Stem,3.0,26746.0,59.17
140525179485328,2024-10-16,LAW501,Harvard,non-Stem,3.0,19109.874457308248,69.93520170043416
140525179477584,2024-11-28,LAW401,Harvard,non-Stem,3.0,16060.0,89.08
140525179478992,2024-12-30,LAW401,Harvard,non-Stem,2.0,15726.0,42.46
140525179470672,2024-11-29,LAW401,Harvard,non-Stem,2.0,15780.0,73.14
140525179480080,2024-06-25,LAW401,Harvard,non-Stem,4.0,18045.0,64.66
140525179486160,2024-12-08,LAW501,Harvard,non-Stem,3.0,23084.0,49.56
140525179483216,2024-12-03,LAW401,Harvard,non-Stem,4.0,15635.0,45.44
140525179481104,2024-07-18,LAW401,Harvard,non-Stem,3.0,17225.0,54.66
140525179475024,2024-09-30,LAW501,Harvard,non-Stem,3.0,23400.0,56.74
140525179483088,2024-08-27,LAW401,Harvard,non-Stem,2.0,16026.0,81.21
140525179483856,2024-09-03,LAW501,Harvard,non-Stem,3.0,20020.0,61.97
140525179479888,2024-09-23,LAW501,Harvard,non-Stem,1.0,20854.0,53.23
140525179478288,2024-12-19,LAW501,Harvard,non-Stem,2.0,22252.0,44.34
140525179477840,2024-10-02,LAW501,Harvard,non-Stem,5.0,20689.0,48.74
140525179475792,2024-08-12,LAW401,Harvard,non-Stem,2.0,15592.0,57.26
140525179480400,2024-12-01,LAW501,Harvard,non-Stem,1.0,20918.0,58.45
140525179472144,2024-11-21,LAW401,Harvard,non-Stem,4.0,15994.0,45.04
140525179472400,2024-11-30,LAW501,Harvard,non-Stem,2.0,21683.0,42.98
140525179477776,2024-12-08,LAW601,Harvard,non-Stem,4.0,27097.0,40.82
140525179477264,2024-06-14,LAW501,Harvard,non-Stem,3.0,23303.0,71.08
140525179475664,2024-10-11,LAW401,Harvard,non-Stem,4.0,16317.0,59.86
140525179474192,2024-11-14,LAW501,Harvard,non-Stem,3.5576437831723657,20679.0,43.02
140525179478352,2024-06-19,LAW401,Harvard,non-Stem,3.5576437831723657,16233.0,63.62
140525179481296,2024-08-11,LAW401,Harvard,non-Stem,2.0,15862.0,54.06
140525179482384,2024-10-24,LAW501,Harvard,non-Stem,5.0,21711.0,49.25
140525179479568,2024-09-24,LAW501,Harvard,non-Stem,3.0,21558.0,67.59
140525179473168,2024-12-08,LAW501,Harvard,non-Stem,3.0,20246.0,50.33
140525179484688,2024-11-29,LAW401,Harvard,non-Stem,4.0,15154.0,50.79
140525179477456,2024-11-15,LAW501,Harvard,non-Stem,2.0,20714.0,60.71
140525179485456,2024-10-23,LAW401,Harvard,non-Stem,4.0,16294.0,60.66
140525179470544,2024-08-30,LAW501,Harvard,non-Stem,4.0,19109.874457308248,69.93520170043416
140525179477136,2024-11-30,LAW401,Harvard,non-Stem,4.0,15016.0,48.92
140525179473616,2024-04-06,LAW401,Harvard,non-Stem,1.0,15990.0,75.02
140525179469904,2024-11-20,LAW501,Harvard,non-Stem,1.0,23415.0,45.85
140525179482128,2024-11-19,LAW501,Harvard,non-Stem,3.0,20163.0,69.51
140525179472272,2024-08-11,LAW401,Harvard,non-Stem,4.0,16432.0,50.23
140525179480656,2024-11-22,LAW401,Harvard,non-Stem,3.0,15541.0,43.5
140525179475088,2024-09-18,LAW501,Harvard,non-Stem,3.0,23237.0,42.01
140525179470992,2024-09-18,LAW501,Harvard,non-Stem,4.0,21153.0,45.27
140525179479504,2024-12-28,LAW501,Harvard,non-Stem,4.0,21400.0,56.34
140525179484944,2024-09-17,LAW501,Harvard,non-Stem,2.0,19999.0,43.36
140525179478736,2024-06-18,LAW501,Harvard,non-Stem,2.0,20428.0,46.37
140525179474704,2024-06-18,LAW401,Harvard,non-Stem,5.0,16952.0,48.83
140525179478160,2024-07-05,LAW401,Harvard,non-Stem,2.0,16362.0,45.63
140525179471760,2024-12-21,LAW501,Harvard,non-Stem,4.0,20615.0,88.02
140525179470160,2024-04-17,LAW401,Harvard,non-Stem,4.0,16661.0,53.56
140525179476496,2024-12-31,LAW401,Harvard,non-Stem,3.0,15051.0,68.82
140525179477520,2024-08-11,LAW501,Harvard,non-Stem,2.0,19109.874457308248,69.93520170043416
140525179483728,2024-08-19,LAW401,Harvard,non-Stem,1.0,16240.0,57.11
140525179481424,2024-09-05,LAW501,Harvard,non-Stem,5.0,22714.0,78.34
140525179472016,2024-12-25,LAW501,Harvard,non-Stem,4.0,21168.0,54.49
140525179471888,2024-11-09,LAW401,Harvard,non-Stem,5.0,15755.0,53.65
140525179484880,2024-11-25,LAW501,Harvard,non-Stem,3.0,20186.0,45.73
140525179477904,2024-09-02,LAW501,Harvard,non-Stem,2.0,20303.0,52.33
140525179472784,2024-05-31,LAW401,Harvard,non-Stem,1.0,16859.0,49.98
140525179476752,2024-11-30,LAW501,Harvard,non-Stem,4.0,21079.0,42.59
140525179480848,2024-11-23,LAW501,Harvard,non-Stem,2.0,23383.0,53.99
140525179476368,2024-07-26,LAW601,Harvard,non-Stem,3.0,25392.0,83.77
140525179485392,2024-11-25,LAW501,Harvard,non-Stem,1.0,23010.0,56.98
140525185702672,2024-05-18,LAW501,Harvard,non-Stem,2.0,19109.874457308248,69.93520170043416
140525185697680,2024-08-12,LAW401,Harvard,non-Stem,2.0,16395.0,79.07
140525185709840,2024-05-05,LAW501,Harvard,non-Stem,2.0,20319.0,44.94
140525185704400,2024-04-26,LAW401,Harvard,non-Stem,4.0,15603.0,74.13
140525185700944,2024-12-17,LAW401,Harvard,non-Stem,3.0,16920.0,69.43
140525185708176,2024-12-28,LAW401,Harvard,non-Stem,1.0,17696.0,41.61
140525185697232,2024-07-26,LAW501,Harvard,non-Stem,1.0,19109.874457308248,69.93520170043416
140525185711824,2024-04-20,LAW501,Harvard,non-Stem,3.0,20741.0,47.59
140525185699280,2024-07-24,LAW401,Harvard,non-Stem,3.0,19109.874457308248,69.93520170043416
140525185702480,2024-11-03,LAW401,Harvard,non-Stem,3.0,17621.0,66.08
140525185705936,2024-12-28,LAW401,Harvard,non-Stem,3.0,15988.0,47.34
140525185696912,2024-06-17,LAW501,Harvard,non-Stem,2.0,21549.0,73.85
140525185709136,2024-12-10,LAW401,Harvard,non-Stem,4.0,17488.0,56.04
140525185710352,2024-08-12,LAW401,Harvard,non-Stem,4.0,19109.874457308248,69.93520170043416
140525185699088,2024-09-24,LAW501,Harvard,non-Stem,3.0,22240.0,48.05
140525185701136,2024-10-17,LAW401,Harvard,non-Stem,2.0,16538.0,40.82
140525185703888,2024-06-13,LAW501,Harvard,non-Stem,3.0,21843.0,73.37
140525185710672,2024-12-28,LAW401,Harvard,non-Stem,3.0,18017.0,42.39
140525185705552,2024-12-06,LAW401,Harvard,non-Stem,2.0,19278.0,49.59
140525185701456,2024-10-31,LAW401,Harvard,non-Stem,3.0,15599.0,40.7
140525185707344,2024-10-11,LAW401,Harvard,non-Stem,2.0,15442.0,62.27
140525185707600,2024-09-13,LAW501,Harvard,non-Stem,1.0,23019.0,55.77
140525185696976,2024-11-23,LAW601,Harvard,non-Stem,3.0,25375.0,64.06
140525185696208,2024-08-19,LAW501,Harvard,non-Stem,3.0,19109.874457308248,69.93520170043416
140525185703184,2024-09-15,LAW601,Harvard,non-Stem,3.0,28096.0,69.85
140525185702416,2024-04-02,LAW601,Harvard,non-Stem,4.0,25773.0,54.63
140525185704976,2024-05-15,LAW401,Harvard,non-Stem,3.0,19109.874457308248,69.93520170043416
140525185703248,2024-03-20,LAW401,Harvard,non-Stem,2.0,17953.0,60.4
140525185711184,2024-09-02,LAW401,Harvard,non-Stem,4.0,17522.0,44.64
140525185702736,2024-08-13,LAW501,Harvard,non-Stem,4.0,20395.0,70.22
140525185701200,2024-08-08,LAW501,Harvard,non-Stem,2.0,20760.0,56.87
140525185705168,2024-12-14,LAW401,Harvard,non-Stem,2.0,16123.0,57.56
140525185698640,2024-07-18,LAW401,Harvard,non-Stem,4.0,15077.0,43.07
140525185703376,2024-06-24,LAW401,Harvard,non-Stem,3.0,16506.0,49.79
140525185696848,2024-12-23,LAW501,Harvard,non-Stem,2.0,21130.0,47.5
140525185706320,2024-12-28,LAW401,Harvard,non-Stem,1.0,17311.0,62.46
140525185701584,2024-09-11,LAW601,Harvard,non-Stem,1.0,25647.0,66.58
140525185698768,2024-05-13,LAW401,Harvard,non-Stem,3.0,16167.0,72.99
140525185711952,2024-11-10,LAW501,Harvard,non-Stem,4.0,21239.0,46.79
140525185705616,2024-08-24,LAW501,Harvard,non-Stem,5.0,20218.0,72.66
140525185702160,2024-11-24,LAW501,Harvard,non-Stem,2.0,20473.0,47.61
140525185707536,2024-12-24,LAW501,Harvard,non-Stem,2.0,20257.0,62.59
140525185700880,2024-07-27,LAW401,Harvard,non-Stem,4.0,15338.0,46.37
140525185711568,2024-09-18,LAW401,Harvard,non-Stem,4.0,15451.0,76.52
140525185708752,2024-07-13,LAW501,Harvard,non-Stem,4.0,23473.0,51.9
140525185701712,2024-09-02,LAW601,Harvard,non-Stem,1.0,19109.874457308248,69.93520170043416
140525185702352,2024-10-21,LAW401,Harvard,non-Stem,4.0,15846.0,65.89
140525185697360,2024-09-08,LAW401,Harvard,non-Stem,2.0,15269.0,76.88
140525185705424,2024-11-21,LAW501,Harvard,non-Stem,4.0,20061.0,41.98
140525185711632,2024-12-20,LAW401,Harvard,non-Stem,4.0,17535.0,40.68
140525185701328,2024-11-05,LAW401,Harvard,non-Stem,4.0,17289.0,61.84
140525185701904,2024-10-28,LAW501,Harvard,non-Stem,5.0,22451.0,46.95
140525185709648,2024-10-15,LAW501,Harvard,non-Stem,4.0,20899.0,44.87
140525185707024,2024-10-29,LAW401,Harvard,non-Stem,4.0,15141.0,41.0
140525185703632,2024-11-27,LAW401,Harvard,non-Stem,3.0,16948.0,80.4
140525185699408,2024-11-10,LAW401,Harvard,non-Stem,5.0,15898.0,50.65
140525185706512,2024-08-12,LAW501,Harvard,non-Stem,4.0,21520.0,79.17
140525185711888,2024-10-21,LAW501,Harvard,non-Stem,2.0,20298.0,49.74
140525185703120,2024-10-13,LAW401,Harvard,non-Stem,2.0,17043.0,40.06
140525185711056,2024-12-30,LAW401,Harvard,non-Stem,3.0,19109.874457308248,69.93520170043416
140525185708368,2024-11-02,LAW501,Harvard,non-Stem,4.0,21637.0,43.53
140525185700432,2024-06-04,LAW501,Harvard,non-Stem,1.0,20396.0,66.0
140525185698064,2024-06-17,LAW401,Harvard,non-Stem,3.0,18181.0,41.8
140525185704656,2024-10-11,LAW501,Harvard,non-Stem,2.0,20572.0,62.31
140525185709904,2024-12-28,LAW501,Harvard,non-Stem,3.0,24313.0,43.64
140525185710096,2024-11-07,LAW501,Harvard,non-Stem,3.0,20579.0,53.15
140525185701968,2024-03-03,LAW401,Harvard,non-Stem,3.0,17598.0,59.64
140525185703696,2024-09-10,LAW501,Harvard,non-Stem,5.0,21233.0,43.73
140525185696016,2024-12-28,LAW501,Harvard,non-Stem,3.0,21509.0,67.77
140525185696528,2024-11-13,LAW501,Harvard,non-Stem,1.0,19109.874457308248,69.93520170043416
140525185696720,2024-11-23,LAW601,Harvard,non-Stem,4.0,25418.0,40.52
140525185704592,2024-11-29,LAW401,Harvard,non-Stem,4.0,15122.0,51.85
140525185707984,2024-10-29,LAW401,Harvard,non-Stem,3.0,15284.0,45.98
140525185705488,2024-06-27,LAW401,Harvard,non-Stem,4.0,16809.0,40.88
140525185702224,2024-09-20,LAW401,Harvard,non-Stem,4.0,17426.0,45.15
140525185706960,2024-11-10,LAW501,Harvard,non-Stem,4.0,21389.0,54.22
140525185697744,2024-09-21,LAW401,Harvard,non-Stem,4.0,17974.0,42.19
140525185700816,2024-12-11,LAW401,Harvard,non-Stem,3.5576437831723657,15995.0,57.55
140525185703952,2024-12-28,LAW401,Harvard,non-Stem,5.0,17088.0,57.38
140525185704912,2024-08-11,LAW601,Harvard,non-Stem,2.0,25293.0,57.19
140525185696336,2024-10-19,LAW401,Harvard,non-Stem,1.0,19109.874457308248,69.93520170043416
140525185698896,2024-12-24,LAW401,Harvard,non-Stem,1.0,15638.0,52.15
140525185699152,2024-11-23,LAW401,Harvard,non-Stem,3.0,16156.0,41.03
140525185711440,2024-12-18,LAW401,Harvard,non-Stem,3.0,16420.0,47.08
140525185706768,2024-10-19,LAW501,Harvard,non-Stem,5.0,20742.0,49.42
140525185704720,2024-09-24,LAW401,Harvard,non-Stem,4.0,15024.0,40.32
140525185697040,2024-08-24,LAW401,Harvard,non-Stem,3.0,17319.0,64.61
140525185709392,2024-09-24,LAW501,Harvard,non-Stem,3.0,20147.0,74.76
140525185696080,2024-11-12,LAW501,Harvard,non-Stem,2.0,20677.0,84.79
140525185710544,2024-09-01,LAW401,Harvard,non-Stem,4.0,16887.0,51.03
140525185711120,2024-08-05,LAW401,Harvard,non-Stem,3.0,17085.0,67.9
140525185702608,2024-11-16,LAW401,Harvard,non-Stem,2.0,15904.0,45.08
140525185701072,2024-06-07,LAW501,Harvard,non-Stem,2.0,20601.0,42.97
140525185698832,2024-10-24,LAW501,Harvard,non-Stem,3.0,20788.0,50.82
140525185706064,2024-09-20,LAW401,Harvard,non-Stem,2.0,16227.0,81.05
140525185705296,2024-06-02,LAW401,Harvard,non-Stem,3.0,17517.0,63.13
140525185711696,2024-07-26,LAW401,Harvard,non-Stem,3.0,15333.0,40.84
140525185709328,2024-10-06,LAW401,Harvard,non-Stem,4.0,15344.0,66.05
140525185696272,2024-12-28,LAW401,Harvard,non-Stem,3.0,15813.0,40.16
140525185699920,2024-11-27,LAW501,Harvard,non-Stem,2.0,20904.0,64.91
140525185709520,2024-07-06,LAW401,Harvard,non-Stem,4.0,18806.0,68.94
140525185710928,2024-05-19,LAW401,Harvard,non-Stem,4.0,17517.0,61.41
140525185709584,2024-12-28,LAW501,Harvard,non-Stem,5.0,21804.0,58.71
140525185700112,2024-11-20,LAW501,Harvard,non-Stem,5.0,20449.0,55.91
140525136337936,2024-11-24,LAW501,Harvard,non-Stem,2.0,21541.0,58.3
140525136335888,2024-10-19,LAW501,Harvard,non-Stem,4.0,21870.0,40.8
140525136330896,2024-06-30,LAW401,Harvard,non-Stem,4.0,18609.0,40.89
140525136337424,2024-05-12,LAW401,Harvard,non-Stem,2.0,18003.0,79.92
140525136333456,2024-11-06,LAW501,Harvard,non-Stem,4.0,20402.0,44.04
140525136336400,2024-11-01,LAW501,Harvard,non-Stem,2.0,20472.0,52.9
140525136339984,2024-12-28,LAW501,Harvard,non-Stem,3.0,20451.0,70.26
140525136334672,2024-12-21,LAW401,Harvard,non-Stem,3.0,16140.0,55.99
140525136340752,2024-09-30,LAW401,Harvard,non-Stem,2.0,15282.0,64.38
140525136345296,2024-12-27,LAW501,Harvard,non-Stem,2.0,20958.0,47.43
140525136337680,2024-09-27,LAW501,Harvard,non-Stem,2.0,21985.0,51.88
140525136346512,2024-08-16,LAW601,Harvard,non-Stem,2.0,26272.0,44.24
140525136333968,2024-10-16,LAW501,Harvard,non-Stem,4.0,22244.0,43.44
140525136342800,2024-10-25,LAW401,Harvard,non-Stem,4.0,18209.0,42.28
140525136334480,2024-07-04,LAW401,Harvard,non-Stem,3.0,17780.0,73.01
140525136342288,2024-12-28,LAW401,Harvard,non-Stem,2.0,15745.0,49.14
140525136344336,2024-11-09,LAW401,Harvard,non-Stem,3.0,15937.0,58.47
140525136335120,2024-07-19,LAW501,Harvard,non-Stem,5.0,22017.0,42.94
140525136344592,2024-09-14,LAW501,Harvard,non-Stem,2.0,20504.0,41.73
140525136339728,2024-07-31,LAW501,Harvard,non-Stem,3.0,20328.0,43.57
140525136346768,2024-11-23,LAW501,Harvard,non-Stem,3.0,19109.874457308248,69.93520170043416
140525136334928,2024-07-03,LAW401,Harvard,non-Stem,3.0,15453.0,58.99
140525136343568,2024-08-28,LAW501,Harvard,non-Stem,3.0,21227.0,66.57
140525136337168,2024-11-04,LAW501,Harvard,non-Stem,3.0,20159.0,48.1
140525136341776,2024-12-18,LAW501,Harvard,non-Stem,2.0,22156.0,42.1
140525136331408,2024-11-06,LAW501,Harvard,non-Stem,2.0,20915.0,48.05
140526254493968,2024-11-05,LAW501,Harvard,non-Stem,4.0,20370.0,40.71
140526254494544,2024-12-19,LAW401,Harvard,non-Stem,2.0,15262.0,53.78
140525136367312,2024-10-06,LAW401,Harvard,non-Stem,2.0,19109.874457308248,69.93520170043416
140525136365008,2024-12-16,LAW401,Harvard,non-Stem,2.0,17220.0,79.92
140525136378832,2024-07-17,LAW401,Harvard,non-Stem,3.0,15689.0,71.43
140525136370640,2024-09-24,LAW501,Harvard,non-Stem,4.0,20239.0,48.28
140525136364240,2024-12-09,LAW501,Harvard,non-Stem,4.0,22740.0,53.94
140525136376272,2024-10-06,LAW501,Harvard,non-Stem,3.0,20431.0,49.24
140525136376016,2024-04-10,LAW401,Harvard,non-Stem,4.0,15586.0,57.96
140525136365264,2024-12-11,LAW401,Harvard,non-Stem,5.0,15413.0,51.43
140525136370384,2024-11-10,LAW401,Harvard,non-Stem,3.0,17062.0,64.18
140525136378576,2024-10-07,LAW401,Harvard,non-Stem,2.0,16940.0,41.28
140525136366800,2024-11-01,LAW501,Harvard,non-Stem,1.0,20720.0,48.93
140525136369872,2024-03-31,LAW401,Harvard,non-Stem,2.0,17178.0,64.06
140525136374224,2024-12-28,LAW601,Harvard,non-Stem,2.0,19109.874457308248,69.93520170043416
140525136375760,2024-10-06,LAW401,Harvard,non-Stem,3.0,16410.0,40.66
140525136368848,2024-09-20,LAW501,Harvard,non-Stem,2.0,22832.0,48.46
140525136366032,2024-12-08,LAW501,Harvard,non-Stem,2.0,22745.0,44.56
140525136373712,2024-05-13,LAW401,Harvard,non-Stem,3.0,16141.0,50.1
140525136378320,2024-12-28,LAW401,Harvard,non-Stem,3.5576437831723657,16975.0,55.54
140525136368336,2024-12-26,LAW401,Harvard,non-Stem,5.0,17225.0,46.48
140525136372176,2024-10-23,LAW401,Harvard,non-Stem,5.0,15071.0,54.69
140525136370128,2024-12-11,LAW501,Harvard,non-Stem,3.0,22985.0,69.6
140525136363984,2024-06-27,LAW501,Harvard,non-Stem,3.5576437831723657,22489.0,44.51
140525136369104,2024-10-29,LAW401,Harvard,non-Stem,4.0,16286.0,42.29
140525136366544,2024-12-13,LAW601,Harvard,non-Stem,4.0,25105.0,75.51
140525136377040,2024-11-06,LAW401,Harvard,non-Stem,3.0,15223.0,53.16
140525136379088,2024-12-11,LAW401,Harvard,non-Stem,4.0,15253.0,65.13
140525136379792,2024-06-09,LAW401,Harvard,non-Stem,4.0,15221.0,48.08
140525136368080,2024-12-23,LAW501,Harvard,non-Stem,2.0,20412.0,59.76
140525136364752,2024-12-28,LAW601,Harvard,non-Stem,3.0,25381.0,53.7
140525136376528,2024-07-14,LAW401,Harvard,non-Stem,4.0,16999.0,40.56
140525136371920,2024-10-16,LAW501,Harvard,non-Stem,3.5576437831723657,21102.0,60.28
140525136379344,2024-12-31,LAW401,Harvard,non-Stem,3.0,15552.0,40.24
140525136365776,2024-11-21,LAW401,Harvard,non-Stem,4.0,15333.0,53.6
140525177945232,2024-12-28,LAW501,Harvard,non-Stem,2.0,20320.0,51.68
140525177937296,2024-11-13,LAW501,Harvard,non-Stem,3.0,20981.0,72.99
140525177942672,2024-09-16,LAW401,Harvard,non-Stem,2.0,18058.0,58.72
140525177935056,2024-12-11,LAW501,Harvard,non-Stem,3.0,20046.0,74.98
140525177935760,2024-11-15,LAW401,Harvard,non-Stem,2.0,15152.0,46.35
140525177943696,2024-11-12,LAW401,Harvard,non-Stem,4.0,16608.0,59.54
140525177938064,2024-08-09,LAW501,Harvard,non-Stem,2.0,20442.0,54.93
140525177941904,2024-12-14,LAW401,Harvard,non-Stem,5.0,15527.0,63.16
140525177941392,2024-12-09,LAW401,Harvard,non-Stem,4.0,17096.0,74.36
140525177931472,2024-11-19,LAW401,Harvard,non-Stem,3.0,16919.0,42.6
140525177937040,2024-04-15,LAW401,Harvard,non-Stem,2.0,16671.0,52.35
140525177930960,2024-12-28,LAW501,Harvard,non-Stem,1.0,20564.0,47.11
140525177937808,2024-08-14,LAW401,Harvard,non-Stem,2.0,16691.0,41.99
140525177938576,2024-09-09,LAW401,Harvard,non-Stem,3.0,15090.0,73.59
140525177940624,2024-10-27,LAW401,Harvard,non-Stem,2.0,15204.0,60.48
140525177933520,2024-09-17,LAW401,Harvard,non-Stem,3.0,15352.0,77.84
140525177938832,2024-12-28,LAW501,Harvard,non-Stem,2.0,20281.0,54.29
140525177937552,2024-07-27,LAW501,Harvard,non-Stem,2.0,20127.0,67.61
140525177931728,2024-12-01,LAW401,Harvard,non-Stem,3.0,16847.0,40.62
140525177944464,2024-12-09,LAW601,Harvard,non-Stem,3.0,26113.0,77.06
140525177933776,2024-11-09,LAW501,Harvard,non-Stem,4.0,20723.0,49.13
140525177936528,2024-09-13,LAW401,Harvard,non-Stem,5.0,16369.0,40.76
140525177942160,2024-12-30,LAW401,Harvard,non-Stem,4.0,15980.0,63.98
140525177941136,2024-10-02,LAW401,Harvard,non-Stem,2.0,16554.0,65.71
140525177942416,2024-09-07,LAW401,Harvard,non-Stem,3.0,18001.0,46.69
140525177933264,2024-09-18,LAW501,Harvard,non-Stem,2.0,20233.0,66.16
140525177940112,2024-11-16,LAW501,Harvard,non-Stem,3.0,20049.0,59.61
140525177944976,2024-12-28,LAW501,Harvard,non-Stem,3.5576437831723657,22060.0,61.0
140525177941648,2024-12-25,LAW501,Harvard,non-Stem,3.0,20267.0,71.12
140525177932752,2024-12-28,LAW401,Harvard,non-Stem,4.0,15917.0,49.71
140525177936016,2024-04-06,LAW401,Harvard,non-Stem,4.0,17486.0,57.91
140525133368720,2024-07-25,LAW501,Harvard,non-Stem,3.0,22248.0,57.67
140525133369744,2024-06-03,LAW501,Harvard,non-Stem,2.0,23096.0,54.71
140525133365392,2024-09-28,LAW401,Harvard,non-Stem,3.0,17780.0,57.3
140525133366928,2024-10-12,LAW401,Harvard,non-Stem,1.0,19109.874457308248,69.93520170043416
140525133368208,2024-09-25,LAW501,Harvard,non-Stem,2.0,21482.0,48.78
140525133368976,2024-03-24,LAW501,Harvard,non-Stem,4.0,21132.0,43.94
140525133378384,2024-11-13,LAW501,Harvard,non-Stem,4.0,20373.0,60.04
140525133367440,2024-12-04,LAW501,Harvard,non-Stem,3.0,19109.874457308248,69.93520170043416
140525133370960,2024-05-05,LAW601,Harvard,non-Stem,2.0,25721.0,55.12
140525133367696,2024-11-30,LAW501,Harvard,non-Stem,3.0,20384.0,43.33
140525133368464,2024-12-05,LAW501,Harvard,non-Stem,4.0,21506.0,40.5
140525133367952,2024-11-28,LAW401,Harvard,non-Stem,3.0,15036.0,53.25
140525133366160,2024-09-13,LAW501,Harvard,non-Stem,4.0,20376.0,44.65
140525133373520,2024-05-02,LAW401,Harvard,non-Stem,4.0,16689.0,45.22
140525133372496,2024-07-15,LAW501,Harvard,non-Stem,2.0,21855.0,41.61
140525133375824,2024-10-31,LAW401,Harvard,non-Stem,4.0,15841.0,52.09
140525133373776,2024-11-10,LAW401,Harvard,non-Stem,4.0,19005.0,67.84
140525182108624,2024-11-08,LAW501,Harvard,non-Stem,2.0,21117.0,56.26
140525182114448,2024-11-06,LAW501,Harvard,non-Stem,4.0,21679.0,75.24
140525182117008,2024-11-23,LAW401,Harvard,non-Stem,4.0,15325.0,51.66
140525182120528,2024-12-18,LAW501,Harvard,non-Stem,3.0,24243.0,58.52
140525182117840,2024-11-05,LAW501,Harvard,non-Stem,3.5576437831723657,21366.0,42.8
140525182113744,2024-10-23,LAW501,Harvard,non-Stem,2.0,20548.0,40.25
140525182114128,2024-12-16,LAW401,Harvard,non-Stem,3.0,15624.0,42.71
140525182116048,2024-12-20,LAW401,Harvard,non-Stem,2.0,16733.0,54.43
140525182108176,2024-12-14,LAW401,Harvard,non-Stem,4.0,19109.874457308248,69.93520170043416
140525182107728,2024-11-22,LAW501,Harvard,non-Stem,3.5576437831723657,21227.0,63.13
140525182116304,2024-12-08,LAW401,Harvard,non-Stem,2.0,16626.0,40.57
140525182115472,2024-09-01,LAW501,Harvard,non-Stem,3.0,21386.0,41.12
140525182107920,2024-05-28,LAW401,Harvard,non-Stem,3.0,18052.0,72.3
140525182110352,2024-04-13,LAW501,Harvard,non-Stem,2.0,20667.0,49.94
140525182114768,2024-12-07,LAW401,Harvard,non-Stem,4.0,15358.0,61.08
140525182114512,2024-10-11,LAW501,Harvard,non-Stem,3.0,22957.0,50.06
140525182110608,2024-11-11,LAW501,Harvard,non-Stem,5.0,22405.0,41.88
140525182123472,2024-10-11,LAW501,Harvard,non-Stem,1.0,21337.0,60.69
140525182108304,2024-07-08,LAW401,Harvard,non-Stem,5.0,16393.0,52.81
140525182113424,2024-09-11,LAW401,Harvard,non-Stem,4.0,16392.0,57.18
140525182122448,2024-04-02,LAW501,Harvard,non-Stem,1.0,21007.0,52.48
140525182120656,2024-08-05,LAW401,Harvard,non-Stem,3.0,15076.0,60.55
140525182118736,2024-09-22,LAW401,Harvard,non-Stem,3.0,15712.0,45.7
140525182115216,2024-07-08,LAW401,Harvard,non-Stem,2.0,16923.0,43.96
140525182115728,2024-12-20,LAW401,Harvard,non-Stem,3.0,15965.0,74.33
140525182113104,2024-06-14,LAW401,Harvard,non-Stem,3.0,16666.0,43.53
140525182109328,2024-08-07,LAW401,Harvard,non-Stem,2.0,17916.0,68.49
140525182122256,2024-10-31,LAW501,Harvard,non-Stem,3.0,23459.0,50.61
140525182114000,2024-12-01,LAW501,Harvard,non-Stem,2.0,20905.0,41.32
140525182120976,2024-09-22,LAW501,Harvard,non-Stem,3.0,20939.0,48.33
140525182113040,2024-07-16,LAW401,Harvard,non-Stem,2.0,16316.0,52.58
140525182117200,2024-09-27,LAW401,Harvard,non-Stem,3.0,15971.0,53.51
140525182115920,2024-12-28,LAW401,Harvard,non-Stem,1.0,15369.0,44.13
140525182115792,2024-09-22,LAW401,Harvard,non-Stem,5.0,16104.0,68.47
140525182121552,2024-12-16,LAW401,Harvard,non-Stem,2.0,15953.0,65.67
140525182109584,2024-12-28,LAW401,Harvard,non-Stem,3.0,19109.874457308248,69.93520170043416
140525182117072,2024-09-11,LAW401,Harvard,non-Stem,3.5576437831723657,15368.0,43.0
140525182116496,2024-08-29,LAW501,Harvard,non-Stem,4.0,20043.0,54.48
140525182115984,2024-10-31,LAW501,Harvard,non-Stem,5.0,21802.0,49.02
140525182117712,2024-05-19,LAW401,Harvard,non-Stem,3.0,15526.0,50.97
140525182110288,2024-12-05,LAW501,Harvard,non-Stem,2.0,22061.0,45.02
140525182116816,2024-10-13,LAW401,Harvard,non-Stem,3.0,17035.0,56.96
140525182109968,2024-09-29,LAW401,Harvard,non-Stem,3.5576437831723657,15302.0,58.72
140525182121232,2024-12-12,LAW401,Harvard,non-Stem,4.0,17609.0,48.53
140525182118992,2024-07-12,LAW401,Harvard,non-Stem,3.0,15100.0,44.29
140525182112016,2024-10-08,LAW401,Harvard,non-Stem,1.0,15230.0,63.83
140525182123920,2024-12-28,LAW401,Harvard,non-Stem,3.0,16749.0,59.07
140525182109840,2024-09-17,LAW501,Harvard,non-Stem,3.0,21148.0,55.46
140525182116432,2024-05-31,LAW401,Harvard,non-Stem,3.0,16725.0,60.24
140525182114192,2024-11-14,LAW501,Harvard,non-Stem,2.0,19109.874457308248,69.93520170043416
140525182107984,2024-12-04,LAW501,Harvard,non-Stem,1.0,19109.874457308248,69.93520170043416
140525182123792,2024-12-01,LAW401,Harvard,non-Stem,3.0,15205.0,52.62
140525182118928,2024-12-09,LAW401,Harvard,non-Stem,2.0,16015.0,57.4
140525182123024,2024-12-04,LAW501,Harvard,non-Stem,1.0,21207.0,49.72
140525182111888,2024-10-25,LAW401,Harvard,non-Stem,4.0,15168.0,51.0
140525182119184,2024-12-21,LAW401,Harvard,non-Stem,2.0,16836.0,48.24
140525182117392,2024-12-11,LAW501,Harvard,non-Stem,2.0,20322.0,53.72
140525182119952,2024-12-27,LAW401,Harvard,non-Stem,4.0,16244.0,57.06
140525182122192,2024-09-16,LAW501,Harvard,non-Stem,5.0,19109.874457308248,69.93520170043416
140525182119888,2024-10-05,LAW501,Harvard,non-Stem,3.0,21624.0,50.11
140525182118224,2024-11-02,LAW501,Harvard,non-Stem,3.0,20880.0,82.23
140525182108112,2024-07-11,LAW401,Harvard,non-Stem,3.0,18397.0,57.34
140525182116688,2024-10-09,LAW501,Harvard,non-Stem,3.0,20889.0,70.46
140525182120912,2024-10-24,LAW401,Harvard,non-Stem,3.0,16495.0,49.72
140525182112592,2024-03-14,LAW501,Harvard,non-Stem,2.0,19109.874457308248,69.93520170043416
140525182121936,2024-12-19,LAW401,Harvard,non-Stem,3.5576437831723657,16552.0,43.05
140525182121296,2024-10-06,LAW401,Harvard,non-Stem,3.0,15841.0,49.6
140525182118480,2024-06-05,LAW401,Harvard,non-Stem,5.0,15193.0,61.36
140525182120016,2024-11-13,LAW601,Harvard,non-Stem,4.0,25325.0,46.93
140525182119248,2024-05-10,LAW401,Harvard,non-Stem,4.0,17400.0,70.03
140525182123984,2024-12-15,LAW401,Harvard,non-Stem,4.0,16996.0,48.24
140525182111440,2024-10-05,LAW401,Harvard,non-Stem,5.0,19109.874457308248,69.93520170043416
140525182117648,2024-11-15,LAW501,Harvard,non-Stem,3.0,20169.0,54.14
140525182110736,2024-09-18,LAW501,Harvard,non-Stem,4.0,20802.0,42.06
140525182117904,2024-11-24,LAW401,Harvard,non-Stem,2.0,16505.0,58.37
140525182115024,2024-12-20,LAW501,Harvard,non-Stem,2.0,21311.0,48.12
140525182115536,2024-12-13,LAW501,Harvard,non-Stem,2.0,20952.0,66.64
140525182120784,2024-11-11,LAW401,Harvard,non-Stem,1.0,17818.0,40.85
140525182110864,2024-12-05,LAW501,Harvard,non-Stem,3.0,20782.0,47.26
140525182110928,2024-12-05,LAW501,Harvard,non-Stem,3.5576437831723657,20744.0,40.79
140525182113616,2024-06-03,LAW501,Harvard,non-Stem,4.0,20189.0,56.38
140525182115280,2024-11-27,LAW401,Harvard,non-Stem,5.0,15276.0,63.71
140525182121488,2024-10-29,LAW401,Harvard,non-Stem,2.0,19109.874457308248,69.93520170043416
140525182119376,2024-11-13,LAW401,Harvard,non-Stem,1.0,15141.0,78.64
140525182122704,2024-12-30,LAW501,Harvard,non-Stem,4.0,21730.0,46.93
140525182123664,2024-09-27,LAW401,Harvard,non-Stem,3.0,16146.0,43.62
140525182117456,2024-12-30,LAW401,Harvard,non-Stem,2.0,15352.0,56.98
140525182116176,2024-09-01,LAW401,Harvard,non-Stem,2.0,15205.0,43.32
140525182115152,2024-12-03,LAW401,Harvard,non-Stem,3.0,15685.0,40.0
140525182108560,2024-09-16,LAW401,Harvard,non-Stem,3.0,15053.0,75.67
140525182114384,2024-10-21,LAW601,Harvard,non-Stem,2.0,25314.0,47.14
140525182113680,2024-07-20,LAW501,Harvard,non-Stem,4.0,19109.874457308248,69.93520170043416
140525182110800,2024-07-17,LAW401,Harvard,non-Stem,2.0,15065.0,65.33
140525182109712,2024-08-09,LAW401,Harvard,non-Stem,2.0,19812.0,50.3
140525182112400,2024-10-04,LAW401,Harvard,non-Stem,5.0,17296.0,78.09
140525182122832,2024-07-10,LAW401,Harvard,non-Stem,5.0,16596.0,57.66
140525182113168,2024-09-01,LAW601,Harvard,non-Stem,3.0,25590.0,44.3
140525182119504,2024-12-28,LAW401,Harvard,non-Stem,2.0,19148.0,52.99
140525136648592,2024-07-16,LAW501,Harvard,non-Stem,2.0,21098.0,73.12
140525136645840,2024-12-07,LAW401,Harvard,non-Stem,4.0,15013.0,43.96
140525136656272,2024-05-22,LAW501,Harvard,non-Stem,4.0,21592.0,87.27
140525136646864,2024-10-30,LAW401,Harvard,non-Stem,4.0,15164.0,86.66
140525136655120,2024-08-27,LAW501,Harvard,non-Stem,3.0,21529.0,48.57
140525136655504,2024-09-12,LAW401,Harvard,non-Stem,2.0,16183.0,59.32
140525136650128,2024-09-15,LAW401,Harvard,non-Stem,4.0,16574.0,63.73
140525136647056,2024-09-10,LAW401,Harvard,non-Stem,3.0,17977.0,46.92
140525136657296,2024-07-13,LAW401,Harvard,non-Stem,4.0,19109.874457308248,69.93520170043416
140525136649616,2024-12-01,LAW401,Harvard,non-Stem,4.0,15504.0,60.04
140525136649360,2024-11-26,LAW501,Harvard,non-Stem,3.0,21604.0,41.37
140525136647312,2024-07-31,LAW501,Harvard,non-Stem,1.0,21038.0,56.39
140525136651408,2024-10-02,LAW501,Harvard,non-Stem,2.0,20777.0,45.44
140525136644880,2024-10-22,LAW401,Harvard,non-Stem,4.0,19109.874457308248,69.93520170043416
140525136645328,2024-11-11,LAW401,Harvard,non-Stem,3.5576437831723657,15041.0,41.18
140525136657552,2024-09-19,LAW501,Harvard,non-Stem,3.0,23536.0,50.91
140525136654352,2024-07-10,LAW501,Harvard,non-Stem,3.0,21521.0,81.07
140525136646608,2024-08-16,LAW501,Harvard,non-Stem,4.0,21095.0,43.92
140525136648080,2024-11-11,LAW501,Harvard,non-Stem,2.0,20643.0,49.02
140525136642128,2024-05-24,LAW601,Harvard,non-Stem,1.0,27506.0,46.88
140525136650640,2024-09-26,LAW601,Harvard,non-Stem,3.0,19109.874457308248,69.93520170043416
140525136647824,2024-11-19,LAW501,Harvard,non-Stem,2.0,22034.0,63.28
140525136657808,2024-12-13,LAW401,Harvard,non-Stem,2.0,15693.0,42.7
140525136645584,2024-07-22,LAW401,Harvard,non-Stem,4.0,16942.0,64.02
140525136643856,2024-09-21,LAW501,Harvard,non-Stem,3.0,20978.0,61.73
140525136649872,2024-08-02,LAW501,Harvard,non-Stem,3.0,19109.874457308248,69.93520170043416
140525136651664,2024-08-26,LAW401,Harvard,non-Stem,4.0,17740.0,49.31
140525136651152,2024-08-24,LAW401,Harvard,non-Stem,2.0,15602.0,40.2
140525136654096,2024-10-17,LAW401,Harvard,non-Stem,3.0,16271.0,43.91
140525136654864,2024-09-30,LAW501,Harvard,non-Stem,2.0,20070.0,40.56
140525136656528,2024-11-13,LAW401,Harvard,non-Stem,3.0,15606.0,45.31
140525136650384,2024-11-03,LAW401,Harvard,non-Stem,3.0,16836.0,49.88
140525136646096,2024-10-02,LAW501,Harvard,non-Stem,3.0,20444.0,40.98
140525136644112,2024-08-02,LAW501,Harvard,non-Stem,3.0,20150.0,80.84
140525182938448,2024-11-08,LAW401,Harvard,non-Stem,3.0,16039.0,66.08
140525188525264,2024-11-23,LAW401,Harvard,non-Stem,3.0,15736.0,61.9
140525188525648,2024-08-13,LAW401,Harvard,non-Stem,3.0,15897.0,66.4
140525188516432,2024-06-23,LAW501,Harvard,non-Stem,3.0,24257.0,65.42
140525188517584,2024-05-31,LAW501,Harvard,non-Stem,2.0,22009.0,78.31
140525188525392,2024-12-28,LAW401,Harvard,non-Stem,4.0,17946.0,42.86
140525962300304,2024-09-16,LAW401,Harvard,non-Stem,4.0,19109.874457308248,69.93520170043416
140525962302608,2024-09-15,LAW401,Harvard,non-Stem,2.0,18015.0,79.22
140525962308304,2024-12-04,LAW501,Harvard,non-Stem,2.0,20950.0,58.67
140525962309904,2024-10-01,LAW401,Harvard,non-Stem,2.0,16102.0,58.04
140525962301776,2024-06-25,LAW401,Harvard,non-Stem,3.0,16039.0,46.69
140525962302224,2024-08-18,LAW401,Harvard,non-Stem,1.0,15004.0,52.21
140525962303376,2024-11-10,LAW501,Harvard,non-Stem,4.0,20764.0,48.09
140525962300752,2024-12-19,LAW401,Harvard,non-Stem,3.0,16011.0,43.82
140525962305936,2024-10-22,LAW501,Harvard,non-Stem,4.0,20445.0,40.18
140525962303056,2024-12-28,LAW401,Harvard,non-Stem,2.0,19109.874457308248,69.93520170043416
140525962298064,2024-12-21,LAW501,Harvard,non-Stem,1.0,21505.0,59.96
140525962302672,2024-08-26,LAW401,Harvard,non-Stem,2.0,15405.0,43.9
140525133301712,2024-05-22,LAW401,Harvard,non-Stem,3.5576437831723657,15849.0,49.47
140525133309328,2024-12-21,LAW501,Harvard,non-Stem,2.0,20208.0,40.73
140525133312912,2024-08-30,LAW501,Harvard,non-Stem,4.0,24033.0,47.23
140525133309072,2024-12-28,LAW401,Harvard,non-Stem,4.0,19109.874457308248,69.93520170043416
140525133303440,2024-06-09,LAW501,Harvard,non-Stem,4.0,21597.0,45.77
140525133309584,2024-08-25,LAW501,Harvard,non-Stem,3.0,23022.0,50.2
140525133302160,2024-06-22,LAW401,Harvard,non-Stem,1.0,15968.0,40.49
140525133306512,2024-12-13,LAW501,Harvard,non-Stem,3.0,20257.0,41.42
140525133313424,2024-10-25,LAW501,Harvard,non-Stem,4.0,20209.0,59.2
140525133310864,2024-10-07,LAW401,Harvard,non-Stem,3.0,15106.0,67.6
140525133315728,2024-11-08,LAW501,Harvard,non-Stem,3.0,22407.0,74.41
140525133315472,2024-12-18,LAW401,Harvard,non-Stem,4.0,16285.0,58.98
140525133308048,2024-07-31,LAW601,Harvard,non-Stem,2.0,25564.0,68.04
140525133310352,2024-09-20,LAW401,Harvard,non-Stem,4.0,18510.0,55.47
140525133313936,2024-09-24,LAW401,Harvard,non-Stem,2.0,18221.0,62.8
140525133306256,2024-11-09,LAW501,Harvard,non-Stem,3.0,24231.0,43.76
140525133312656,2024-09-03,LAW501,Harvard,non-Stem,2.0,20212.0,72.41
140525133315216,2024-10-14,LAW401,Harvard,non-Stem,4.0,16093.0,69.4
140525133300688,2024-09-25,LAW401,Harvard,non-Stem,2.0,15936.0,44.33
140525133311888,2024-08-18,LAW401,Harvard,non-Stem,2.0,17642.0,61.09
140525133314704,2024-10-03,LAW401,Harvard,non-Stem,3.0,15494.0,41.59
140525133300944,2024-12-26,LAW401,Harvard,non-Stem,3.0,16043.0,44.65
140525133306768,2024-11-12,LAW501,Harvard,non-Stem,2.0,20078.0,87.6
140525133310608,2024-12-11,LAW401,Harvard,non-Stem,4.0,15207.0,44.87
140525133315984,2024-09-29,LAW501,Harvard,non-Stem,2.0,21564.0,44.91
140525133313168,2024-11-25,LAW401,Harvard,non-Stem,1.0,16136.0,40.05
140525133303184,2024-09-17,LAW401,Harvard,non-Stem,4.0,18194.0,40.82
140525133307024,2024-03-12,LAW501,Harvard,non-Stem,3.0,21908.0,70.46
140525133314448,2024-11-27,LAW401,Harvard,non-Stem,2.0,15844.0,49.96
140525133307536,2024-11-15,LAW501,Harvard,non-Stem,3.5576437831723657,23204.0,42.18
140525133314960,2024-09-30,LAW401,Harvard,non-Stem,4.0,15756.0,67.67
140525133311120,2024-10-10,LAW401,Harvard,non-Stem,3.0,15176.0,65.13
140525133301456,2024-05-15,LAW501,Harvard,non-Stem,2.0,21377.0,45.68
140525188741072,2024-12-28,LAW401,Harvard,non-Stem,1.0,16192.0,43.47
140525188740304,2024-12-25,LAW401,Harvard,non-Stem,2.0,16510.0,70.91
140525188741584,2024-08-24,LAW501,Harvard,non-Stem,4.0,21961.0,62.95
140525188740944,2024-12-25,LAW501,Harvard,non-Stem,2.0,21680.0,85.52
140525188741520,2024-08-11,LAW401,Harvard,non-Stem,4.0,15636.0,41.0
140525188727760,2024-10-28,LAW401,Harvard,non-Stem,3.0,16393.0,70.82
140525188740816,2024-10-30,LAW501,Harvard,non-Stem,4.0,22171.0,82.32
140525188741200,2024-12-27,LAW501,Harvard,non-Stem,5.0,20120.0,41.35
140525188741712,2024-10-11,LAW401,Harvard,non-Stem,3.0,17517.0,41.53
140525188742288,2024-12-28,LAW501,Harvard,non-Stem,4.0,20835.0,48.93
140525188740432,2024-10-06,LAW401,Harvard,non-Stem,1.0,16821.0,42.97
140525191928656,2024-11-16,LAW501,Harvard,non-Stem,2.0,20678.0,56.21
140525191924368,2024-12-24,LAW401,Harvard,non-Stem,4.0,16271.0,43.04
140525191929808,2024-10-24,LAW401,Harvard,non-Stem,3.0,15736.0,49.84
140525191924240,2024-10-19,LAW501,Harvard,non-Stem,5.0,20013.0,53.27
140525191929616,2024-09-25,LAW601,Harvard,non-Stem,3.5576437831723657,26435.0,45.66
140525185169552,2024-10-02,LAW501,Harvard,non-Stem,3.5576437831723657,21919.0,63.99
140525185161552,2024-09-01,LAW501,Harvard,non-Stem,3.0,20877.0,50.19
140525185162896,2024-12-28,LAW401,Harvard,non-Stem,5.0,19109.874457308248,69.93520170043416
140525185156176,2024-04-30,LAW401,Harvard,non-Stem,3.5576437831723657,16416.0,52.82
140525185164048,2024-11-14,LAW501,Harvard,non-Stem,5.0,19109.874457308248,69.93520170043416
140525185159952,2024-11-19,LAW401,Harvard,non-Stem,3.0,17135.0,40.42
140525185169936,2024-11-07,LAW501,Harvard,non-Stem,2.0,20822.0,40.21
140525185164176,2024-12-06,LAW401,Harvard,non-Stem,2.0,17234.0,44.62
140525185157328,2024-12-16,LAW401,Harvard,non-Stem,4.0,15411.0,71.3
140525185171152,2024-11-29,LAW401,Harvard,non-Stem,3.0,15239.0,53.95
140525185169360,2024-09-26,LAW501,Harvard,non-Stem,3.0,21327.0,70.73
140525185159120,2024-12-11,LAW401,Harvard,non-Stem,4.0,16911.0,40.64
140525185168400,2024-12-09,LAW501,Harvard,non-Stem,2.0,21484.0,54.88
140525185161616,2024-09-22,LAW401,Harvard,non-Stem,4.0,16603.0,60.25
140525185157712,2024-07-20,LAW501,Harvard,non-Stem,3.0,19109.874457308248,69.93520170043416
140525185157584,2024-10-20,LAW501,Harvard,non-Stem,5.0,21141.0,54.65
140525185170832,2024-08-15,LAW501,Harvard,non-Stem,3.0,20126.0,56.44
140525185161168,2024-11-03,LAW501,Harvard,non-Stem,2.0,21116.0,41.24
140525185158480,2024-04-08,LAW501,Harvard,non-Stem,2.0,21075.0,48.47
140525185156944,2024-10-07,LAW601,Harvard,non-Stem,2.0,26314.0,75.88
140525185168656,2024-11-12,LAW501,Harvard,non-Stem,4.0,20475.0,53.29
140525185168016,2024-05-29,LAW401,Harvard,non-Stem,4.0,17323.0,51.85
140525185169104,2024-09-07,LAW501,Harvard,non-Stem,3.0,21245.0,49.55
140525185164432,2024-11-06,LAW501,Harvard,non-Stem,3.0,22962.0,42.71
140525185162128,2024-06-01,LAW501,Harvard,non-Stem,3.0,19109.874457308248,69.93520170043416
140525185158160,2024-07-22,LAW501,Harvard,non-Stem,4.0,20231.0,51.99
140525185155344,2024-12-28,LAW501,Harvard,non-Stem,2.0,20171.0,75.61
140525185165904,2024-12-03,LAW501,Harvard,non-Stem,4.0,22199.0,45.94
140525185163024,2024-11-30,LAW501,Harvard,non-Stem,3.0,21411.0,61.23
140525185160784,2024-11-18,LAW601,Harvard,non-Stem,3.0,26873.0,42.94
140525185158416,2024-12-18,LAW601,Harvard,non-Stem,4.0,28024.0,84.8
140525185169424,2024-12-19,LAW501,Harvard,non-Stem,2.0,20613.0,53.7
140525185161872,2024-12-14,LAW501,Harvard,non-Stem,4.0,20399.0,45.8
140525185159440,2024-10-13,LAW401,Harvard,non-Stem,3.0,16703.0,49.24
140525185168272,2024-06-24,LAW501,Harvard,non-Stem,2.0,19109.874457308248,69.93520170043416
140525185170448,2024-12-28,LAW501,Harvard,non-Stem,2.0,20413.0,49.99
140525185170576,2024-11-08,LAW401,Harvard,non-Stem,3.0,15486.0,56.95
140525185155856,2024-07-07,LAW501,Harvard,non-Stem,4.0,20437.0,63.11
140525185158928,2024-10-03,LAW501,Harvard,non-Stem,2.0,20708.0,68.54
140525185169296,2024-12-05,LAW401,Harvard,non-Stem,2.0,17664.0,75.24
140525185156432,2024-12-13,LAW501,Harvard,non-Stem,3.0,21397.0,49.91
140525185163536,2024-11-23,LAW501,Harvard,non-Stem,3.0,20527.0,44.57
140525185156048,2024-05-13,LAW401,Harvard,non-Stem,5.0,16217.0,66.99
140525185159888,2024-12-26,LAW501,Harvard,non-Stem,4.0,21560.0,52.95
140525185163152,2024-12-23,LAW401,Harvard,non-Stem,4.0,15401.0,71.06
140525185156624,2024-06-02,LAW501,Harvard,non-Stem,3.0,22740.0,57.27
140525185165200,2024-12-11,LAW501,Harvard,non-Stem,4.0,20556.0,53.35
140525185161040,2024-11-12,LAW501,Harvard,non-Stem,1.0,21176.0,46.59
140525185163088,2024-11-19,LAW401,Harvard,non-Stem,5.0,15636.0,51.26
140525185164816,2024-08-08,LAW401,Harvard,non-Stem,2.0,19109.874457308248,69.93520170043416
140525185167760,2024-05-16,LAW401,Harvard,non-Stem,3.0,15493.0,55.16
140525185156880,2024-12-10,LAW401,Harvard,non-Stem,3.0,16257.0,74.83
140525185163408,2024-10-11,LAW501,Harvard,non-Stem,2.0,21859.0,43.45
140525185160592,2024-12-28,LAW401,Harvard,non-Stem,3.0,18027.0,67.31
140525185155664,2024-10-24,LAW401,Harvard,non-Stem,3.0,16621.0,45.94
140525185163664,2024-06-27,LAW401,Harvard,non-Stem,3.0,16914.0,40.81
140525185166608,2024-09-20,LAW401,Harvard,non-Stem,3.0,15087.0,41.01
140525185167248,2024-07-11,LAW501,Harvard,non-Stem,3.0,20208.0,45.57
140525185159760,2024-11-05,LAW501,Harvard,non-Stem,4.0,20291.0,40.41
140525185160400,2024-09-22,LAW501,Harvard,non-Stem,3.5576437831723657,23617.0,48.36
140525185157072,2024-11-07,LAW501,Harvard,non-Stem,3.0,21876.0,76.48
140525185160528,2024-11-07,LAW501,Harvard,non-Stem,5.0,23272.0,50.97
140525184108368,2024-12-28,LAW501,Harvard,non-Stem,3.0,21096.0,49.91
140525184117712,2024-11-21,LAW401,Harvard,non-Stem,2.0,18467.0,60.35
140525184122512,2024-08-26,LAW501,Harvard,non-Stem,2.0,19109.874457308248,69.93520170043416
140525184113680,2024-11-16,LAW401,Harvard,non-Stem,4.0,17929.0,70.29
140525184107472,2024-10-26,LAW501,Harvard,non-Stem,4.0,21528.0,64.65
140525184119952,2024-06-23,LAW501,Harvard,non-Stem,2.0,20887.0,87.22
140525184109072,2024-12-11,LAW401,Harvard,non-Stem,3.5576437831723657,16223.0,48.84
140525184109776,2024-12-28,LAW401,Harvard,non-Stem,5.0,17853.0,69.77
140525184109008,2024-12-24,LAW501,Harvard,non-Stem,2.0,21548.0,68.0
140525184107344,2024-09-06,LAW401,Harvard,non-Stem,3.0,15006.0,73.04
140525184122384,2024-11-28,LAW501,Harvard,non-Stem,1.0,21556.0,61.74
140525184112400,2024-12-24,LAW501,Harvard,non-Stem,3.0,20700.0,50.58
140525184120912,2024-08-24,LAW501,Harvard,non-Stem,2.0,22691.0,75.97
140525184115984,2024-12-05,LAW501,Harvard,non-Stem,4.0,19109.874457308248,69.93520170043416
140525184114064,2024-09-21,LAW401,Harvard,non-Stem,2.0,18720.0,51.49
140525184114640,2024-04-17,LAW401,Harvard,non-Stem,4.0,15364.0,48.75
140525184116176,2024-12-30,LAW501,Harvard,non-Stem,5.0,22095.0,77.23
140525184109904,2024-12-28,LAW501,Harvard,non-Stem,2.0,20883.0,42.64
140525184114832,2024-11-05,LAW501,Harvard,non-Stem,2.0,20190.0,42.75
140525184118480,2024-09-09,LAW601,Harvard,non-Stem,4.0,27996.0,60.75
140525184107792,2024-09-08,LAW401,Harvard,non-Stem,3.0,15233.0,47.2
140525184106576,2024-08-15,LAW501,Harvard,non-Stem,3.0,21441.0,40.52
140525184118736,2024-10-27,LAW501,Harvard,non-Stem,1.0,22453.0,46.08
140525184114128,2024-08-13,LAW501,Harvard,non-Stem,3.0,20081.0,52.59
140525184120272,2024-12-19,LAW601,Harvard,non-Stem,4.0,25529.0,43.23
140525184122704,2024-10-14,LAW601,Harvard,non-Stem,3.0,25958.0,46.76
140525184122192,2024-08-24,LAW401,Harvard,non-Stem,2.0,17413.0,40.0
140525184114448,2024-10-17,LAW401,Harvard,non-Stem,2.0,15272.0,55.14
140525184107024,2024-08-10,LAW601,Harvard,non-Stem,2.0,25666.0,45.16
140525184112144,2024-12-28,LAW401,Harvard,non-Stem,2.0,15516.0,52.53
140525184113616,2024-09-17,LAW401,Harvard,non-Stem,3.0,17881.0,64.2
140525184117968,2024-12-28,LAW401,Harvard,non-Stem,3.0,16825.0,40.68
140525184112592,2024-10-06,LAW401,Harvard,non-Stem,3.0,15156.0,45.74
140525184108304,2024-09-14,LAW501,Harvard,non-Stem,3.0,22189.0,65.29
140525184115920,2024-07-02,LAW501,Harvard,non-Stem,2.0,21807.0,72.36
140525184119056,2024-02-21,LAW501,Harvard,non-Stem,3.0,21001.0,46.87
140525184108240,2024-12-18,LAW401,Harvard,non-Stem,4.0,15167.0,41.21
140525184116752,2024-07-22,LAW401,Harvard,non-Stem,4.0,16517.0,42.51
140525184112784,2024-08-10,LAW401,Harvard,non-Stem,4.0,15030.0,70.78
140525184122256,2024-07-11,LAW401,Harvard,non-Stem,3.0,19109.874457308248,69.93520170043416
140525184111568,2024-08-16,LAW501,Harvard,non-Stem,5.0,20630.0,40.22
140525184109392,2024-09-12,LAW501,Harvard,non-Stem,1.0,20193.0,40.9
140525184119248,2024-10-04,LAW601,Harvard,non-Stem,3.0,27302.0,60.8
140525184107280,2024-12-11,LAW601,Harvard,non-Stem,2.0,25632.0,72.95
140525184110160,2024-12-23,LAW401,Harvard,non-Stem,3.0,15353.0,46.56
140525184118032,2024-10-18,LAW501,Harvard,non-Stem,2.0,21054.0,47.21
140525184116240,2024-05-07,LAW501,Harvard,non-Stem,3.0,20009.0,40.83
140525184110800,2024-08-29,LAW501,Harvard,non-Stem,2.0,20386.0,43.83
140525184117392,2024-12-23,LAW501,Harvard,non-Stem,2.0,19109.874457308248,69.93520170043416
140525184111056,2024-12-27,LAW501,Harvard,non-Stem,4.0,20021.0,40.5
140525184109136,2024-12-24,LAW501,Harvard,non-Stem,2.0,21400.0,70.75
140525184113872,2024-08-18,LAW501,Harvard,non-Stem,1.0,22413.0,52.78
140525184121680,2024-11-02,LAW401,Harvard,non-Stem,4.0,16272.0,54.25
140525184115600,2024-08-13,LAW501,Harvard,non-Stem,3.0,20837.0,44.91
140525184110352,2024-12-27,LAW501,Harvard,non-Stem,1.0,21734.0,69.9
140525184120144,2024-07-01,LAW501,Harvard,non-Stem,2.0,20814.0,56.31
140525184111760,2024-10-02,LAW401,Harvard,non-Stem,5.0,16662.0,53.19
140525184106704,2024-07-25,LAW501,Harvard,non-Stem,3.0,20259.0,61.54
140525184121488,2024-10-05,LAW501,Harvard,non-Stem,5.0,21091.0,42.98
140525184116624,2024-10-08,LAW501,Harvard,non-Stem,3.0,22031.0,52.37
140525184119504,2024-05-23,LAW401,Harvard,non-Stem,3.5576437831723657,15917.0,45.8
140525184113552,2024-12-17,LAW501,Harvard,non-Stem,4.0,20212.0,57.0
140525184112528,2024-10-17,LAW401,Harvard,non-Stem,4.0,16999.0,63.02
140525184114192,2024-04-21,LAW401,Harvard,non-Stem,2.0,17718.0,72.86
140525184113808,2024-11-20,LAW401,Harvard,non-Stem,3.0,17762.0,64.2
140525184107728,2024-12-28,LAW401,Harvard,non-Stem,3.0,15331.0,83.92
140525184122640,2024-12-28,LAW501,Harvard,non-Stem,3.0,21367.0,74.24
140525184108816,2024-11-06,LAW601,Harvard,non-Stem,3.5576437831723657,26020.0,56.78
140525184107984,2024-08-04,LAW401,Harvard,non-Stem,4.0,16162.0,40.63
140525184120528,2024-12-30,LAW401,Harvard,non-Stem,4.0,15439.0,67.71
140525184116688,2024-12-02,LAW401,Harvard,non-Stem,1.0,15435.0,71.48
140525184109584,2024-08-12,LAW601,Harvard,non-Stem,2.0,25870.0,67.28
140525184113104,2024-12-28,LAW501,Harvard,non-Stem,2.0,21164.0,76.08
140525184110416,2024-06-14,LAW401,Harvard,non-Stem,2.0,15309.0,46.24
140525184116496,2024-08-25,LAW401,Harvard,non-Stem,4.0,19109.874457308248,69.93520170043416
140525184108112,2024-11-07,LAW501,Harvard,non-Stem,3.0,22446.0,70.9
140525184111248,2024-12-14,LAW401,Harvard,non-Stem,4.0,15469.0,44.47
140525184111888,2024-12-16,LAW501,Harvard,non-Stem,4.0,22113.0,45.71
140525184113296,2024-10-03,LAW501,Harvard,non-Stem,2.0,21614.0,55.42
140525184114576,2024-11-06,LAW501,Harvard,non-Stem,3.0,21358.0,56.88
140525184115344,2024-05-23,LAW401,Harvard,non-Stem,4.0,16076.0,57.1
140525184109648,2024-12-28,LAW501,Harvard,non-Stem,1.0,19109.874457308248,69.93520170043416
140525184106960,2024-04-22,LAW401,Harvard,non-Stem,5.0,16859.0,68.52
140525184106768,2024-06-21,LAW401,Harvard,non-Stem,3.0,17095.0,49.71
140525184121936,2024-05-20,LAW401,Harvard,non-Stem,5.0,16428.0,73.67
140525184119568,2024-11-07,LAW401,Harvard,non-Stem,2.0,16706.0,42.18
140525184111312,2024-08-10,LAW501,Harvard,non-Stem,3.0,20380.0,47.72
140525184109328,2024-12-11,LAW501,Harvard,non-Stem,2.0,22244.0,63.47
140525184108752,2024-12-02,LAW501,Harvard,non-Stem,2.0,22130.0,47.85
140525184110608,2024-12-21,LAW501,Harvard,non-Stem,1.0,21333.0,51.62
140525184112848,2024-09-22,LAW401,Harvard,non-Stem,5.0,16278.0,63.03
140525184111120,2024-11-19,LAW401,Harvard,non-Stem,3.0,15435.0,43.08
140525184115472,2024-11-04,LAW401,Harvard,non-Stem,1.0,15502.0,40.48
140525184121616,2024-09-27,LAW601,Harvard,non-Stem,2.0,26882.0,40.04
140525184114896,2024-07-07,LAW501,Harvard,non-Stem,1.0,21351.0,59.62
140525184112272,2024-10-30,LAW601,Harvard,non-Stem,4.0,27578.0,66.06
140525184113360,2024-10-30,LAW501,Harvard,non-Stem,2.0,21303.0,48.13
140525184112912,2024-12-17,LAW401,Harvard,non-Stem,4.0,18467.0,66.96
140525184120976,2024-06-12,LAW401,Harvard,non-Stem,2.0,15391.0,80.85
140525183834000,2024-11-18,LAW401,Harvard,non-Stem,3.0,16799.0,43.81
140525183842448,2024-06-20,LAW601,Harvard,non-Stem,4.0,27774.0,50.56
140525183833232,2024-06-07,LAW501,Harvard,non-Stem,2.0,21367.0,40.95
140525183831760,2024-11-18,LAW401,Harvard,non-Stem,5.0,15021.0,47.12
140525183842256,2024-12-11,LAW401,Harvard,non-Stem,4.0,18185.0,83.58
140525183828624,2024-05-16,LAW501,Harvard,non-Stem,3.0,21466.0,41.81
140525183830032,2024-08-01,LAW501,Harvard,non-Stem,5.0,24009.0,42.14
140525183834896,2024-12-05,LAW401,Harvard,non-Stem,4.0,15176.0,40.52
140525183841424,2024-07-25,LAW501,Harvard,non-Stem,3.0,20157.0,42.14
140525183830736,2024-12-28,LAW401,Harvard,non-Stem,3.0,15191.0,65.28
140525183842000,2024-06-01,LAW401,Harvard,non-Stem,2.0,16916.0,61.34
140525183833104,2024-11-27,LAW501,Harvard,non-Stem,2.0,20437.0,69.3
140525183842768,2024-06-27,LAW501,Harvard,non-Stem,4.0,20042.0,47.72
140525183831056,2024-08-04,LAW401,Harvard,non-Stem,3.0,16171.0,59.02
140525183835088,2024-11-07,LAW401,Harvard,non-Stem,3.0,15372.0,64.61
140525183843984,2024-12-01,LAW401,Harvard,non-Stem,5.0,15302.0,64.27
140525183840336,2024-07-14,LAW401,Harvard,non-Stem,3.0,17537.0,51.81
140525183834256,2024-12-07,LAW501,Harvard,non-Stem,2.0,20864.0,45.72
140525183844304,2024-10-17,LAW401,Harvard,non-Stem,4.0,16856.0,51.26
140525183829008,2024-06-15,LAW501,Harvard,non-Stem,2.0,21422.0,55.19
140525183840848,2024-10-12,LAW401,Harvard,non-Stem,3.0,15299.0,46.35
140525183829264,2024-06-02,LAW401,Harvard,non-Stem,5.0,15135.0,54.8
140525183842832,2024-11-03,LAW501,Harvard,non-Stem,3.0,21241.0,58.53
140525183840272,2024-09-06,LAW401,Harvard,non-Stem,4.0,17440.0,49.26
140525183828240,2024-12-24,LAW401,Harvard,non-Stem,4.0,16625.0,68.38
140525183837584,2024-10-30,LAW501,Harvard,non-Stem,2.0,21417.0,77.75
140525183832976,2024-12-01,LAW401,Harvard,non-Stem,4.0,16926.0,48.92
140525183834768,2024-04-15,LAW401,Harvard,non-Stem,2.0,15373.0,65.09
140525183840464,2024-09-18,LAW401,Harvard,non-Stem,3.0,19275.0,49.09
140525183835408,2024-10-04,LAW401,Harvard,non-Stem,3.0,15215.0,55.49
140525183839824,2024-10-11,LAW401,Harvard,non-Stem,2.0,16358.0,54.92
140525183833552,2024-12-24,LAW501,Harvard,non-Stem,4.0,21245.0,61.99
140525183842960,2024-10-27,LAW501,Harvard,non-Stem,4.0,20850.0,76.79
140525183832208,2024-11-06,LAW501,Harvard,non-Stem,3.0,19109.874457308248,69.93520170043416
140525183837136,2024-11-17,LAW501,Harvard,non-Stem,2.0,21637.0,52.46
140525183843728,2024-12-20,LAW501,Harvard,non-Stem,4.0,22730.0,44.93
140525183834832,2024-04-05,LAW501,Harvard,non-Stem,5.0,19109.874457308248,69.93520170043416
140525183830544,2024-12-03,LAW401,Harvard,non-Stem,2.0,15230.0,48.67
140525183838544,2024-09-02,LAW401,Harvard,non-Stem,3.0,15609.0,61.44
140525183843472,2024-11-06,LAW401,Harvard,non-Stem,2.0,16149.0,80.02
140525183839888,2024-11-13,LAW501,Harvard,non-Stem,4.0,20670.0,46.54
140525183832080,2024-08-16,LAW501,Harvard,non-Stem,3.0,20895.0,60.32
140525183837008,2024-12-18,LAW401,Harvard,non-Stem,1.0,17249.0,46.98
140525183832720,2024-11-17,LAW401,Harvard,non-Stem,3.0,15756.0,74.37
140525183829776,2024-05-06,LAW401,Harvard,non-Stem,2.0,19109.874457308248,69.93520170043416
140525183832336,2024-11-13,LAW601,Harvard,non-Stem,4.0,26260.0,44.05
140525183828688,2024-11-09,LAW401,Harvard,non-Stem,1.0,16436.0,47.02
140525183836752,2024-12-20,LAW501,Harvard,non-Stem,5.0,20718.0,58.14
140525183830992,2024-08-27,LAW401,Harvard,non-Stem,2.0,15161.0,55.69
140525183830480,2024-05-23,LAW401,Harvard,non-Stem,1.0,15982.0,65.71
140525183840016,2024-10-11,LAW401,Harvard,non-Stem,4.0,15259.0,46.98
140525183839760,2024-11-23,LAW501,Harvard,non-Stem,3.0,22870.0,51.14
140525183829904,2024-10-02,LAW401,Harvard,non-Stem,4.0,19109.874457308248,69.93520170043416
140525183835152,2024-08-25,LAW501,Harvard,non-Stem,3.0,20076.0,50.5
140525183830224,2024-11-17,LAW401,Harvard,non-Stem,3.0,16471.0,55.35
140525183832272,2024-09-10,LAW501,Harvard,non-Stem,4.0,22659.0,69.71
140525183839120,2024-12-03,LAW401,Harvard,non-Stem,4.0,16103.0,46.66
140525183841040,2024-09-10,LAW401,Harvard,non-Stem,2.0,17004.0,60.89
140525183838608,2024-11-14,LAW401,Harvard,non-Stem,2.0,17369.0,47.93
140525183839056,2024-10-28,LAW501,Harvard,non-Stem,3.0,20375.0,52.31
140525183832016,2024-12-08,LAW601,Harvard,non-Stem,2.0,19109.874457308248,69.93520170043416
140525183837072,2024-09-25,LAW501,Harvard,non-Stem,4.0,19109.874457308248,69.93520170043416
140525183830928,2024-10-23,LAW501,Harvard,non-Stem,3.0,22927.0,48.98
140525183833616,2024-08-20,LAW401,Harvard,non-Stem,2.0,18739.0,43.65
140525183843344,2024-11-02,LAW501,Harvard,non-Stem,5.0,21199.0,74.69
140525183837776,2024-11-04,LAW601,Harvard,non-Stem,2.0,27650.0,44.93
140525183835664,2024-11-07,LAW401,Harvard,non-Stem,3.0,15125.0,44.73
140525183835792,2024-11-28,LAW401,Harvard,non-Stem,3.0,15118.0,47.17
140525183837648,2024-11-30,LAW501,Harvard,non-Stem,5.0,22720.0,49.36
140525183843280,2024-12-24,LAW601,Harvard,non-Stem,3.0,19109.874457308248,69.93520170043416
140525183831952,2024-10-13,LAW501,Harvard,non-Stem,4.0,20558.0,75.39
140525183835280,2024-12-28,LAW501,Harvard,non-Stem,3.0,21428.0,57.69
140525183844112,2024-09-26,LAW501,Harvard,non-Stem,2.0,20269.0,45.55
140525183836880,2024-12-16,LAW501,Harvard,non-Stem,4.0,20728.0,55.93
140525183839248,2024-10-14,LAW401,Harvard,non-Stem,1.0,17135.0,45.55
140525183828176,2024-09-03,LAW401,Harvard,non-Stem,1.0,15984.0,56.59
140525183831568,2024-12-28,LAW501,Harvard,non-Stem,2.0,20791.0,74.33
140525183843792,2024-09-14,LAW501,Harvard,non-Stem,2.0,20927.0,43.4
140525183843088,2024-11-29,LAW401,Harvard,non-Stem,4.0,16414.0,43.56
140525183840592,2024-09-17,LAW501,Harvard,non-Stem,4.0,20482.0,48.19
140525183840720,2024-08-27,LAW401,Harvard,non-Stem,3.5576437831723657,15029.0,67.71
140525183828304,2024-08-11,LAW501,Harvard,non-Stem,3.0,22700.0,66.81
140525183836048,2024-12-07,LAW401,Harvard,non-Stem,3.0,15502.0,42.77
140525183836816,2024-11-21,LAW401,Harvard,non-Stem,3.0,17182.0,55.04
140525183838416,2024-07-30,LAW401,Harvard,non-Stem,2.0,17157.0,47.93
140525183836112,2024-12-05,LAW501,Harvard,non-Stem,4.0,20337.0,46.56
140525183828880,2024-09-30,LAW501,Harvard,non-Stem,4.0,21976.0,41.71
140525183842576,2024-11-28,LAW501,Harvard,non-Stem,4.0,20183.0,69.61
140525183841680,2024-10-31,LAW501,Harvard,non-Stem,1.0,20323.0,45.18
140525183829136,2024-12-20,LAW501,Harvard,non-Stem,3.0,20648.0,71.94
140525183838800,2024-08-29,LAW501,Harvard,non-Stem,2.0,21273.0,68.69
140525183830416,2024-12-15,LAW401,Harvard,non-Stem,2.0,19109.874457308248,69.93520170043416
140525183828048,2024-04-19,LAW401,Harvard,non-Stem,1.0,15097.0,58.93
140525180444816,2024-07-11,LAW501,Harvard,non-Stem,2.0,22379.0,55.42
140525180451408,2024-10-13,LAW501,Harvard,non-Stem,2.0,21379.0,46.46
140525180442384,2024-02-13,LAW401,Harvard,non-Stem,5.0,18087.0,46.64
140525180448976,2024-12-28,LAW501,Harvard,non-Stem,1.0,20604.0,48.54
140525180444880,2024-08-04,LAW401,Harvard,non-Stem,3.0,17626.0,44.32
140525180446416,2024-11-15,LAW501,Harvard,non-Stem,5.0,19109.874457308248,69.93520170043416
140525180438800,2024-12-28,LAW401,Harvard,non-Stem,3.0,17037.0,78.61
140525180443536,2024-11-12,LAW601,Harvard,non-Stem,3.0,26152.0,54.85
140525180447824,2024-09-14,LAW501,Harvard,non-Stem,3.0,21460.0,46.06
140525180436880,2024-11-16,LAW401,Harvard,non-Stem,3.0,19109.874457308248,69.93520170043416
140525180436624,2024-04-25,LAW401,Harvard,non-Stem,3.0,15408.0,50.94
140525180437968,2024-12-27,LAW601,Harvard,non-Stem,3.5576437831723657,27183.0,55.49
140525180450384,2024-12-18,LAW501,Harvard,non-Stem,2.0,20763.0,61.86
140525180449744,2024-09-17,LAW501,Harvard,non-Stem,2.0,22727.0,79.77
140525180445456,2024-12-17,LAW401,Harvard,non-Stem,3.0,15327.0,47.29
140525180449552,2024-08-17,LAW501,Harvard,non-Stem,2.0,21414.0,45.63
140525180440912,2024-09-08,LAW501,Harvard,non-Stem,1.0,19109.874457308248,69.93520170043416
140525180440272,2024-04-28,LAW401,Harvard,non-Stem,2.0,15598.0,58.2
140525180440144,2024-12-25,LAW401,Harvard,non-Stem,4.0,16595.0,46.22
140525180451792,2024-11-23,LAW401,Harvard,non-Stem,2.0,16568.0,59.65
140525180437584,2024-10-14,LAW501,Harvard,non-Stem,2.0,21223.0,48.07
140525180450832,2024-11-28,LAW401,Harvard,non-Stem,3.0,17527.0,57.35
140525180442640,2024-12-28,LAW401,Harvard,non-Stem,3.0,15823.0,47.67
140525180447760,2024-11-14,LAW501,Harvard,non-Stem,3.0,19109.874457308248,69.93520170043416
140525180442128,2024-08-01,LAW401,Harvard,non-Stem,4.0,15691.0,58.36
140525180440656,2024-11-01,LAW501,Harvard,non-Stem,4.0,21844.0,43.39
140525180447696,2024-12-21,LAW501,Harvard,non-Stem,4.0,20239.0,77.13
140525180444944,2024-12-15,LAW401,Harvard,non-Stem,3.0,15913.0,79.09
140525180441040,2024-07-14,LAW401,Harvard,non-Stem,5.0,15416.0,57.17
140525180445136,2024-12-12,LAW401,Harvard,non-Stem,2.0,15685.0,48.89
140525180442000,2024-10-19,LAW401,Harvard,non-Stem,4.0,15880.0,56.49
140525180446096,2024-12-08,LAW401,Harvard,non-Stem,2.0,15373.0,60.09
140525180451472,2024-08-24,LAW501,Harvard,non-Stem,4.0,21398.0,64.87
140525180446608,2024-12-28,LAW401,Harvard,non-Stem,3.0,15898.0,80.0
140525180444688,2024-12-28,LAW501,Harvard,non-Stem,3.0,21618.0,45.66
140525180443024,2024-09-09,LAW401,Harvard,non-Stem,2.0,16279.0,46.78
140525180440976,2024-09-16,LAW401,Harvard,non-Stem,2.0,17498.0,49.66
140525180450448,2024-07-28,LAW401,Harvard,non-Stem,3.0,15235.0,63.4
140525180451728,2024-10-05,LAW401,Harvard,non-Stem,2.0,16141.0,48.23
140525180438544,2024-12-06,LAW501,Harvard,non-Stem,3.0,19109.874457308248,69.93520170043416
140525180449872,2024-10-09,LAW501,Harvard,non-Stem,2.0,19109.874457308248,69.93520170043416
140525180442064,2024-10-06,LAW401,Harvard,non-Stem,4.0,15156.0,59.28
140525180442960,2024-10-02,LAW501,Harvard,non-Stem,3.0,21014.0,71.2
140525180437328,2024-10-14,LAW601,Harvard,non-Stem,2.0,26773.0,51.58
140525180451920,2024-10-28,LAW501,Harvard,non-Stem,3.0,20540.0,58.64
140525180440848,2024-05-14,LAW401,Harvard,non-Stem,2.0,15277.0,52.57
140525180443792,2024-10-19,LAW401,Harvard,non-Stem,4.0,19109.874457308248,69.93520170043416
140525180444048,2024-11-05,LAW401,Harvard,non-Stem,3.0,19109.874457308248,69.93520170043416
140525180439248,2024-12-09,LAW401,Harvard,non-Stem,4.0,15219.0,45.25
140525180445072,2024-10-08,LAW401,Harvard,non-Stem,2.0,15020.0,46.21
140525180446736,2024-07-21,LAW401,Harvard,non-Stem,1.0,15038.0,60.48
140525180443600,2024-12-21,LAW501,Harvard,non-Stem,3.0,20765.0,42.39
140525180448720,2024-12-28,LAW401,Harvard,non-Stem,3.0,15448.0,44.04
140525180445712,2024-06-19,LAW501,Harvard,non-Stem,3.0,20414.0,46.55
140525180438992,2024-08-27,LAW401,Harvard,non-Stem,4.0,17961.0,77.57
140525180443408,2024-11-29,LAW401,Harvard,non-Stem,2.0,19109.874457308248,69.93520170043416
140525180438160,2024-10-27,LAW601,Harvard,non-Stem,2.0,25781.0,43.7
140525180448528,2024-11-05,LAW401,Harvard,non-Stem,4.0,15760.0,64.03
140525180444112,2024-12-29,LAW401,Harvard,non-Stem,4.0,15883.0,45.24
140525180449232,2024-07-10,LAW501,Harvard,non-Stem,2.0,20989.0,53.02
140525180451664,2024-11-17,LAW501,Harvard,non-Stem,2.0,20633.0,69.12
140525180439952,2024-12-21,LAW501,Harvard,non-Stem,3.0,20024.0,51.43
140525180446800,2024-11-18,LAW501,Harvard,non-Stem,3.0,22587.0,47.5
140525180448656,2024-12-13,LAW501,Harvard,non-Stem,4.0,21566.0,42.66
140525180441680,2024-03-23,LAW501,Harvard,non-Stem,5.0,20914.0,53.95
140525180438608,2024-10-01,LAW401,Harvard,non-Stem,3.5576437831723657,19109.874457308248,69.93520170043416
140525180444176,2024-11-14,LAW501,Harvard,non-Stem,3.5576437831723657,20979.0,55.01
140525180446992,2024-12-28,LAW401,Harvard,non-Stem,4.0,15113.0,56.89
140525180442320,2024-08-26,LAW501,Harvard,non-Stem,2.0,23253.0,55.04
140525180443984,2024-05-20,LAW501,Harvard,non-Stem,4.0,20502.0,45.66
140525180439568,2024-11-27,LAW501,Harvard,non-Stem,4.0,20303.0,51.02
140525180437520,2024-07-24,LAW401,Harvard,non-Stem,1.0,16001.0,42.15
140525180450768,2024-12-27,LAW401,Harvard,non-Stem,4.0,15653.0,42.76
140525180440592,2024-11-24,LAW501,Harvard,non-Stem,3.0,22137.0,47.27
140525180441296,2024-09-19,LAW501,Harvard,non-Stem,1.0,22223.0,46.05
140525180440080,2024-11-24,LAW501,Harvard,non-Stem,3.0,20987.0,56.65
140525180450704,2024-07-10,LAW601,Harvard,non-Stem,2.0,27861.0,40.18
140525180451344,2024-11-11,LAW401,Harvard,non-Stem,5.0,17476.0,43.62
140525180438736,2024-09-17,LAW501,Harvard,non-Stem,4.0,21636.0,54.22
140525180446160,2024-04-23,LAW601,Harvard,non-Stem,1.0,25823.0,46.72
140525180438096,2024-11-03,LAW601,Harvard,non-Stem,3.0,26518.0,43.35
140525180446928,2024-10-09,LAW401,Harvard,non-Stem,2.0,16464.0,53.16
140525180452176,2024-09-12,LAW401,Harvard,non-Stem,4.0,17746.0,41.89
140525180444560,2024-08-24,LAW401,Harvard,non-Stem,3.0,17127.0,56.66
140525180446224,2024-12-10,LAW501,Harvard,non-Stem,3.0,20699.0,74.3
140525180452240,2024-06-07,LAW401,Harvard,non-Stem,1.0,15515.0,46.96
140525180436816,2024-12-25,LAW401,Harvard,non-Stem,5.0,17666.0,74.86
140525180444432,2024-07-27,LAW501,Harvard,non-Stem,3.0,21086.0,58.49
140525180439632,2024-09-02,LAW501,Harvard,non-Stem,4.0,22783.0,46.9
140525180439056,2024-09-29,LAW401,Harvard,non-Stem,3.0,17226.0,76.8
140525180438864,2024-09-11,LAW501,Harvard,non-Stem,2.0,20098.0,73.76
140525180452624,2024-04-02,LAW401,Harvard,non-Stem,4.0,15157.0,44.69
140525180437008,2024-12-22,LAW401,Harvard,non-Stem,3.0,19109.874457308248,69.93520170043416
140525180451984,2024-12-02,LAW401,Harvard,non-Stem,4.0,19109.874457308248,69.93520170043416
140525180452688,2024-12-24,LAW501,Harvard,non-Stem,3.0,20457.0,62.23
140525180437200,2024-10-22,LAW501,Harvard,non-Stem,2.0,20046.0,70.61
140525180449040,2024-12-22,LAW401,Harvard,non-Stem,1.0,15220.0,45.25
140525180440400,2024-07-14,LAW401,Harvard,non-Stem,2.0,15498.0,41.94
140525180438352,2024-10-12,LAW501,Harvard,non-Stem,3.0,20213.0,44.42
140525180441104,2024-12-07,LAW401,Harvard,non-Stem,3.0,15693.0,51.98
140525180451856,2024-12-05,LAW401,Harvard,non-Stem,2.0,19109.874457308248,69.93520170043416
140525180445328,2024-05-17,LAW501,Harvard,non-Stem,3.0,20635.0,53.8
140525180451152,2024-12-19,LAW501,Harvard,non-Stem,1.0,23307.0,52.23
140525180445200,2024-12-24,LAW401,Harvard,non-Stem,4.0,15315.0,42.22
140525180443856,2024-10-21,LAW401,Harvard,non-Stem,4.0,16704.0,59.3
140525180449424,2024-07-31,LAW401,Harvard,non-Stem,5.0,15568.0,67.95
140525180447440,2024-11-13,LAW401,Harvard,non-Stem,3.0,16484.0,60.29
140525180439120,2024-04-16,LAW501,Harvard,non-Stem,4.0,22590.0,43.75
140525137840336,2024-10-26,LAW401,Harvard,non-Stem,2.0,15093.0,55.79
140525137840848,2024-12-27,LAW601,Harvard,non-Stem,1.0,27286.0,49.03
140525137844624,2024-12-14,LAW401,Harvard,non-Stem,2.0,15203.0,54.52
140525137849680,2024-12-07,LAW501,Harvard,non-Stem,2.0,20727.0,42.6
140525137839568,2024-11-07,LAW501,Harvard,non-Stem,3.0,19109.874457308248,69.93520170043416
140525137842064,2024-07-04,LAW501,Harvard,non-Stem,3.0,20509.0,48.34
140525137840080,2024-12-03,LAW501,Harvard,non-Stem,4.0,20285.0,78.91
140525137852624,2024-12-17,LAW401,Harvard,non-Stem,3.0,16662.0,47.54
140525137851920,2024-08-30,LAW501,Harvard,non-Stem,3.0,20868.0,63.69
140525137839120,2024-11-29,LAW501,Harvard,non-Stem,2.0,20059.0,49.98
140525137838608,2024-11-09,LAW401,Harvard,non-Stem,4.0,16006.0,55.93
140525137847888,2024-06-18,LAW401,Harvard,non-Stem,3.0,19109.874457308248,69.93520170043416
140525137850896,2024-07-24,LAW501,Harvard,non-Stem,1.0,20865.0,51.04
140525137839376,2024-09-19,LAW401,Harvard,non-Stem,3.0,17817.0,48.15
140525137838352,2024-12-28,LAW501,Harvard,non-Stem,2.0,20722.0,52.98
140525137854416,2024-11-23,LAW501,Harvard,non-Stem,3.0,19109.874457308248,69.93520170043416
140525137842320,2024-10-20,LAW601,Harvard,non-Stem,4.0,19109.874457308248,69.93520170043416
140525137850640,2024-11-07,LAW401,Harvard,non-Stem,3.0,17120.0,40.86
140525137845840,2024-08-08,LAW501,Harvard,non-Stem,4.0,21035.0,57.65
140525137843856,2024-12-28,LAW501,Harvard,non-Stem,4.0,20119.0,61.11
140525137853648,2024-11-10,LAW601,Harvard,non-Stem,3.0,26289.0,55.95
140525137853904,2024-11-25,LAW401,Harvard,non-Stem,3.0,17501.0,52.76
140525137844368,2024-12-28,LAW501,Harvard,non-Stem,2.0,21907.0,41.01
140525137852880,2024-07-02,LAW401,Harvard,non-Stem,3.0,16566.0,57.81
140525137842576,2024-09-26,LAW401,Harvard,non-Stem,3.0,16722.0,48.13
140525137838864,2024-09-04,LAW501,Harvard,non-Stem,4.0,20186.0,59.97
140525137846352,2024-06-16,LAW501,Harvard,non-Stem,2.0,22095.0,59.33
140525137841360,2024-07-03,LAW401,Harvard,non-Stem,3.5576437831723657,18448.0,41.15
140525137843600,2024-10-14,LAW401,Harvard,non-Stem,3.0,15253.0,53.8
140525137848400,2024-10-22,LAW401,Harvard,non-Stem,3.0,15552.0,53.73
140525137851664,2024-08-20,LAW501,Harvard,non-Stem,2.0,22222.0,64.83
140525137843344,2024-12-14,LAW401,Harvard,non-Stem,4.0,18747.0,48.38
140525185604176,2024-10-20,LAW501,Harvard,non-Stem,1.0,21647.0,70.61
140525185609040,2024-08-07,LAW501,Harvard,non-Stem,2.0,22598.0,51.8
140525185609936,2024-11-19,LAW401,Harvard,non-Stem,2.0,16080.0,43.04
140525185604624,2024-08-15,LAW401,Harvard,non-Stem,2.0,16220.0,41.69
140525185605712,2024-05-31,LAW501,Harvard,non-Stem,3.0,23741.0,44.81
140525185608272,2024-12-24,LAW501,Harvard,non-Stem,3.0,21173.0,50.69
140525185613520,2024-10-30,LAW501,Harvard,non-Stem,2.0,20308.0,62.12
140525185603280,2024-12-19,LAW501,Harvard,non-Stem,4.0,20139.0,40.57
140525185600208,2024-12-25,LAW401,Harvard,non-Stem,3.0,16465.0,60.21
140525185598928,2024-07-13,LAW401,Harvard,non-Stem,2.0,15205.0,57.61
140525185605136,2024-12-05,LAW401,Harvard,non-Stem,2.0,19109.874457308248,69.93520170043416
140525185613584,2024-12-26,LAW401,Harvard,non-Stem,3.0,17100.0,46.24
140525185606096,2024-09-27,LAW401,Harvard,non-Stem,3.5576437831723657,15033.0,58.48
140525185610704,2024-11-07,LAW501,Harvard,non-Stem,3.0,20792.0,71.78
140525185611984,2024-09-23,LAW501,Harvard,non-Stem,2.0,20566.0,55.07
140525185604560,2024-03-14,LAW501,Harvard,non-Stem,3.5576437831723657,22618.0,48.79
140525185609424,2024-09-30,LAW401,Harvard,non-Stem,4.0,15453.0,47.19
140525185606992,2024-12-28,LAW501,Harvard,non-Stem,5.0,22968.0,54.66
140525185601488,2024-12-20,LAW501,Harvard,non-Stem,2.0,20712.0,40.29
140525185609552,2024-11-24,LAW501,Harvard,non-Stem,3.0,21882.0,66.78
140525185601616,2024-10-22,LAW501,Harvard,non-Stem,2.0,20913.0,41.22
140525185598480,2024-10-03,LAW401,Harvard,non-Stem,1.0,15517.0,56.21
140525185609744,2024-12-25,LAW501,Harvard,non-Stem,4.0,22639.0,68.57
140525185605904,2024-12-04,LAW401,Harvard,non-Stem,4.0,15857.0,40.15
140525185604368,2024-04-29,LAW501,Harvard,non-Stem,5.0,22425.0,59.39
140525185598224,2024-12-26,LAW401,Harvard,non-Stem,1.0,15046.0,41.67
140525185601360,2024-09-05,LAW401,Harvard,non-Stem,2.0,15593.0,43.0
140525185600976,2024-02-28,LAW601,Harvard,non-Stem,3.0,26507.0,40.1
140525185602576,2024-12-27,LAW501,Harvard,non-Stem,2.0,20591.0,67.66
140525185611536,2024-12-28,LAW501,Harvard,non-Stem,3.0,19109.874457308248,69.93520170043416
140525185606736,2024-12-08,LAW501,Harvard,non-Stem,2.0,21766.0,49.76
140525185609168,2024-11-07,LAW501,Harvard,non-Stem,4.0,19109.874457308248,69.93520170043416
140525185599568,2024-12-28,LAW401,Harvard,non-Stem,3.0,16364.0,66.11
140525185612560,2024-10-07,LAW501,Harvard,non-Stem,5.0,20904.0,47.42
140525185608976,2024-10-02,LAW401,Harvard,non-Stem,2.0,16433.0,47.85
140525185609680,2024-07-08,LAW401,Harvard,non-Stem,2.0,15637.0,73.52
140525185604944,2024-08-05,LAW501,Harvard,non-Stem,3.0,19109.874457308248,69.93520170043416
140525185598864,2024-12-18,LAW401,Harvard,non-Stem,2.0,19109.874457308248,69.93520170043416
140525185600272,2024-10-22,LAW401,Harvard,non-Stem,2.0,17289.0,44.91
140525185603664,2024-10-22,LAW501,Harvard,non-Stem,4.0,20533.0,40.17
140525185600592,2024-09-01,LAW401,Harvard,non-Stem,5.0,15352.0,61.56
140525185610832,2024-11-28,LAW601,Harvard,non-Stem,4.0,26215.0,55.31
140525185597904,2024-08-21,LAW401,Harvard,non-Stem,3.0,15196.0,50.01
140525185612368,2024-07-07,LAW501,Harvard,non-Stem,2.0,22147.0,44.18
140525185605200,2024-07-02,LAW501,Harvard,non-Stem,5.0,21248.0,59.51
140525185600528,2024-08-09,LAW501,Harvard,non-Stem,3.5576437831723657,20646.0,48.01
140525185602832,2024-12-27,LAW401,Harvard,non-Stem,3.0,19109.874457308248,69.93520170043416
140525185606480,2024-12-26,LAW501,Harvard,non-Stem,3.0,21734.0,60.4
140525185610000,2024-12-21,LAW401,Harvard,non-Stem,3.5576437831723657,15688.0,55.26
140525185612304,2024-11-11,LAW601,Harvard,non-Stem,3.0,25653.0,67.83
140525185599184,2024-10-30,LAW501,Harvard,non-Stem,2.0,22589.0,47.98
140525185606416,2024-11-23,LAW501,Harvard,non-Stem,2.0,19109.874457308248,69.93520170043416
140525185611344,2024-10-30,LAW501,Harvard,non-Stem,2.0,20200.0,66.82
140525185602128,2024-09-13,LAW501,Harvard,non-Stem,3.0,20120.0,48.14
140525185612624,2024-11-11,LAW601,Harvard,non-Stem,2.0,26745.0,74.76
140525185601040,2024-07-03,LAW401,Harvard,non-Stem,4.0,15156.0,48.87
140525185605648,2024-05-19,LAW501,Harvard,non-Stem,3.5576437831723657,20297.0,63.85
140525185602768,2024-10-30,LAW601,Harvard,non-Stem,3.0,26481.0,50.94
140525185602896,2024-08-21,LAW501,Harvard,non-Stem,3.0,20893.0,51.33
140525185608144,2024-08-14,LAW401,Harvard,non-Stem,4.0,15830.0,55.59
140525185601872,2024-11-29,LAW401,Harvard,non-Stem,4.0,15524.0,52.68
140525185602640,2024-10-13,LAW401,Harvard,non-Stem,2.0,16742.0,58.85
140525185610320,2024-08-25,LAW601,Harvard,non-Stem,4.0,25603.0,64.2
140525185605328,2024-10-30,LAW401,Harvard,non-Stem,4.0,17357.0,40.0
140525185604688,2024-09-22,LAW401,Harvard,non-Stem,3.0,15079.0,51.32
140525185612496,2024-04-23,LAW501,Harvard,non-Stem,3.0,19109.874457308248,69.93520170043416
140525185599248,2024-11-28,LAW401,Harvard,non-Stem,4.0,16105.0,63.91
140525185609232,2024-09-18,LAW501,Harvard,non-Stem,3.0,22407.0,46.68
140525185611280,2024-04-26,LAW401,Harvard,non-Stem,3.0,15769.0,46.78
140525185612240,2024-10-26,LAW501,Harvard,non-Stem,4.0,23946.0,40.81
140525185607376,2024-12-08,LAW401,Harvard,non-Stem,3.5576437831723657,16914.0,40.23
140525185600784,2024-03-30,LAW401,Harvard,non-Stem,3.0,15362.0,51.67
140525185610960,2024-11-23,LAW501,Harvard,non-Stem,1.0,19109.874457308248,69.93520170043416
140525185609488,2024-12-19,LAW401,Harvard,non-Stem,4.0,17614.0,55.46
140525185606224,2024-12-09,LAW501,Harvard,non-Stem,1.0,20008.0,57.91
140525185613648,2024-12-20,LAW401,Harvard,non-Stem,4.0,16321.0,48.53
140525185612688,2024-06-20,LAW401,Harvard,non-Stem,4.0,15781.0,47.42
140525179142992,2024-09-02,LAW401,Harvard,non-Stem,2.0,15937.0,56.65
140525179149072,2024-12-16,LAW501,Harvard,non-Stem,4.0,21593.0,49.7
140525179150288,2024-12-06,LAW401,Harvard,non-Stem,3.0,15065.0,65.94
140525179154896,2024-10-15,LAW501,Harvard,non-Stem,5.0,20002.0,40.06
140525179156112,2024-10-26,LAW501,Harvard,non-Stem,3.0,22289.0,73.32
140525179144720,2024-07-18,LAW501,Harvard,non-Stem,2.0,22847.0,64.15
140525179147408,2024-08-03,LAW401,Harvard,non-Stem,4.0,18607.0,45.17
140525179148304,2024-12-18,LAW501,Harvard,non-Stem,2.0,23295.0,52.8
140525179158160,2024-10-07,LAW501,Harvard,non-Stem,3.0,20886.0,42.88
140525179157968,2024-08-03,LAW501,Harvard,non-Stem,3.0,20350.0,69.46
140525179143312,2024-08-08,LAW401,Harvard,non-Stem,4.0,16288.0,43.35
140525179152144,2024-03-03,LAW401,Harvard,non-Stem,2.0,15694.0,48.45
140525179149008,2024-05-12,LAW501,Harvard,non-Stem,2.0,19109.874457308248,69.93520170043416
140525179149328,2024-12-22,LAW401,Harvard,non-Stem,4.0,17522.0,40.43
140525179146704,2024-09-08,LAW501,Harvard,non-Stem,2.0,23548.0,65.53
140525179146000,2024-12-20,LAW401,Harvard,non-Stem,4.0,17987.0,44.64
140525179150608,2024-11-29,LAW401,Harvard,non-Stem,1.0,19109.874457308248,69.93520170043416
140525179143888,2024-07-19,LAW401,Harvard,non-Stem,1.0,15508.0,43.25
140525179146640,2024-11-26,LAW401,Harvard,non-Stem,4.0,15749.0,58.19
140525179143248,2024-09-20,LAW401,Harvard,non-Stem,3.0,15528.0,50.86
140525179148688,2024-07-29,LAW401,Harvard,non-Stem,2.0,15204.0,54.3
140525179151376,2024-09-03,LAW501,Harvard,non-Stem,4.0,20106.0,53.2
140525179154128,2024-06-28,LAW501,Harvard,non-Stem,4.0,19109.874457308248,69.93520170043416
140525179142736,2024-12-18,LAW501,Harvard,non-Stem,2.0,20435.0,53.19
140525179152528,2024-05-21,LAW401,Harvard,non-Stem,4.0,15220.0,52.97
140525179144784,2024-12-14,LAW501,Harvard,non-Stem,3.0,22088.0,76.34
140525179144528,2024-08-24,LAW401,Harvard,non-Stem,3.0,16458.0,48.08
140525179146896,2024-03-25,LAW501,Harvard,non-Stem,4.0,20548.0,72.53
140525179153168,2024-12-03,LAW501,Harvard,non-Stem,3.0,22333.0,47.36
140525179154320,2024-07-02,LAW401,Harvard,non-Stem,4.0,16277.0,59.09
140525179148816,2024-11-26,LAW401,Harvard,non-Stem,2.0,16359.0,41.47
140525179147280,2024-11-25,LAW401,Harvard,non-Stem,2.0,15763.0,42.28
140525179144400,2024-09-16,LAW501,Harvard,non-Stem,5.0,19109.874457308248,69.93520170043416
140525179155536,2024-12-23,LAW501,Harvard,non-Stem,3.0,19109.874457308248,69.93520170043416
140525179145744,2024-06-11,LAW401,Harvard,non-Stem,4.0,16619.0,43.96
140525179155088,2024-07-20,LAW501,Harvard,non-Stem,5.0,20307.0,44.59
140525179145040,2024-08-14,LAW501,Harvard,non-Stem,4.0,21165.0,59.07
140525179156432,2024-12-11,LAW501,Harvard,non-Stem,2.0,19109.874457308248,69.93520170043416
140525179149392,2024-12-15,LAW501,Harvard,non-Stem,4.0,19109.874457308248,69.93520170043416
140525179148048,2024-03-23,LAW501,Harvard,non-Stem,2.0,21745.0,51.85
140525179148176,2024-11-22,LAW601,Harvard,non-Stem,3.0,27516.0,40.36
140525179151120,2024-12-24,LAW501,Harvard,non-Stem,2.0,20337.0,68.64
140525179147664,2024-05-05,LAW501,Harvard,non-Stem,4.0,20277.0,92.81
140525179157584,2024-12-19,LAW401,Harvard,non-Stem,2.0,16150.0,41.63
140525179147728,2024-07-18,LAW501,Harvard,non-Stem,4.0,21203.0,43.38
140525179153808,2024-03-11,LAW401,Harvard,non-Stem,3.0,19109.874457308248,69.93520170043416
140525179152464,2024-12-28,LAW401,Harvard,non-Stem,4.0,19109.874457308248,69.93520170043416
140525179150352,2024-11-13,LAW501,Harvard,non-Stem,2.0,22658.0,44.27
140525179154640,2024-04-17,LAW501,Harvard,non-Stem,1.0,23305.0,42.41
140525179147984,2024-08-11,LAW401,Harvard,non-Stem,4.0,17625.0,48.42
140525179157648,2024-11-04,LAW401,Harvard,non-Stem,3.0,16427.0,44.18
140525179153104,2024-10-26,LAW501,Harvard,non-Stem,4.0,20980.0,45.17
140525179149456,2024-07-16,LAW401,Harvard,non-Stem,1.0,15202.0,60.86
140525179147024,2024-12-09,LAW501,Harvard,non-Stem,4.0,20306.0,44.86
140525179148432,2024-12-01,LAW401,Harvard,non-Stem,2.0,15043.0,52.49
140525179144016,2024-12-03,LAW401,Harvard,non-Stem,3.0,16913.0,63.69
140525179151248,2024-12-28,LAW501,Harvard,non-Stem,4.0,20468.0,45.22
140525179145808,2024-09-08,LAW401,Harvard,non-Stem,2.0,18212.0,62.04
140525179142608,2024-09-09,LAW401,Harvard,non-Stem,2.0,17751.0,40.96
140525179155664,2024-11-20,LAW501,Harvard,non-Stem,1.0,20041.0,41.37
140525179147792,2024-12-17,LAW501,Harvard,non-Stem,5.0,21159.0,53.61
140525179149200,2024-10-02,LAW401,Harvard,non-Stem,2.0,17018.0,47.89
140525179142288,2024-05-12,LAW501,Harvard,non-Stem,2.0,20742.0,53.17
140525179157520,2024-09-03,LAW501,Harvard,non-Stem,3.0,20533.0,55.59
140525179147920,2024-06-09,LAW501,Harvard,non-Stem,3.0,21847.0,56.25
140525179148240,2024-11-23,LAW401,Harvard,non-Stem,5.0,15766.0,71.85
140525179149520,2024-12-27,LAW401,Harvard,non-Stem,3.0,16321.0,42.65
140525179153040,2024-11-16,LAW401,Harvard,non-Stem,4.0,15103.0,41.32
140525179156240,2024-12-20,LAW601,Harvard,non-Stem,2.0,25910.0,46.41
140525179156688,2024-04-26,LAW501,Harvard,non-Stem,5.0,21006.0,45.22
140525179158480,2024-12-06,LAW501,Harvard,non-Stem,4.0,20148.0,40.64
140525179145936,2024-10-21,LAW401,Harvard,non-Stem,2.0,19109.874457308248,69.93520170043416
140525179149584,2024-09-17,LAW401,Harvard,non-Stem,5.0,18764.0,61.44
140525179143376,2024-12-01,LAW401,Harvard,non-Stem,4.0,15272.0,45.78
140525179147536,2024-09-12,LAW501,Harvard,non-Stem,4.0,21791.0,84.36
140525179156560,2024-04-26,LAW501,Harvard,non-Stem,5.0,20499.0,42.03
140525179142416,2024-11-14,LAW401,Harvard,non-Stem,2.0,16009.0,41.3
140525179145488,2024-09-14,LAW501,Harvard,non-Stem,3.0,19109.874457308248,69.93520170043416
140525179144208,2024-12-02,LAW501,Harvard,non-Stem,3.0,19109.874457308248,69.93520170043416
140525179145680,2024-04-22,LAW401,Harvard,non-Stem,3.0,19109.874457308248,69.93520170043416
140525179156880,2024-12-30,LAW501,Harvard,non-Stem,2.0,22559.0,67.79
140525179154512,2024-10-04,LAW401,Harvard,non-Stem,2.0,15488.0,44.86
140525179143952,2024-12-28,LAW501,Harvard,non-Stem,2.0,20489.0,40.12
140525179150416,2024-11-02,LAW401,Harvard,non-Stem,1.0,17445.0,42.08
140525179151504,2024-10-10,LAW501,Harvard,non-Stem,3.0,20758.0,64.14
140525179150096,2024-09-11,LAW501,Harvard,non-Stem,2.0,21572.0,40.65
140525179151824,2024-12-16,LAW501,Harvard,non-Stem,4.0,20750.0,56.1
140525179150224,2024-09-24,LAW401,Harvard,non-Stem,3.0,16477.0,44.78
140525179152400,2024-10-30,LAW401,Harvard,non-Stem,5.0,16680.0,48.19
140525179154384,2024-12-19,LAW601,Harvard,non-Stem,2.0,25632.0,52.7
140525179156624,2024-09-04,LAW501,Harvard,non-Stem,3.0,20905.0,42.21
140525179145424,2024-10-30,LAW501,Harvard,non-Stem,3.0,21457.0,84.08
140525179143504,2024-11-28,LAW501,Harvard,non-Stem,3.0,20108.0,41.68
140525179148752,2024-06-20,LAW601,Harvard,non-Stem,3.0,25993.0,55.53
140525179145232,2024-11-11,LAW401,Harvard,non-Stem,1.0,17570.0,58.27
140525179154832,2024-10-16,LAW501,Harvard,non-Stem,4.0,19109.874457308248,69.93520170043416
140525179157712,2024-09-30,LAW501,Harvard,non-Stem,3.0,21713.0,59.32
140525179155472,2024-06-13,LAW401,Harvard,non-Stem,3.0,18334.0,43.23
140525179156176,2024-12-15,LAW401,Harvard,non-Stem,4.0,17555.0,52.89
140525179151056,2024-11-14,LAW501,Harvard,non-Stem,3.0,22705.0,45.87
140525179148496,2024-12-03,LAW501,Harvard,non-Stem,4.0,20641.0,66.43
140526255709072,2024-07-26,LAW401,Harvard,non-Stem,4.0,15327.0,49.44
140525182201616,2024-09-09,LAW401,Harvard,non-Stem,3.0,15083.0,65.41
140525182195536,2024-10-22,LAW501,Harvard,non-Stem,3.0,21510.0,45.74
140525182193168,2024-07-14,LAW501,Harvard,non-Stem,3.0,20819.0,40.67
140525182199824,2024-11-10,LAW501,Harvard,non-Stem,2.0,21586.0,48.69
140525182203792,2024-12-11,LAW401,Harvard,non-Stem,3.0,17816.0,42.66
140525182191952,2024-09-29,LAW401,Harvard,non-Stem,4.0,15966.0,47.27
140525182193232,2024-11-30,LAW501,Harvard,non-Stem,3.0,20294.0,58.7
140525182202256,2024-09-20,LAW401,Harvard,non-Stem,3.0,15488.0,63.89
140525182204112,2024-10-28,LAW401,Harvard,non-Stem,4.0,17974.0,67.02
140525182205904,2024-08-21,LAW501,Harvard,non-Stem,3.5576437831723657,20668.0,40.41
140525182189904,2024-12-21,LAW501,Harvard,non-Stem,3.0,21834.0,45.13
140525182193616,2024-12-28,LAW401,Harvard,non-Stem,3.0,19109.874457308248,69.93520170043416
140525182190928,2024-12-20,LAW401,Harvard,non-Stem,2.0,15047.0,48.84
140525182198032,2024-06-11,LAW601,Harvard,non-Stem,4.0,28341.0,44.71
140525182195152,2024-08-10,LAW601,Harvard,non-Stem,2.0,26897.0,67.54
140525182204368,2024-09-09,LAW501,Harvard,non-Stem,4.0,20182.0,62.07
140525182202064,2024-09-23,LAW501,Harvard,non-Stem,2.0,22680.0,58.09
140525182196688,2024-05-22,LAW501,Harvard,non-Stem,3.0,20551.0,54.85
140525182200976,2024-12-17,LAW401,Harvard,non-Stem,2.0,16369.0,52.23
140525182194000,2024-08-29,LAW401,Harvard,non-Stem,2.0,18849.0,51.56
140525182203152,2024-11-21,LAW601,Harvard,non-Stem,2.0,19109.874457308248,69.93520170043416
140525182202576,2024-12-15,LAW401,Harvard,non-Stem,3.0,15576.0,50.25
140525182193936,2024-08-13,LAW501,Harvard,non-Stem,5.0,21848.0,53.81
140525182196176,2024-10-29,LAW501,Harvard,non-Stem,3.0,21097.0,65.59
140525182200720,2024-05-24,LAW401,Harvard,non-Stem,3.0,16769.0,52.21
140525182194640,2024-12-06,LAW401,Harvard,non-Stem,3.0,15830.0,46.82
140525182196560,2024-06-17,LAW501,Harvard,non-Stem,2.0,22884.0,46.55
140525182199568,2024-12-15,LAW401,Harvard,non-Stem,2.0,16337.0,51.09
140525182190864,2024-08-26,LAW501,Harvard,non-Stem,2.0,21113.0,49.13
140525182202512,2024-11-04,LAW401,Harvard,non-Stem,5.0,16886.0,46.38
140525182205264,2024-10-29,LAW601,Harvard,non-Stem,3.5576437831723657,25213.0,56.0
140525182202768,2024-06-24,LAW501,Harvard,non-Stem,4.0,22828.0,57.65
140525182198608,2024-12-17,LAW401,Harvard,non-Stem,2.0,17601.0,56.36
140525182204816,2024-11-16,LAW501,Harvard,non-Stem,1.0,20635.0,44.57
140525182198352,2024-12-03,LAW401,Harvard,non-Stem,4.0,15049.0,82.21
140525182204752,2024-08-30,LAW601,Harvard,non-Stem,4.0,26739.0,48.19
140525182204880,2024-03-10,LAW501,Harvard,non-Stem,4.0,21554.0,46.25
140525182200848,2024-11-07,LAW401,Harvard,non-Stem,4.0,15384.0,68.46
140525182199376,2024-05-01,LAW401,Harvard,non-Stem,1.0,15201.0,43.17
140525182198992,2024-12-27,LAW501,Harvard,non-Stem,3.0,20047.0,47.94
140525182196816,2024-06-27,LAW501,Harvard,non-Stem,2.0,20568.0,79.19
140525182192656,2024-12-16,LAW401,Harvard,non-Stem,3.0,17560.0,63.89
140525182194704,2024-10-29,LAW501,Harvard,non-Stem,3.0,20288.0,75.21
140525182201552,2024-09-08,LAW401,Harvard,non-Stem,3.0,15508.0,46.01
140525182198224,2024-06-20,LAW401,Harvard,non-Stem,4.0,15542.0,45.5
140525182195408,2024-10-01,LAW401,Harvard,non-Stem,4.0,15237.0,52.3
140525182195984,2024-10-21,LAW401,Harvard,non-Stem,2.0,15142.0,41.79
140525182204560,2024-12-10,LAW501,Harvard,non-Stem,2.0,20931.0,44.26
140525182203024,2024-08-11,LAW401,Harvard,non-Stem,3.0,16158.0,43.75
140525182196944,2024-09-30,LAW501,Harvard,non-Stem,2.0,20542.0,74.57
140525182202384,2024-12-04,LAW401,Harvard,non-Stem,3.0,15260.0,44.09
140525182194192,2024-10-19,LAW401,Harvard,non-Stem,2.0,19109.874457308248,69.93520170043416
140525182198736,2024-11-09,LAW601,Harvard,non-Stem,2.0,28162.0,46.74
140525182199056,2024-12-18,LAW501,Harvard,non-Stem,5.0,20009.0,61.92
140525182189648,2024-11-21,LAW401,Harvard,non-Stem,1.0,16591.0,49.34
140525182194128,2024-05-13,LAW501,Harvard,non-Stem,3.0,21696.0,56.58
140525182190416,2024-12-24,LAW501,Harvard,non-Stem,2.0,21939.0,64.99
140525182199120,2024-12-27,LAW601,Harvard,non-Stem,4.0,25933.0,40.34
140525182191888,2024-11-12,LAW501,Harvard,non-Stem,3.0,21147.0,50.7
140525182197264,2024-12-25,LAW401,Harvard,non-Stem,2.0,15334.0,56.89
140525182198544,2024-10-18,LAW401,Harvard,non-Stem,4.0,16180.0,81.2
140525182194960,2024-08-17,LAW401,Harvard,non-Stem,4.0,16599.0,51.36
140525182192208,2024-11-18,LAW501,Harvard,non-Stem,4.0,20199.0,59.3
140525182196048,2024-12-25,LAW401,Harvard,non-Stem,5.0,18714.0,41.47
140525182192464,2024-12-17,LAW501,Harvard,non-Stem,2.0,22099.0,58.88
140525182195024,2024-09-19,LAW501,Harvard,non-Stem,3.0,20635.0,57.9
140525182200272,2024-12-08,LAW401,Harvard,non-Stem,4.0,16399.0,41.44
140525182198288,2024-12-24,LAW501,Harvard,non-Stem,3.0,20717.0,65.41
140525182205648,2024-09-10,LAW501,Harvard,non-Stem,3.0,22804.0,43.74
140525182191376,2024-08-16,LAW401,Harvard,non-Stem,3.0,15096.0,44.58
140525182194448,2024-10-07,LAW401,Harvard,non-Stem,2.0,16149.0,58.33
140525182204048,2024-08-17,LAW501,Harvard,non-Stem,3.0,21462.0,49.59
140525182194256,2024-11-13,LAW501,Harvard,non-Stem,2.0,21257.0,71.44
140525182189840,2024-11-10,LAW401,Harvard,non-Stem,2.0,15137.0,41.69
140525182191696,2024-10-22,LAW501,Harvard,non-Stem,3.0,21766.0,62.29
140525182205520,2024-11-29,LAW501,Harvard,non-Stem,3.0,22079.0,64.85
140525182201104,2024-12-14,LAW501,Harvard,non-Stem,2.0,19109.874457308248,69.93520170043416
140525182203536,2024-10-24,LAW601,Harvard,non-Stem,2.0,26783.0,42.95
140525182201808,2024-06-02,LAW501,Harvard,non-Stem,4.0,22319.0,74.76
140525182201040,2024-12-03,LAW401,Harvard,non-Stem,3.0,17003.0,48.05
140525182203664,2024-12-22,LAW501,Harvard,non-Stem,3.0,20382.0,40.28
140525182202000,2024-10-20,LAW501,Harvard,non-Stem,3.0,20813.0,42.8
140525182201360,2024-06-30,LAW401,Harvard,non-Stem,3.0,16327.0,63.92
140525182190800,2024-09-20,LAW401,Harvard,non-Stem,2.0,16155.0,70.23
140525182205072,2024-05-16,LAW501,Harvard,non-Stem,3.0,22437.0,41.77
140525182203088,2024-08-28,LAW501,Harvard,non-Stem,3.0,22689.0,50.24
140525182204432,2024-11-22,LAW501,Harvard,non-Stem,1.0,19109.874457308248,69.93520170043416
140525182203600,2024-12-20,LAW501,Harvard,non-Stem,4.0,20457.0,41.4
140525182199248,2024-10-08,LAW401,Harvard,non-Stem,5.0,15058.0,69.25
140525182197968,2024-12-02,LAW401,Harvard,non-Stem,4.0,16646.0,52.27
140525182196240,2024-12-17,LAW401,Harvard,non-Stem,3.0,15742.0,79.85
140525182191312,2024-12-28,LAW401,Harvard,non-Stem,4.0,16319.0,42.96
140525182195920,2024-08-15,LAW401,Harvard,non-Stem,3.5576437831723657,17244.0,53.65
140525182195216,2024-11-22,LAW501,Harvard,non-Stem,2.0,20622.0,51.39
140525182190160,2024-11-11,LAW501,Harvard,non-Stem,2.0,22951.0,43.97
140525182204176,2024-05-15,LAW501,Harvard,non-Stem,2.0,20088.0,52.18
140525182196304,2024-08-12,LAW401,Harvard,non-Stem,2.0,17586.0,82.24
140525182193360,2024-03-10,LAW401,Harvard,non-Stem,3.0,16895.0,83.64
140526244001616,2024-11-13,LAW401,Harvard,non-Stem,2.0,15843.0,53.68
140526243995856,2024-12-18,LAW401,Harvard,non-Stem,3.0,19109.874457308248,69.93520170043416
140526243994640,2024-10-14,LAW401,Harvard,non-Stem,3.0,15388.0,42.88
140526244001424,2024-10-22,LAW401,Harvard,non-Stem,4.0,19109.874457308248,69.93520170043416
140526244003536,2024-09-10,LAW601,Harvard,non-Stem,2.0,25418.0,62.66
140526243999376,2024-10-27,LAW401,Harvard,non-Stem,4.0,17965.0,60.03
140526243996880,2024-11-28,LAW401,Harvard,non-Stem,3.0,15377.0,61.77
140526243994768,2024-05-14,LAW501,Harvard,non-Stem,4.0,22535.0,60.94
140526243995664,2024-12-15,LAW401,Harvard,non-Stem,4.0,17423.0,52.94
140526243997328,2024-01-01,LAW501,Harvard,non-Stem,5.0,20921.0,81.93
140526243994576,2024-12-12,LAW501,Harvard,non-Stem,4.0,22691.0,46.0
140526243999760,2024-06-09,LAW501,Harvard,non-Stem,5.0,21350.0,63.16
140526243997968,2024-12-01,LAW401,Harvard,non-Stem,3.0,17151.0,45.36
140526243996816,2024-11-29,LAW401,Harvard,non-Stem,2.0,17235.0,60.78
140526244001552,2024-12-06,LAW401,Harvard,non-Stem,4.0,15280.0,59.91
140526243999696,2024-10-09,LAW401,Harvard,non-Stem,3.5576437831723657,19109.874457308248,69.93520170043416
140526243998160,2024-08-27,LAW501,Harvard,non-Stem,2.0,21146.0,42.79
140526244000208,2024-11-25,LAW401,Harvard,non-Stem,1.0,16604.0,42.97
140526243997904,2024-10-11,LAW501,Harvard,non-Stem,2.0,21202.0,42.51
140526244002832,2024-07-18,LAW501,Harvard,non-Stem,4.0,20370.0,51.31
140526244003152,2024-11-26,LAW501,Harvard,non-Stem,2.0,22205.0,48.1
140526243993936,2024-10-06,LAW501,Harvard,non-Stem,3.0,20490.0,55.94
140526243999888,2024-09-20,LAW501,Harvard,non-Stem,2.0,20961.0,66.18
140526243998992,2024-11-03,LAW501,Harvard,non-Stem,4.0,20021.0,75.41
140526243994704,2024-06-07,LAW401,Harvard,non-Stem,2.0,15150.0,40.75
140526243995344,2024-12-05,LAW401,Harvard,non-Stem,3.0,17213.0,49.6
140526243997712,2024-12-06,LAW501,Harvard,non-Stem,2.0,19109.874457308248,69.93520170043416
140526244000400,2024-12-28,LAW401,Harvard,non-Stem,2.0,16671.0,63.91
140526244002192,2024-10-19,LAW401,Harvard,non-Stem,4.0,15072.0,43.93
140526243997264,2024-10-31,LAW401,Harvard,non-Stem,5.0,16124.0,40.95
140526244001872,2024-07-30,LAW401,Harvard,non-Stem,2.0,15958.0,50.35
140526244002448,2024-12-01,LAW401,Harvard,non-Stem,2.0,15163.0,51.29
140526244002000,2024-11-15,LAW401,Harvard,non-Stem,4.0,15991.0,64.54
140526244001680,2024-08-26,LAW601,Harvard,non-Stem,5.0,26389.0,56.66
140526243998352,2024-11-23,LAW501,Harvard,non-Stem,3.0,20314.0,62.5
140526244002384,2024-09-19,LAW601,Harvard,non-Stem,5.0,25084.0,44.34
140526243997840,2024-12-28,LAW401,Harvard,non-Stem,2.0,15018.0,64.81
140526243995728,2024-11-17,LAW501,Harvard,non-Stem,2.0,19109.874457308248,69.93520170043416
140526244001808,2024-12-11,LAW501,Harvard,non-Stem,3.0,20612.0,49.29
140526243999440,2024-11-22,LAW501,Harvard,non-Stem,2.0,20169.0,53.09
140526243999184,2024-09-20,LAW501,Harvard,non-Stem,3.0,21355.0,61.07
140526244002064,2024-10-13,LAW401,Harvard,non-Stem,3.0,15490.0,44.73
140526243995152,2024-07-12,LAW401,Harvard,non-Stem,3.0,15810.0,49.66
140526244001232,2024-07-21,LAW401,Harvard,non-Stem,3.0,16781.0,59.9
140526243998416,2024-12-08,LAW501,Harvard,non-Stem,1.0,22467.0,71.91
140526243999056,2024-12-13,LAW401,Harvard,non-Stem,3.0,19109.874457308248,69.93520170043416
140526243994832,2024-08-09,LAW401,Harvard,non-Stem,4.0,15213.0,44.84
140526243997520,2024-10-07,LAW401,Harvard,non-Stem,3.0,15504.0,42.55
140526243987600,2024-09-13,LAW401,Harvard,non-Stem,2.0,16366.0,72.68
140526243995216,2024-11-06,LAW401,Harvard,non-Stem,4.0,15661.0,54.56
140526243988048,2024-07-28,LAW401,Harvard,non-Stem,3.0,18523.0,46.47
140526243994896,2024-12-06,LAW501,Harvard,non-Stem,3.0,20557.0,41.9
140526243995600,2024-09-19,LAW501,Harvard,non-Stem,2.0,20121.0,43.12
140526243997584,2024-08-08,LAW401,Harvard,non-Stem,2.0,15662.0,42.38
140526243999952,2024-12-28,LAW401,Harvard,non-Stem,3.0,16283.0,40.1
140526243997392,2024-10-11,LAW501,Harvard,non-Stem,3.0,19109.874457308248,69.93520170043416
140526243998224,2024-11-08,LAW501,Harvard,non-Stem,2.0,20429.0,56.19
140526243996496,2024-10-04,LAW401,Harvard,non-Stem,2.0,15359.0,64.76
140526244002128,2024-12-01,LAW401,Harvard,non-Stem,4.0,15039.0,55.55
140526243998672,2024-12-27,LAW401,Harvard,non-Stem,3.0,15462.0,59.47
140525180293776,2024-10-24,LAW401,Harvard,non-Stem,4.0,15270.0,49.82
140525180290000,2024-11-26,LAW501,Harvard,non-Stem,2.0,22591.0,56.77
140525180303056,2024-07-24,LAW401,Harvard,non-Stem,4.0,15943.0,42.93
140525180291984,2024-12-28,LAW401,Harvard,non-Stem,2.0,19109.874457308248,69.93520170043416
140525180291280,2024-12-30,LAW501,Harvard,non-Stem,2.0,20446.0,57.77
140525180289168,2024-10-29,LAW401,Harvard,non-Stem,3.0,15144.0,71.74
140525180293264,2024-12-16,LAW501,Harvard,non-Stem,4.0,22207.0,56.22
140525180291216,2024-05-03,LAW501,Harvard,non-Stem,3.0,21063.0,42.62
140525180295568,2024-10-04,LAW501,Harvard,non-Stem,4.0,20867.0,52.58
140525180299344,2024-10-24,LAW401,Harvard,non-Stem,2.0,18232.0,54.28
140525180290896,2024-12-12,LAW501,Harvard,non-Stem,3.0,20765.0,82.28
140525180297360,2024-09-07,LAW401,Harvard,non-Stem,3.0,16967.0,81.58
140525180292112,2024-12-08,LAW401,Harvard,non-Stem,3.0,19109.874457308248,69.93520170043416
140525180303120,2024-08-09,LAW501,Harvard,non-Stem,2.0,19109.874457308248,69.93520170043416
140525180300880,2024-09-29,LAW401,Harvard,non-Stem,5.0,18198.0,51.42
140525180292560,2024-12-01,LAW401,Harvard,non-Stem,2.0,18000.0,42.62
140525180303376,2024-03-31,LAW401,Harvard,non-Stem,2.0,17277.0,58.24
140525180290768,2024-08-10,LAW401,Harvard,non-Stem,1.0,19109.874457308248,69.93520170043416
140525180296208,2024-11-07,LAW601,Harvard,non-Stem,3.0,26228.0,63.62
140525180298064,2024-10-10,LAW401,Harvard,non-Stem,1.0,17245.0,72.13
140525180300048,2024-09-03,LAW501,Harvard,non-Stem,3.5576437831723657,22978.0,58.73
140525180304720,2024-12-10,LAW401,Harvard,non-Stem,4.0,15538.0,41.03
140525180292752,2024-09-28,LAW601,Harvard,non-Stem,2.0,25480.0,66.55
140525180294864,2024-12-24,LAW401,Harvard,non-Stem,3.0,17555.0,46.26
140525180301328,2024-11-09,LAW401,Harvard,non-Stem,3.0,15076.0,51.59
140525180302096,2024-07-21,LAW401,Harvard,non-Stem,3.0,16892.0,41.68
140525180304912,2024-10-28,LAW401,Harvard,non-Stem,3.0,16473.0,42.47
140525180303440,2024-11-27,LAW601,Harvard,non-Stem,2.0,26433.0,41.42
140525180298896,2024-12-25,LAW501,Harvard,non-Stem,2.0,20256.0,45.98
140525180290448,2024-09-17,LAW501,Harvard,non-Stem,1.0,20859.0,61.29
140525180297488,2024-10-31,LAW401,Harvard,non-Stem,2.0,17637.0,42.54
140525180298640,2024-09-03,LAW501,Harvard,non-Stem,1.0,21288.0,49.22
140525180297040,2024-11-28,LAW501,Harvard,non-Stem,5.0,20226.0,46.34
140525180300560,2024-11-24,LAW401,Harvard,non-Stem,2.0,16880.0,56.09
140525180289744,2024-06-01,LAW501,Harvard,non-Stem,2.0,20779.0,50.97
140525180303504,2024-12-24,LAW401,Harvard,non-Stem,3.0,15358.0,41.58
140525180300112,2024-12-28,LAW501,Harvard,non-Stem,5.0,20666.0,85.31
140525180300432,2024-12-23,LAW401,Harvard,non-Stem,2.0,16719.0,63.94
140525180303632,2024-10-27,LAW601,Harvard,non-Stem,2.0,25638.0,40.07
140525180293840,2024-10-28,LAW401,Harvard,non-Stem,1.0,17696.0,41.52
140525180296848,2024-05-29,LAW601,Harvard,non-Stem,5.0,25906.0,84.69
140525180304656,2024-12-28,LAW401,Harvard,non-Stem,2.0,16598.0,49.68
140525180293008,2024-12-28,LAW501,Harvard,non-Stem,4.0,19109.874457308248,69.93520170043416
140525180289872,2024-10-28,LAW401,Harvard,non-Stem,3.0,17340.0,73.0
140525180299280,2024-08-06,LAW401,Harvard,non-Stem,3.5576437831723657,16915.0,71.78
140525180301648,2024-11-03,LAW501,Harvard,non-Stem,4.0,19109.874457308248,69.93520170043416
140525180289616,2024-11-16,LAW401,Harvard,non-Stem,3.0,18093.0,55.05
140525180300304,2024-12-21,LAW501,Harvard,non-Stem,2.0,21848.0,66.01
140525180291792,2024-12-21,LAW401,Harvard,non-Stem,5.0,16944.0,49.22
140525180298000,2024-06-07,LAW601,Harvard,non-Stem,4.0,27206.0,42.04
140525180302800,2024-12-17,LAW401,Harvard,non-Stem,3.0,17819.0,56.37
140525180292176,2024-10-06,LAW501,Harvard,non-Stem,1.0,22068.0,49.1
140525180296464,2024-09-01,LAW401,Harvard,non-Stem,3.0,19033.0,64.79
140525180305168,2024-09-27,LAW501,Harvard,non-Stem,3.0,22202.0,40.61
140525180303824,2024-08-21,LAW501,Harvard,non-Stem,2.0,20093.0,63.1
140525180302032,2024-09-12,LAW501,Harvard,non-Stem,2.0,21595.0,65.37
140525180301456,2024-06-17,LAW501,Harvard,non-Stem,2.0,20021.0,43.19
140525180292688,2024-10-05,LAW501,Harvard,non-Stem,4.0,21257.0,58.36
140525180291024,2024-12-25,LAW601,Harvard,non-Stem,3.0,25131.0,59.74
140525180295312,2024-11-28,LAW401,Harvard,non-Stem,1.0,15030.0,53.42
140525180298832,2024-10-22,LAW401,Harvard,non-Stem,1.0,16298.0,59.79
140525180289360,2024-12-28,LAW401,Harvard,non-Stem,1.0,16017.0,69.28
140525180293136,2024-10-09,LAW501,Harvard,non-Stem,3.0,19109.874457308248,69.93520170043416
140525180301840,2024-07-27,LAW501,Harvard,non-Stem,2.0,21255.0,47.58
140525180291472,2024-11-06,LAW401,Harvard,non-Stem,3.0,15921.0,61.32
140525180301136,2024-12-03,LAW401,Harvard,non-Stem,3.0,19109.874457308248,69.93520170043416
140525180303568,2024-12-20,LAW401,Harvard,non-Stem,2.0,17664.0,63.48
140525180303952,2024-11-10,LAW501,Harvard,non-Stem,3.0,21044.0,58.27
140525180302864,2024-12-26,LAW501,Harvard,non-Stem,3.0,21478.0,85.66
140525180291664,2024-11-08,LAW501,Harvard,non-Stem,2.0,20232.0,41.41
140525180299856,2024-10-21,LAW401,Harvard,non-Stem,3.0,15542.0,49.51
140525180293200,2024-07-10,LAW401,Harvard,non-Stem,4.0,16523.0,44.76
140525180298128,2024-12-28,LAW501,Harvard,non-Stem,4.0,20676.0,44.65
140525180294992,2024-12-08,LAW401,Harvard,non-Stem,2.0,16235.0,50.17
140525180304976,2024-12-20,LAW401,Harvard,non-Stem,3.0,17669.0,64.6
140525180299088,2024-03-20,LAW501,Harvard,non-Stem,4.0,20993.0,69.65
140525180294800,2024-12-28,LAW401,Harvard,non-Stem,4.0,19109.874457308248,69.93520170043416
140525180298384,2024-09-28,LAW401,Harvard,non-Stem,2.0,15978.0,65.84
140525180290064,2024-11-24,LAW401,Harvard,non-Stem,4.0,15459.0,48.07
140525180303312,2024-07-27,LAW501,Harvard,non-Stem,5.0,22228.0,41.35
140525180298320,2024-12-31,LAW401,Harvard,non-Stem,2.0,16230.0,51.47
140525180292496,2024-08-23,LAW501,Harvard,non-Stem,2.0,22777.0,65.21
140525180303888,2024-12-18,LAW601,Harvard,non-Stem,5.0,25828.0,46.12
140525180298768,2024-11-15,LAW501,Harvard,non-Stem,3.0,20012.0,70.64
140525180293456,2024-10-30,LAW401,Harvard,non-Stem,3.5576437831723657,16893.0,50.54
140525180289936,2024-10-11,LAW401,Harvard,non-Stem,3.0,16156.0,67.54
140525180297744,2024-11-05,LAW501,Harvard,non-Stem,5.0,20604.0,44.53
140525180305360,2024-11-05,LAW501,Harvard,non-Stem,3.0,22146.0,63.64
140525180294928,2024-11-14,LAW501,Harvard,non-Stem,3.0,21044.0,50.12
140525180305232,2024-05-31,LAW401,Harvard,non-Stem,2.0,18459.0,46.33
140525180296592,2024-11-08,LAW401,Harvard,non-Stem,5.0,16100.0,55.25
140525180293072,2024-12-26,LAW401,Harvard,non-Stem,4.0,19109.874457308248,69.93520170043416
140525180296976,2024-11-24,LAW501,Harvard,non-Stem,3.5576437831723657,23620.0,42.97
140525180297872,2024-12-01,LAW501,Harvard,non-Stem,3.0,21940.0,41.63
140525180302608,2024-11-26,LAW501,Harvard,non-Stem,4.0,20383.0,73.32
140525180305104,2024-11-17,LAW401,Harvard,non-Stem,3.0,16805.0,54.19
140525180300752,2024-10-15,LAW401,Harvard,non-Stem,3.0,16925.0,50.13
140525180296272,2024-08-03,LAW501,Harvard,non-Stem,4.0,21501.0,46.14
140525180291088,2024-08-19,LAW401,Harvard,non-Stem,2.0,17368.0,50.28
140525180302416,2024-08-08,LAW501,Harvard,non-Stem,4.0,20596.0,43.46
140525180292304,2024-12-28,LAW501,Harvard,non-Stem,1.0,20943.0,51.84
140525180302160,2024-10-13,LAW401,Harvard,non-Stem,2.0,16918.0,68.23
140525180293328,2024-12-18,LAW401,Harvard,non-Stem,2.0,17964.0,45.87
140525180300368,2024-04-07,LAW501,Harvard,non-Stem,2.0,24317.0,62.33
140525180300688,2024-07-10,LAW501,Harvard,non-Stem,4.0,19109.874457308248,69.93520170043416
140525180304464,2024-12-28,LAW501,Harvard,non-Stem,3.0,20477.0,41.18
140525121246224,2024-10-10,LAW401,Harvard,non-Stem,2.0,16142.0,45.27
140525121254288,2024-06-18,LAW401,Harvard,non-Stem,3.0,17206.0,41.0
140525121242448,2024-07-23,LAW501,Harvard,non-Stem,3.5576437831723657,22253.0,44.58
140525121241936,2024-10-16,LAW501,Harvard,non-Stem,3.0,20012.0,54.44
140525121242128,2024-11-21,LAW501,Harvard,non-Stem,3.5576437831723657,21484.0,50.92
140525121241808,2024-10-11,LAW601,Harvard,non-Stem,4.0,25153.0,52.28
140525121256080,2024-11-25,LAW501,Harvard,non-Stem,4.0,20628.0,91.62
140525121249616,2024-05-15,LAW401,Harvard,non-Stem,3.0,18524.0,46.01
140525121241680,2024-12-28,LAW401,Harvard,non-Stem,2.0,15282.0,47.88
140525121248784,2024-11-12,LAW401,Harvard,non-Stem,1.0,15091.0,54.95
140525121250832,2024-06-16,LAW501,Harvard,non-Stem,2.0,21588.0,69.67
140525121250768,2024-11-06,LAW501,Harvard,non-Stem,3.0,22429.0,44.55
140525121245136,2024-09-01,LAW401,Harvard,non-Stem,3.0,16291.0,59.68
140525121243280,2024-08-09,LAW501,Harvard,non-Stem,4.0,21385.0,45.18
140525121249296,2024-07-06,LAW501,Harvard,non-Stem,1.0,20528.0,57.72
140525121241616,2024-12-13,LAW501,Harvard,non-Stem,3.0,24524.0,43.47
140525121246864,2024-10-26,LAW401,Harvard,non-Stem,4.0,15463.0,64.69
140525121252816,2024-12-23,LAW401,Harvard,non-Stem,4.0,16502.0,61.41
140525121253008,2024-10-05,LAW401,Harvard,non-Stem,3.0,15398.0,57.41
140525121254928,2024-10-29,LAW401,Harvard,non-Stem,3.0,15809.0,61.45
140525121250128,2024-11-21,LAW401,Harvard,non-Stem,3.0,15619.0,55.45
140525121252240,2024-12-07,LAW501,Harvard,non-Stem,3.0,21015.0,70.8
140525121244944,2024-12-16,LAW401,Harvard,non-Stem,3.5576437831723657,17194.0,49.95
140525121251664,2024-08-20,LAW401,Harvard,non-Stem,3.0,16258.0,50.32
140525121245520,2024-11-23,LAW501,Harvard,non-Stem,4.0,21796.0,50.82
140525121253456,2024-11-10,LAW501,Harvard,non-Stem,1.0,21057.0,46.73
140525121248976,2024-12-28,LAW501,Harvard,non-Stem,4.0,20094.0,58.24
140525121252560,2024-03-05,LAW501,Harvard,non-Stem,2.0,20427.0,44.09
140525121241744,2024-09-12,LAW401,Harvard,non-Stem,3.0,15449.0,54.81
140525121241552,2024-08-11,LAW401,Harvard,non-Stem,3.0,16426.0,47.5
140525121241488,2024-05-15,LAW401,Harvard,non-Stem,3.0,16363.0,81.92
140525121253392,2024-05-10,LAW601,Harvard,non-Stem,4.0,25676.0,44.59
140525121253264,2024-06-14,LAW501,Harvard,non-Stem,4.0,20678.0,51.51
140525121248720,2024-12-18,LAW601,Harvard,non-Stem,4.0,26713.0,44.22
140525121251344,2024-11-28,LAW501,Harvard,non-Stem,3.0,20507.0,50.4
140525121242768,2024-06-11,LAW401,Harvard,non-Stem,3.0,18477.0,40.67
140525121246736,2024-12-24,LAW401,Harvard,non-Stem,2.0,18936.0,43.88
140525121251152,2024-08-12,LAW501,Harvard,non-Stem,2.0,22099.0,43.08
140525121245584,2024-10-08,LAW501,Harvard,non-Stem,4.0,21745.0,45.67
140525121248400,2024-08-08,LAW501,Harvard,non-Stem,3.0,22489.0,45.78
140525121247696,2024-04-21,LAW501,Harvard,non-Stem,5.0,21462.0,40.58
140525121244368,2024-10-15,LAW401,Harvard,non-Stem,3.0,15764.0,74.8
140525121245072,2024-10-24,LAW401,Harvard,non-Stem,3.0,16002.0,49.66
140525121248528,2024-11-28,LAW401,Harvard,non-Stem,1.0,17292.0,40.27
140525121256720,2024-11-28,LAW401,Harvard,non-Stem,3.0,17297.0,74.23
140525121242576,2024-08-02,LAW401,Harvard,non-Stem,4.0,15619.0,40.16
140525121243600,2024-10-17,LAW501,Harvard,non-Stem,4.0,21867.0,55.79
140525121244240,2024-10-06,LAW501,Harvard,non-Stem,3.0,23209.0,42.76
140525121248912,2024-10-29,LAW501,Harvard,non-Stem,2.0,24583.0,50.78
140525121257168,2024-10-10,LAW401,Harvard,non-Stem,3.0,15309.0,44.67
140525121242384,2024-08-05,LAW501,Harvard,non-Stem,1.0,22542.0,46.83
140525121254992,2024-12-22,LAW501,Harvard,non-Stem,3.0,20730.0,67.2
140525121255568,2024-07-08,LAW501,Harvard,non-Stem,4.0,19109.874457308248,69.93520170043416
140525121256016,2024-10-20,LAW401,Harvard,non-Stem,5.0,17814.0,77.89
140525121248016,2024-09-14,LAW401,Harvard,non-Stem,2.0,15117.0,44.12
140525121244496,2024-10-11,LAW401,Harvard,non-Stem,2.0,15108.0,45.44
140525121246928,2024-11-26,LAW501,Harvard,non-Stem,3.0,20461.0,91.63
140525121246160,2024-07-12,LAW401,Harvard,non-Stem,4.0,16035.0,72.58
140525121243792,2024-08-16,LAW601,Harvard,non-Stem,2.0,25385.0,59.3
140525121251984,2024-12-12,LAW501,Harvard,non-Stem,4.0,21778.0,50.3
140525121252304,2024-10-24,LAW401,Harvard,non-Stem,3.0,16666.0,60.63
140525121245968,2024-09-24,LAW501,Harvard,non-Stem,5.0,20421.0,68.38
140525121253840,2024-12-01,LAW501,Harvard,non-Stem,4.0,24538.0,71.88
140525121254224,2024-12-25,LAW401,Harvard,non-Stem,4.0,16347.0,53.82
140525121255760,2024-10-26,LAW601,Harvard,non-Stem,3.0,25068.0,61.43
140525121242704,2024-12-05,LAW401,Harvard,non-Stem,2.0,16173.0,78.54
140525121257296,2024-11-16,LAW601,Harvard,non-Stem,3.5576437831723657,26066.0,44.66
140525121246992,2024-12-25,LAW401,Harvard,non-Stem,3.5576437831723657,15190.0,78.2
140525121251216,2024-09-30,LAW401,Harvard,non-Stem,3.0,15594.0,63.39
140525121248272,2024-11-10,LAW401,Harvard,non-Stem,5.0,18040.0,47.32
140525121247376,2024-10-05,LAW401,Harvard,non-Stem,3.0,15952.0,62.36
140525121252624,2024-10-30,LAW501,Harvard,non-Stem,2.0,20625.0,54.92
140525121244880,2024-12-01,LAW401,Harvard,non-Stem,2.0,16140.0,49.09
140525121242320,2024-10-02,LAW501,Harvard,non-Stem,2.0,20818.0,44.3
140525121255440,2024-04-28,LAW401,Harvard,non-Stem,2.0,16465.0,53.04
140525121250704,2024-11-11,LAW501,Harvard,non-Stem,2.0,19109.874457308248,69.93520170043416
140525121250192,2024-10-21,LAW501,Harvard,non-Stem,5.0,20468.0,48.91
140525121252432,2024-12-03,LAW501,Harvard,non-Stem,2.0,20431.0,73.93
140525121257424,2024-05-09,LAW401,Harvard,non-Stem,3.0,15778.0,58.3
140525121248848,2024-03-21,LAW501,Harvard,non-Stem,3.0,21869.0,51.46
140525121247184,2024-12-20,LAW401,Harvard,non-Stem,3.0,15270.0,65.04
140525121253136,2024-10-29,LAW401,Harvard,non-Stem,4.0,15302.0,70.82
140525121256592,2024-12-28,LAW501,Harvard,non-Stem,4.0,20209.0,60.62
140525121253584,2024-11-02,LAW501,Harvard,non-Stem,3.0,22006.0,51.01
140525121250576,2024-08-14,LAW501,Harvard,non-Stem,3.0,20512.0,50.41
140525121251536,2024-11-06,LAW401,Harvard,non-Stem,4.0,15059.0,40.84
140525121246288,2024-09-30,LAW401,Harvard,non-Stem,3.0,15886.0,67.61
140525121253776,2024-06-14,LAW401,Harvard,non-Stem,2.0,17772.0,61.8
140525121255504,2024-07-14,LAW501,Harvard,non-Stem,3.0,20046.0,50.89
140525121250512,2024-12-17,LAW501,Harvard,non-Stem,3.0,20394.0,59.69
140525121246480,2024-09-24,LAW501,Harvard,non-Stem,1.0,22548.0,66.32
140525121252496,2024-12-05,LAW501,Harvard,non-Stem,3.0,20341.0,71.4
140525121247120,2024-10-03,LAW501,Harvard,non-Stem,4.0,21233.0,48.26
140525121254032,2024-09-10,LAW401,Harvard,non-Stem,2.0,15727.0,48.42
140525121244752,2024-10-28,LAW501,Harvard,non-Stem,3.0,20485.0,47.69
140525121247568,2024-10-24,LAW501,Harvard,non-Stem,2.0,21172.0,47.87
140525121256656,2024-12-28,LAW501,Harvard,non-Stem,3.0,21973.0,42.31
140525121254160,2024-02-18,LAW401,Harvard,non-Stem,5.0,17244.0,53.18
140525121242064,2024-12-14,LAW501,Harvard,non-Stem,4.0,21832.0,48.93
140525121246800,2024-11-11,LAW501,Harvard,non-Stem,3.5576437831723657,20748.0,78.87
140525121248656,2024-12-22,LAW401,Harvard,non-Stem,3.0,15093.0,50.47
140525121255312,2024-10-12,LAW501,Harvard,non-Stem,4.0,20161.0,42.15
140525121250896,2024-11-07,LAW501,Harvard,non-Stem,2.0,20498.0,70.05
140525121253904,2024-07-04,LAW401,Harvard,non-Stem,4.0,15494.0,60.62
140525121255888,2024-12-25,LAW501,Harvard,non-Stem,3.0,21120.0,60.98
140525121249232,2024-10-26,LAW401,Harvard,non-Stem,3.0,18257.0,67.52
140525121246352,2024-12-01,LAW401,Harvard,non-Stem,3.0,18308.0,43.0
140525121249488,2024-09-20,LAW501,Harvard,non-Stem,4.0,22614.0,49.31
140525121254096,2024-08-04,LAW501,Harvard,non-Stem,3.0,20412.0,42.77
140525121251728,2024-11-18,LAW401,Harvard,non-Stem,3.0,19109.874457308248,69.93520170043416
140525121255696,2024-12-28,LAW401,Harvard,non-Stem,2.0,16723.0,65.65
140525121242512,2024-08-05,LAW501,Harvard,non-Stem,1.0,20918.0,44.53
140525121249744,2024-12-28,LAW501,Harvard,non-Stem,2.0,21627.0,45.93
140525121243664,2024-06-24,LAW601,Harvard,non-Stem,3.0,27829.0,45.55
140525121244048,2024-05-27,LAW401,Harvard,non-Stem,4.0,15100.0,59.63
140525121247504,2024-11-07,LAW501,Harvard,non-Stem,4.0,21004.0,41.3
140525121254416,2024-09-16,LAW501,Harvard,non-Stem,2.0,21311.0,62.42
140525121256784,2024-06-06,LAW401,Harvard,non-Stem,2.0,16878.0,45.3
140525121252368,2024-08-09,LAW501,Harvard,non-Stem,4.0,20744.0,70.46
140525121242256,2024-11-11,LAW501,Harvard,non-Stem,4.0,20883.0,43.34
140525121244560,2024-10-04,LAW601,Harvard,non-Stem,1.0,25190.0,66.48
140525121244688,2024-12-28,LAW601,Harvard,non-Stem,2.0,25457.0,51.89
140525121257232,2024-05-31,LAW401,Harvard,non-Stem,4.0,15480.0,56.03
140525121255120,2024-07-29,LAW401,Harvard,non-Stem,3.0,17696.0,44.5
140525121245840,2024-11-22,LAW401,Harvard,non-Stem,3.0,17620.0,46.93
140525121241168,2024-06-07,LAW501,Harvard,non-Stem,4.0,23091.0,41.28
140525121249424,2024-12-31,LAW501,Harvard,non-Stem,5.0,20437.0,52.44
140525121245904,2024-12-17,LAW601,Harvard,non-Stem,2.0,25151.0,42.17
140525121250384,2024-07-20,LAW501,Harvard,non-Stem,3.0,21013.0,54.16
140525121251408,2024-04-27,LAW501,Harvard,non-Stem,2.0,20511.0,68.85
140525121247824,2024-11-17,LAW401,Harvard,non-Stem,4.0,17584.0,44.02
140525121242640,2024-11-11,LAW501,Harvard,non-Stem,2.0,22034.0,73.84
140525121249808,2024-07-03,LAW401,Harvard,non-Stem,3.0,15265.0,47.83
140525121242960,2024-12-20,LAW501,Harvard,non-Stem,2.0,21985.0,61.01
140525121254544,2024-11-18,LAW501,Harvard,non-Stem,4.0,24138.0,66.64
140525121253968,2024-11-03,LAW401,Harvard,non-Stem,2.0,17311.0,46.95
140525137413392,2024-12-09,LAW501,Harvard,non-Stem,3.0,20779.0,46.34
140525137419984,2024-09-30,LAW601,Harvard,non-Stem,2.0,25217.0,43.85
140525137417232,2024-09-27,LAW401,Harvard,non-Stem,2.0,16246.0,42.49
140525137426128,2024-09-09,LAW501,Harvard,non-Stem,5.0,23021.0,52.0
140525137412624,2024-04-23,LAW401,Harvard,non-Stem,3.0,19109.874457308248,69.93520170043416
140525137419216,2024-08-20,LAW401,Harvard,non-Stem,3.0,17255.0,58.79
140525137421776,2024-12-28,LAW501,Harvard,non-Stem,4.0,19109.874457308248,69.93520170043416
140525137421520,2024-11-24,LAW601,Harvard,non-Stem,3.5576437831723657,25120.0,41.36
140525137413648,2024-11-26,LAW501,Harvard,non-Stem,3.0,21444.0,42.9
140525137418960,2024-12-28,LAW401,Harvard,non-Stem,2.0,16223.0,53.63
140525137420752,2024-12-27,LAW501,Harvard,non-Stem,3.0,20370.0,64.46
140525137423568,2024-08-08,LAW501,Harvard,non-Stem,3.0,21472.0,62.61
140525137412368,2024-08-23,LAW401,Harvard,non-Stem,1.0,16135.0,59.24
140525137427600,2024-12-21,LAW501,Harvard,non-Stem,4.0,21341.0,52.43
140525137414672,2024-10-31,LAW501,Harvard,non-Stem,4.0,21961.0,55.96
140525137425360,2024-10-09,LAW501,Harvard,non-Stem,3.0,20536.0,42.94
140525137426896,2024-11-14,LAW401,Harvard,non-Stem,3.0,15230.0,58.66
140525137426384,2024-12-06,LAW601,Harvard,non-Stem,4.0,27020.0,43.86
140525137425872,2024-12-11,LAW501,Harvard,non-Stem,2.0,21645.0,40.66
140525137426640,2024-11-17,LAW501,Harvard,non-Stem,2.0,22069.0,45.96
140525137414416,2024-09-26,LAW501,Harvard,non-Stem,2.0,20623.0,67.55
140525137418704,2024-06-28,LAW601,Harvard,non-Stem,4.0,27211.0,43.8
140525137421008,2024-12-25,LAW401,Harvard,non-Stem,4.0,15560.0,58.99
140525137414928,2024-10-02,LAW401,Harvard,non-Stem,3.0,17839.0,46.49
140525137419728,2024-11-22,LAW401,Harvard,non-Stem,2.0,15292.0,42.55
140525137424080,2024-07-07,LAW601,Harvard,non-Stem,4.0,26074.0,40.04
140525137414160,2024-11-16,LAW401,Harvard,non-Stem,3.5576437831723657,19109.874457308248,69.93520170043416
140525137428112,2024-06-07,LAW401,Harvard,non-Stem,2.0,16305.0,79.28
140525137427856,2024-09-20,LAW401,Harvard,non-Stem,2.0,15103.0,62.9
140525137415184,2024-12-10,LAW401,Harvard,non-Stem,2.0,16504.0,52.45
140525137416464,2024-12-27,LAW401,Harvard,non-Stem,2.0,15690.0,55.96
140525137415696,2024-12-01,LAW401,Harvard,non-Stem,2.0,15809.0,42.34
140525185413200,2024-11-03,LAW401,Harvard,non-Stem,2.0,17320.0,67.26
140525185408144,2024-08-31,LAW401,Harvard,non-Stem,4.0,15216.0,41.1
140525185408080,2024-11-23,LAW501,Harvard,non-Stem,4.0,20015.0,42.65
140525185404368,2024-12-25,LAW401,Harvard,non-Stem,4.0,15461.0,74.67
140525185406160,2024-08-29,LAW601,Harvard,non-Stem,2.0,25386.0,43.27
140525185415248,2024-09-21,LAW501,Harvard,non-Stem,1.0,20257.0,41.39
140525185413520,2024-12-18,LAW401,Harvard,non-Stem,2.0,15900.0,63.66
140525185402192,2024-08-28,LAW501,Harvard,non-Stem,4.0,19109.874457308248,69.93520170043416
140525185410768,2024-06-12,LAW401,Harvard,non-Stem,5.0,17565.0,41.61
140525185406608,2024-11-08,LAW501,Harvard,non-Stem,3.0,20134.0,43.8
140525185415440,2024-08-15,LAW401,Harvard,non-Stem,5.0,16782.0,47.77
140525185404112,2024-11-26,LAW501,Harvard,non-Stem,3.0,20965.0,51.18
140525185410064,2024-11-01,LAW401,Harvard,non-Stem,4.0,16759.0,48.86
140525185412304,2024-07-26,LAW401,Harvard,non-Stem,4.0,16555.0,41.06
140525185406544,2024-12-18,LAW601,Harvard,non-Stem,3.0,25302.0,41.56
140525185408656,2024-12-06,LAW401,Harvard,non-Stem,3.0,15893.0,50.99
140525185405136,2024-12-28,LAW401,Harvard,non-Stem,1.0,15368.0,71.01
140525185412240,2024-09-24,LAW401,Harvard,non-Stem,3.0,15739.0,50.84
140525185411792,2024-12-04,LAW401,Harvard,non-Stem,3.0,15133.0,43.36
140525185404752,2024-10-29,LAW401,Harvard,non-Stem,4.0,15258.0,65.04
140525185401936,2024-11-12,LAW401,Harvard,non-Stem,1.0,15933.0,59.51
140525185410896,2024-05-22,LAW401,Harvard,non-Stem,2.0,18177.0,55.95
140525185413264,2024-10-12,LAW401,Harvard,non-Stem,4.0,16128.0,75.06
140525185413904,2024-12-23,LAW401,Harvard,non-Stem,2.0,17278.0,47.63
140525185404624,2024-04-26,LAW501,Harvard,non-Stem,3.0,22177.0,43.31
140525185406032,2024-12-23,LAW501,Harvard,non-Stem,3.0,20230.0,51.86
140525185413072,2024-12-27,LAW401,Harvard,non-Stem,5.0,15244.0,73.63
140525185416336,2024-12-28,LAW401,Harvard,non-Stem,3.0,15818.0,67.01
140525185402704,2024-10-08,LAW501,Harvard,non-Stem,1.0,21103.0,43.79
140525185404560,2024-12-22,LAW401,Harvard,non-Stem,3.0,17048.0,50.2
140525185415888,2024-09-06,LAW401,Harvard,non-Stem,3.0,19109.874457308248,69.93520170043416
140525185401168,2024-10-30,LAW401,Harvard,non-Stem,3.5576437831723657,15585.0,84.47
140525185408208,2024-10-18,LAW401,Harvard,non-Stem,3.0,19109.874457308248,69.93520170043416
140525185402512,2024-12-25,LAW401,Harvard,non-Stem,2.0,19109.874457308248,69.93520170043416
140525185412176,2024-10-13,LAW501,Harvard,non-Stem,1.0,21304.0,52.68
140525185404496,2024-12-09,LAW401,Harvard,non-Stem,3.0,15484.0,53.4
140525185406416,2024-10-16,LAW501,Harvard,non-Stem,4.0,20757.0,45.76
140525185403024,2024-07-29,LAW401,Harvard,non-Stem,2.0,18344.0,59.7
140525185412752,2024-12-14,LAW401,Harvard,non-Stem,2.0,15190.0,63.84
140525185411344,2024-11-24,LAW401,Harvard,non-Stem,2.0,19109.874457308248,69.93520170043416
140525185401296,2024-11-18,LAW401,Harvard,non-Stem,4.0,15860.0,52.55
140525185417104,2024-10-29,LAW401,Harvard,non-Stem,3.0,17369.0,61.9
140525185416208,2024-12-17,LAW401,Harvard,non-Stem,4.0,15339.0,45.63
140525185407632,2024-12-17,LAW501,Harvard,non-Stem,3.5576437831723657,20859.0,44.05
140525185405520,2024-07-04,LAW601,Harvard,non-Stem,4.0,27170.0,41.39
140525185408976,2024-12-02,LAW501,Harvard,non-Stem,4.0,20563.0,57.35
140525185414224,2024-08-21,LAW501,Harvard,non-Stem,3.0,21092.0,44.03
140525185410512,2024-11-08,LAW601,Harvard,non-Stem,3.0,25458.0,51.74
140525185408016,2024-11-05,LAW401,Harvard,non-Stem,3.0,18061.0,55.65
140525185411408,2024-12-28,LAW401,Harvard,non-Stem,2.0,16929.0,56.44
140525185417040,2024-05-21,LAW501,Harvard,non-Stem,3.0,22375.0,47.14
140525185415056,2024-12-30,LAW501,Harvard,non-Stem,4.0,20157.0,71.86
140525185416016,2024-08-17,LAW501,Harvard,non-Stem,2.0,20008.0,57.0
140525185404304,2024-09-26,LAW401,Harvard,non-Stem,3.0,15681.0,41.68
140525185402000,2024-10-29,LAW501,Harvard,non-Stem,3.0,21019.0,54.26
140525185402064,2024-10-09,LAW401,Harvard,non-Stem,5.0,15998.0,62.09
140525185405200,2024-11-09,LAW501,Harvard,non-Stem,3.0,23142.0,40.16
140525185409680,2024-10-22,LAW401,Harvard,non-Stem,3.0,17852.0,46.03
140525185402832,2024-07-12,LAW601,Harvard,non-Stem,2.0,25577.0,42.11
140525185415696,2024-12-04,LAW601,Harvard,non-Stem,2.0,25086.0,61.54
140525185408784,2024-12-13,LAW501,Harvard,non-Stem,4.0,21472.0,40.1
140525185411984,2024-11-29,LAW501,Harvard,non-Stem,2.0,21059.0,53.97
140525185406288,2024-10-21,LAW501,Harvard,non-Stem,2.0,21998.0,48.76
140525185412944,2024-11-20,LAW501,Harvard,non-Stem,4.0,20139.0,64.16
140525185409744,2024-09-01,LAW601,Harvard,non-Stem,3.0,27136.0,70.58
140525185413008,2024-08-25,LAW401,Harvard,non-Stem,3.0,18527.0,43.11
140525185411728,2024-08-14,LAW501,Harvard,non-Stem,1.0,20786.0,56.55
140525185414352,2024-08-15,LAW501,Harvard,non-Stem,3.0,22812.0,47.64
140525185407120,2024-12-21,LAW401,Harvard,non-Stem,5.0,19109.874457308248,69.93520170043416
140525185405840,2024-12-13,LAW501,Harvard,non-Stem,1.0,20632.0,47.83
140525185402768,2024-04-13,LAW401,Harvard,non-Stem,3.5576437831723657,16918.0,53.39
140525185405392,2024-08-20,LAW401,Harvard,non-Stem,4.0,16545.0,43.16
140525185411216,2024-09-12,LAW401,Harvard,non-Stem,4.0,18216.0,41.7
140525185406352,2024-11-25,LAW401,Harvard,non-Stem,3.0,16801.0,59.04
140525185406736,2024-09-17,LAW501,Harvard,non-Stem,3.0,22268.0,54.26
140525185404048,2024-10-10,LAW501,Harvard,non-Stem,1.0,21350.0,75.93
140525185416080,2024-11-25,LAW501,Harvard,non-Stem,3.0,23320.0,54.73
140525185404816,2024-07-23,LAW501,Harvard,non-Stem,2.0,21435.0,66.41
140525185405328,2024-07-23,LAW501,Harvard,non-Stem,2.0,19109.874457308248,69.93520170043416
140525185408528,2024-08-03,LAW501,Harvard,non-Stem,4.0,21167.0,51.6
140525185411920,2024-07-23,LAW401,Harvard,non-Stem,2.0,15324.0,43.77
140525185407440,2024-11-04,LAW501,Harvard,non-Stem,1.0,23330.0,66.82
140525185412688,2024-10-25,LAW401,Harvard,non-Stem,3.0,15140.0,51.76
140525185410960,2024-12-01,LAW401,Harvard,non-Stem,1.0,15219.0,45.64
140525185408912,2024-08-16,LAW501,Harvard,non-Stem,2.0,22772.0,46.5
140525185403408,2024-12-12,LAW401,Harvard,non-Stem,4.0,16290.0,55.93
140525185410384,2024-12-18,LAW401,Harvard,non-Stem,3.0,15745.0,40.31
140525185412048,2024-05-12,LAW501,Harvard,non-Stem,2.0,21198.0,60.68
140525185416848,2024-12-13,LAW401,Harvard,non-Stem,3.0,15685.0,53.25
140525185408272,2024-07-14,LAW501,Harvard,non-Stem,3.0,21231.0,49.56
140525185408464,2024-12-28,LAW601,Harvard,non-Stem,2.0,25106.0,63.98
140525185405072,2024-10-16,LAW401,Harvard,non-Stem,1.0,15207.0,49.68
140525185405904,2024-08-01,LAW501,Harvard,non-Stem,5.0,20717.0,74.5
140525185409296,2024-10-22,LAW401,Harvard,non-Stem,3.0,15679.0,70.73
140525185407760,2024-12-06,LAW501,Harvard,non-Stem,4.0,19109.874457308248,69.93520170043416
140525185406800,2024-10-19,LAW501,Harvard,non-Stem,3.5576437831723657,20450.0,87.68
140525185403344,2024-11-17,LAW401,Harvard,non-Stem,4.0,17009.0,40.78
140525185403792,2024-07-22,LAW501,Harvard,non-Stem,1.0,20751.0,70.37
140525185405008,2024-05-28,LAW501,Harvard,non-Stem,3.0,23960.0,55.07
140525185414032,2024-09-30,LAW501,Harvard,non-Stem,3.5576437831723657,19109.874457308248,69.93520170043416
140525185411664,2024-10-24,LAW601,Harvard,non-Stem,4.0,26898.0,45.43
140526233851664,2024-10-23,LAW601,Harvard,non-Stem,2.0,19109.874457308248,69.93520170043416
140526233850256,2024-12-28,LAW501,Harvard,non-Stem,2.0,20550.0,40.48
140525185205584,2024-11-06,LAW401,Harvard,non-Stem,4.0,15256.0,66.37
140525185214160,2024-12-11,LAW501,Harvard,non-Stem,3.0,20018.0,91.96
140525185205264,2024-08-31,LAW501,Harvard,non-Stem,1.0,21834.0,50.53
140525185212240,2024-09-11,LAW401,Harvard,non-Stem,4.0,15088.0,41.27
140525185211984,2024-08-05,LAW401,Harvard,non-Stem,1.0,18094.0,45.13
140525185215696,2024-05-30,LAW501,Harvard,non-Stem,4.0,21774.0,43.87
140525185216656,2024-09-11,LAW501,Harvard,non-Stem,3.0,22018.0,47.53
140525185212880,2024-08-14,LAW501,Harvard,non-Stem,2.0,21404.0,48.69
140525185209872,2024-10-10,LAW401,Harvard,non-Stem,4.0,15250.0,44.43
140525185205968,2024-11-27,LAW401,Harvard,non-Stem,3.0,16873.0,53.51
140525185205328,2024-12-28,LAW401,Harvard,non-Stem,2.0,19109.874457308248,69.93520170043416
140525185215248,2024-10-05,LAW401,Harvard,non-Stem,4.0,18649.0,47.97
140525185211088,2024-07-11,LAW501,Harvard,non-Stem,2.0,21598.0,68.59
140525962806544,2024-12-16,LAW501,Harvard,non-Stem,4.0,20438.0,49.65
140525962812048,2024-10-27,LAW501,Harvard,non-Stem,3.0,20090.0,53.03
140525962818896,2024-12-11,LAW601,Harvard,non-Stem,3.0,29397.0,41.72
140525962813712,2024-11-10,LAW401,Harvard,non-Stem,4.0,16298.0,52.58
140525962815568,2024-06-17,LAW401,Harvard,non-Stem,3.0,15711.0,45.5
140525962819088,2024-11-22,LAW501,Harvard,non-Stem,2.0,20689.0,51.3
140525962815312,2024-09-29,LAW501,Harvard,non-Stem,3.0,22245.0,60.84
140525962811856,2024-11-16,LAW501,Harvard,non-Stem,2.0,19109.874457308248,69.93520170043416
140525962808080,2024-10-11,LAW401,Harvard,non-Stem,4.0,15883.0,84.58
140525962808528,2024-11-28,LAW401,Harvard,non-Stem,4.0,16177.0,54.29
140525962812944,2024-10-08,LAW401,Harvard,non-Stem,4.0,15957.0,56.83
140525962811088,2024-07-04,LAW401,Harvard,non-Stem,3.0,15713.0,53.29
140525962817616,2024-10-25,LAW401,Harvard,non-Stem,3.0,16888.0,66.86
140525962807632,2024-08-27,LAW401,Harvard,non-Stem,3.0,17499.0,48.47
140525962819664,2024-12-02,LAW401,Harvard,non-Stem,1.0,15296.0,75.04
140525962820496,2024-11-26,LAW501,Harvard,non-Stem,2.0,19109.874457308248,69.93520170043416
140525962814096,2024-12-18,LAW501,Harvard,non-Stem,4.0,20131.0,54.39
140525962813520,2024-12-15,LAW601,Harvard,non-Stem,4.0,26155.0,48.51
140525962816400,2024-11-09,LAW401,Harvard,non-Stem,3.0,19109.874457308248,69.93520170043416
140525962808912,2024-12-28,LAW501,Harvard,non-Stem,3.0,19109.874457308248,69.93520170043416
140525962814864,2024-08-03,LAW401,Harvard,non-Stem,2.0,15879.0,41.9
140525962808336,2024-08-31,LAW401,Harvard,non-Stem,2.0,16908.0,56.16
140525962813776,2024-12-26,LAW601,Harvard,non-Stem,3.0,25266.0,66.3
140525962812752,2024-12-27,LAW501,Harvard,non-Stem,2.0,20450.0,47.23
140525962813008,2024-05-22,LAW501,Harvard,non-Stem,3.0,21558.0,46.54
140525962820112,2024-08-17,LAW401,Harvard,non-Stem,4.0,15407.0,43.04
140525962818832,2024-12-24,LAW401,Harvard,non-Stem,2.0,18224.0,57.27
140525962809872,2024-12-04,LAW401,Harvard,non-Stem,4.0,15145.0,57.03
140525962805776,2024-12-08,LAW401,Harvard,non-Stem,4.0,16663.0,61.38
140525962805840,2024-11-24,LAW401,Harvard,non-Stem,3.0,15011.0,42.48
140525962814672,2024-02-25,LAW401,Harvard,non-Stem,2.0,15752.0,58.57
140525962813328,2024-09-04,LAW401,Harvard,non-Stem,2.0,16005.0,46.67
140525962808592,2024-11-14,LAW501,Harvard,non-Stem,5.0,20913.0,59.12
140525962815376,2024-06-16,LAW501,Harvard,non-Stem,5.0,20380.0,44.58
140525962813392,2024-12-11,LAW401,Harvard,non-Stem,1.0,15308.0,49.56
140525962817104,2024-12-30,LAW401,Harvard,non-Stem,3.0,17506.0,43.86
140525962811600,2024-08-24,LAW501,Harvard,non-Stem,4.0,21073.0,53.36
140525962820176,2024-09-05,LAW501,Harvard,non-Stem,4.0,20955.0,80.56
140525962810512,2024-09-30,LAW501,Harvard,non-Stem,4.0,20350.0,44.57
140525962818320,2024-12-03,LAW501,Harvard,non-Stem,3.5576437831723657,20171.0,60.61
140525962810000,2024-12-11,LAW601,Harvard,non-Stem,4.0,27556.0,58.12
140525962816976,2024-11-29,LAW501,Harvard,non-Stem,3.5576437831723657,20425.0,81.26
140525962808656,2024-11-06,LAW501,Harvard,non-Stem,4.0,20817.0,54.6
140525962813968,2024-10-19,LAW501,Harvard,non-Stem,4.0,23396.0,59.24
140525962814288,2024-06-14,LAW401,Harvard,non-Stem,3.0,15479.0,50.62
140525962817552,2024-10-11,LAW501,Harvard,non-Stem,3.0,21628.0,52.47
140525962809488,2024-12-12,LAW501,Harvard,non-Stem,2.0,22381.0,44.94
140525962807312,2024-08-22,LAW501,Harvard,non-Stem,2.0,24202.0,42.22
140525962817360,2024-08-18,LAW601,Harvard,non-Stem,4.0,25227.0,48.81
140525962811216,2024-10-28,LAW501,Harvard,non-Stem,4.0,21344.0,53.93
140525962814608,2024-12-04,LAW601,Harvard,non-Stem,4.0,25690.0,41.39
140525962808848,2024-06-07,LAW401,Harvard,non-Stem,3.0,15271.0,77.65
140525962809360,2024-11-23,LAW401,Harvard,non-Stem,2.0,19109.874457308248,69.93520170043416
140525962816720,2024-05-08,LAW501,Harvard,non-Stem,4.0,19109.874457308248,69.93520170043416
140525962818256,2024-07-26,LAW501,Harvard,non-Stem,1.0,19109.874457308248,69.93520170043416
140525962817296,2024-11-26,LAW401,Harvard,non-Stem,4.0,15904.0,63.74
140525962817744,2024-06-14,LAW601,Harvard,non-Stem,4.0,25080.0,46.26
140525962809744,2024-12-25,LAW501,Harvard,non-Stem,3.0,21056.0,52.41
140525962815248,2024-10-19,LAW401,Harvard,non-Stem,4.0,19109.874457308248,69.93520170043416
140525962817488,2024-08-16,LAW501,Harvard,non-Stem,2.0,20416.0,66.24
140525962811792,2024-12-26,LAW401,Harvard,non-Stem,3.0,15704.0,44.25
140525962808208,2024-04-28,LAW401,Harvard,non-Stem,4.0,17667.0,49.98
140525962818960,2024-12-08,LAW501,Harvard,non-Stem,2.0,20587.0,43.15
140525962806032,2024-12-01,LAW501,Harvard,non-Stem,4.0,21056.0,54.27
140525962816144,2024-11-28,LAW401,Harvard,non-Stem,4.0,16049.0,44.34
140525962814032,2024-12-15,LAW501,Harvard,non-Stem,2.0,20616.0,41.69
140525962813456,2024-12-24,LAW501,Harvard,non-Stem,4.0,23677.0,69.31
140525962813264,2024-08-24,LAW501,Harvard,non-Stem,2.0,20536.0,47.62
140525962820432,2024-11-04,LAW501,Harvard,non-Stem,4.0,22640.0,45.62
140525962818512,2024-10-29,LAW501,Harvard,non-Stem,2.0,20979.0,82.32
140525962813648,2024-06-26,LAW501,Harvard,non-Stem,3.0,20982.0,68.94
140525962817232,2024-11-05,LAW501,Harvard,non-Stem,3.0,20148.0,61.32
140525962819984,2024-11-11,LAW501,Harvard,non-Stem,2.0,19109.874457308248,69.93520170043416
140525962819472,2024-08-18,LAW401,Harvard,non-Stem,3.0,15191.0,41.88
140525962812176,2024-05-15,LAW401,Harvard,non-Stem,2.0,16930.0,48.78
140525962806608,2024-11-12,LAW501,Harvard,non-Stem,4.0,23958.0,40.77
140525962816784,2024-12-16,LAW401,Harvard,non-Stem,2.0,19109.874457308248,69.93520170043416
140525962810576,2024-12-23,LAW401,Harvard,non-Stem,2.0,19109.874457308248,69.93520170043416
140525962810128,2024-11-30,LAW501,Harvard,non-Stem,2.0,20315.0,74.35
140525962808272,2024-12-31,LAW401,Harvard,non-Stem,3.0,19109.874457308248,69.93520170043416
140525962806864,2024-11-23,LAW401,Harvard,non-Stem,4.0,15498.0,49.94
140525962807824,2024-12-02,LAW501,Harvard,non-Stem,4.0,20335.0,49.32
140525962814736,2024-11-23,LAW401,Harvard,non-Stem,3.0,16481.0,73.16
140525962815056,2024-12-09,LAW501,Harvard,non-Stem,2.0,20515.0,47.26
140525185575120,2024-12-06,LAW501,Harvard,non-Stem,3.0,21003.0,54.24
140525185571344,2024-08-31,LAW501,Harvard,non-Stem,1.0,20744.0,42.92
140525185569616,2024-07-29,LAW401,Harvard,non-Stem,1.0,15116.0,58.84
140525185567824,2024-07-14,LAW401,Harvard,non-Stem,3.0,15380.0,47.96
140525185580048,2024-10-12,LAW501,Harvard,non-Stem,3.0,20057.0,43.24
140525185572688,2024-06-24,LAW501,Harvard,non-Stem,4.0,22060.0,70.33
140525185574224,2024-11-22,LAW401,Harvard,non-Stem,3.0,15628.0,56.96
140525185577936,2024-12-03,LAW601,Harvard,non-Stem,4.0,25208.0,41.98
140525185568720,2024-12-05,LAW501,Harvard,non-Stem,3.0,19109.874457308248,69.93520170043416
140525185579856,2024-12-04,LAW501,Harvard,non-Stem,4.0,21101.0,83.31
140525185574608,2024-09-10,LAW501,Harvard,non-Stem,4.0,21377.0,46.35
140525185571472,2024-11-24,LAW601,Harvard,non-Stem,3.0,26050.0,40.13
140525185578832,2024-09-28,LAW501,Harvard,non-Stem,2.0,22493.0,64.09
140525185576912,2024-12-19,LAW601,Harvard,non-Stem,3.0,25480.0,43.24
140525185573072,2024-11-16,LAW501,Harvard,non-Stem,4.0,20923.0,42.27
140525185578896,2024-10-02,LAW601,Harvard,non-Stem,4.0,19109.874457308248,69.93520170043416
140525185570832,2024-07-06,LAW401,Harvard,non-Stem,3.0,16970.0,41.52
140525185569296,2024-09-07,LAW501,Harvard,non-Stem,5.0,21925.0,70.92
140525185572112,2024-12-23,LAW501,Harvard,non-Stem,4.0,20873.0,50.19
140525185577232,2024-10-15,LAW501,Harvard,non-Stem,1.0,20120.0,44.31
140525185569040,2024-10-28,LAW501,Harvard,non-Stem,3.0,20377.0,47.06
140525185565008,2024-08-20,LAW401,Harvard,non-Stem,2.0,18397.0,52.06
140525185579600,2024-11-30,LAW501,Harvard,non-Stem,1.0,23296.0,61.94
140525185577424,2024-08-19,LAW501,Harvard,non-Stem,4.0,20492.0,43.29
140525185573008,2024-12-28,LAW601,Harvard,non-Stem,2.0,27435.0,40.27
140525185574992,2024-12-31,LAW401,Harvard,non-Stem,2.0,17175.0,40.93
140525185574352,2024-07-30,LAW501,Harvard,non-Stem,4.0,22596.0,67.01
140525185569360,2024-10-30,LAW401,Harvard,non-Stem,3.0,16392.0,63.89
140525185573648,2024-12-05,LAW501,Harvard,non-Stem,2.0,20034.0,46.41
140525185570640,2024-06-27,LAW401,Harvard,non-Stem,4.0,17552.0,99.0
140525185570192,2024-11-16,LAW501,Harvard,non-Stem,3.0,20295.0,47.25
140525185571728,2024-11-06,LAW401,Harvard,non-Stem,2.0,18909.0,40.24
140525185567440,2024-11-10,LAW501,Harvard,non-Stem,2.0,21305.0,82.91
140525185570000,2024-12-29,LAW401,Harvard,non-Stem,5.0,15650.0,50.23
140525185566160,2024-09-28,LAW501,Harvard,non-Stem,5.0,21740.0,45.49
140525185580304,2024-08-26,LAW501,Harvard,non-Stem,4.0,20320.0,53.1
140525185565520,2024-05-16,LAW401,Harvard,non-Stem,4.0,18051.0,63.31
140525185573712,2024-08-20,LAW501,Harvard,non-Stem,2.0,22336.0,70.31
140525185576592,2024-09-11,LAW401,Harvard,non-Stem,2.0,15030.0,53.8
140525185566608,2024-07-02,LAW501,Harvard,non-Stem,2.0,20873.0,42.62
140525185565712,2024-09-07,LAW501,Harvard,non-Stem,4.0,20362.0,48.45
140525185569488,2024-12-29,LAW601,Harvard,non-Stem,2.0,25053.0,47.98
140525185573904,2024-09-28,LAW501,Harvard,non-Stem,4.0,20380.0,67.18
140525185579792,2024-11-09,LAW501,Harvard,non-Stem,3.0,24730.0,78.58
140525185580560,2024-08-28,LAW401,Harvard,non-Stem,2.0,16262.0,77.19
140525185569232,2024-08-24,LAW501,Harvard,non-Stem,3.0,20066.0,42.84
140525185571984,2024-06-26,LAW401,Harvard,non-Stem,1.0,16829.0,68.95
140525185572304,2024-10-15,LAW401,Harvard,non-Stem,4.0,16038.0,65.54
140525185573136,2024-06-07,LAW401,Harvard,non-Stem,2.0,15535.0,69.03
140525185579920,2024-12-22,LAW401,Harvard,non-Stem,3.0,18164.0,46.53
140525185566096,2024-08-17,LAW501,Harvard,non-Stem,3.0,21286.0,54.72
140525185575312,2024-09-10,LAW501,Harvard,non-Stem,5.0,21166.0,60.18
140525185580240,2024-12-25,LAW501,Harvard,non-Stem,4.0,22745.0,67.1
140525185570896,2024-11-02,LAW401,Harvard,non-Stem,3.0,17350.0,46.31
140525185571664,2024-11-11,LAW501,Harvard,non-Stem,3.5576437831723657,20993.0,41.92
140525185573456,2024-07-10,LAW501,Harvard,non-Stem,4.0,23092.0,42.43
140525185567568,2024-11-29,LAW501,Harvard,non-Stem,4.0,21624.0,40.36
140525185578768,2024-12-24,LAW401,Harvard,non-Stem,2.0,16490.0,72.62
140525185578512,2024-09-26,LAW401,Harvard,non-Stem,2.0,15618.0,61.44
140525185572432,2024-07-31,LAW401,Harvard,non-Stem,5.0,18020.0,41.96
140525185578640,2024-11-30,LAW501,Harvard,non-Stem,2.0,20058.0,49.0
140525185574864,2024-12-07,LAW401,Harvard,non-Stem,3.0,17061.0,58.48
140525185572816,2024-12-10,LAW501,Harvard,non-Stem,3.0,22045.0,51.3
140525185576464,2024-11-22,LAW501,Harvard,non-Stem,1.0,21703.0,52.48
140525136455312,2024-07-09,LAW501,Harvard,non-Stem,1.0,20119.0,49.8
140525136459856,2024-12-26,LAW401,Harvard,non-Stem,4.0,16956.0,45.42
140525136450960,2024-11-17,LAW401,Harvard,non-Stem,3.0,16645.0,50.29
140525136460880,2024-10-03,LAW401,Harvard,non-Stem,5.0,15285.0,50.25
140525136452752,2024-09-26,LAW401,Harvard,non-Stem,2.0,16927.0,76.88
140525136446736,2024-10-04,LAW401,Harvard,non-Stem,3.0,15147.0,45.11
140525136459600,2024-08-16,LAW501,Harvard,non-Stem,2.0,22218.0,43.06
140525136453264,2024-08-17,LAW401,Harvard,non-Stem,3.0,17851.0,59.04
140525136450000,2024-11-12,LAW501,Harvard,non-Stem,2.0,20182.0,79.24
140525136456016,2024-09-27,LAW501,Harvard,non-Stem,2.0,20582.0,53.35
140525136448976,2024-12-16,LAW501,Harvard,non-Stem,4.0,20617.0,47.05
140525136461136,2024-12-02,LAW401,Harvard,non-Stem,4.0,15246.0,40.58
140525136455824,2024-12-22,LAW501,Harvard,non-Stem,3.0,19109.874457308248,69.93520170043416
140525136449488,2024-11-23,LAW401,Harvard,non-Stem,3.0,19356.0,51.41
140525136450768,2024-10-24,LAW401,Harvard,non-Stem,4.0,16250.0,80.24
140525136447504,2024-10-01,LAW401,Harvard,non-Stem,1.0,19109.874457308248,69.93520170043416
140525136460112,2024-05-04,LAW401,Harvard,non-Stem,3.0,15909.0,51.34
140525136457296,2024-08-09,LAW401,Harvard,non-Stem,3.0,15692.0,41.7
140525136458064,2024-08-02,LAW401,Harvard,non-Stem,3.0,15893.0,41.2
140525136452240,2024-09-27,LAW401,Harvard,non-Stem,3.0,18628.0,69.13
140525136451472,2024-09-16,LAW601,Harvard,non-Stem,2.0,27728.0,52.37
140525136459088,2024-12-19,LAW401,Harvard,non-Stem,3.0,16057.0,82.62
140525136449744,2024-07-17,LAW501,Harvard,non-Stem,1.0,22071.0,71.87
140525136451216,2024-10-27,LAW501,Harvard,non-Stem,3.0,21185.0,67.36
140525136446992,2024-11-23,LAW501,Harvard,non-Stem,1.0,22519.0,40.3
140525136455568,2024-12-23,LAW601,Harvard,non-Stem,2.0,26194.0,46.97
140525136448720,2024-10-11,LAW401,Harvard,non-Stem,3.5576437831723657,16415.0,46.21
140525136460368,2024-08-03,LAW501,Harvard,non-Stem,5.0,21486.0,66.05
140525136450256,2024-12-17,LAW401,Harvard,non-Stem,3.0,16780.0,77.42
140525136456272,2024-07-16,LAW501,Harvard,non-Stem,2.0,23036.0,80.14
140525136456784,2024-05-26,LAW401,Harvard,non-Stem,2.0,16065.0,61.51
140525136448272,2024-08-04,LAW401,Harvard,non-Stem,3.0,16022.0,41.99
140525136451984,2024-04-03,LAW501,Harvard,non-Stem,3.5576437831723657,21758.0,59.75
140525178053584,2024-12-27,LAW401,Harvard,non-Stem,3.0,15042.0,57.37
140525178057872,2024-11-17,LAW501,Harvard,non-Stem,2.0,20146.0,78.29
140525178048656,2024-11-16,LAW401,Harvard,non-Stem,3.0,15476.0,46.24
140525178052304,2024-12-27,LAW501,Harvard,non-Stem,3.0,23195.0,71.34
140525178059664,2024-09-15,LAW601,Harvard,non-Stem,2.0,25716.0,61.44
140525178047120,2024-11-14,LAW601,Harvard,non-Stem,2.0,26966.0,50.45
140525178052560,2024-12-25,LAW501,Harvard,non-Stem,3.0,21109.0,41.64
140525178050384,2024-12-27,LAW601,Harvard,non-Stem,4.0,26110.0,53.48
140525178047376,2024-11-23,LAW501,Harvard,non-Stem,3.0,22105.0,53.81
140525178059920,2024-07-16,LAW401,Harvard,non-Stem,3.0,15296.0,41.92
140525178050896,2024-11-27,LAW401,Harvard,non-Stem,3.0,15690.0,70.98
140525178045584,2024-09-26,LAW501,Harvard,non-Stem,5.0,20484.0,66.45
140525178053072,2024-09-30,LAW401,Harvard,non-Stem,3.0,16659.0,42.64
140525178054800,2024-11-19,LAW501,Harvard,non-Stem,3.0,23678.0,58.41
140525178060176,2024-12-18,LAW401,Harvard,non-Stem,2.0,15555.0,62.26
140525178051856,2024-08-27,LAW401,Harvard,non-Stem,3.0,15070.0,58.43
140525178048144,2024-08-16,LAW401,Harvard,non-Stem,4.0,17318.0,53.31
140525178045328,2024-09-20,LAW501,Harvard,non-Stem,3.5576437831723657,21247.0,44.65
140525178049616,2024-08-09,LAW401,Harvard,non-Stem,3.0,16420.0,51.26
140525178046608,2024-10-25,LAW501,Harvard,non-Stem,3.0,20092.0,59.75
140525178044816,2024-09-15,LAW501,Harvard,non-Stem,3.0,22108.0,62.64
140525178059152,2024-12-09,LAW401,Harvard,non-Stem,3.0,18354.0,58.52
140525178055568,2024-10-13,LAW401,Harvard,non-Stem,2.0,15197.0,48.4
140525178057104,2024-05-15,LAW501,Harvard,non-Stem,4.0,20954.0,47.44
140525178047888,2024-09-07,LAW501,Harvard,non-Stem,2.0,19109.874457308248,69.93520170043416
140525178054288,2024-10-25,LAW501,Harvard,non-Stem,3.0,20281.0,80.97
140525178045072,2024-12-16,LAW401,Harvard,non-Stem,3.0,17185.0,75.24
140525178057616,2024-11-26,LAW501,Harvard,non-Stem,3.0,20514.0,50.89
140525178056080,2024-10-21,LAW501,Harvard,non-Stem,2.0,24171.0,73.07
140525139429328,2024-03-28,LAW401,Harvard,non-Stem,2.0,16282.0,46.32
140525139428560,2024-10-08,LAW401,Harvard,non-Stem,2.0,15085.0,58.2
140525139434192,2024-12-19,LAW501,Harvard,non-Stem,3.0,21045.0,45.0
140525139431632,2024-09-06,LAW401,Harvard,non-Stem,3.0,16297.0,63.13
140525139428048,2024-09-16,LAW501,Harvard,non-Stem,1.0,20478.0,71.64
140525139437392,2024-11-30,LAW501,Harvard,non-Stem,5.0,23799.0,51.09
140525139428816,2024-09-12,LAW401,Harvard,non-Stem,4.0,17033.0,43.38
140525139441488,2024-12-31,LAW401,Harvard,non-Stem,4.0,15650.0,52.53
140525139433168,2024-07-01,LAW401,Harvard,non-Stem,1.0,15239.0,49.06
140525139442512,2024-12-13,LAW401,Harvard,non-Stem,3.0,17132.0,41.59
140525139439440,2024-11-23,LAW401,Harvard,non-Stem,3.0,16613.0,55.41
140525139433936,2024-12-08,LAW501,Harvard,non-Stem,2.0,20642.0,41.59
140525139432144,2024-08-21,LAW401,Harvard,non-Stem,3.0,16182.0,43.37
140525139431376,2024-06-13,LAW401,Harvard,non-Stem,4.0,16454.0,73.76
140525139440208,2024-07-04,LAW401,Harvard,non-Stem,2.0,19109.874457308248,69.93520170043416
140525139427536,2024-11-04,LAW501,Harvard,non-Stem,2.0,19109.874457308248,69.93520170043416
140525139430608,2024-09-28,LAW501,Harvard,non-Stem,4.0,23539.0,52.5
140525139435344,2024-11-21,LAW501,Harvard,non-Stem,5.0,22538.0,60.75
140525139436880,2024-12-22,LAW401,Harvard,non-Stem,4.0,15011.0,45.52
140525139443280,2024-06-19,LAW601,Harvard,non-Stem,3.0,26401.0,66.89
140525139442256,2024-11-04,LAW501,Harvard,non-Stem,3.0,23176.0,51.0
140525139429584,2024-10-27,LAW401,Harvard,non-Stem,1.0,16569.0,41.45
140525139439952,2024-11-18,LAW401,Harvard,non-Stem,3.0,17194.0,62.33
140525139441232,2024-12-11,LAW501,Harvard,non-Stem,3.0,22438.0,45.49
140525139437904,2024-06-17,LAW401,Harvard,non-Stem,3.0,16432.0,52.3
140525139433680,2024-03-04,LAW401,Harvard,non-Stem,4.0,19109.874457308248,69.93520170043416
140525139440720,2024-12-24,LAW501,Harvard,non-Stem,4.0,20881.0,40.9
140525139435600,2024-09-02,LAW401,Harvard,non-Stem,4.0,16816.0,62.11
140525188880656,2024-09-19,LAW601,Harvard,non-Stem,4.0,27243.0,44.3
140525188890320,2024-07-19,LAW501,Harvard,non-Stem,4.0,20974.0,67.55
140525188887952,2024-09-02,LAW401,Harvard,non-Stem,4.0,16231.0,60.68
140525188878288,2024-12-30,LAW401,Harvard,non-Stem,3.0,15562.0,40.41
140525188880528,2024-10-30,LAW501,Harvard,non-Stem,3.5576437831723657,20047.0,43.74
140525188888656,2024-09-28,LAW401,Harvard,non-Stem,4.0,16168.0,43.14
140525188889040,2024-03-19,LAW501,Harvard,non-Stem,3.0,21472.0,57.11
140525188883408,2024-10-16,LAW401,Harvard,non-Stem,3.0,15556.0,51.1
140525188877904,2024-10-18,LAW401,Harvard,non-Stem,2.0,15930.0,44.57
140525188880464,2024-10-20,LAW601,Harvard,non-Stem,3.0,26313.0,58.42
140525188877840,2024-10-24,LAW401,Harvard,non-Stem,2.0,15643.0,44.4
140525188875600,2024-12-20,LAW401,Harvard,non-Stem,3.5576437831723657,17501.0,51.37
140525188888400,2024-09-18,LAW501,Harvard,non-Stem,3.5576437831723657,21714.0,78.93
140525188883088,2024-10-13,LAW401,Harvard,non-Stem,3.0,15901.0,71.05
140525188889936,2024-10-04,LAW601,Harvard,non-Stem,2.0,25049.0,64.22
140525188881360,2024-06-08,LAW601,Harvard,non-Stem,4.0,26042.0,44.29
140525188886160,2024-12-10,LAW401,Harvard,non-Stem,1.0,16304.0,40.58
140525188883280,2024-11-13,LAW601,Harvard,non-Stem,4.0,26531.0,46.15
140525188877392,2024-12-26,LAW401,Harvard,non-Stem,3.0,19124.0,47.74
140525188880592,2024-04-21,LAW501,Harvard,non-Stem,2.0,19109.874457308248,69.93520170043416
140525188875024,2024-05-19,LAW501,Harvard,non-Stem,3.0,24109.0,43.93
140525188879184,2024-12-08,LAW501,Harvard,non-Stem,2.0,21859.0,45.88
140525188884688,2024-09-13,LAW501,Harvard,non-Stem,3.0,20854.0,59.46
140525188874576,2024-12-16,LAW401,Harvard,non-Stem,3.0,15002.0,45.97
140525188879568,2024-11-17,LAW501,Harvard,non-Stem,1.0,21014.0,60.89
140525188874448,2024-11-28,LAW501,Harvard,non-Stem,3.0,20991.0,47.86
140525188882256,2024-10-01,LAW501,Harvard,non-Stem,2.0,21049.0,53.01
140525188887376,2024-12-07,LAW501,Harvard,non-Stem,4.0,22378.0,73.46
140525188875280,2024-07-20,LAW601,Harvard,non-Stem,3.0,28113.0,44.63
140525188876816,2024-11-26,LAW501,Harvard,non-Stem,4.0,21119.0,44.92
140525188875088,2024-12-29,LAW501,Harvard,non-Stem,3.0,22207.0,43.5
140525188881808,2024-11-30,LAW501,Harvard,non-Stem,3.0,20778.0,40.36
140525188880976,2024-12-21,LAW401,Harvard,non-Stem,3.5576437831723657,17643.0,43.54
140525188874512,2024-06-30,LAW501,Harvard,non-Stem,4.0,20396.0,59.61
140525188885456,2024-09-28,LAW401,Harvard,non-Stem,4.0,19109.874457308248,69.93520170043416
140525188885520,2024-08-07,LAW401,Harvard,non-Stem,2.0,15011.0,57.74
140525188884944,2024-12-21,LAW401,Harvard,non-Stem,3.0,18227.0,45.73
140525188889104,2024-12-21,LAW501,Harvard,non-Stem,3.0,22604.0,46.99
140525188886352,2024-11-26,LAW601,Harvard,non-Stem,2.0,25726.0,43.02
140525188875472,2024-11-23,LAW501,Harvard,non-Stem,4.0,20294.0,46.87
140525188887440,2024-08-03,LAW401,Harvard,non-Stem,3.0,18812.0,41.62
140525188883664,2024-11-12,LAW501,Harvard,non-Stem,3.0,20321.0,48.21
140525188876624,2024-12-05,LAW501,Harvard,non-Stem,1.0,20592.0,69.61
140525188886864,2024-12-28,LAW501,Harvard,non-Stem,4.0,21991.0,52.1
140525188883920,2024-11-24,LAW401,Harvard,non-Stem,3.0,15869.0,75.2
140525188877968,2024-10-19,LAW401,Harvard,non-Stem,3.0,16721.0,42.79
140525188881424,2024-10-25,LAW501,Harvard,non-Stem,2.0,23242.0,45.93
140525188879248,2024-07-19,LAW401,Harvard,non-Stem,4.0,15151.0,77.02
140525188884560,2024-12-16,LAW501,Harvard,non-Stem,2.0,20666.0,42.03
140525188888784,2024-12-28,LAW401,Harvard,non-Stem,3.0,17623.0,59.38
140525188888976,2024-10-05,LAW401,Harvard,non-Stem,4.0,17009.0,48.75
140525188882000,2024-12-14,LAW501,Harvard,non-Stem,2.0,22106.0,84.18
140525188881872,2024-07-12,LAW401,Harvard,non-Stem,3.0,15825.0,44.9
140525188876560,2024-12-16,LAW401,Harvard,non-Stem,3.0,15905.0,48.9
140525188884048,2024-12-21,LAW401,Harvard,non-Stem,3.0,18552.0,54.59
140525188885904,2024-12-25,LAW401,Harvard,non-Stem,4.0,16064.0,72.24
140525188890128,2024-12-06,LAW501,Harvard,non-Stem,4.0,20702.0,51.01
140525188889552,2024-12-10,LAW501,Harvard,non-Stem,3.5576437831723657,20878.0,52.16
140525188886928,2024-09-22,LAW401,Harvard,non-Stem,1.0,16430.0,55.56
140525188881168,2024-10-27,LAW401,Harvard,non-Stem,2.0,19109.874457308248,69.93520170043416
140525188883792,2024-11-25,LAW401,Harvard,non-Stem,1.0,15645.0,67.19
140525188888144,2024-10-18,LAW501,Harvard,non-Stem,4.0,20122.0,40.7
140525188878352,2024-12-08,LAW401,Harvard,non-Stem,3.0,17389.0,50.51
140525188885968,2024-12-28,LAW501,Harvard,non-Stem,5.0,21300.0,40.49
140525188890512,2024-12-23,LAW401,Harvard,non-Stem,2.0,15877.0,51.23
140525188883024,2024-09-04,LAW501,Harvard,non-Stem,5.0,21156.0,51.32
140525188887888,2024-10-10,LAW401,Harvard,non-Stem,4.0,15819.0,47.7
140525188876368,2024-12-13,LAW501,Harvard,non-Stem,2.0,20792.0,53.81
140525188888528,2024-06-19,LAW401,Harvard,non-Stem,4.0,16874.0,44.55
140525188883472,2024-08-27,LAW401,Harvard,non-Stem,3.5576437831723657,15428.0,69.14
140525188874960,2024-12-31,LAW401,Harvard,non-Stem,3.0,19099.0,48.69
140525188878096,2024-11-09,LAW401,Harvard,non-Stem,2.0,17389.0,44.15
140525188889360,2024-07-11,LAW401,Harvard,non-Stem,4.0,16924.0,57.53
140525188888208,2024-11-26,LAW401,Harvard,non-Stem,3.0,15788.0,43.01
140525188876496,2024-08-18,LAW401,Harvard,non-Stem,5.0,16300.0,61.9
140525188886416,2024-08-09,LAW601,Harvard,non-Stem,4.0,25963.0,56.65
140525188886096,2024-12-28,LAW401,Harvard,non-Stem,1.0,15096.0,43.63
140525188885392,2024-06-06,LAW501,Harvard,non-Stem,4.0,21488.0,49.02
140525188883536,2024-10-22,LAW501,Harvard,non-Stem,2.0,21223.0,77.22
140525188874704,2024-10-02,LAW501,Harvard,non-Stem,4.0,20689.0,57.81
140525188881936,2024-09-26,LAW401,Harvard,non-Stem,3.0,19109.874457308248,69.93520170043416
140525188886608,2024-06-02,LAW401,Harvard,non-Stem,4.0,16141.0,59.0
140525188885648,2024-12-17,LAW501,Harvard,non-Stem,5.0,21686.0,46.06
140525188887056,2024-09-19,LAW401,Harvard,non-Stem,2.0,16793.0,44.91
140525188879824,2024-09-30,LAW401,Harvard,non-Stem,4.0,15908.0,46.86
140525188886736,2024-07-09,LAW401,Harvard,non-Stem,1.0,15855.0,68.08
140525188882384,2024-12-21,LAW401,Harvard,non-Stem,3.0,15502.0,78.07
140525188876432,2024-12-28,LAW501,Harvard,non-Stem,2.0,20708.0,46.94
140525188890448,2024-10-14,LAW501,Harvard,non-Stem,4.0,21096.0,71.5
140525188880912,2024-10-02,LAW401,Harvard,non-Stem,5.0,19109.874457308248,69.93520170043416
140525188889168,2024-11-30,LAW501,Harvard,non-Stem,4.0,20576.0,73.0
140525188875984,2024-11-07,LAW401,Harvard,non-Stem,2.0,16136.0,50.13
140525188885584,2024-12-26,LAW401,Harvard,non-Stem,5.0,15506.0,55.27
140525188879120,2024-11-06,LAW401,Harvard,non-Stem,2.0,15336.0,44.82
140525188883856,2024-12-28,LAW501,Harvard,non-Stem,4.0,21060.0,50.8
140525188881744,2024-09-07,LAW401,Harvard,non-Stem,2.0,16353.0,55.49
140525182895184,2024-09-20,LAW501,Harvard,non-Stem,3.0,22045.0,58.86
140525182908560,2024-12-29,LAW501,Harvard,non-Stem,3.0,21908.0,49.48
140525182905296,2024-12-28,LAW501,Harvard,non-Stem,4.0,23595.0,58.58
140525182902672,2024-08-05,LAW401,Harvard,non-Stem,2.0,15881.0,41.5
140525182900112,2024-11-16,LAW401,Harvard,non-Stem,3.0,15242.0,45.03
140525182898448,2024-11-13,LAW401,Harvard,non-Stem,2.0,17020.0,58.75
140525182908048,2024-11-05,LAW501,Harvard,non-Stem,2.0,19999.0,45.52
140525182900496,2024-10-03,LAW401,Harvard,non-Stem,5.0,15052.0,52.67
140525182899344,2024-12-01,LAW501,Harvard,non-Stem,2.0,22911.0,80.74
140525182905040,2024-11-23,LAW401,Harvard,non-Stem,4.0,17124.0,63.91
140525182904912,2024-12-28,LAW601,Harvard,non-Stem,2.0,25735.0,57.56
140525182903312,2024-12-27,LAW501,Harvard,non-Stem,5.0,23452.0,58.15
140525182903120,2024-07-18,LAW401,Harvard,non-Stem,3.5576437831723657,16599.0,53.32
140525182902928,2024-10-17,LAW401,Harvard,non-Stem,4.0,16042.0,78.95
140525182904144,2024-09-13,LAW501,Harvard,non-Stem,4.0,20684.0,42.32
140525182895760,2024-09-17,LAW501,Harvard,non-Stem,5.0,20111.0,51.25
140525182903504,2024-10-11,LAW501,Harvard,non-Stem,3.0,22614.0,42.97
140525182895056,2024-11-08,LAW401,Harvard,non-Stem,3.0,16609.0,43.97
140525182910288,2024-11-21,LAW501,Harvard,non-Stem,2.0,20236.0,52.64
140525182895120,2024-05-06,LAW501,Harvard,non-Stem,4.0,20475.0,46.73
140525182905104,2024-07-27,LAW501,Harvard,non-Stem,3.0,22497.0,57.53
140525182908240,2024-12-05,LAW401,Harvard,non-Stem,3.5576437831723657,18584.0,41.9
140525182905552,2024-10-22,LAW401,Harvard,non-Stem,2.0,16327.0,54.33
140525182897040,2024-09-28,LAW401,Harvard,non-Stem,2.0,16553.0,53.17
140525182909008,2024-09-10,LAW401,Harvard,non-Stem,3.0,16435.0,65.27
140525182902160,2024-04-05,LAW401,Harvard,non-Stem,4.0,16559.0,44.55
140525182908304,2024-07-23,LAW401,Harvard,non-Stem,4.0,15280.0,57.66
140525182909200,2024-09-17,LAW401,Harvard,non-Stem,3.0,17407.0,66.58
140525182904976,2024-09-19,LAW501,Harvard,non-Stem,3.0,22265.0,44.34
140525182906768,2024-12-03,LAW401,Harvard,non-Stem,1.0,16566.0,95.19
140525182900944,2024-12-21,LAW501,Harvard,non-Stem,2.0,20831.0,75.02
140525182896080,2024-08-17,LAW501,Harvard,non-Stem,3.0,21008.0,47.7
140525182895440,2024-06-30,LAW401,Harvard,non-Stem,3.0,15014.0,72.63
140525182900304,2024-12-29,LAW501,Harvard,non-Stem,4.0,20778.0,61.39
140525182902992,2024-12-21,LAW401,Harvard,non-Stem,1.0,15351.0,43.97
140525182894992,2024-12-26,LAW501,Harvard,non-Stem,2.0,23565.0,52.41
140525182897488,2024-07-18,LAW501,Harvard,non-Stem,4.0,22261.0,43.82
140525182898960,2024-11-01,LAW501,Harvard,non-Stem,4.0,20553.0,45.78
140525182897168,2024-05-07,LAW501,Harvard,non-Stem,3.0,21575.0,40.79
140525182909456,2024-02-17,LAW501,Harvard,non-Stem,3.0,20947.0,43.77
140525182894800,2024-09-28,LAW501,Harvard,non-Stem,4.0,22832.0,41.0
140525182906192,2024-09-06,LAW401,Harvard,non-Stem,5.0,16104.0,53.37
140525182909712,2024-12-28,LAW501,Harvard,non-Stem,2.0,22406.0,49.78
140525182903248,2024-09-10,LAW401,Harvard,non-Stem,3.0,15191.0,49.61
140525182895824,2024-05-22,LAW501,Harvard,non-Stem,1.0,21935.0,74.7
140525182908432,2024-09-04,LAW401,Harvard,non-Stem,2.0,19109.874457308248,69.93520170043416
140525182900688,2024-05-12,LAW501,Harvard,non-Stem,3.0,22072.0,61.1
140525182900752,2024-12-05,LAW401,Harvard,non-Stem,3.0,15521.0,42.84
140525182909072,2024-09-23,LAW401,Harvard,non-Stem,4.0,15990.0,63.98
140525182894288,2024-11-05,LAW501,Harvard,non-Stem,3.5576437831723657,21532.0,44.3
140525182909264,2024-07-19,LAW401,Harvard,non-Stem,4.0,15103.0,44.14
140525182904272,2024-09-13,LAW401,Harvard,non-Stem,3.0,16128.0,64.33
140525182900176,2024-12-04,LAW401,Harvard,non-Stem,2.0,18684.0,65.26
140525182899728,2024-10-22,LAW601,Harvard,non-Stem,3.0,27018.0,49.96
140525182910224,2024-12-28,LAW501,Harvard,non-Stem,2.0,20296.0,47.58
140525182898512,2024-10-06,LAW501,Harvard,non-Stem,3.0,20752.0,41.46
140525182904016,2024-09-30,LAW501,Harvard,non-Stem,3.5576437831723657,20820.0,69.72
140525182898576,2024-07-27,LAW401,Harvard,non-Stem,2.0,15452.0,54.86
140525182901392,2024-06-09,LAW401,Harvard,non-Stem,2.0,19109.874457308248,69.93520170043416
140525182910032,2024-10-11,LAW401,Harvard,non-Stem,2.0,15573.0,71.4
140525182897616,2024-12-05,LAW501,Harvard,non-Stem,4.0,22096.0,49.03
140525182901136,2024-03-15,LAW501,Harvard,non-Stem,2.0,22015.0,81.45
140525182895888,2024-07-25,LAW501,Harvard,non-Stem,3.0,23379.0,74.16
140525182896656,2024-12-09,LAW501,Harvard,non-Stem,4.0,20073.0,42.65
140525182898064,2024-11-12,LAW501,Harvard,non-Stem,2.0,19109.874457308248,69.93520170043416
140525182908752,2024-12-13,LAW501,Harvard,non-Stem,5.0,20676.0,51.47
140525182904080,2024-12-28,LAW401,Harvard,non-Stem,4.0,16322.0,67.62
140525182902480,2024-09-01,LAW501,Harvard,non-Stem,4.0,20383.0,51.86
140525182896272,2024-12-22,LAW501,Harvard,non-Stem,3.0,21193.0,69.15
140525182898256,2024-07-03,LAW501,Harvard,non-Stem,4.0,23356.0,69.78
140525182901008,2024-06-03,LAW601,Harvard,non-Stem,1.0,27893.0,49.01
140525182896400,2024-12-14,LAW401,Harvard,non-Stem,5.0,18693.0,54.35
140525182902224,2024-12-24,LAW501,Harvard,non-Stem,3.5576437831723657,19109.874457308248,69.93520170043416
140525182900624,2024-06-05,LAW401,Harvard,non-Stem,2.0,16398.0,50.24
140525182901776,2024-11-10,LAW401,Harvard,non-Stem,2.0,17874.0,41.36
140525182907664,2024-09-25,LAW501,Harvard,non-Stem,1.0,22873.0,40.69
140525182907408,2024-08-03,LAW401,Harvard,non-Stem,3.5576437831723657,17064.0,40.24
140525182897552,2024-12-08,LAW601,Harvard,non-Stem,4.0,26222.0,45.43
140525182908816,2024-11-03,LAW501,Harvard,non-Stem,4.0,19109.874457308248,69.93520170043416
140525182900432,2024-12-10,LAW401,Harvard,non-Stem,2.0,18139.0,40.14
140525182902800,2024-11-17,LAW401,Harvard,non-Stem,3.5576437831723657,16336.0,44.47
140525182895312,2024-12-27,LAW401,Harvard,non-Stem,5.0,29999.0,55.15
140525182908368,2024-10-09,LAW601,Harvard,non-Stem,5.0,25536.0,40.58
140525182902736,2024-11-17,LAW401,Harvard,non-Stem,3.0,18856.0,54.01
140525182904720,2024-10-31,LAW501,Harvard,non-Stem,4.0,22229.0,48.22
140525182894672,2024-12-28,LAW501,Harvard,non-Stem,2.0,20423.0,73.78
140525182905872,2024-12-28,LAW501,Harvard,non-Stem,4.0,20197.0,43.09
140525182899216,2024-11-13,LAW401,Harvard,non-Stem,3.0,17746.0,50.19
140525182899472,2024-10-17,LAW601,Harvard,non-Stem,3.0,26466.0,61.05
140525182894480,2024-12-26,LAW401,Harvard,non-Stem,4.0,19109.874457308248,69.93520170043416
140525182898832,2024-12-28,LAW501,Harvard,non-Stem,1.0,20656.0,56.82
140525182907152,2024-09-20,LAW401,Harvard,non-Stem,5.0,15070.0,54.29
140525182903952,2024-10-20,LAW401,Harvard,non-Stem,2.0,19109.874457308248,69.93520170043416
140525182901840,2024-08-28,LAW501,Harvard,non-Stem,2.0,21767.0,45.25
140525182904784,2024-12-04,LAW401,Harvard,non-Stem,3.0,15733.0,61.86
140525182899920,2024-03-17,LAW501,Harvard,non-Stem,4.0,20714.0,47.49
140525182901648,2024-11-23,LAW401,Harvard,non-Stem,4.0,16004.0,40.69
140525182898704,2024-11-27,LAW401,Harvard,non-Stem,5.0,16015.0,43.13
140525182902416,2024-11-27,LAW501,Harvard,non-Stem,2.0,20692.0,58.17
140525182902288,2024-10-19,LAW401,Harvard,non-Stem,4.0,17344.0,43.15
140525182904336,2024-10-15,LAW501,Harvard,non-Stem,3.0,22022.0,44.32
140525182905616,2024-09-10,LAW501,Harvard,non-Stem,2.0,20495.0,55.44
140525182904528,2024-10-14,LAW401,Harvard,non-Stem,2.0,16103.0,68.13
140525182907088,2024-07-14,LAW501,Harvard,non-Stem,2.0,20944.0,77.7
140525182894160,2024-10-28,LAW501,Harvard,non-Stem,4.0,20121.0,49.1
140525182905424,2024-10-05,LAW501,Harvard,non-Stem,2.0,19109.874457308248,69.93520170043416
140525182906832,2024-12-05,LAW501,Harvard,non-Stem,4.0,21427.0,40.6
140525182906064,2024-08-01,LAW401,Harvard,non-Stem,2.0,16082.0,43.39
140525182905936,2024-12-07,LAW501,Harvard,non-Stem,2.0,20238.0,52.66
140525182903056,2024-12-20,LAW401,Harvard,non-Stem,3.0,18389.0,67.85
140525182904592,2024-07-06,LAW501,Harvard,non-Stem,4.0,20446.0,68.21
140525182906256,2024-11-27,LAW501,Harvard,non-Stem,2.0,22902.0,66.51
140525182895632,2024-10-02,LAW401,Harvard,non-Stem,4.0,18032.0,49.26
140525182897808,2024-10-23,LAW401,Harvard,non-Stem,2.0,16534.0,66.83
140525182908496,2024-11-18,LAW501,Harvard,non-Stem,4.0,21718.0,53.18
140525182908944,2024-12-20,LAW401,Harvard,non-Stem,2.0,16670.0,50.64
140525182907536,2024-10-13,LAW401,Harvard,non-Stem,3.0,16269.0,58.98
140525182902608,2024-06-08,LAW501,Harvard,non-Stem,3.0,22809.0,52.76
140525182901904,2024-08-13,LAW401,Harvard,non-Stem,2.0,15120.0,53.79
140525182897296,2024-11-11,LAW401,Harvard,non-Stem,1.0,16503.0,51.46
140525182899536,2024-11-22,LAW501,Harvard,non-Stem,2.0,20986.0,54.45
140525138928144,2024-11-09,LAW401,Harvard,non-Stem,2.0,15377.0,51.24
140525138930192,2024-12-23,LAW501,Harvard,non-Stem,3.5576437831723657,21571.0,62.12
140525138922000,2024-08-07,LAW401,Harvard,non-Stem,3.0,15848.0,64.96
140525138925840,2024-07-14,LAW501,Harvard,non-Stem,3.0,22345.0,44.5
140525138923024,2024-08-13,LAW501,Harvard,non-Stem,2.0,21272.0,55.82
140525138929424,2024-11-03,LAW501,Harvard,non-Stem,4.0,21350.0,44.11
140525138921232,2024-09-03,LAW401,Harvard,non-Stem,2.0,16266.0,48.17
140525138929680,2024-11-13,LAW501,Harvard,non-Stem,1.0,20029.0,43.03
140525138933008,2024-09-02,LAW401,Harvard,non-Stem,4.0,15307.0,41.53
140525138927888,2024-12-25,LAW501,Harvard,non-Stem,3.0,21162.0,69.78
140525138928400,2024-07-31,LAW501,Harvard,non-Stem,3.0,19109.874457308248,69.93520170043416
140525138923536,2024-10-04,LAW401,Harvard,non-Stem,2.0,17310.0,46.27
140525138934800,2024-11-02,LAW401,Harvard,non-Stem,4.0,15849.0,45.88
140525138924816,2024-12-28,LAW501,Harvard,non-Stem,5.0,20016.0,72.67
140525138920208,2024-11-16,LAW501,Harvard,non-Stem,4.0,20902.0,49.28
140525138929168,2024-11-23,LAW501,Harvard,non-Stem,5.0,21098.0,46.22
140525138920976,2024-12-03,LAW401,Harvard,non-Stem,4.0,15454.0,65.94
140525138935568,2024-08-13,LAW401,Harvard,non-Stem,1.0,18114.0,60.61
140525138932240,2024-12-22,LAW401,Harvard,non-Stem,5.0,15571.0,57.22
140525138926608,2024-10-26,LAW501,Harvard,non-Stem,4.0,20819.0,57.55
140525138932752,2024-11-29,LAW401,Harvard,non-Stem,2.0,16584.0,47.87
140525138920720,2024-10-23,LAW501,Harvard,non-Stem,4.0,21281.0,43.09
140525138919952,2024-12-15,LAW401,Harvard,non-Stem,3.0,17251.0,47.16
140525138933776,2024-07-12,LAW501,Harvard,non-Stem,4.0,20844.0,64.45
140525138935760,2024-11-23,LAW501,Harvard,non-Stem,3.0,21473.0,42.85
140525138922256,2024-02-26,LAW501,Harvard,non-Stem,2.0,22635.0,43.2
140525138934544,2024-11-09,LAW501,Harvard,non-Stem,5.0,20778.0,59.52
140525138921744,2024-11-06,LAW401,Harvard,non-Stem,1.0,16474.0,48.88
140525138922512,2024-06-20,LAW501,Harvard,non-Stem,2.0,20264.0,67.39
140525138926352,2024-12-08,LAW501,Harvard,non-Stem,2.0,19109.874457308248,69.93520170043416
140525138925584,2024-11-03,LAW401,Harvard,non-Stem,3.0,17005.0,52.66
140525180794256,2024-09-20,LAW501,Harvard,non-Stem,4.0,20543.0,54.58
140525180780688,2024-09-08,LAW401,Harvard,non-Stem,4.0,15528.0,47.57
140525180786192,2024-10-17,LAW401,Harvard,non-Stem,4.0,17031.0,54.97
140525180783760,2024-12-25,LAW501,Harvard,non-Stem,2.0,20360.0,42.38
140525180790672,2024-10-12,LAW401,Harvard,non-Stem,3.0,16856.0,45.51
140525180790160,2024-11-09,LAW401,Harvard,non-Stem,3.0,17785.0,44.86
140525180795536,2024-07-16,LAW401,Harvard,non-Stem,3.0,16491.0,69.47
140525180785040,2024-11-03,LAW501,Harvard,non-Stem,3.0,20384.0,52.01
140525180793360,2024-11-15,LAW501,Harvard,non-Stem,4.0,20575.0,88.42
140525180790928,2024-09-02,LAW501,Harvard,non-Stem,1.0,22164.0,40.7
140525180786960,2024-12-19,LAW401,Harvard,non-Stem,4.0,16060.0,41.56
140525180787472,2024-12-27,LAW601,Harvard,non-Stem,4.0,27756.0,48.48
140525180785936,2024-09-04,LAW601,Harvard,non-Stem,4.0,19109.874457308248,69.93520170043416
140525180795408,2024-05-19,LAW501,Harvard,non-Stem,5.0,19109.874457308248,69.93520170043416
140525180785296,2024-11-18,LAW401,Harvard,non-Stem,2.0,17612.0,63.92
140525180780624,2024-11-23,LAW401,Harvard,non-Stem,4.0,15388.0,75.01
140525180790864,2024-11-07,LAW501,Harvard,non-Stem,3.5576437831723657,19109.874457308248,69.93520170043416
140525180787216,2024-10-18,LAW401,Harvard,non-Stem,3.5576437831723657,17275.0,45.33
140525180795472,2024-10-17,LAW501,Harvard,non-Stem,3.0,20862.0,41.53
140525180790352,2024-10-31,LAW401,Harvard,non-Stem,4.0,15183.0,53.16
140525180793104,2024-12-28,LAW501,Harvard,non-Stem,1.0,20668.0,42.36
140525180782352,2024-12-04,LAW401,Harvard,non-Stem,3.0,15892.0,45.51
140525180789328,2024-08-24,LAW401,Harvard,non-Stem,2.0,17125.0,58.17
140525180790416,2024-11-15,LAW501,Harvard,non-Stem,3.0,21933.0,65.68
140525180793680,2024-10-28,LAW401,Harvard,non-Stem,5.0,16826.0,65.35
140525180792400,2024-10-11,LAW401,Harvard,non-Stem,5.0,16697.0,55.3
140525180793872,2024-12-23,LAW401,Harvard,non-Stem,1.0,15351.0,48.04
140525180781584,2024-08-31,LAW401,Harvard,non-Stem,3.0,19109.874457308248,69.93520170043416
140525180787728,2024-11-16,LAW501,Harvard,non-Stem,4.0,22156.0,89.81
140525180785168,2024-11-02,LAW501,Harvard,non-Stem,3.5576437831723657,20916.0,51.4
140525180786256,2024-12-21,LAW401,Harvard,non-Stem,2.0,18689.0,46.22
140525180786064,2024-10-01,LAW401,Harvard,non-Stem,2.0,18395.0,41.19
140525180793168,2024-10-04,LAW501,Harvard,non-Stem,3.0,20445.0,47.77
140525180788368,2024-11-11,LAW501,Harvard,non-Stem,2.0,20959.0,55.35
140525180794704,2024-12-01,LAW501,Harvard,non-Stem,3.0,20395.0,44.69
140525180782544,2024-12-15,LAW501,Harvard,non-Stem,4.0,23561.0,43.49
140525180792592,2024-12-16,LAW401,Harvard,non-Stem,2.0,15232.0,53.69
140525180794640,2024-08-17,LAW501,Harvard,non-Stem,5.0,22127.0,41.38
140525180795280,2024-09-03,LAW401,Harvard,non-Stem,3.0,15373.0,60.62
140525180782736,2024-12-03,LAW401,Harvard,non-Stem,3.0,15056.0,41.21
140525180795664,2024-12-05,LAW401,Harvard,non-Stem,3.0,15470.0,47.36
140525180783504,2024-09-27,LAW401,Harvard,non-Stem,3.0,16711.0,44.44
140525180796304,2024-05-10,LAW501,Harvard,non-Stem,4.0,22390.0,67.57
140525180794960,2024-07-15,LAW401,Harvard,non-Stem,3.0,16611.0,49.49
140525180796880,2024-07-18,LAW501,Harvard,non-Stem,3.0,20302.0,42.28
140525180780944,2024-11-04,LAW401,Harvard,non-Stem,2.0,16514.0,49.98
140525180784208,2024-08-26,LAW401,Harvard,non-Stem,4.0,16450.0,41.84
140525180789008,2024-12-10,LAW401,Harvard,non-Stem,5.0,18717.0,50.46
140525180784464,2024-10-11,LAW401,Harvard,non-Stem,3.0,17172.0,50.04
140525180784656,2024-08-03,LAW401,Harvard,non-Stem,4.0,17413.0,57.37
140525180794448,2024-09-01,LAW401,Harvard,non-Stem,4.0,16319.0,43.48
140525180788880,2024-09-10,LAW401,Harvard,non-Stem,3.0,16455.0,58.37
140525180789712,2024-12-07,LAW501,Harvard,non-Stem,4.0,20348.0,55.01
140525180796240,2024-09-22,LAW501,Harvard,non-Stem,2.0,20259.0,47.26
140525180794000,2024-06-21,LAW601,Harvard,non-Stem,3.0,25763.0,43.02
140525180792976,2024-11-27,LAW501,Harvard,non-Stem,4.0,20400.0,74.63
140525180788688,2024-06-12,LAW501,Harvard,non-Stem,5.0,21653.0,77.42
140525180796048,2024-04-07,LAW501,Harvard,non-Stem,1.0,20921.0,46.95
140525180790736,2024-09-12,LAW401,Harvard,non-Stem,2.0,15588.0,46.74
140525180782928,2024-06-07,LAW601,Harvard,non-Stem,3.0,25705.0,51.08
140525180796496,2024-10-20,LAW401,Harvard,non-Stem,2.0,16509.0,68.25
140525180789904,2024-11-03,LAW501,Harvard,non-Stem,3.0,20786.0,59.68
140525180790800,2024-10-14,LAW501,Harvard,non-Stem,1.0,20134.0,58.2
140525180781456,2024-11-12,LAW501,Harvard,non-Stem,2.0,21321.0,41.07
140525180783184,2024-12-13,LAW601,Harvard,non-Stem,2.0,25829.0,40.08
140525180790544,2024-08-20,LAW501,Harvard,non-Stem,3.0,22108.0,51.82
140525180781328,2024-07-01,LAW401,Harvard,non-Stem,5.0,16810.0,66.27
140525180790096,2024-10-24,LAW601,Harvard,non-Stem,2.0,26092.0,75.17
140525180787600,2024-12-28,LAW401,Harvard,non-Stem,4.0,15891.0,48.03
140525180788496,2024-11-07,LAW401,Harvard,non-Stem,3.0,16407.0,48.22
140525180787344,2024-11-20,LAW401,Harvard,non-Stem,2.0,16711.0,45.68
140525180788624,2024-12-18,LAW401,Harvard,non-Stem,2.0,15387.0,44.82
140525180795920,2024-12-06,LAW601,Harvard,non-Stem,2.0,25637.0,87.5
140525180787856,2024-12-17,LAW501,Harvard,non-Stem,4.0,23305.0,40.54
140525180787280,2024-10-15,LAW501,Harvard,non-Stem,3.0,19109.874457308248,69.93520170043416
140525180796816,2024-09-21,LAW501,Harvard,non-Stem,2.0,20475.0,49.6
140525180790608,2024-12-30,LAW501,Harvard,non-Stem,3.0,20450.0,53.82
140525180793744,2024-10-05,LAW401,Harvard,non-Stem,4.0,19109.874457308248,69.93520170043416
140525180782608,2024-07-21,LAW401,Harvard,non-Stem,1.0,17403.0,44.11
140525180792784,2024-12-10,LAW401,Harvard,non-Stem,2.0,15119.0,54.74
140525180787664,2024-10-25,LAW401,Harvard,non-Stem,4.0,16000.0,43.27
140525180785424,2024-10-17,LAW501,Harvard,non-Stem,4.0,20306.0,45.46
140525180781712,2024-10-09,LAW401,Harvard,non-Stem,3.0,16785.0,51.22
140525180787024,2024-06-24,LAW501,Harvard,non-Stem,4.0,20858.0,47.22
140525180781520,2024-10-15,LAW401,Harvard,non-Stem,4.0,16274.0,41.79
140525180781648,2024-10-05,LAW401,Harvard,non-Stem,3.0,16139.0,42.87
140525180782224,2024-12-09,LAW401,Harvard,non-Stem,2.0,15088.0,71.01
140525180785744,2024-11-12,LAW501,Harvard,non-Stem,3.5576437831723657,20435.0,66.18
140525180791568,2024-07-01,LAW501,Harvard,non-Stem,1.0,22379.0,43.59
140525180787984,2024-11-24,LAW401,Harvard,non-Stem,3.0,15342.0,64.81
140525180789520,2024-12-05,LAW401,Harvard,non-Stem,2.0,15915.0,46.37
140525180780880,2024-07-15,LAW501,Harvard,non-Stem,4.0,20108.0,40.19
140525177464976,2024-09-05,LAW601,Harvard,non-Stem,4.0,26109.0,61.08
140525177468176,2024-12-26,LAW401,Harvard,non-Stem,1.0,15368.0,42.06
140525177470608,2024-06-20,LAW501,Harvard,non-Stem,3.0,21967.0,40.29
140525177467664,2024-11-07,LAW401,Harvard,non-Stem,3.5576437831723657,15346.0,44.94
140525177459088,2024-12-26,LAW501,Harvard,non-Stem,3.0,19109.874457308248,69.93520170043416
140525177458768,2024-11-02,LAW401,Harvard,non-Stem,4.0,18732.0,44.65
140525177465296,2024-12-28,LAW501,Harvard,non-Stem,4.0,21172.0,43.12
140525177465104,2024-12-28,LAW501,Harvard,non-Stem,5.0,21319.0,48.23
140525177462992,2024-12-31,LAW501,Harvard,non-Stem,4.0,20275.0,45.37
140525177470480,2024-09-23,LAW501,Harvard,non-Stem,4.0,20422.0,54.31
140525177455760,2024-07-14,LAW501,Harvard,non-Stem,4.0,20473.0,67.24
140525177457232,2024-11-10,LAW401,Harvard,non-Stem,1.0,16789.0,44.3
140525177456848,2024-12-18,LAW501,Harvard,non-Stem,4.0,20295.0,45.57
140525177466000,2024-09-09,LAW601,Harvard,non-Stem,4.0,25873.0,59.37
140525177470352,2024-12-28,LAW401,Harvard,non-Stem,4.0,16925.0,44.16
140525177465168,2024-12-15,LAW401,Harvard,non-Stem,4.0,15101.0,47.03
140525177469328,2024-11-10,LAW501,Harvard,non-Stem,3.0,20258.0,70.65
140525177463824,2024-10-29,LAW501,Harvard,non-Stem,3.0,20140.0,46.24
140525177462672,2024-12-28,LAW401,Harvard,non-Stem,3.0,15394.0,41.92
140525177458128,2024-09-15,LAW501,Harvard,non-Stem,3.0,20425.0,55.12
140525177458000,2024-07-21,LAW401,Harvard,non-Stem,4.0,15902.0,77.11
140525177460752,2024-09-18,LAW401,Harvard,non-Stem,3.0,16499.0,43.45
140525177466640,2024-09-19,LAW401,Harvard,non-Stem,2.0,15940.0,41.92
140525177466512,2024-12-04,LAW501,Harvard,non-Stem,3.0,21304.0,43.2
140525177469648,2024-11-10,LAW501,Harvard,non-Stem,3.0,19109.874457308248,69.93520170043416
140525177456208,2024-09-08,LAW501,Harvard,non-Stem,4.0,20387.0,51.68
140525177460240,2024-09-17,LAW501,Harvard,non-Stem,3.0,20025.0,47.3
140525177468944,2024-09-28,LAW401,Harvard,non-Stem,3.0,19109.874457308248,69.93520170043416
140525177469904,2024-12-07,LAW401,Harvard,non-Stem,2.0,15160.0,44.32
140525177458384,2024-12-11,LAW501,Harvard,non-Stem,3.0,22002.0,40.57
140525177463056,2024-11-21,LAW401,Harvard,non-Stem,4.0,15740.0,41.17
140525177458832,2024-08-14,LAW601,Harvard,non-Stem,4.0,25378.0,55.96
140525177454672,2024-10-10,LAW501,Harvard,non-Stem,2.0,20221.0,70.06
140525177455184,2024-08-12,LAW401,Harvard,non-Stem,5.0,16337.0,66.41
140525177455056,2024-09-23,LAW601,Harvard,non-Stem,4.0,27879.0,84.99
140525177462032,2024-12-10,LAW401,Harvard,non-Stem,3.0,15673.0,57.1
140525177454800,2024-08-09,LAW501,Harvard,non-Stem,3.0,20465.0,60.25
140525177462800,2024-10-21,LAW401,Harvard,non-Stem,3.0,18076.0,53.13
140525177460816,2024-12-08,LAW501,Harvard,non-Stem,3.0,21538.0,64.5
140525177456464,2024-09-25,LAW401,Harvard,non-Stem,3.0,19109.874457308248,69.93520170043416
140525177458256,2024-12-29,LAW501,Harvard,non-Stem,4.0,20240.0,44.08
140525177459472,2024-09-28,LAW401,Harvard,non-Stem,3.0,17443.0,42.13
140525177468432,2024-09-04,LAW401,Harvard,non-Stem,2.0,16192.0,67.29
140525177466256,2024-07-17,LAW501,Harvard,non-Stem,4.0,20100.0,43.77
140525177454992,2024-08-21,LAW401,Harvard,non-Stem,3.0,19109.874457308248,69.93520170043416
140525177456272,2024-12-24,LAW501,Harvard,non-Stem,3.5576437831723657,20800.0,45.26
140525177469968,2024-11-29,LAW401,Harvard,non-Stem,1.0,16367.0,53.03
140525177462544,2024-11-05,LAW401,Harvard,non-Stem,1.0,15319.0,51.7
140525177470928,2024-12-14,LAW501,Harvard,non-Stem,4.0,21455.0,56.73
140525177467152,2024-09-22,LAW401,Harvard,non-Stem,4.0,16510.0,43.08
140525177461584,2024-09-17,LAW501,Harvard,non-Stem,1.0,20619.0,63.36
140525177470864,2024-11-19,LAW501,Harvard,non-Stem,3.0,20023.0,52.82
140525177470288,2024-09-30,LAW401,Harvard,non-Stem,4.0,15320.0,51.86
140525177468240,2024-11-14,LAW601,Harvard,non-Stem,2.0,25431.0,52.78
140525177468688,2024-04-30,LAW401,Harvard,non-Stem,2.0,15278.0,40.4
140525177461904,2024-09-02,LAW401,Harvard,non-Stem,5.0,15669.0,44.89
140525177459280,2024-10-28,LAW401,Harvard,non-Stem,1.0,17075.0,47.48
140525177459664,2024-07-19,LAW601,Harvard,non-Stem,2.0,25217.0,41.43
140525177457616,2024-11-06,LAW401,Harvard,non-Stem,3.0,16568.0,53.5
140525177464336,2024-09-11,LAW601,Harvard,non-Stem,3.0,26315.0,62.08
140525177467344,2024-07-08,LAW501,Harvard,non-Stem,4.0,20371.0,46.34
140525177466192,2024-11-22,LAW601,Harvard,non-Stem,4.0,25641.0,44.21
140525177459856,2024-10-25,LAW401,Harvard,non-Stem,4.0,16325.0,42.37
140525177465872,2024-07-08,LAW501,Harvard,non-Stem,3.0,20267.0,40.24
140525177457296,2024-11-13,LAW401,Harvard,non-Stem,3.0,15845.0,41.87
140525177459600,2024-11-25,LAW501,Harvard,non-Stem,4.0,22990.0,41.21
140525177469584,2024-10-16,LAW401,Harvard,non-Stem,2.0,16804.0,72.43
140525177463760,2024-08-17,LAW401,Harvard,non-Stem,4.0,18080.0,44.9
140525177464144,2024-09-01,LAW501,Harvard,non-Stem,4.0,21298.0,43.23
140525177463248,2024-12-28,LAW401,Harvard,non-Stem,4.0,15656.0,55.47
140525177460496,2024-10-09,LAW401,Harvard,non-Stem,2.0,15125.0,42.91
140525177469712,2024-09-08,LAW501,Harvard,non-Stem,3.0,20665.0,42.95
140525177459792,2024-11-25,LAW501,Harvard,non-Stem,2.0,20103.0,48.78
140525177463568,2024-12-19,LAW401,Harvard,non-Stem,2.0,15254.0,54.08
140525177459024,2024-08-22,LAW401,Harvard,non-Stem,3.0,15652.0,52.43
140525177463120,2024-08-20,LAW501,Harvard,non-Stem,3.0,23348.0,49.75
140525177462096,2024-08-18,LAW401,Harvard,non-Stem,4.0,15750.0,55.64
140525177459536,2024-11-06,LAW401,Harvard,non-Stem,2.0,17197.0,55.29
140525177460048,2024-12-11,LAW401,Harvard,non-Stem,1.0,15687.0,44.01
140525177460432,2024-12-28,LAW401,Harvard,non-Stem,3.0,15213.0,55.57
140525177457808,2024-02-20,LAW501,Harvard,non-Stem,4.0,21057.0,43.4
140525177458512,2024-10-08,LAW401,Harvard,non-Stem,2.0,16186.0,41.29
140525177468816,2024-06-10,LAW601,Harvard,non-Stem,3.0,25387.0,54.56
140525177456080,2024-09-28,LAW601,Harvard,non-Stem,2.0,19109.874457308248,69.93520170043416
140525177461840,2024-12-24,LAW501,Harvard,non-Stem,3.0,20912.0,56.75
140525177468560,2024-10-13,LAW401,Harvard,non-Stem,5.0,15461.0,51.25
140525177469456,2024-12-28,LAW401,Harvard,non-Stem,3.0,15259.0,45.41
140525177466768,2024-10-20,LAW501,Harvard,non-Stem,2.0,20259.0,60.18
140525177465808,2024-11-26,LAW401,Harvard,non-Stem,3.0,15912.0,40.03
140525177458640,2024-12-11,LAW501,Harvard,non-Stem,3.5576437831723657,20165.0,54.23
140525177455504,2024-08-27,LAW501,Harvard,non-Stem,5.0,22333.0,62.22
140525177464016,2024-12-29,LAW501,Harvard,non-Stem,1.0,21716.0,44.37
140525177457872,2024-06-02,LAW501,Harvard,non-Stem,3.0,20546.0,48.67
140525177462416,2024-11-25,LAW501,Harvard,non-Stem,2.0,22228.0,77.71
140525177465232,2024-12-07,LAW501,Harvard,non-Stem,4.0,20575.0,67.36
140525177465616,2024-10-17,LAW401,Harvard,non-Stem,4.0,17026.0,46.86
140525177464272,2024-12-11,LAW501,Harvard,non-Stem,4.0,21023.0,46.02
140525177470736,2024-09-01,LAW501,Harvard,non-Stem,4.0,22838.0,51.4
140525177461648,2024-08-30,LAW501,Harvard,non-Stem,4.0,21615.0,68.44
140525177459344,2024-08-16,LAW501,Harvard,non-Stem,3.0,21942.0,48.27
140525177457040,2024-10-30,LAW401,Harvard,non-Stem,5.0,19109.874457308248,69.93520170043416
140525177465552,2024-09-27,LAW401,Harvard,non-Stem,2.0,16283.0,41.19
140525177463184,2024-12-26,LAW401,Harvard,non-Stem,1.0,16342.0,43.1
140525177464208,2024-05-28,LAW401,Harvard,non-Stem,5.0,16041.0,40.71
140525177463440,2024-10-22,LAW501,Harvard,non-Stem,1.0,20015.0,46.63
140525177465040,2024-07-21,LAW401,Harvard,non-Stem,1.0,15452.0,48.39
140525177459152,2024-10-23,LAW601,Harvard,non-Stem,3.0,25860.0,73.43
140525177464080,2024-12-24,LAW401,Harvard,non-Stem,2.0,16100.0,68.55
140525177491216,2024-12-28,LAW401,Harvard,non-Stem,2.0,15300.0,50.07
140525177489104,2024-10-30,LAW601,Harvard,non-Stem,4.0,25668.0,46.18
140525177497168,2024-12-22,LAW501,Harvard,non-Stem,1.0,20253.0,45.36
140525177500624,2024-05-02,LAW501,Harvard,non-Stem,5.0,19109.874457308248,69.93520170043416
140525177502928,2024-09-26,LAW501,Harvard,non-Stem,2.0,20353.0,72.71
140525177500816,2024-06-24,LAW501,Harvard,non-Stem,3.0,20381.0,41.2
140525177491536,2024-08-15,LAW401,Harvard,non-Stem,1.0,15395.0,46.43
140525177491664,2024-12-15,LAW501,Harvard,non-Stem,3.0,21652.0,49.97
140525177501008,2024-09-12,LAW501,Harvard,non-Stem,4.0,20850.0,83.69
140525177498704,2024-10-09,LAW501,Harvard,non-Stem,4.0,23559.0,71.68
140525177498832,2024-11-11,LAW601,Harvard,non-Stem,2.0,26011.0,45.75
140525177498896,2024-08-17,LAW501,Harvard,non-Stem,3.0,19109.874457308248,69.93520170043416
140525177499792,2024-12-10,LAW501,Harvard,non-Stem,3.0,22207.0,51.34
140525177493072,2024-11-17,LAW501,Harvard,non-Stem,2.0,21043.0,68.45
140525177488848,2024-10-28,LAW401,Harvard,non-Stem,4.0,17168.0,45.46
140525177489488,2024-04-10,LAW601,Harvard,non-Stem,2.0,26935.0,52.28
140525177487440,2024-07-29,LAW401,Harvard,non-Stem,3.0,15908.0,41.34
140525177498064,2024-05-20,LAW401,Harvard,non-Stem,3.0,15416.0,77.85
140525177499984,2024-10-02,LAW401,Harvard,non-Stem,3.0,15576.0,42.41
140525177488976,2024-12-06,LAW601,Harvard,non-Stem,3.0,25357.0,92.33
140525177487632,2024-11-02,LAW401,Harvard,non-Stem,2.0,16808.0,83.42
140525177495568,2024-08-13,LAW401,Harvard,non-Stem,3.0,15394.0,42.74
140525177491472,2024-05-23,LAW501,Harvard,non-Stem,2.0,20622.0,52.22
140525177492944,2024-11-06,LAW401,Harvard,non-Stem,4.0,15763.0,51.72
140525177494800,2024-07-18,LAW401,Harvard,non-Stem,5.0,15696.0,78.89
140525177500560,2024-09-16,LAW401,Harvard,non-Stem,2.0,15697.0,40.61
140525177491792,2024-05-18,LAW501,Harvard,non-Stem,4.0,21397.0,62.6
140525177492816,2024-10-28,LAW501,Harvard,non-Stem,3.0,21724.0,41.28
140525177495888,2024-07-03,LAW501,Harvard,non-Stem,3.0,20520.0,48.82
140525177495312,2024-10-10,LAW401,Harvard,non-Stem,3.0,15969.0,59.4
140525177501264,2024-03-23,LAW501,Harvard,non-Stem,2.0,20041.0,58.89
140525177499600,2024-11-22,LAW401,Harvard,non-Stem,2.0,17988.0,40.76
140525177493264,2024-11-17,LAW501,Harvard,non-Stem,3.5576437831723657,21475.0,67.73
140525177501776,2024-08-16,LAW401,Harvard,non-Stem,3.0,17115.0,60.07
140525177497360,2024-09-06,LAW601,Harvard,non-Stem,2.0,26128.0,84.57
140525177496080,2024-07-08,LAW501,Harvard,non-Stem,4.0,20126.0,52.96
140525177503568,2024-12-11,LAW501,Harvard,non-Stem,3.0,23796.0,72.74
140525177488208,2024-06-12,LAW401,Harvard,non-Stem,4.0,17656.0,63.59
140525177487888,2024-10-01,LAW501,Harvard,non-Stem,4.0,21706.0,63.71
140525177488912,2024-12-28,LAW501,Harvard,non-Stem,3.0,21623.0,42.86
140525177487568,2024-06-18,LAW401,Harvard,non-Stem,4.0,15179.0,43.41
140525177495824,2024-06-06,LAW401,Harvard,non-Stem,1.0,15934.0,44.25
140525177496592,2024-05-14,LAW501,Harvard,non-Stem,1.0,20379.0,46.15
140525177496144,2024-10-20,LAW401,Harvard,non-Stem,3.0,15615.0,50.83
140525177490768,2024-04-08,LAW401,Harvard,non-Stem,3.0,15767.0,43.89
140525177488144,2024-09-01,LAW501,Harvard,non-Stem,1.0,20828.0,50.43
140525177500880,2024-11-09,LAW401,Harvard,non-Stem,1.0,16326.0,63.86
140525177496912,2024-08-23,LAW501,Harvard,non-Stem,1.0,20019.0,56.87
140525177494480,2024-10-10,LAW501,Harvard,non-Stem,5.0,22065.0,67.57
140525177490448,2024-11-02,LAW501,Harvard,non-Stem,4.0,22685.0,64.99
140525177497744,2024-12-07,LAW401,Harvard,non-Stem,3.5576437831723657,16213.0,67.36
140525177491152,2024-10-03,LAW401,Harvard,non-Stem,3.0,19109.874457308248,69.93520170043416
140525177493776,2024-05-09,LAW501,Harvard,non-Stem,2.0,21819.0,57.32
140525177501904,2024-10-17,LAW501,Harvard,non-Stem,4.0,20131.0,58.77
140525177497104,2024-06-27,LAW501,Harvard,non-Stem,4.0,22225.0,65.31
140525177499408,2024-10-07,LAW401,Harvard,non-Stem,3.5576437831723657,16538.0,43.2
140525177487824,2024-08-15,LAW401,Harvard,non-Stem,1.0,16691.0,51.23
140525177497424,2024-12-30,LAW501,Harvard,non-Stem,5.0,21338.0,44.96
140525177489232,2024-10-08,LAW601,Harvard,non-Stem,2.0,25651.0,68.14
140525177490960,2024-12-30,LAW401,Harvard,non-Stem,3.0,17104.0,47.81
140525177502032,2024-06-15,LAW501,Harvard,non-Stem,4.0,20256.0,61.33
140525177497936,2024-08-10,LAW401,Harvard,non-Stem,3.5576437831723657,15022.0,51.17
140525177496848,2024-07-12,LAW501,Harvard,non-Stem,4.0,20559.0,63.12
140525177494992,2024-12-23,LAW501,Harvard,non-Stem,3.0,20268.0,66.23
140525177498320,2024-05-12,LAW501,Harvard,non-Stem,1.0,21856.0,73.35
140525177492688,2024-03-16,LAW401,Harvard,non-Stem,4.0,16148.0,54.98
140525177493712,2024-03-09,LAW401,Harvard,non-Stem,4.0,15052.0,50.73
140525177493840,2024-12-28,LAW401,Harvard,non-Stem,3.0,16285.0,58.26
140525177494736,2024-12-09,LAW401,Harvard,non-Stem,1.0,15113.0,44.42
140525177494352,2024-11-07,LAW501,Harvard,non-Stem,2.0,21300.0,69.15
140525177499344,2024-12-30,LAW501,Harvard,non-Stem,2.0,20786.0,49.48
140525177503440,2024-12-04,LAW501,Harvard,non-Stem,4.0,21337.0,56.27
140525177488464,2024-12-16,LAW601,Harvard,non-Stem,2.0,25201.0,58.26
140525177496656,2024-07-27,LAW401,Harvard,non-Stem,4.0,15051.0,46.56
140525177503120,2024-08-31,LAW401,Harvard,non-Stem,4.0,15627.0,56.83
140525177502288,2024-12-26,LAW501,Harvard,non-Stem,2.0,19109.874457308248,69.93520170043416
140525177503312,2024-12-20,LAW401,Harvard,non-Stem,2.0,15192.0,41.98
140525177490128,2024-11-10,LAW601,Harvard,non-Stem,2.0,26091.0,50.76
140525177491024,2024-09-17,LAW501,Harvard,non-Stem,3.0,21111.0,51.9
140525177488720,2024-09-05,LAW401,Harvard,non-Stem,3.0,15667.0,69.12
140525177502352,2024-08-04,LAW501,Harvard,non-Stem,2.0,20933.0,48.99
140525177497872,2024-11-26,LAW401,Harvard,non-Stem,4.0,15227.0,53.82
140525177491728,2024-06-20,LAW401,Harvard,non-Stem,3.0,15852.0,58.23
140525177493008,2024-12-13,LAW501,Harvard,non-Stem,3.0,22644.0,43.05
140525177493584,2024-07-29,LAW401,Harvard,non-Stem,3.0,15651.0,65.26
140525177492624,2024-12-31,LAW601,Harvard,non-Stem,2.0,25512.0,54.12
140525177501648,2024-12-26,LAW501,Harvard,non-Stem,4.0,22073.0,70.48
140525177489808,2024-12-13,LAW501,Harvard,non-Stem,2.0,22608.0,41.45
140525177499728,2024-11-11,LAW501,Harvard,non-Stem,3.0,22701.0,43.72
140525177488784,2024-12-19,LAW601,Harvard,non-Stem,2.0,25176.0,64.09
140525177492240,2024-09-20,LAW401,Harvard,non-Stem,4.0,19109.874457308248,69.93520170043416
140525177500752,2024-07-04,LAW501,Harvard,non-Stem,4.0,20064.0,56.82
140525177493968,2024-10-22,LAW501,Harvard,non-Stem,3.0,19109.874457308248,69.93520170043416
140525177499856,2024-08-14,LAW501,Harvard,non-Stem,3.0,23101.0,51.77
140526252940560,2024-04-24,LAW401,Harvard,non-Stem,3.0,19109.874457308248,69.93520170043416
140525178681040,2024-05-28,LAW401,Harvard,non-Stem,2.0,19109.874457308248,69.93520170043416
140525178680784,2024-12-25,LAW401,Harvard,non-Stem,3.0,16817.0,53.69
140525178674832,2024-10-31,LAW401,Harvard,non-Stem,3.0,16989.0,55.99
140525178681296,2024-12-17,LAW501,Harvard,non-Stem,2.0,20326.0,47.3
140525178669072,2024-08-09,LAW501,Harvard,non-Stem,3.5576437831723657,19109.874457308248,69.93520170043416
140525178668816,2024-12-15,LAW501,Harvard,non-Stem,3.5576437831723657,20494.0,47.81
140525178682960,2024-10-14,LAW401,Harvard,non-Stem,2.0,15470.0,52.07
140525178672592,2024-06-10,LAW501,Harvard,non-Stem,3.0,20218.0,40.92
140525178667984,2024-11-14,LAW501,Harvard,non-Stem,4.0,19109.874457308248,69.93520170043416
140525178679120,2024-09-17,LAW501,Harvard,non-Stem,3.0,21710.0,45.56
140525178673232,2024-10-18,LAW601,Harvard,non-Stem,2.0,28577.0,55.7
140525178681680,2024-09-18,LAW501,Harvard,non-Stem,2.0,20934.0,42.36
140525178678864,2024-11-15,LAW501,Harvard,non-Stem,4.0,20667.0,59.39
140525178672144,2024-07-17,LAW501,Harvard,non-Stem,3.5576437831723657,19109.874457308248,69.93520170043416
140525178675472,2024-08-21,LAW501,Harvard,non-Stem,3.0,21475.0,46.43
140525178670096,2024-12-17,LAW401,Harvard,non-Stem,1.0,15471.0,63.4
140525178672656,2024-12-05,LAW501,Harvard,non-Stem,2.0,19109.874457308248,69.93520170043416
140525178682064,2024-11-17,LAW501,Harvard,non-Stem,3.0,21781.0,45.1
140525178671312,2024-09-25,LAW601,Harvard,non-Stem,2.0,26171.0,47.97
140525178681616,2024-12-25,LAW401,Harvard,non-Stem,1.0,17611.0,47.64
140525178670928,2024-09-17,LAW401,Harvard,non-Stem,2.0,15435.0,63.62
140525178676176,2024-11-26,LAW401,Harvard,non-Stem,2.0,15184.0,49.87
140525178670608,2024-04-19,LAW501,Harvard,non-Stem,5.0,20243.0,42.73
140525178675728,2024-09-21,LAW401,Harvard,non-Stem,3.5576437831723657,16179.0,60.36
140525178680400,2024-10-01,LAW401,Harvard,non-Stem,3.0,15138.0,47.34
140525178672080,2024-11-30,LAW401,Harvard,non-Stem,5.0,15101.0,43.52
140525178671056,2024-09-05,LAW401,Harvard,non-Stem,4.0,16505.0,49.03
140525178678800,2024-11-13,LAW501,Harvard,non-Stem,2.0,22897.0,53.78
140525178670416,2024-07-04,LAW401,Harvard,non-Stem,2.0,15320.0,46.21
140525178674384,2024-12-02,LAW401,Harvard,non-Stem,1.0,15064.0,52.83
140525178680848,2024-09-27,LAW501,Harvard,non-Stem,4.0,19109.874457308248,69.93520170043416
140525178676560,2024-12-01,LAW501,Harvard,non-Stem,4.0,21291.0,48.29
140525178667600,2024-11-18,LAW501,Harvard,non-Stem,3.0,19109.874457308248,69.93520170043416
140525178670736,2024-11-30,LAW501,Harvard,non-Stem,5.0,22340.0,75.7
140525178681936,2024-06-11,LAW401,Harvard,non-Stem,3.0,16119.0,70.14
140525178668752,2024-10-21,LAW501,Harvard,non-Stem,3.0,20280.0,41.35
140525178679376,2024-09-25,LAW401,Harvard,non-Stem,5.0,15546.0,43.93
140525178676816,2024-07-06,LAW501,Harvard,non-Stem,4.0,22241.0,69.97
140525178668304,2024-12-04,LAW501,Harvard,non-Stem,4.0,20318.0,60.01
140525178667536,2024-08-31,LAW601,Harvard,non-Stem,1.0,25122.0,73.57
140525178671376,2024-11-24,LAW501,Harvard,non-Stem,3.0,21410.0,61.79
140525178676496,2024-12-04,LAW401,Harvard,non-Stem,4.0,17710.0,48.95
140525178678224,2024-11-24,LAW401,Harvard,non-Stem,1.0,15290.0,54.5
140525178678736,2024-11-27,LAW601,Harvard,non-Stem,3.0,25492.0,65.29
140525178678288,2024-10-03,LAW401,Harvard,non-Stem,3.0,15144.0,44.07
140525178669904,2024-12-28,LAW601,Harvard,non-Stem,2.0,26129.0,58.19
140525178679632,2024-12-28,LAW501,Harvard,non-Stem,1.0,20229.0,54.52
140525178675536,2024-05-21,LAW401,Harvard,non-Stem,4.0,17934.0,74.37
140525178667280,2024-06-22,LAW401,Harvard,non-Stem,2.0,17484.0,42.83
140525178671696,2024-11-03,LAW401,Harvard,non-Stem,2.0,15089.0,74.34
140525178677968,2024-11-14,LAW401,Harvard,non-Stem,4.0,19109.874457308248,69.93520170043416
140525178675792,2024-03-28,LAW401,Harvard,non-Stem,2.0,16467.0,40.88
140525178668560,2024-11-28,LAW401,Harvard,non-Stem,2.0,19109.874457308248,69.93520170043416
140525178677904,2024-12-19,LAW401,Harvard,non-Stem,3.0,15302.0,54.8
140525178679824,2024-12-28,LAW501,Harvard,non-Stem,4.0,22056.0,95.98
140525178671632,2024-08-15,LAW601,Harvard,non-Stem,4.0,25344.0,54.25
140525178670544,2024-07-08,LAW401,Harvard,non-Stem,2.0,15407.0,48.34
140525178674192,2024-12-03,LAW401,Harvard,non-Stem,2.0,16784.0,70.73
140525178673936,2024-11-05,LAW401,Harvard,non-Stem,2.0,15482.0,61.08
140525178675664,2024-08-06,LAW401,Harvard,non-Stem,4.0,16142.0,52.86
140525178679888,2024-07-12,LAW401,Harvard,non-Stem,2.0,19109.874457308248,69.93520170043416
140525178675856,2024-08-06,LAW401,Harvard,non-Stem,2.0,15657.0,47.24
140525178669776,2024-08-23,LAW501,Harvard,non-Stem,4.0,20038.0,55.54
140525178677072,2024-08-26,LAW401,Harvard,non-Stem,2.0,16679.0,44.72
140525178668496,2024-10-08,LAW401,Harvard,non-Stem,4.0,18097.0,71.68
140525178676304,2024-10-15,LAW601,Harvard,non-Stem,4.0,19109.874457308248,69.93520170043416
140525178677328,2024-07-09,LAW501,Harvard,non-Stem,4.0,21421.0,45.02
140525178677712,2024-07-02,LAW501,Harvard,non-Stem,4.0,20488.0,82.97
140525178677200,2024-10-08,LAW501,Harvard,non-Stem,4.0,20604.0,46.87
140525178674960,2024-12-29,LAW501,Harvard,non-Stem,3.0,21028.0,61.06
140525178682576,2024-07-12,LAW501,Harvard,non-Stem,4.0,21215.0,47.98
140525178667664,2024-08-02,LAW501,Harvard,non-Stem,1.0,20549.0,44.02
140525178675216,2024-10-21,LAW501,Harvard,non-Stem,2.0,19109.874457308248,69.93520170043416
140525178674896,2024-12-28,LAW401,Harvard,non-Stem,3.0,15192.0,53.27
140525178672912,2024-12-10,LAW401,Harvard,non-Stem,3.0,18662.0,44.73
140525178676944,2024-09-22,LAW501,Harvard,non-Stem,1.0,20550.0,68.44
140525178670800,2024-10-22,LAW601,Harvard,non-Stem,5.0,25798.0,74.26
140525178682768,2024-11-29,LAW501,Harvard,non-Stem,3.0,20446.0,61.96
140525178675152,2024-10-24,LAW401,Harvard,non-Stem,4.0,16960.0,67.84
140525178678032,2024-09-20,LAW501,Harvard,non-Stem,3.0,23266.0,59.68
140525178669584,2024-12-28,LAW401,Harvard,non-Stem,3.0,15853.0,49.47
140525178674000,2024-09-14,LAW501,Harvard,non-Stem,5.0,20353.0,42.41
140525178671568,2024-09-12,LAW501,Harvard,non-Stem,3.0,20186.0,42.43
140525178680592,2024-06-12,LAW501,Harvard,non-Stem,3.5576437831723657,20635.0,51.35
140525178681360,2024-11-17,LAW501,Harvard,non-Stem,3.0,21549.0,45.15
140525178671952,2024-11-22,LAW401,Harvard,non-Stem,2.0,15629.0,49.96
140525178676048,2024-09-08,LAW401,Harvard,non-Stem,2.0,15644.0,65.68
140525178681808,2024-10-06,LAW501,Harvard,non-Stem,1.0,21136.0,50.01
140525178669520,2024-10-20,LAW401,Harvard,non-Stem,2.0,16264.0,51.9
140525178668048,2024-11-29,LAW401,Harvard,non-Stem,1.0,19524.0,42.15
140525178675280,2024-09-21,LAW501,Harvard,non-Stem,2.0,21911.0,45.27
140525178669264,2024-12-02,LAW501,Harvard,non-Stem,2.0,23519.0,47.09
140525178678096,2024-09-22,LAW401,Harvard,non-Stem,4.0,15228.0,57.77
140525178667728,2024-11-29,LAW401,Harvard,non-Stem,3.0,15875.0,86.84
140525178673680,2024-11-29,LAW401,Harvard,non-Stem,5.0,15821.0,65.09
140525178673360,2024-12-28,LAW401,Harvard,non-Stem,2.0,15538.0,50.71
140525178669136,2024-08-15,LAW601,Harvard,non-Stem,3.0,27564.0,61.39
140525178670032,2024-09-30,LAW401,Harvard,non-Stem,3.5576437831723657,16739.0,54.65
140525178672720,2024-12-20,LAW401,Harvard,non-Stem,4.0,15105.0,42.09
140525178682896,2024-12-28,LAW401,Harvard,non-Stem,3.0,16203.0,63.5
140525178677456,2024-09-02,LAW601,Harvard,non-Stem,4.0,27379.0,48.73
140525178675024,2024-11-05,LAW501,Harvard,non-Stem,4.0,21816.0,69.62
140525178680080,2024-11-29,LAW501,Harvard,non-Stem,3.5576437831723657,21552.0,50.59
140525178672400,2024-09-09,LAW401,Harvard,non-Stem,4.0,16824.0,54.48
140525178670352,2024-12-30,LAW401,Harvard,non-Stem,2.0,15442.0,44.47
140525178673168,2024-12-27,LAW401,Harvard,non-Stem,4.0,16757.0,42.02
140525178674512,2024-12-28,LAW401,Harvard,non-Stem,3.0,19109.874457308248,69.93520170043416
140525178672208,2024-07-25,LAW501,Harvard,non-Stem,2.0,21695.0,73.96
140525178682832,2024-09-26,LAW401,Harvard,non-Stem,1.0,16257.0,49.0
140525183572752,2024-12-28,LAW501,Harvard,non-Stem,2.0,19109.874457308248,69.93520170043416
140525183581008,2024-08-30,LAW501,Harvard,non-Stem,2.0,20927.0,58.28
140525183578704,2024-12-06,LAW501,Harvard,non-Stem,3.5576437831723657,23091.0,47.36
140525183568208,2024-12-23,LAW401,Harvard,non-Stem,5.0,17787.0,93.7
140525183574864,2024-09-01,LAW401,Harvard,non-Stem,3.0,15409.0,52.51
140525183573840,2024-11-20,LAW601,Harvard,non-Stem,2.0,26731.0,69.19
140525183569040,2024-11-18,LAW501,Harvard,non-Stem,1.0,21576.0,59.46
140525183576720,2024-10-26,LAW501,Harvard,non-Stem,2.0,19109.874457308248,69.93520170043416
140525183582096,2024-10-01,LAW401,Harvard,non-Stem,3.5576437831723657,15307.0,49.08
140525183574480,2024-07-17,LAW601,Harvard,non-Stem,4.0,26734.0,53.17
140525183570064,2024-09-05,LAW501,Harvard,non-Stem,3.0,20430.0,77.86
140525183568912,2024-11-29,LAW401,Harvard,non-Stem,2.0,16310.0,57.19
140525183570384,2024-12-23,LAW501,Harvard,non-Stem,3.0,19109.874457308248,69.93520170043416
140525183569680,2024-10-10,LAW401,Harvard,non-Stem,2.0,15936.0,55.91
140525183573264,2024-12-28,LAW401,Harvard,non-Stem,4.0,16756.0,53.73
140525183578448,2024-11-03,LAW501,Harvard,non-Stem,5.0,21027.0,47.28
140525183569872,2024-07-26,LAW501,Harvard,non-Stem,3.0,20502.0,51.9
140525183571408,2024-09-07,LAW401,Harvard,non-Stem,3.5576437831723657,16368.0,42.64
140525183573904,2024-10-28,LAW401,Harvard,non-Stem,3.0,17110.0,43.44
140525183567504,2024-07-10,LAW501,Harvard,non-Stem,2.0,23132.0,67.96
140525183577168,2024-07-14,LAW401,Harvard,non-Stem,1.0,16210.0,73.35
140525183569424,2024-11-07,LAW501,Harvard,non-Stem,3.5576437831723657,20200.0,66.12
140525183576208,2024-10-13,LAW401,Harvard,non-Stem,2.0,16199.0,48.05
140525183566800,2024-10-10,LAW401,Harvard,non-Stem,3.0,15685.0,70.27
140525183573968,2024-10-27,LAW501,Harvard,non-Stem,2.0,21668.0,44.73
140525183578064,2024-12-08,LAW401,Harvard,non-Stem,4.0,16182.0,59.41
140525183566672,2024-12-30,LAW501,Harvard,non-Stem,2.0,20003.0,69.24
140525183580368,2024-12-21,LAW401,Harvard,non-Stem,3.5576437831723657,16749.0,65.97
140525183576592,2024-10-12,LAW401,Harvard,non-Stem,3.5576437831723657,15588.0,71.0
140525183580112,2024-12-28,LAW401,Harvard,non-Stem,3.0,15667.0,63.95
140525183574032,2024-05-19,LAW501,Harvard,non-Stem,4.0,22243.0,72.01
140525183569232,2024-12-06,LAW401,Harvard,non-Stem,3.0,15234.0,78.52
140525183578320,2024-12-07,LAW401,Harvard,non-Stem,3.0,18109.0,71.87
140525183577936,2024-06-05,LAW501,Harvard,non-Stem,1.0,21604.0,62.41
140525183575504,2024-08-03,LAW501,Harvard,non-Stem,2.0,20175.0,52.09
140525183576784,2024-10-11,LAW501,Harvard,non-Stem,2.0,20745.0,49.53
140525183568784,2024-11-18,LAW501,Harvard,non-Stem,4.0,21091.0,49.51
140525183579280,2024-09-08,LAW501,Harvard,non-Stem,2.0,19109.874457308248,69.93520170043416
140525183571664,2024-07-09,LAW501,Harvard,non-Stem,4.0,23525.0,46.13
140525183575696,2024-11-01,LAW401,Harvard,non-Stem,1.0,18286.0,46.58
140525183580944,2024-11-04,LAW501,Harvard,non-Stem,4.0,19109.874457308248,69.93520170043416
140525183568720,2024-12-30,LAW601,Harvard,non-Stem,3.0,26087.0,72.64
140525183571600,2024-05-30,LAW401,Harvard,non-Stem,3.0,15089.0,46.07
140525183570256,2024-10-28,LAW401,Harvard,non-Stem,4.0,15161.0,45.0
140525183570448,2024-09-08,LAW401,Harvard,non-Stem,4.0,16358.0,73.92
140525183579024,2024-11-06,LAW501,Harvard,non-Stem,2.0,20684.0,55.47
140525183577232,2024-12-10,LAW501,Harvard,non-Stem,2.0,21682.0,49.77
140525183577424,2024-11-17,LAW501,Harvard,non-Stem,4.0,19109.874457308248,69.93520170043416
140525183575184,2024-09-05,LAW601,Harvard,non-Stem,2.0,26017.0,64.71
140525183568144,2024-11-12,LAW401,Harvard,non-Stem,2.0,15791.0,43.33
140525183571920,2024-08-14,LAW401,Harvard,non-Stem,3.0,15976.0,50.8
140525183575760,2024-10-12,LAW501,Harvard,non-Stem,1.0,20723.0,43.77
140525183570128,2024-12-25,LAW501,Harvard,non-Stem,3.0,20800.0,58.25
140525183574160,2024-04-22,LAW401,Harvard,non-Stem,3.0,16020.0,49.96
140525183575312,2024-10-01,LAW501,Harvard,non-Stem,2.0,20354.0,41.25
140525183579344,2024-11-16,LAW401,Harvard,non-Stem,3.0,16131.0,42.87
140525183570704,2024-12-27,LAW501,Harvard,non-Stem,3.0,20931.0,42.31
140525183567824,2024-10-28,LAW401,Harvard,non-Stem,2.0,17110.0,41.89
140525183566096,2024-11-30,LAW501,Harvard,non-Stem,2.0,21600.0,48.7
140525183571984,2024-10-28,LAW401,Harvard,non-Stem,2.0,16427.0,58.95
140525183567440,2024-11-22,LAW501,Harvard,non-Stem,3.0,20947.0,45.38
140525183567760,2024-08-29,LAW401,Harvard,non-Stem,2.0,15869.0,49.25
140525183570192,2024-12-28,LAW601,Harvard,non-Stem,3.0,25766.0,48.01
140525183566352,2024-12-11,LAW401,Harvard,non-Stem,3.0,17032.0,50.75
140525183570512,2024-06-20,LAW401,Harvard,non-Stem,4.0,15494.0,53.64
140525183579408,2024-10-24,LAW601,Harvard,non-Stem,2.0,27059.0,46.82
140525183575888,2024-05-12,LAW401,Harvard,non-Stem,2.0,16780.0,57.03
140525183566992,2024-09-02,LAW401,Harvard,non-Stem,4.0,17595.0,58.35
140525183579600,2024-06-19,LAW501,Harvard,non-Stem,3.0,21824.0,40.56
140525183575440,2024-08-08,LAW401,Harvard,non-Stem,4.0,16066.0,45.81
140525183567312,2024-12-28,LAW401,Harvard,non-Stem,2.0,15911.0,53.62
140525183578576,2024-11-28,LAW401,Harvard,non-Stem,4.0,17632.0,44.26
140525183576336,2024-11-23,LAW601,Harvard,non-Stem,4.0,26167.0,86.39
140525183569552,2024-09-10,LAW501,Harvard,non-Stem,4.0,20932.0,51.85
140525183581456,2024-12-20,LAW401,Harvard,non-Stem,2.0,15953.0,51.53
140525183565904,2024-12-04,LAW401,Harvard,non-Stem,3.0,18789.0,67.86
140525183580240,2024-12-17,LAW501,Harvard,non-Stem,2.0,20132.0,40.25
140525183579216,2024-07-09,LAW501,Harvard,non-Stem,3.0,19109.874457308248,69.93520170043416
140525183566032,2024-11-21,LAW501,Harvard,non-Stem,2.0,22357.0,52.2
140525183578832,2024-08-11,LAW501,Harvard,non-Stem,3.0,20924.0,60.67
140525183572880,2024-07-11,LAW401,Harvard,non-Stem,2.0,17470.0,51.88
140525183569104,2024-12-28,LAW401,Harvard,non-Stem,2.0,16172.0,54.37
140525183572240,2024-11-16,LAW401,Harvard,non-Stem,3.0,15902.0,47.22
140525183575120,2024-08-13,LAW501,Harvard,non-Stem,4.0,20604.0,53.21
140525183579920,2024-12-16,LAW601,Harvard,non-Stem,3.5576437831723657,27223.0,44.78
140525183572176,2024-11-23,LAW501,Harvard,non-Stem,3.0,21311.0,60.87
140525183578512,2024-10-17,LAW401,Harvard,non-Stem,4.0,15625.0,62.12
140525183575952,2024-10-23,LAW501,Harvard,non-Stem,4.0,19109.874457308248,69.93520170043416
140525183581840,2024-03-28,LAW501,Harvard,non-Stem,4.0,20079.0,81.02
140525183582032,2024-08-20,LAW501,Harvard,non-Stem,4.0,22472.0,47.59
140525183571472,2024-10-22,LAW401,Harvard,non-Stem,4.0,15236.0,43.69
140525183577552,2024-10-06,LAW501,Harvard,non-Stem,2.0,21938.0,44.56
140525183575568,2024-09-30,LAW401,Harvard,non-Stem,1.0,15137.0,67.39
140525183582160,2024-12-13,LAW401,Harvard,non-Stem,3.0,16160.0,41.74
140525183578896,2024-06-22,LAW401,Harvard,non-Stem,5.0,16506.0,70.99
140525183575632,2024-07-23,LAW601,Harvard,non-Stem,2.0,25119.0,46.06
140525183576016,2024-11-05,LAW401,Harvard,non-Stem,1.0,16963.0,60.68
140525183581776,2024-10-29,LAW501,Harvard,non-Stem,2.0,19109.874457308248,69.93520170043416
140525183571280,2024-07-01,LAW401,Harvard,non-Stem,4.0,15383.0,60.39
140525183566288,2024-08-08,LAW501,Harvard,non-Stem,3.0,20756.0,76.59
140525183577872,2024-12-26,LAW501,Harvard,non-Stem,3.0,21042.0,42.53
140525183580304,2024-07-31,LAW401,Harvard,non-Stem,4.0,19109.874457308248,69.93520170043416
140525183581392,2024-11-29,LAW501,Harvard,non-Stem,4.0,22005.0,70.21
140525183570960,2024-11-15,LAW401,Harvard,non-Stem,4.0,16227.0,46.05
140525183572624,2024-08-06,LAW501,Harvard,non-Stem,2.0,21399.0,44.16
140525183577296,2024-08-17,LAW501,Harvard,non-Stem,4.0,20705.0,59.01
140525183567120,2024-06-12,LAW401,Harvard,non-Stem,3.0,16938.0,42.27
140525183567952,2024-06-16,LAW401,Harvard,non-Stem,1.0,15037.0,72.68
140525183579472,2024-10-29,LAW401,Harvard,non-Stem,3.0,16879.0,52.62
140525183571152,2024-10-31,LAW501,Harvard,non-Stem,3.0,20690.0,54.43
140525183573392,2024-10-20,LAW501,Harvard,non-Stem,2.0,21326.0,45.92
140525183574544,2024-10-12,LAW501,Harvard,non-Stem,2.0,20835.0,42.52
140525183566160,2024-12-28,LAW401,Harvard,non-Stem,4.0,15783.0,42.33
140525183580176,2024-08-04,LAW501,Harvard,non-Stem,4.0,19109.874457308248,69.93520170043416
140525183581904,2024-10-26,LAW401,Harvard,non-Stem,4.0,15851.0,75.57
140525183569936,2024-10-30,LAW401,Harvard,non-Stem,3.0,15684.0,47.41
140525183577104,2024-06-15,LAW501,Harvard,non-Stem,3.0,20038.0,58.64
140525183571728,2024-10-21,LAW501,Harvard,non-Stem,2.0,21191.0,48.36
140525183574416,2024-09-04,LAW501,Harvard,non-Stem,2.0,20017.0,43.77
140525183577040,2024-12-18,LAW401,Harvard,non-Stem,5.0,16476.0,40.29
140525183576272,2024-10-31,LAW601,Harvard,non-Stem,2.0,27510.0,66.03
140525183581328,2024-07-14,LAW501,Harvard,non-Stem,4.0,23501.0,55.86
140525183580048,2024-10-11,LAW501,Harvard,non-Stem,5.0,20262.0,48.12
140525183572048,2024-11-22,LAW401,Harvard,non-Stem,3.0,15469.0,52.79
140525183576080,2024-08-14,LAW401,Harvard,non-Stem,4.0,15349.0,48.36
140525183581072,2024-12-25,LAW401,Harvard,non-Stem,3.0,16712.0,48.63
140525183581712,2024-08-27,LAW401,Harvard,non-Stem,4.0,15333.0,45.26
140525183580688,2024-11-20,LAW501,Harvard,non-Stem,1.0,20487.0,41.0
140525183570000,2024-12-03,LAW401,Harvard,non-Stem,4.0,18639.0,57.99
140525183577680,2024-10-21,LAW501,Harvard,non-Stem,4.0,20526.0,68.01
140525183566608,2024-11-02,LAW401,Harvard,non-Stem,2.0,17482.0,42.19
140525183574672,2024-06-09,LAW401,Harvard,non-Stem,3.0,15120.0,46.48
140525180609168,2024-10-28,LAW501,Harvard,non-Stem,3.0,21605.0,44.93
140525180611472,2024-09-08,LAW501,Harvard,non-Stem,4.0,21482.0,45.88
140525180609808,2024-10-07,LAW401,Harvard,non-Stem,2.0,17392.0,48.41
140525180609104,2024-08-22,LAW401,Harvard,non-Stem,4.0,18033.0,86.28
140525180606800,2024-11-01,LAW401,Harvard,non-Stem,3.0,18999.0,64.57
140525180601808,2024-11-28,LAW501,Harvard,non-Stem,2.0,20693.0,62.5
140525180605008,2024-11-25,LAW401,Harvard,non-Stem,2.0,15157.0,78.7
140525180611408,2024-09-25,LAW401,Harvard,non-Stem,3.0,15819.0,51.77
140525180616464,2024-12-07,LAW401,Harvard,non-Stem,3.0,15463.0,41.16
140525180607952,2024-05-27,LAW501,Harvard,non-Stem,3.0,20972.0,56.92
140525180612624,2024-12-31,LAW401,Harvard,non-Stem,4.0,16740.0,44.58
140525180610192,2024-12-08,LAW501,Harvard,non-Stem,4.0,20639.0,41.1
140525180604816,2024-08-20,LAW401,Harvard,non-Stem,3.0,16312.0,51.62
140525180603536,2024-12-27,LAW401,Harvard,non-Stem,3.0,15920.0,60.48
140525180608208,2024-09-24,LAW501,Harvard,non-Stem,3.5576437831723657,19109.874457308248,69.93520170043416
140525180608976,2024-12-21,LAW501,Harvard,non-Stem,4.0,20230.0,80.06
140525180602768,2024-07-27,LAW501,Harvard,non-Stem,3.0,20373.0,52.17
140525180611216,2024-12-07,LAW601,Harvard,non-Stem,5.0,27605.0,55.21
140525180605200,2024-08-19,LAW401,Harvard,non-Stem,5.0,15521.0,44.63
140525180609872,2024-09-27,LAW401,Harvard,non-Stem,3.0,15835.0,49.09
140525180601424,2024-12-16,LAW501,Harvard,non-Stem,1.0,23683.0,56.72
140525180602512,2024-12-23,LAW401,Harvard,non-Stem,4.0,19109.874457308248,69.93520170043416
140525180615376,2024-10-10,LAW501,Harvard,non-Stem,2.0,20612.0,41.83
140525180603856,2024-05-25,LAW401,Harvard,non-Stem,1.0,16318.0,51.15
140525180610704,2024-11-03,LAW401,Harvard,non-Stem,2.0,16191.0,67.52
140525180602832,2024-10-16,LAW501,Harvard,non-Stem,3.0,19109.874457308248,69.93520170043416
140525180606352,2024-11-03,LAW401,Harvard,non-Stem,2.0,15920.0,72.72
140525180602576,2024-08-27,LAW501,Harvard,non-Stem,3.0,22492.0,56.75
140525180601552,2024-10-07,LAW501,Harvard,non-Stem,2.0,19109.874457308248,69.93520170043416
140525180615952,2024-11-10,LAW401,Harvard,non-Stem,4.0,18068.0,68.87
140525180613008,2024-12-28,LAW501,Harvard,non-Stem,5.0,21770.0,48.12
140525180602960,2024-09-09,LAW401,Harvard,non-Stem,2.0,18253.0,60.76
140525180610768,2024-11-01,LAW401,Harvard,non-Stem,2.0,15359.0,50.63
140525180611664,2024-07-31,LAW501,Harvard,non-Stem,1.0,23836.0,53.56
140525180608272,2024-12-08,LAW401,Harvard,non-Stem,4.0,16451.0,54.45
140525180606096,2024-08-12,LAW401,Harvard,non-Stem,2.0,16224.0,52.69
140525180615440,2024-09-10,LAW401,Harvard,non-Stem,2.0,16234.0,64.9
140525180605328,2024-12-28,LAW401,Harvard,non-Stem,4.0,17915.0,47.61
140525180609936,2024-11-28,LAW601,Harvard,non-Stem,4.0,25929.0,40.07
140525180601488,2024-08-23,LAW401,Harvard,non-Stem,3.0,16256.0,41.83
140525180607696,2024-11-25,LAW401,Harvard,non-Stem,3.0,19109.874457308248,69.93520170043416
140525180605072,2024-06-17,LAW501,Harvard,non-Stem,1.0,20027.0,65.61
140525180601168,2024-11-08,LAW501,Harvard,non-Stem,5.0,22477.0,59.41
140525180605136,2024-10-26,LAW401,Harvard,non-Stem,1.0,15784.0,87.86
140525180616208,2024-10-24,LAW401,Harvard,non-Stem,4.0,15660.0,40.2
140525180603088,2024-06-16,LAW401,Harvard,non-Stem,3.5576437831723657,15464.0,86.02
140525180607440,2024-08-24,LAW501,Harvard,non-Stem,5.0,20687.0,68.1
140525180609360,2024-08-14,LAW601,Harvard,non-Stem,2.0,19109.874457308248,69.93520170043416
140525180612688,2024-03-30,LAW401,Harvard,non-Stem,1.0,19109.874457308248,69.93520170043416
140525180600976,2024-12-28,LAW401,Harvard,non-Stem,4.0,15191.0,44.73
140525180614736,2024-10-05,LAW501,Harvard,non-Stem,4.0,22080.0,46.81
140525180603472,2024-12-28,LAW501,Harvard,non-Stem,3.0,21414.0,43.24
140525180610448,2024-08-31,LAW501,Harvard,non-Stem,3.0,20090.0,47.65
140525180614800,2024-10-19,LAW601,Harvard,non-Stem,1.0,26188.0,51.63
140525180605392,2024-12-22,LAW501,Harvard,non-Stem,4.0,20457.0,64.52
140525180613968,2024-12-14,LAW401,Harvard,non-Stem,4.0,16458.0,55.53
140525180610256,2024-09-09,LAW401,Harvard,non-Stem,4.0,18739.0,40.94
140525180615568,2024-10-29,LAW401,Harvard,non-Stem,3.0,19109.874457308248,69.93520170043416
140525180609616,2024-12-28,LAW501,Harvard,non-Stem,4.0,20157.0,41.97
140525180612496,2024-12-10,LAW401,Harvard,non-Stem,4.0,17173.0,58.58
140525180608144,2024-11-30,LAW401,Harvard,non-Stem,3.0,16142.0,43.28
140525180607632,2024-04-01,LAW401,Harvard,non-Stem,2.0,15001.0,50.27
140525180612240,2024-11-10,LAW501,Harvard,non-Stem,2.0,21564.0,48.3
140525180616080,2024-10-18,LAW601,Harvard,non-Stem,5.0,25638.0,44.15
140525180606416,2024-08-17,LAW401,Harvard,non-Stem,2.0,15335.0,61.28
140525180602448,2024-12-26,LAW501,Harvard,non-Stem,2.0,20734.0,50.56
140525180614928,2024-11-18,LAW501,Harvard,non-Stem,3.0,20220.0,44.62
140525180606992,2024-10-23,LAW501,Harvard,non-Stem,3.5576437831723657,20351.0,42.9
140525180604048,2024-11-26,LAW401,Harvard,non-Stem,2.0,16917.0,62.49
140525180604240,2024-10-17,LAW501,Harvard,non-Stem,1.0,20044.0,50.32
140525180610064,2024-10-19,LAW401,Harvard,non-Stem,4.0,16698.0,45.91
140525180615696,2024-09-16,LAW501,Harvard,non-Stem,2.0,23356.0,41.48
140525180603600,2024-11-29,LAW401,Harvard,non-Stem,2.0,15626.0,61.88
140525180616592,2024-05-26,LAW401,Harvard,non-Stem,2.0,15546.0,47.74
140525180613520,2024-08-27,LAW401,Harvard,non-Stem,5.0,17305.0,53.54
140525180611728,2024-07-23,LAW401,Harvard,non-Stem,4.0,19109.874457308248,69.93520170043416
140525180613392,2024-12-19,LAW401,Harvard,non-Stem,1.0,15783.0,70.3
140525180609680,2024-12-28,LAW501,Harvard,non-Stem,2.0,20669.0,51.23
140525180613456,2024-11-16,LAW501,Harvard,non-Stem,3.0,23762.0,50.68
140525180616528,2024-12-15,LAW401,Harvard,non-Stem,3.0,15298.0,47.82
140525180616336,2024-03-26,LAW401,Harvard,non-Stem,4.0,16118.0,70.98
140525180610128,2024-10-28,LAW401,Harvard,non-Stem,4.0,15688.0,76.07
140525180615632,2024-09-07,LAW401,Harvard,non-Stem,2.0,15814.0,49.37
140525180605840,2024-11-18,LAW401,Harvard,non-Stem,3.0,19110.0,60.61
140525180609488,2024-11-04,LAW401,Harvard,non-Stem,4.0,15441.0,54.84
140525180603792,2024-10-15,LAW401,Harvard,non-Stem,4.0,15718.0,53.23
140525180614864,2024-12-28,LAW501,Harvard,non-Stem,5.0,20894.0,55.32
140525180614480,2024-12-24,LAW401,Harvard,non-Stem,3.0,19109.874457308248,69.93520170043416
140525180613904,2024-08-12,LAW501,Harvard,non-Stem,2.0,20867.0,55.98
140525180606160,2024-07-13,LAW401,Harvard,non-Stem,4.0,15436.0,67.23
140525180616016,2024-11-16,LAW501,Harvard,non-Stem,3.0,21118.0,44.45
140525180603216,2024-12-18,LAW601,Harvard,non-Stem,1.0,25596.0,67.87
140525180605584,2024-07-24,LAW401,Harvard,non-Stem,3.5576437831723657,17675.0,63.34
140525180603984,2024-09-01,LAW401,Harvard,non-Stem,5.0,16237.0,59.65
140525180611280,2024-11-08,LAW601,Harvard,non-Stem,5.0,25855.0,77.04
140525180600400,2024-12-18,LAW501,Harvard,non-Stem,4.0,22344.0,61.08
140525180604304,2024-09-06,LAW501,Harvard,non-Stem,5.0,21712.0,47.16
140525180611792,2024-10-05,LAW501,Harvard,non-Stem,3.0,20813.0,65.21
140525180606928,2024-10-06,LAW401,Harvard,non-Stem,3.0,15885.0,45.51
140525180610512,2024-09-12,LAW501,Harvard,non-Stem,3.0,19109.874457308248,69.93520170043416
140525180607056,2024-06-10,LAW401,Harvard,non-Stem,4.0,15825.0,47.19
140525180609744,2024-03-05,LAW401,Harvard,non-Stem,1.0,15413.0,69.53
140525180613200,2024-08-12,LAW401,Harvard,non-Stem,2.0,16015.0,47.92
140525180606032,2024-07-14,LAW401,Harvard,non-Stem,3.0,15551.0,49.23
140525180616272,2024-10-10,LAW401,Harvard,non-Stem,4.0,15848.0,66.98
140525180604752,2024-04-15,LAW401,Harvard,non-Stem,3.0,17353.0,65.26
140525180604496,2024-09-19,LAW401,Harvard,non-Stem,3.0,15484.0,79.79
140525180607824,2024-08-10,LAW401,Harvard,non-Stem,3.0,17172.0,64.35
140525180609040,2024-10-05,LAW401,Harvard,non-Stem,3.0,15263.0,41.94
140525180612752,2024-11-23,LAW401,Harvard,non-Stem,3.0,15257.0,70.11
140525184588560,2024-09-17,LAW401,Harvard,non-Stem,4.0,16509.0,55.75
140525184587408,2024-12-21,LAW401,Harvard,non-Stem,4.0,16874.0,75.62
140525184588880,2024-12-14,LAW401,Harvard,non-Stem,5.0,15202.0,44.63
140525184589392,2024-09-18,LAW501,Harvard,non-Stem,3.0,20118.0,45.11
140525184596112,2024-12-28,LAW501,Harvard,non-Stem,3.0,20824.0,75.54
140525184594576,2024-09-18,LAW401,Harvard,non-Stem,2.0,16969.0,58.41
140525184591056,2024-12-25,LAW401,Harvard,non-Stem,3.0,16987.0,51.21
140525184585936,2024-11-12,LAW501,Harvard,non-Stem,2.0,20041.0,44.83
140525184593744,2024-12-11,LAW401,Harvard,non-Stem,5.0,15930.0,46.48
140525184595664,2024-08-15,LAW401,Harvard,non-Stem,2.0,19109.874457308248,69.93520170043416
140525184587664,2024-10-20,LAW401,Harvard,non-Stem,4.0,15403.0,41.96
140525184596944,2024-11-09,LAW501,Harvard,non-Stem,3.0,20110.0,48.35
140525184587792,2024-11-20,LAW401,Harvard,non-Stem,3.0,16997.0,67.96
140525184594064,2024-08-21,LAW501,Harvard,non-Stem,4.0,20699.0,40.26
140525184585168,2024-09-11,LAW501,Harvard,non-Stem,2.0,22251.0,75.41
140525184587088,2024-12-16,LAW401,Harvard,non-Stem,1.0,16367.0,53.24
140525184590608,2024-11-27,LAW501,Harvard,non-Stem,3.0,20076.0,72.18
140525184592272,2024-12-08,LAW501,Harvard,non-Stem,4.0,20000.0,49.29
140525184587024,2024-10-31,LAW501,Harvard,non-Stem,3.0,22814.0,58.48
140525184592784,2024-12-10,LAW401,Harvard,non-Stem,2.0,19109.874457308248,69.93520170043416
140525184591568,2024-11-14,LAW501,Harvard,non-Stem,3.0,21652.0,67.79
140525184583376,2024-09-26,LAW501,Harvard,non-Stem,3.0,20068.0,58.31
140525184591888,2024-11-15,LAW501,Harvard,non-Stem,3.0,20942.0,48.79
140525184588432,2024-10-20,LAW401,Harvard,non-Stem,2.0,15257.0,61.3
140525184587152,2024-12-28,LAW501,Harvard,non-Stem,4.0,22372.0,68.51
140525184588304,2024-12-02,LAW501,Harvard,non-Stem,3.0,21309.0,41.37
140525184593424,2024-07-26,LAW501,Harvard,non-Stem,1.0,20854.0,50.15
140525184595024,2024-06-18,LAW501,Harvard,non-Stem,2.0,20555.0,81.77
140525184589136,2024-12-17,LAW601,Harvard,non-Stem,4.0,26071.0,68.78
140525184592336,2024-05-31,LAW501,Harvard,non-Stem,3.0,20141.0,41.86
140525184592912,2024-08-24,LAW501,Harvard,non-Stem,4.0,19109.874457308248,69.93520170043416
140525184595344,2024-07-13,LAW401,Harvard,non-Stem,4.0,16320.0,82.92
140525184581840,2024-11-07,LAW401,Harvard,non-Stem,1.0,16594.0,49.24
140525184585744,2024-11-11,LAW501,Harvard,non-Stem,3.0,20649.0,63.5
140525184584784,2024-08-18,LAW401,Harvard,non-Stem,2.0,19109.874457308248,69.93520170043416
140525184592656,2024-11-03,LAW501,Harvard,non-Stem,2.0,20478.0,44.49
140525184590352,2024-09-09,LAW401,Harvard,non-Stem,4.0,16064.0,53.34
140525184591312,2024-11-25,LAW501,Harvard,non-Stem,3.0,21067.0,41.93
140525184593168,2024-07-09,LAW501,Harvard,non-Stem,4.0,20618.0,42.53
140525184590416,2024-10-08,LAW501,Harvard,non-Stem,2.0,21339.0,56.4
140525184589776,2024-12-29,LAW401,Harvard,non-Stem,4.0,16406.0,61.11
140525184586000,2024-08-07,LAW401,Harvard,non-Stem,3.0,16223.0,92.04
140525184589072,2024-12-24,LAW401,Harvard,non-Stem,2.0,15220.0,48.58
140525184587984,2024-03-10,LAW401,Harvard,non-Stem,3.0,17433.0,42.72
140525184584400,2024-08-19,LAW501,Harvard,non-Stem,2.0,20323.0,87.72
140525184588688,2024-11-25,LAW501,Harvard,non-Stem,2.0,20764.0,44.72
140525184585680,2024-08-03,LAW501,Harvard,non-Stem,3.0,20131.0,52.9
140525184597840,2024-06-09,LAW501,Harvard,non-Stem,4.0,21194.0,46.65
140525184583632,2024-07-06,LAW401,Harvard,non-Stem,3.0,16101.0,40.27
140525184593872,2024-08-29,LAW401,Harvard,non-Stem,3.0,15536.0,47.16
140525184586256,2024-12-04,LAW401,Harvard,non-Stem,1.0,15572.0,58.67
140525184593232,2024-12-20,LAW501,Harvard,non-Stem,2.0,20469.0,62.75
140525184582608,2024-12-31,LAW401,Harvard,non-Stem,4.0,16806.0,52.26
140525184591696,2024-10-24,LAW501,Harvard,non-Stem,3.0,20656.0,58.58
140525184594640,2024-10-27,LAW401,Harvard,non-Stem,1.0,17469.0,61.72
140525184589648,2024-09-12,LAW501,Harvard,non-Stem,3.0,21788.0,72.95
140525184590288,2024-12-03,LAW401,Harvard,non-Stem,2.0,16403.0,48.34
140525184591376,2024-07-09,LAW501,Harvard,non-Stem,3.0,20169.0,87.62
140525184584656,2024-09-06,LAW501,Harvard,non-Stem,2.0,20245.0,61.29
140525184597264,2024-06-26,LAW501,Harvard,non-Stem,3.0,21026.0,70.27
140525184592528,2024-12-06,LAW501,Harvard,non-Stem,4.0,20898.0,51.76
140525184582288,2024-09-15,LAW401,Harvard,non-Stem,3.0,15224.0,56.28
140525184593936,2024-07-26,LAW401,Harvard,non-Stem,4.0,15539.0,41.84
140525184584208,2024-12-05,LAW501,Harvard,non-Stem,3.0,21579.0,61.71
140525184596560,2024-12-16,LAW401,Harvard,non-Stem,4.0,19109.874457308248,69.93520170043416
140525184597584,2024-05-18,LAW501,Harvard,non-Stem,2.0,20854.0,59.84
140525184583440,2024-11-20,LAW401,Harvard,non-Stem,2.0,16459.0,56.69
140525184592208,2024-09-30,LAW401,Harvard,non-Stem,3.0,15490.0,49.68
140525184596368,2024-07-12,LAW501,Harvard,non-Stem,3.0,20579.0,42.38
140525184592720,2024-12-02,LAW501,Harvard,non-Stem,3.0,19109.874457308248,69.93520170043416
140525184597328,2024-06-17,LAW501,Harvard,non-Stem,3.0,20018.0,40.27
140525185474000,2024-11-20,LAW401,Harvard,non-Stem,4.0,16799.0,77.63
140525183394960,2024-08-14,LAW401,Harvard,non-Stem,1.0,15908.0,43.51
140525184588752,2024-10-28,LAW401,Harvard,non-Stem,3.0,19109.874457308248,69.93520170043416
140525184587344,2024-09-18,LAW501,Harvard,non-Stem,3.0,20067.0,57.38
140525184589584,2024-12-06,LAW401,Harvard,non-Stem,5.0,17407.0,48.15
140525184593552,2024-11-25,LAW501,Harvard,non-Stem,3.0,22635.0,47.0
140525184583184,2024-10-17,LAW501,Harvard,non-Stem,1.0,20282.0,46.81
140525184592144,2024-11-25,LAW501,Harvard,non-Stem,3.0,20040.0,51.68
140525184596048,2024-06-18,LAW501,Harvard,non-Stem,3.0,20164.0,56.87
140525184594000,2024-09-30,LAW401,Harvard,non-Stem,3.0,16248.0,53.92
140525184588048,2024-09-10,LAW501,Harvard,non-Stem,1.0,23503.0,69.02
140525184592464,2024-07-10,LAW501,Harvard,non-Stem,4.0,19109.874457308248,69.93520170043416
140525184585424,2024-09-14,LAW501,Harvard,non-Stem,3.5576437831723657,21391.0,60.24
140525184596816,2024-11-25,LAW501,Harvard,non-Stem,3.0,20187.0,50.47
140525184583760,2024-08-16,LAW501,Harvard,non-Stem,1.0,20892.0,47.95
140525184590096,2024-11-07,LAW501,Harvard,non-Stem,2.0,22085.0,61.73
140525184585232,2024-06-24,LAW401,Harvard,non-Stem,5.0,16247.0,72.72
140525184585296,2024-10-12,LAW401,Harvard,non-Stem,3.0,15029.0,49.96
140525184584528,2024-07-05,LAW601,Harvard,non-Stem,3.5576437831723657,26103.0,47.33
140525184592016,2024-06-10,LAW501,Harvard,non-Stem,2.0,21222.0,66.12
140525184583504,2024-09-07,LAW501,Harvard,non-Stem,3.0,20716.0,57.53
140525184582096,2024-06-12,LAW401,Harvard,non-Stem,2.0,18408.0,80.74
140525184584976,2024-12-15,LAW401,Harvard,non-Stem,1.0,16668.0,80.34
140525184584016,2024-10-04,LAW401,Harvard,non-Stem,3.0,16970.0,59.94
140525184592976,2024-06-27,LAW401,Harvard,non-Stem,2.0,17542.0,52.0
140525184588816,2024-11-06,LAW601,Harvard,non-Stem,2.0,19109.874457308248,69.93520170043416
140525184585040,2024-12-31,LAW401,Harvard,non-Stem,3.0,18140.0,44.99
140525184595600,2024-11-27,LAW601,Harvard,non-Stem,3.0,25016.0,61.19
140525184594768,2024-10-13,LAW501,Harvard,non-Stem,3.0,21162.0,69.05
140525179320208,2024-10-28,LAW401,Harvard,non-Stem,4.0,15287.0,66.44
140525179314960,2024-10-05,LAW401,Harvard,non-Stem,3.0,15140.0,64.82
140525179317392,2024-08-30,LAW501,Harvard,non-Stem,4.0,20119.0,49.29
140525179310160,2024-11-25,LAW401,Harvard,non-Stem,3.0,15991.0,52.84
140525179312528,2024-11-09,LAW401,Harvard,non-Stem,3.0,15150.0,48.04
140525179319376,2024-11-01,LAW501,Harvard,non-Stem,2.0,22771.0,40.62
140525179310096,2024-12-24,LAW501,Harvard,non-Stem,3.0,20418.0,65.46
140525179314256,2024-10-02,LAW401,Harvard,non-Stem,2.0,15386.0,43.1
140525179311120,2024-11-19,LAW501,Harvard,non-Stem,2.0,21385.0,64.25
140525179306064,2024-04-03,LAW501,Harvard,non-Stem,4.0,20114.0,43.42
140525179315984,2024-06-06,LAW601,Harvard,non-Stem,4.0,25745.0,73.9
140525179318288,2024-12-21,LAW401,Harvard,non-Stem,4.0,17274.0,62.31
140525179314704,2024-12-25,LAW401,Harvard,non-Stem,2.0,17582.0,45.67
140525179313552,2024-11-07,LAW401,Harvard,non-Stem,2.0,17819.0,52.1
140525179318992,2024-08-14,LAW601,Harvard,non-Stem,3.0,26242.0,51.66
140525179321104,2024-10-29,LAW401,Harvard,non-Stem,4.0,19109.874457308248,69.93520170043416
140525179317520,2024-11-25,LAW401,Harvard,non-Stem,3.0,15795.0,42.54
140525179320464,2024-12-06,LAW501,Harvard,non-Stem,4.0,20984.0,63.6
140525179317200,2024-12-29,LAW501,Harvard,non-Stem,2.0,22086.0,64.65
140525179317456,2024-12-27,LAW401,Harvard,non-Stem,3.0,15406.0,46.29
140525179309392,2024-12-08,LAW501,Harvard,non-Stem,4.0,20454.0,72.28
140525179310864,2024-10-09,LAW401,Harvard,non-Stem,5.0,19003.0,56.74
140525179316496,2024-07-22,LAW501,Harvard,non-Stem,2.0,20445.0,40.47
140525179308880,2024-10-24,LAW401,Harvard,non-Stem,3.0,15154.0,41.31
140525179320656,2024-12-14,LAW401,Harvard,non-Stem,2.0,19109.874457308248,69.93520170043416
140525179321616,2024-08-21,LAW601,Harvard,non-Stem,3.0,26987.0,42.9
140525179315472,2024-11-23,LAW401,Harvard,non-Stem,2.0,16465.0,54.6
140525179315664,2024-10-22,LAW501,Harvard,non-Stem,1.0,21272.0,40.63
140525179319824,2024-12-08,LAW401,Harvard,non-Stem,2.0,15256.0,44.12
140525179319120,2024-07-15,LAW401,Harvard,non-Stem,2.0,15667.0,44.6
140525179320016,2024-12-22,LAW401,Harvard,non-Stem,3.0,17900.0,83.02
140525179311184,2024-12-16,LAW401,Harvard,non-Stem,2.0,15667.0,49.17
140525179317968,2024-09-08,LAW601,Harvard,non-Stem,2.0,19109.874457308248,69.93520170043416
140525179308368,2024-11-24,LAW501,Harvard,non-Stem,1.0,20198.0,51.13
140525179309328,2024-11-26,LAW501,Harvard,non-Stem,2.0,20278.0,61.54
140525179312016,2024-12-08,LAW401,Harvard,non-Stem,4.0,18917.0,54.01
140525179310992,2024-09-06,LAW501,Harvard,non-Stem,2.0,21030.0,41.76
140525179319056,2024-10-16,LAW501,Harvard,non-Stem,2.0,20531.0,48.62
140525179307344,2024-10-21,LAW401,Harvard,non-Stem,4.0,16108.0,45.36
140525179311632,2024-11-09,LAW601,Harvard,non-Stem,1.0,27463.0,65.37
140525179312144,2024-10-23,LAW501,Harvard,non-Stem,4.0,20844.0,59.77
140525179309008,2024-09-28,LAW501,Harvard,non-Stem,5.0,19109.874457308248,69.93520170043416
140525179312656,2024-10-24,LAW401,Harvard,non-Stem,2.0,15011.0,43.18
140525179312848,2024-11-29,LAW401,Harvard,non-Stem,1.0,15531.0,47.39
140525179307856,2024-12-12,LAW501,Harvard,non-Stem,4.0,19109.874457308248,69.93520170043416
140525179320720,2024-11-25,LAW501,Harvard,non-Stem,4.0,20404.0,54.72
140525179306576,2024-09-01,LAW401,Harvard,non-Stem,2.0,15499.0,47.93
140525179310736,2024-09-03,LAW501,Harvard,non-Stem,3.0,22962.0,56.69
140525179311760,2024-12-18,LAW501,Harvard,non-Stem,2.0,20885.0,42.94
140525179307728,2024-10-14,LAW401,Harvard,non-Stem,3.0,16209.0,52.73
140525179313808,2024-12-05,LAW601,Harvard,non-Stem,4.0,25983.0,42.37
140525179321168,2024-12-28,LAW501,Harvard,non-Stem,2.0,21686.0,42.39
140525179308624,2024-07-23,LAW401,Harvard,non-Stem,3.0,17699.0,49.26
140525179312400,2024-11-20,LAW401,Harvard,non-Stem,2.0,19109.874457308248,69.93520170043416
140525179315216,2024-10-20,LAW501,Harvard,non-Stem,5.0,20599.0,54.82
140525179313616,2024-09-13,LAW501,Harvard,non-Stem,4.0,21038.0,68.22
140525179306960,2024-09-20,LAW501,Harvard,non-Stem,3.5576437831723657,21493.0,85.84
140525179318928,2024-12-15,LAW501,Harvard,non-Stem,3.0,21736.0,47.6
140525179308496,2024-03-28,LAW501,Harvard,non-Stem,4.0,20796.0,43.0
140525179316944,2024-09-15,LAW501,Harvard,non-Stem,4.0,19109.874457308248,69.93520170043416
140525179306256,2024-12-16,LAW501,Harvard,non-Stem,2.0,19109.874457308248,69.93520170043416
140525179308304,2024-12-25,LAW501,Harvard,non-Stem,2.0,22703.0,65.48
140525179313936,2024-11-04,LAW401,Harvard,non-Stem,3.0,16216.0,45.74
140525179308752,2024-07-18,LAW401,Harvard,non-Stem,2.0,17143.0,73.71
140525179314064,2024-11-22,LAW501,Harvard,non-Stem,3.0,21592.0,59.49
140525179320848,2024-07-03,LAW401,Harvard,non-Stem,3.0,15084.0,46.14
140525179310544,2024-10-24,LAW501,Harvard,non-Stem,3.0,21709.0,41.59
140525179315920,2024-10-10,LAW501,Harvard,non-Stem,2.0,22319.0,68.69
140525179317264,2024-06-22,LAW501,Harvard,non-Stem,4.0,21411.0,48.49
140525179321936,2024-10-10,LAW601,Harvard,non-Stem,3.0,27083.0,44.44
140525179308240,2024-09-01,LAW401,Harvard,non-Stem,4.0,18043.0,44.47
140525179306128,2024-10-25,LAW401,Harvard,non-Stem,2.0,15436.0,43.5
140525179306448,2024-12-17,LAW401,Harvard,non-Stem,3.0,16249.0,51.04
140525179309904,2024-10-20,LAW501,Harvard,non-Stem,1.0,20320.0,48.7
140525179321680,2024-12-28,LAW501,Harvard,non-Stem,3.0,21080.0,42.55
140525179316176,2024-12-18,LAW601,Harvard,non-Stem,4.0,25921.0,49.55
140525179307792,2024-12-09,LAW501,Harvard,non-Stem,2.0,20741.0,44.45
140525179322256,2024-10-26,LAW601,Harvard,non-Stem,3.5576437831723657,26624.0,41.45
140525179308560,2024-12-28,LAW501,Harvard,non-Stem,3.0,20487.0,61.42
140525179321232,2024-04-14,LAW401,Harvard,non-Stem,3.0,16784.0,71.05
140525179316880,2024-09-20,LAW501,Harvard,non-Stem,4.0,21120.0,71.87
140525179315344,2024-11-17,LAW501,Harvard,non-Stem,4.0,20025.0,44.74
140525179312592,2024-07-28,LAW401,Harvard,non-Stem,3.5576437831723657,16032.0,42.86
140525179312272,2024-10-02,LAW501,Harvard,non-Stem,1.0,22590.0,58.13
140525179310032,2024-10-30,LAW401,Harvard,non-Stem,2.0,16329.0,44.75
140525179310288,2024-09-26,LAW501,Harvard,non-Stem,3.0,20426.0,40.32
140525179307984,2024-06-25,LAW401,Harvard,non-Stem,2.0,17438.0,50.15
140525179317136,2024-12-30,LAW401,Harvard,non-Stem,2.0,15434.0,52.63
140525179309840,2024-07-19,LAW501,Harvard,non-Stem,3.0,21024.0,64.09
140525179315152,2024-12-21,LAW401,Harvard,non-Stem,3.0,15338.0,64.33
140525179313296,2024-12-28,LAW401,Harvard,non-Stem,4.0,18279.0,43.77
140525179315856,2024-08-14,LAW501,Harvard,non-Stem,2.0,21263.0,54.57
140525179307152,2024-08-04,LAW401,Harvard,non-Stem,3.5576437831723657,16527.0,45.39
140525179306512,2024-12-28,LAW501,Harvard,non-Stem,3.0,21319.0,48.46
140525179316752,2024-05-24,LAW401,Harvard,non-Stem,3.0,15288.0,59.34
140525179314192,2024-10-16,LAW601,Harvard,non-Stem,4.0,26146.0,46.82
140525179310608,2024-11-22,LAW401,Harvard,non-Stem,3.5576437831723657,16558.0,58.03
140525179307024,2024-08-05,LAW401,Harvard,non-Stem,3.0,15244.0,60.04
140525179321360,2024-07-28,LAW401,Harvard,non-Stem,2.0,15035.0,73.52
140525179318800,2024-07-04,LAW501,Harvard,non-Stem,2.0,20207.0,59.04
140525179309584,2024-12-01,LAW501,Harvard,non-Stem,4.0,20431.0,56.39
140525179318096,2024-11-07,LAW501,Harvard,non-Stem,4.0,20764.0,48.95
140525179315728,2024-09-04,LAW401,Harvard,non-Stem,2.0,19109.874457308248,69.93520170043416
140525179312912,2024-12-23,LAW501,Harvard,non-Stem,5.0,23459.0,45.36
140525179319888,2024-07-19,LAW401,Harvard,non-Stem,4.0,16014.0,41.37
140525179309520,2024-09-23,LAW501,Harvard,non-Stem,5.0,20116.0,48.38
140525181459920,2024-12-02,LAW501,Harvard,non-Stem,3.0,22467.0,62.37
140525181463824,2024-10-26,LAW401,Harvard,non-Stem,3.5576437831723657,15786.0,41.97
140525181456016,2024-11-20,LAW401,Harvard,non-Stem,4.0,16059.0,40.39
140525181461712,2024-09-16,LAW501,Harvard,non-Stem,4.0,20292.0,66.91
140525181455184,2024-08-31,LAW401,Harvard,non-Stem,3.0,18766.0,49.56
140525181460624,2024-10-04,LAW401,Harvard,non-Stem,3.0,19109.874457308248,69.93520170043416
140525181467856,2024-09-27,LAW401,Harvard,non-Stem,4.0,18105.0,60.54
140525181454928,2024-04-02,LAW401,Harvard,non-Stem,3.5576437831723657,19109.874457308248,69.93520170043416
140525181462352,2024-09-14,LAW501,Harvard,non-Stem,2.0,21717.0,62.01
140525181465616,2024-12-16,LAW501,Harvard,non-Stem,4.0,21020.0,41.62
140525181458128,2024-09-15,LAW501,Harvard,non-Stem,2.0,21416.0,56.97
140525181466320,2024-12-31,LAW401,Harvard,non-Stem,2.0,16134.0,44.64
140525181468496,2024-10-21,LAW501,Harvard,non-Stem,3.5576437831723657,20821.0,65.36
140525181452368,2024-10-22,LAW501,Harvard,non-Stem,2.0,21517.0,52.96
140525181458512,2024-08-14,LAW401,Harvard,non-Stem,3.0,16523.0,46.41
140525181463312,2024-10-24,LAW601,Harvard,non-Stem,3.0,27036.0,45.85
140525181455632,2024-11-30,LAW501,Harvard,non-Stem,5.0,20048.0,51.45
140525181455376,2024-12-13,LAW401,Harvard,non-Stem,3.0,19109.874457308248,69.93520170043416
140525181453584,2024-09-26,LAW401,Harvard,non-Stem,4.0,16188.0,83.37
140525181460944,2024-11-27,LAW501,Harvard,non-Stem,4.0,21037.0,46.73
140525181463120,2024-12-09,LAW401,Harvard,non-Stem,4.0,15111.0,48.81
140525181461520,2024-11-21,LAW501,Harvard,non-Stem,1.0,24261.0,61.49
140525181453264,2024-12-28,LAW501,Harvard,non-Stem,2.0,20691.0,51.03
140525181464592,2024-11-13,LAW501,Harvard,non-Stem,2.0,20503.0,40.67
140525181466064,2024-12-27,LAW401,Harvard,non-Stem,2.0,15685.0,59.55
140525181468176,2024-09-29,LAW501,Harvard,non-Stem,3.0,21999.0,55.57
140525181468432,2024-12-10,LAW501,Harvard,non-Stem,3.0,23436.0,60.87
140525181461648,2024-12-16,LAW401,Harvard,non-Stem,2.0,18244.0,64.79
140525181467600,2024-07-13,LAW601,Harvard,non-Stem,2.0,25319.0,40.16
140525181455696,2024-11-07,LAW401,Harvard,non-Stem,3.0,15002.0,56.87
140525181453840,2024-10-09,LAW401,Harvard,non-Stem,1.0,15696.0,65.99
140525181458000,2024-09-07,LAW401,Harvard,non-Stem,2.0,15134.0,45.05
140525181464720,2024-07-03,LAW401,Harvard,non-Stem,4.0,19109.874457308248,69.93520170043416
140525181452752,2024-11-01,LAW501,Harvard,non-Stem,1.0,21110.0,52.14
140525181460048,2024-12-17,LAW501,Harvard,non-Stem,2.0,22078.0,50.77
140525181458448,2024-12-13,LAW401,Harvard,non-Stem,4.0,18388.0,44.83
140525181458896,2024-12-29,LAW501,Harvard,non-Stem,2.0,20014.0,64.26
140525181454096,2024-12-19,LAW501,Harvard,non-Stem,2.0,20793.0,53.22
140525181456464,2024-10-23,LAW401,Harvard,non-Stem,5.0,15569.0,63.53
140525181453456,2024-11-10,LAW401,Harvard,non-Stem,3.0,15587.0,65.42
140525181466192,2024-12-12,LAW401,Harvard,non-Stem,3.0,16893.0,58.44
140525181454992,2024-10-01,LAW401,Harvard,non-Stem,1.0,16714.0,70.6
140525181457744,2024-12-12,LAW501,Harvard,non-Stem,4.0,21543.0,46.18
140525181463696,2024-12-27,LAW501,Harvard,non-Stem,2.0,20144.0,50.9
140525181458960,2024-12-21,LAW501,Harvard,non-Stem,1.0,20491.0,73.63
140525181455440,2024-12-26,LAW501,Harvard,non-Stem,1.0,20784.0,42.42
140525181466576,2024-09-04,LAW501,Harvard,non-Stem,5.0,20535.0,59.57
140525181455504,2024-12-09,LAW501,Harvard,non-Stem,2.0,20269.0,42.15
140525181461776,2024-06-06,LAW501,Harvard,non-Stem,4.0,20952.0,51.68
140525181463760,2024-06-06,LAW601,Harvard,non-Stem,2.0,26135.0,40.34
140525181452624,2024-09-20,LAW501,Harvard,non-Stem,3.0,20019.0,50.26
140525181460688,2024-08-20,LAW501,Harvard,non-Stem,5.0,21141.0,54.3
140525181453904,2024-08-04,LAW401,Harvard,non-Stem,2.0,15349.0,42.64
140525181462864,2024-09-13,LAW401,Harvard,non-Stem,4.0,17785.0,44.0
140525181461200,2024-08-11,LAW401,Harvard,non-Stem,2.0,16705.0,54.93
140525181457488,2024-09-10,LAW501,Harvard,non-Stem,3.0,20469.0,59.04
140525181462544,2024-11-11,LAW501,Harvard,non-Stem,2.0,22146.0,57.14
140525181457168,2024-06-29,LAW401,Harvard,non-Stem,2.0,15662.0,61.43
140525181465680,2024-08-22,LAW601,Harvard,non-Stem,2.0,28003.0,53.63
140525181459984,2024-12-14,LAW501,Harvard,non-Stem,3.0,20403.0,63.64
140525181466640,2024-12-25,LAW501,Harvard,non-Stem,3.0,22343.0,68.05
140525181456144,2024-06-08,LAW501,Harvard,non-Stem,1.0,21120.0,40.22
140525181461328,2024-11-30,LAW501,Harvard,non-Stem,3.0,22139.0,66.35
140525181461456,2024-11-12,LAW401,Harvard,non-Stem,5.0,15160.0,57.53
140525181458640,2024-06-07,LAW501,Harvard,non-Stem,5.0,21457.0,59.6
140525181466448,2024-11-21,LAW601,Harvard,non-Stem,5.0,27538.0,43.25
140525181465808,2024-11-27,LAW501,Harvard,non-Stem,4.0,20071.0,85.24
140525181454736,2024-05-10,LAW401,Harvard,non-Stem,4.0,15897.0,80.48
140525181456208,2024-11-19,LAW401,Harvard,non-Stem,4.0,15824.0,79.5
140525181459600,2024-12-28,LAW601,Harvard,non-Stem,3.0,26467.0,50.6
140525181462736,2024-09-29,LAW401,Harvard,non-Stem,4.0,15140.0,50.17
140525181459536,2024-11-08,LAW401,Harvard,non-Stem,3.0,15853.0,46.52
140525181466896,2024-12-28,LAW401,Harvard,non-Stem,3.0,16416.0,64.0
140525181462672,2024-08-04,LAW401,Harvard,non-Stem,1.0,15004.0,57.64
140525181464912,2024-06-22,LAW601,Harvard,non-Stem,4.0,25212.0,45.66
140525181454544,2024-11-23,LAW401,Harvard,non-Stem,3.0,18347.0,53.01
140525181461264,2024-07-23,LAW501,Harvard,non-Stem,1.0,21876.0,46.71
140525181454608,2024-04-06,LAW501,Harvard,non-Stem,3.5576437831723657,20266.0,50.7
140525181466832,2024-09-09,LAW401,Harvard,non-Stem,4.0,19109.874457308248,69.93520170043416
140525181453200,2024-11-30,LAW501,Harvard,non-Stem,5.0,20289.0,60.6
140525181462480,2024-08-06,LAW501,Harvard,non-Stem,3.0,20918.0,58.62
140525181458576,2024-10-22,LAW401,Harvard,non-Stem,3.0,17034.0,49.72
140525181460496,2024-05-09,LAW501,Harvard,non-Stem,3.0,20659.0,56.13
140525181459664,2024-08-27,LAW401,Harvard,non-Stem,4.0,18074.0,48.79
140525181454480,2024-12-08,LAW401,Harvard,non-Stem,3.5576437831723657,16731.0,60.61
140525181458384,2024-07-30,LAW401,Harvard,non-Stem,2.0,15605.0,54.26
140525181462992,2024-11-21,LAW401,Harvard,non-Stem,2.0,16948.0,45.68
140525181461840,2024-07-17,LAW401,Harvard,non-Stem,3.0,15079.0,57.02
140525181464144,2024-12-30,LAW501,Harvard,non-Stem,4.0,20770.0,66.58
140525181452688,2024-11-27,LAW401,Harvard,non-Stem,4.0,19109.874457308248,69.93520170043416
140525181459728,2024-12-29,LAW501,Harvard,non-Stem,5.0,20614.0,49.19
140525181465872,2024-08-08,LAW501,Harvard,non-Stem,4.0,20540.0,50.22
140525181465424,2024-12-23,LAW401,Harvard,non-Stem,1.0,19109.874457308248,69.93520170043416
140525180848848,2024-12-07,LAW501,Harvard,non-Stem,3.0,20206.0,56.73
140525180862352,2024-11-07,LAW501,Harvard,non-Stem,4.0,21664.0,55.1
140525180848912,2024-09-13,LAW501,Harvard,non-Stem,4.0,22295.0,64.29
140525180847440,2024-12-08,LAW401,Harvard,non-Stem,3.5576437831723657,19109.874457308248,69.93520170043416
140525180848592,2024-10-05,LAW401,Harvard,non-Stem,3.0,16027.0,54.49
140525180851216,2024-08-27,LAW501,Harvard,non-Stem,1.0,21311.0,40.64
140525180855440,2024-12-22,LAW401,Harvard,non-Stem,2.0,15939.0,42.1
140525180853456,2024-06-03,LAW401,Harvard,non-Stem,1.0,16368.0,49.1
140525180858512,2024-10-13,LAW601,Harvard,non-Stem,3.0,26604.0,55.27
140525180857552,2024-10-25,LAW501,Harvard,non-Stem,3.0,20275.0,44.36
140525180846352,2024-11-02,LAW401,Harvard,non-Stem,4.0,15090.0,69.88
140525180860688,2024-12-26,LAW501,Harvard,non-Stem,4.0,19109.874457308248,69.93520170043416
140525180846864,2024-11-01,LAW401,Harvard,non-Stem,3.0,15643.0,83.93
140525180858256,2024-12-10,LAW501,Harvard,non-Stem,4.0,21548.0,47.34
140525180857232,2024-09-25,LAW501,Harvard,non-Stem,2.0,20767.0,46.05
140525180858704,2024-09-30,LAW501,Harvard,non-Stem,3.5576437831723657,21192.0,60.85
140525180861072,2024-11-25,LAW501,Harvard,non-Stem,2.0,20470.0,71.72
140525180857040,2024-10-05,LAW501,Harvard,non-Stem,5.0,22224.0,67.56
140525180852432,2024-03-12,LAW501,Harvard,non-Stem,4.0,20384.0,51.19
140525180847248,2024-09-03,LAW401,Harvard,non-Stem,1.0,15780.0,41.88
140525180860432,2024-12-05,LAW401,Harvard,non-Stem,3.0,15610.0,52.09
140525180847696,2024-11-12,LAW601,Harvard,non-Stem,1.0,28314.0,40.92
140525180857616,2024-12-10,LAW501,Harvard,non-Stem,4.0,24276.0,67.37
140525180860944,2024-12-25,LAW501,Harvard,non-Stem,4.0,20726.0,48.38
140525180849680,2024-09-08,LAW501,Harvard,non-Stem,4.0,21628.0,46.17
140525180853200,2024-11-14,LAW501,Harvard,non-Stem,2.0,21624.0,83.51
140525180855184,2024-12-23,LAW601,Harvard,non-Stem,2.0,25611.0,47.92
140525180859536,2024-12-28,LAW401,Harvard,non-Stem,3.0,16567.0,47.23
140525180854224,2024-07-13,LAW501,Harvard,non-Stem,2.0,19109.874457308248,69.93520170043416
140525180851920,2024-06-07,LAW401,Harvard,non-Stem,4.0,15377.0,55.76
140525180852624,2024-11-03,LAW501,Harvard,non-Stem,3.0,22079.0,45.59
140525180855824,2024-12-28,LAW401,Harvard,non-Stem,4.0,15250.0,47.71
140525180850704,2024-09-21,LAW401,Harvard,non-Stem,3.0,15841.0,51.28
140525180852304,2024-04-08,LAW401,Harvard,non-Stem,4.0,15898.0,67.06
140525180848720,2024-08-05,LAW401,Harvard,non-Stem,4.0,15059.0,52.78
140525180860176,2024-10-14,LAW501,Harvard,non-Stem,4.0,19109.874457308248,69.93520170043416
140525180850576,2024-08-03,LAW601,Harvard,non-Stem,3.0,26859.0,47.38
140525180851536,2024-12-24,LAW401,Harvard,non-Stem,5.0,15292.0,46.76
140525180859728,2024-12-05,LAW501,Harvard,non-Stem,2.0,21140.0,53.45
140525180855056,2024-06-17,LAW401,Harvard,non-Stem,5.0,19109.874457308248,69.93520170043416
140525180857872,2024-12-01,LAW401,Harvard,non-Stem,3.0,15919.0,50.41
140525180849936,2024-11-12,LAW401,Harvard,non-Stem,2.0,16594.0,53.76
140525180851600,2024-10-21,LAW401,Harvard,non-Stem,2.0,15962.0,41.83
140525180851408,2024-07-19,LAW501,Harvard,non-Stem,2.0,22365.0,42.68
140525180853712,2024-03-13,LAW401,Harvard,non-Stem,4.0,17810.0,74.15
140525180850960,2024-12-18,LAW401,Harvard,non-Stem,2.0,16059.0,53.99
140525180861776,2024-04-19,LAW501,Harvard,non-Stem,3.0,21804.0,71.22
140525180853584,2024-11-12,LAW401,Harvard,non-Stem,3.0,16521.0,67.76
140525180852944,2024-12-30,LAW501,Harvard,non-Stem,4.0,22251.0,46.07
140525180847504,2024-11-03,LAW501,Harvard,non-Stem,1.0,22989.0,52.76
140525180861136,2024-12-26,LAW501,Harvard,non-Stem,4.0,20264.0,52.73
140525180860752,2024-11-26,LAW401,Harvard,non-Stem,5.0,15037.0,82.37
140525180848400,2024-07-24,LAW401,Harvard,non-Stem,5.0,16974.0,49.97
140525180856592,2024-11-13,LAW401,Harvard,non-Stem,4.0,19109.874457308248,69.93520170043416
140525180852496,2024-08-04,LAW501,Harvard,non-Stem,3.5576437831723657,22047.0,50.28
140525180852752,2024-07-05,LAW401,Harvard,non-Stem,4.0,15300.0,74.31
140525180846608,2024-09-21,LAW501,Harvard,non-Stem,3.0,23292.0,49.06
140525180858640,2024-06-27,LAW501,Harvard,non-Stem,2.0,20348.0,50.58
140525180850768,2024-11-11,LAW501,Harvard,non-Stem,2.0,20188.0,54.31
140525180859600,2024-08-18,LAW401,Harvard,non-Stem,3.0,16712.0,41.89
140525180859856,2024-09-29,LAW501,Harvard,non-Stem,2.0,22696.0,72.54
140525180859920,2024-11-17,LAW501,Harvard,non-Stem,3.0,20646.0,40.14
140525180846992,2024-11-29,LAW401,Harvard,non-Stem,5.0,15068.0,51.96
140525180858832,2024-07-19,LAW401,Harvard,non-Stem,3.0,16688.0,40.08
140525180859792,2024-11-19,LAW401,Harvard,non-Stem,3.0,15408.0,49.92
140525180859280,2024-12-22,LAW401,Harvard,non-Stem,4.0,15499.0,66.74
140525180861968,2024-11-21,LAW401,Harvard,non-Stem,3.0,15435.0,41.4
140525180856848,2024-08-20,LAW401,Harvard,non-Stem,3.0,16198.0,65.99
140525180849488,2024-12-28,LAW601,Harvard,non-Stem,2.0,26388.0,47.41
140525180860368,2024-12-20,LAW501,Harvard,non-Stem,3.0,20054.0,65.42
140525180846160,2024-07-19,LAW501,Harvard,non-Stem,5.0,20511.0,56.53
140525180848528,2024-11-09,LAW401,Harvard,non-Stem,3.0,15887.0,75.8
140525180851664,2024-09-25,LAW401,Harvard,non-Stem,3.0,17517.0,69.35
140525180859088,2024-12-15,LAW401,Harvard,non-Stem,2.0,18432.0,48.0
140525180861840,2024-10-25,LAW501,Harvard,non-Stem,2.0,21331.0,54.95
140525180857360,2024-07-21,LAW501,Harvard,non-Stem,4.0,22015.0,49.77
140525180847376,2024-09-15,LAW501,Harvard,non-Stem,1.0,20039.0,56.84
140525180854608,2024-08-19,LAW401,Harvard,non-Stem,4.0,17428.0,45.13
140525180855696,2024-12-15,LAW501,Harvard,non-Stem,3.0,20034.0,42.58
140525180850128,2024-11-01,LAW501,Harvard,non-Stem,3.0,20945.0,55.6
140525180854928,2024-09-08,LAW501,Harvard,non-Stem,1.0,21483.0,44.59
140525180853968,2024-11-27,LAW401,Harvard,non-Stem,2.0,17594.0,53.15
140525180858064,2024-12-28,LAW501,Harvard,non-Stem,1.0,20015.0,46.03
140525180856784,2024-05-31,LAW401,Harvard,non-Stem,3.5576437831723657,15219.0,45.08
140525180847184,2024-07-23,LAW501,Harvard,non-Stem,5.0,19109.874457308248,69.93520170043416
140525180848208,2024-07-02,LAW601,Harvard,non-Stem,3.0,25778.0,47.01
140525180858896,2024-09-07,LAW501,Harvard,non-Stem,2.0,20805.0,52.11
140525180852560,2024-06-23,LAW401,Harvard,non-Stem,3.5576437831723657,15744.0,56.01
140525180848144,2024-11-26,LAW401,Harvard,non-Stem,4.0,16633.0,61.03
140525180862096,2024-12-31,LAW501,Harvard,non-Stem,1.0,19109.874457308248,69.93520170043416
140525180847632,2024-11-08,LAW401,Harvard,non-Stem,3.5576437831723657,16847.0,47.15
140525180854992,2024-12-10,LAW501,Harvard,non-Stem,2.0,21115.0,60.06
140525180860304,2024-12-16,LAW501,Harvard,non-Stem,3.0,22698.0,46.13
140525180855312,2024-07-26,LAW401,Harvard,non-Stem,3.0,15183.0,42.61
140525180858576,2024-11-10,LAW401,Harvard,non-Stem,2.0,19109.874457308248,69.93520170043416
140525180853264,2024-12-01,LAW501,Harvard,non-Stem,3.0,20085.0,48.26
140525180857744,2024-07-21,LAW401,Harvard,non-Stem,4.0,17916.0,61.07
140525180861328,2024-08-22,LAW501,Harvard,non-Stem,3.0,20442.0,58.53
140525180853136,2024-07-12,LAW401,Harvard,non-Stem,3.0,15371.0,61.85
140525180853520,2024-04-25,LAW401,Harvard,non-Stem,4.0,17111.0,43.13
140525180860816,2024-10-01,LAW501,Harvard,non-Stem,1.0,21063.0,51.13
140525180851984,2024-09-18,LAW601,Harvard,non-Stem,2.0,19109.874457308248,69.93520170043416
140525180848464,2024-11-23,LAW501,Harvard,non-Stem,4.0,22929.0,41.89
140525180850896,2024-11-01,LAW501,Harvard,non-Stem,2.0,21334.0,43.52
140525180847888,2024-11-20,LAW501,Harvard,non-Stem,2.0,21232.0,58.0
140525180853008,2024-06-28,LAW401,Harvard,non-Stem,1.0,18675.0,44.41
140525182972880,2024-09-09,LAW401,Harvard,non-Stem,3.0,19109.874457308248,69.93520170043416
140525182974800,2024-12-25,LAW401,Harvard,non-Stem,5.0,16303.0,66.31
140525182968976,2024-11-29,LAW401,Harvard,non-Stem,3.0,16619.0,43.15
140525182964688,2024-09-12,LAW501,Harvard,non-Stem,4.0,20776.0,40.65
140525182969488,2024-12-07,LAW401,Harvard,non-Stem,3.5576437831723657,15739.0,47.66
140525182964304,2024-10-11,LAW401,Harvard,non-Stem,2.0,16118.0,41.85
140525182961936,2024-11-22,LAW401,Harvard,non-Stem,3.0,19346.0,40.04
140525182973712,2024-12-12,LAW501,Harvard,non-Stem,4.0,20279.0,42.44
140525182961744,2024-07-01,LAW501,Harvard,non-Stem,1.0,23601.0,61.48
140525182964816,2024-04-13,LAW501,Harvard,non-Stem,4.0,22277.0,45.2
140525182971664,2024-12-26,LAW401,Harvard,non-Stem,4.0,17541.0,53.92
140525182963472,2024-08-08,LAW401,Harvard,non-Stem,4.0,15176.0,47.78
140525182965456,2024-08-01,LAW401,Harvard,non-Stem,3.0,15634.0,42.85
140525182970576,2024-09-28,LAW401,Harvard,non-Stem,2.0,16687.0,41.19
140525182965328,2024-10-01,LAW501,Harvard,non-Stem,3.0,20112.0,44.43
140525182963984,2024-09-03,LAW401,Harvard,non-Stem,2.0,19109.874457308248,69.93520170043416
140525182968336,2024-11-25,LAW401,Harvard,non-Stem,4.0,15356.0,54.2
140525182970128,2024-11-07,LAW401,Harvard,non-Stem,2.0,17393.0,43.68
140525182971216,2024-10-27,LAW501,Harvard,non-Stem,2.0,20435.0,42.09
140525182963216,2024-04-17,LAW501,Harvard,non-Stem,4.0,22836.0,48.43
140525182972048,2024-12-28,LAW501,Harvard,non-Stem,1.0,21352.0,41.3
140525182975376,2024-10-13,LAW401,Harvard,non-Stem,2.0,17501.0,50.91
140525182971792,2024-10-03,LAW401,Harvard,non-Stem,2.0,16390.0,45.92
140525182975632,2024-08-16,LAW501,Harvard,non-Stem,3.0,20076.0,70.28
140525182965520,2024-08-15,LAW401,Harvard,non-Stem,4.0,15268.0,49.12
140525182969104,2024-09-15,LAW501,Harvard,non-Stem,3.0,21399.0,42.74
140525182971152,2024-10-17,LAW401,Harvard,non-Stem,4.0,15451.0,43.96
140525182966480,2024-11-06,LAW401,Harvard,non-Stem,4.0,15895.0,69.69
140525182960080,2024-11-10,LAW501,Harvard,non-Stem,2.0,20224.0,40.51
140525182961104,2024-12-01,LAW401,Harvard,non-Stem,3.0,15507.0,66.89
140525182963088,2024-08-15,LAW501,Harvard,non-Stem,3.5576437831723657,20538.0,75.73
140525182965584,2024-05-27,LAW401,Harvard,non-Stem,2.0,17168.0,46.93
140525182970768,2024-04-13,LAW401,Harvard,non-Stem,2.0,15284.0,52.13
140525182969616,2024-05-20,LAW401,Harvard,non-Stem,2.0,19109.874457308248,69.93520170043416
140525182972368,2024-12-28,LAW401,Harvard,non-Stem,3.0,15978.0,59.11
140525182961424,2024-10-06,LAW501,Harvard,non-Stem,4.0,20193.0,55.84
140525182969040,2024-12-09,LAW401,Harvard,non-Stem,2.0,16095.0,61.12
140525182973072,2024-12-18,LAW501,Harvard,non-Stem,2.0,20578.0,50.36
140525182969360,2024-10-13,LAW401,Harvard,non-Stem,2.0,15247.0,45.12
140525182968464,2024-11-03,LAW501,Harvard,non-Stem,5.0,22549.0,44.56
140525182962448,2024-09-02,LAW501,Harvard,non-Stem,4.0,19109.874457308248,69.93520170043416
140525182968528,2024-09-23,LAW401,Harvard,non-Stem,2.0,15156.0,44.72
140525182973584,2024-12-09,LAW401,Harvard,non-Stem,5.0,15758.0,84.36
140525182975952,2024-12-28,LAW401,Harvard,non-Stem,4.0,18724.0,64.13
140525182965840,2024-11-02,LAW401,Harvard,non-Stem,3.0,18268.0,56.92
140525182964240,2024-09-04,LAW501,Harvard,non-Stem,3.5576437831723657,22356.0,57.91
140525182972560,2024-12-13,LAW401,Harvard,non-Stem,2.0,16041.0,51.48
140525182967952,2024-04-03,LAW501,Harvard,non-Stem,2.0,21150.0,49.22
140525182963600,2024-12-19,LAW401,Harvard,non-Stem,4.0,15785.0,68.16
140525182959888,2024-10-15,LAW601,Harvard,non-Stem,3.0,25823.0,52.99
140525182970896,2024-12-24,LAW401,Harvard,non-Stem,3.0,17315.0,48.9
140525182968272,2024-06-12,LAW501,Harvard,non-Stem,3.0,21734.0,40.77
140525182971856,2024-12-28,LAW501,Harvard,non-Stem,2.0,23685.0,44.0
140525182968848,2024-09-22,LAW401,Harvard,non-Stem,1.0,16159.0,43.23
140525182960464,2024-12-14,LAW501,Harvard,non-Stem,3.0,19109.874457308248,69.93520170043416
140525182972624,2024-11-01,LAW601,Harvard,non-Stem,3.0,24998.0,62.48
140525182967248,2024-08-08,LAW401,Harvard,non-Stem,3.5576437831723657,16438.0,47.92
140525182974288,2024-09-01,LAW401,Harvard,non-Stem,3.0,15158.0,47.1
140525182973840,2024-12-19,LAW401,Harvard,non-Stem,2.0,15384.0,44.43
140525182969744,2024-12-19,LAW401,Harvard,non-Stem,3.5576437831723657,15392.0,55.52
140525182966288,2024-05-16,LAW401,Harvard,non-Stem,4.0,16783.0,53.88
140525182975312,2024-12-25,LAW401,Harvard,non-Stem,4.0,15785.0,46.37
140525182962000,2024-12-29,LAW401,Harvard,non-Stem,2.0,15121.0,62.61
140525182969552,2024-12-05,LAW501,Harvard,non-Stem,2.0,21191.0,41.62
140525182975696,2024-12-28,LAW501,Harvard,non-Stem,3.0,20646.0,61.71
140525182968912,2024-10-05,LAW401,Harvard,non-Stem,4.0,15658.0,65.52
140525182974544,2024-07-03,LAW401,Harvard,non-Stem,2.0,17266.0,44.43
140525182969168,2024-08-20,LAW401,Harvard,non-Stem,4.0,19109.874457308248,69.93520170043416
140525182969296,2024-07-10,LAW501,Harvard,non-Stem,3.0,21609.0,55.31
140525182974864,2024-07-23,LAW401,Harvard,non-Stem,3.0,15643.0,43.81
140525182973776,2024-10-05,LAW401,Harvard,non-Stem,4.0,17920.0,60.68
140525182964496,2024-12-08,LAW501,Harvard,non-Stem,2.0,22950.0,90.07
140525182967120,2024-12-29,LAW501,Harvard,non-Stem,1.0,21874.0,54.17
140525182971280,2024-12-28,LAW401,Harvard,non-Stem,5.0,15952.0,45.39
140525182972176,2024-11-15,LAW401,Harvard,non-Stem,4.0,15438.0,64.02
140525182960976,2024-09-01,LAW501,Harvard,non-Stem,2.0,20500.0,48.62
140525182962064,2024-12-26,LAW501,Harvard,non-Stem,4.0,20035.0,45.6
140525182962320,2024-12-23,LAW401,Harvard,non-Stem,3.5576437831723657,16405.0,49.58
140525182975056,2024-10-08,LAW401,Harvard,non-Stem,3.0,15651.0,40.28
140525182964048,2024-12-04,LAW501,Harvard,non-Stem,5.0,21581.0,43.58
140525182966352,2024-09-09,LAW501,Harvard,non-Stem,3.0,22907.0,74.21
140525182960848,2024-08-30,LAW401,Harvard,non-Stem,3.0,18082.0,54.61
140525182974096,2024-10-02,LAW501,Harvard,non-Stem,3.0,19109.874457308248,69.93520170043416
140525182970384,2024-12-17,LAW501,Harvard,non-Stem,3.0,21553.0,65.47
140525182975568,2024-08-17,LAW501,Harvard,non-Stem,3.0,23093.0,64.56
140525182972304,2024-12-23,LAW401,Harvard,non-Stem,1.0,19109.874457308248,69.93520170043416
140525182960784,2024-10-22,LAW501,Harvard,non-Stem,3.0,21081.0,51.13
140525182971024,2024-11-03,LAW601,Harvard,non-Stem,4.0,25297.0,50.88
140525182975824,2024-11-20,LAW501,Harvard,non-Stem,4.0,20527.0,46.87
140525182970512,2024-08-30,LAW401,Harvard,non-Stem,3.0,15964.0,51.63
140525182964752,2024-06-24,LAW501,Harvard,non-Stem,2.0,20727.0,43.7
140525182973136,2024-12-08,LAW401,Harvard,non-Stem,5.0,15425.0,63.35
140525182959952,2024-09-14,LAW401,Harvard,non-Stem,1.0,17078.0,73.91
140525182971088,2024-12-29,LAW401,Harvard,non-Stem,5.0,15646.0,74.18
140525182963280,2024-12-02,LAW501,Harvard,non-Stem,5.0,21126.0,51.48
140525182973520,2024-12-14,LAW401,Harvard,non-Stem,4.0,16738.0,47.04
140525182973456,2024-12-15,LAW501,Harvard,non-Stem,3.0,23474.0,57.56
140525182970704,2024-08-10,LAW401,Harvard,non-Stem,2.0,18358.0,56.18
140525182972944,2024-07-11,LAW501,Harvard,non-Stem,4.0,20231.0,61.71
140525182960208,2024-11-26,LAW501,Harvard,non-Stem,1.0,20128.0,54.73
140525182962832,2024-09-19,LAW501,Harvard,non-Stem,3.0,22205.0,57.15
140525182962704,2024-05-13,LAW401,Harvard,non-Stem,4.0,15445.0,46.34
140525182965776,2024-11-22,LAW501,Harvard,non-Stem,4.0,20817.0,57.15
140525182962512,2024-11-23,LAW401,Harvard,non-Stem,1.0,18600.0,70.32
140525182971536,2024-12-21,LAW401,Harvard,non-Stem,3.5576437831723657,16948.0,58.71
140525139355792,2024-09-16,LAW501,Harvard,non-Stem,5.0,20429.0,51.04
140525139354512,2024-05-15,LAW501,Harvard,non-Stem,3.0,21833.0,48.23
140525139361168,2024-09-08,LAW501,Harvard,non-Stem,3.0,20925.0,45.77
140525139357328,2024-10-16,LAW401,Harvard,non-Stem,1.0,15068.0,41.9
140525139347152,2024-12-02,LAW501,Harvard,non-Stem,3.0,20289.0,42.93
140525139360400,2024-11-23,LAW401,Harvard,non-Stem,4.0,15588.0,55.61
140525139353488,2024-11-27,LAW501,Harvard,non-Stem,3.0,20022.0,51.19
140525139357584,2024-08-10,LAW501,Harvard,non-Stem,3.5576437831723657,20115.0,63.21
140525139358096,2024-06-02,LAW401,Harvard,non-Stem,3.0,18047.0,56.26
140525139360144,2024-11-25,LAW401,Harvard,non-Stem,3.0,16243.0,51.73
140525139359632,2024-11-30,LAW601,Harvard,non-Stem,3.0,29137.0,40.4
140525139354256,2024-09-16,LAW401,Harvard,non-Stem,2.0,17387.0,49.38
140525139361424,2024-10-30,LAW401,Harvard,non-Stem,1.0,16560.0,55.73
140525139346640,2024-11-24,LAW401,Harvard,non-Stem,1.0,18154.0,56.61
140525139351952,2024-05-15,LAW401,Harvard,non-Stem,4.0,15046.0,51.82
140525139359888,2024-09-21,LAW401,Harvard,non-Stem,2.0,15819.0,44.55
140525139358864,2024-09-10,LAW601,Harvard,non-Stem,3.0,27955.0,44.38
140525139356048,2024-10-29,LAW501,Harvard,non-Stem,4.0,20254.0,56.22
140525139358352,2024-10-28,LAW501,Harvard,non-Stem,4.0,21662.0,59.25
140525139350160,2024-11-10,LAW501,Harvard,non-Stem,3.0,20862.0,45.4
140525139352464,2024-12-13,LAW401,Harvard,non-Stem,3.0,17994.0,54.65
140525139348176,2024-04-29,LAW401,Harvard,non-Stem,4.0,15436.0,51.12
140525139348944,2024-10-31,LAW501,Harvard,non-Stem,1.0,20591.0,56.54
140525139350416,2024-09-13,LAW501,Harvard,non-Stem,4.0,21971.0,62.55
140525139345872,2024-12-18,LAW501,Harvard,non-Stem,3.5576437831723657,22221.0,70.15
140525139348432,2024-11-19,LAW501,Harvard,non-Stem,3.0,21713.0,55.76
140525962667280,2024-10-18,LAW401,Harvard,non-Stem,3.0,15349.0,43.45
140525178458128,2024-01-01,LAW401,Harvard,non-Stem,3.0,18792.0,52.3
140525178454096,2024-12-18,LAW501,Harvard,non-Stem,3.0,20871.0,44.67
140525178469392,2024-11-16,LAW501,Harvard,non-Stem,3.0,21769.0,50.31
140525178460816,2024-04-28,LAW401,Harvard,non-Stem,2.0,15012.0,42.18
140525178464400,2024-05-25,LAW401,Harvard,non-Stem,1.0,16014.0,42.2
140525178456656,2024-09-20,LAW501,Harvard,non-Stem,2.0,19109.874457308248,69.93520170043416
140525178461456,2024-10-09,LAW501,Harvard,non-Stem,5.0,21302.0,42.39
140525178469008,2024-11-03,LAW401,Harvard,non-Stem,5.0,17638.0,41.44
140525178463632,2024-10-25,LAW401,Harvard,non-Stem,2.0,15065.0,50.57
140525178470032,2024-12-29,LAW501,Harvard,non-Stem,5.0,21336.0,65.22
140525178457680,2024-12-06,LAW501,Harvard,non-Stem,4.0,22740.0,62.46
140525178459792,2024-10-09,LAW501,Harvard,non-Stem,2.0,22059.0,61.8
140525178466064,2024-06-14,LAW501,Harvard,non-Stem,5.0,21347.0,68.87
140525178463760,2024-11-25,LAW501,Harvard,non-Stem,3.0,20227.0,62.64
140525178463824,2024-10-28,LAW501,Harvard,non-Stem,2.0,20335.0,64.5
140525178469840,2024-09-07,LAW401,Harvard,non-Stem,3.0,19109.874457308248,69.93520170043416
140525178462672,2024-04-12,LAW501,Harvard,non-Stem,3.0,19109.874457308248,69.93520170043416
140525178462800,2024-12-23,LAW501,Harvard,non-Stem,4.0,21177.0,58.19
140525178469904,2024-09-14,LAW501,Harvard,non-Stem,2.0,20879.0,84.07
140525178460176,2024-11-25,LAW401,Harvard,non-Stem,3.0,16585.0,47.07
140525178465872,2024-11-28,LAW501,Harvard,non-Stem,4.0,21849.0,45.84
140525178460752,2024-12-07,LAW401,Harvard,non-Stem,3.0,16578.0,59.05
140525178459856,2024-12-28,LAW401,Harvard,non-Stem,4.0,15234.0,82.24
140525178466000,2024-12-09,LAW401,Harvard,non-Stem,2.0,16328.0,61.75
140525178459536,2024-11-16,LAW401,Harvard,non-Stem,4.0,15905.0,71.76
140525178468624,2024-10-23,LAW501,Harvard,non-Stem,3.0,20617.0,49.05
140525178462480,2024-12-28,LAW401,Harvard,non-Stem,3.0,15346.0,63.08
140525178467984,2024-11-18,LAW401,Harvard,non-Stem,4.0,15461.0,53.71
140525178457168,2024-08-03,LAW501,Harvard,non-Stem,3.0,21432.0,41.15
140525178465936,2024-12-06,LAW401,Harvard,non-Stem,2.0,15184.0,57.82
140525178468944,2024-12-04,LAW501,Harvard,non-Stem,4.0,20025.0,45.22
140525178460048,2024-12-24,LAW501,Harvard,non-Stem,4.0,20861.0,49.79
140525178462736,2024-09-08,LAW501,Harvard,non-Stem,4.0,21307.0,57.56
140525178462608,2024-04-07,LAW401,Harvard,non-Stem,3.0,15355.0,55.58
140525178454864,2024-08-14,LAW501,Harvard,non-Stem,3.0,20847.0,51.33
140525178456912,2024-11-17,LAW401,Harvard,non-Stem,3.0,15818.0,44.62
140525178461840,2024-12-17,LAW401,Harvard,non-Stem,2.0,17239.0,51.24
140525178458896,2024-09-14,LAW501,Harvard,non-Stem,2.0,20022.0,43.75
140525178462096,2024-08-25,LAW601,Harvard,non-Stem,3.5576437831723657,25002.0,87.96
140525178464848,2024-09-28,LAW501,Harvard,non-Stem,5.0,20986.0,40.03
140525178467472,2024-05-27,LAW501,Harvard,non-Stem,2.0,20266.0,47.65
140525178456080,2024-10-21,LAW401,Harvard,non-Stem,2.0,15506.0,76.01
140525178470288,2024-11-16,LAW401,Harvard,non-Stem,3.0,19109.874457308248,69.93520170043416
140525178457872,2024-11-04,LAW501,Harvard,non-Stem,2.0,20493.0,51.74
140525178465424,2024-12-04,LAW501,Harvard,non-Stem,4.0,22166.0,48.49
140525178463440,2024-09-15,LAW401,Harvard,non-Stem,1.0,16950.0,80.27
140525178461904,2024-10-18,LAW501,Harvard,non-Stem,4.0,23109.0,41.1
140525178468048,2024-12-09,LAW501,Harvard,non-Stem,2.0,20082.0,77.02
140525178464464,2024-11-29,LAW601,Harvard,non-Stem,2.0,26007.0,53.64
140525178465232,2024-07-06,LAW401,Harvard,non-Stem,4.0,16879.0,41.87
140525178468112,2024-10-21,LAW501,Harvard,non-Stem,2.0,22020.0,49.42
140525178456592,2024-06-04,LAW401,Harvard,non-Stem,5.0,15014.0,59.69
140525178455248,2024-05-25,LAW601,Harvard,non-Stem,2.0,25888.0,49.21
140525178464528,2024-07-09,LAW401,Harvard,non-Stem,4.0,15338.0,44.42
140525178467216,2024-06-29,LAW501,Harvard,non-Stem,4.0,22672.0,40.08
140525178456720,2024-10-06,LAW401,Harvard,non-Stem,3.0,15288.0,46.95
140525178455504,2024-08-01,LAW401,Harvard,non-Stem,3.0,15170.0,55.1
140525178456336,2024-12-10,LAW401,Harvard,non-Stem,5.0,15320.0,44.17
140525178466256,2024-12-03,LAW501,Harvard,non-Stem,4.0,22896.0,42.95
140525178466448,2024-08-12,LAW401,Harvard,non-Stem,3.0,18810.0,48.9
140525178462864,2024-11-23,LAW501,Harvard,non-Stem,3.0,20732.0,42.44
140525178464656,2024-12-06,LAW401,Harvard,non-Stem,3.0,15926.0,48.01
140525178463888,2024-12-20,LAW501,Harvard,non-Stem,3.0,21973.0,43.53
140525178468752,2024-11-05,LAW401,Harvard,non-Stem,3.0,17260.0,64.04
140525178464976,2024-11-26,LAW401,Harvard,non-Stem,2.0,17551.0,44.2
140525178460944,2024-06-20,LAW501,Harvard,non-Stem,3.0,23802.0,59.68
140525178454928,2024-11-22,LAW501,Harvard,non-Stem,3.0,20137.0,65.76
140525178467024,2024-11-13,LAW401,Harvard,non-Stem,4.0,15232.0,53.31
140525178458704,2024-05-30,LAW401,Harvard,non-Stem,1.0,15222.0,42.26
140525178463504,2024-09-08,LAW401,Harvard,non-Stem,3.0,17572.0,40.72
140525178456784,2024-12-11,LAW501,Harvard,non-Stem,3.0,20396.0,44.58
140525178462416,2024-11-09,LAW501,Harvard,non-Stem,4.0,23050.0,53.33
140525178461712,2024-08-16,LAW501,Harvard,non-Stem,4.0,20049.0,43.24
140525178461648,2024-11-16,LAW401,Harvard,non-Stem,2.0,19109.874457308248,69.93520170043416
140525178458640,2024-05-10,LAW501,Harvard,non-Stem,3.0,20507.0,45.6
140525178454416,2024-12-28,LAW501,Harvard,non-Stem,4.0,22617.0,53.3
140525178466512,2024-05-09,LAW501,Harvard,non-Stem,5.0,20284.0,43.37
140525178464784,2024-05-09,LAW501,Harvard,non-Stem,4.0,21576.0,61.12
140525178455760,2024-09-25,LAW501,Harvard,non-Stem,3.5576437831723657,20311.0,69.8
140525178462160,2024-12-24,LAW401,Harvard,non-Stem,3.0,16248.0,43.7
140525178462224,2024-09-15,LAW501,Harvard,non-Stem,5.0,20264.0,49.3
140525178465680,2024-08-25,LAW501,Harvard,non-Stem,3.0,21090.0,42.21
140525178457104,2024-12-16,LAW501,Harvard,non-Stem,3.0,20207.0,44.52
140525178461328,2024-06-29,LAW401,Harvard,non-Stem,3.0,18494.0,44.46
140525178469584,2024-08-23,LAW501,Harvard,non-Stem,4.0,22665.0,60.79
140525178459728,2024-11-24,LAW401,Harvard,non-Stem,2.0,15736.0,48.97
140525178469648,2024-12-21,LAW401,Harvard,non-Stem,3.0,16123.0,48.6
140525178465296,2024-12-28,LAW501,Harvard,non-Stem,1.0,21923.0,42.49
140525185746960,2024-08-09,LAW501,Harvard,non-Stem,2.0,20154.0,80.75
140525185756048,2024-08-11,LAW401,Harvard,non-Stem,3.0,17181.0,53.22
140525185756624,2024-12-15,LAW501,Harvard,non-Stem,3.0,20954.0,78.91
140525185745936,2024-08-28,LAW401,Harvard,non-Stem,4.0,15825.0,43.72
140525185759440,2024-10-15,LAW401,Harvard,non-Stem,4.0,16013.0,51.32
140525185748752,2024-07-20,LAW501,Harvard,non-Stem,2.0,24031.0,46.29
140525185752272,2024-10-23,LAW401,Harvard,non-Stem,2.0,16977.0,40.05
140525185754640,2024-12-24,LAW501,Harvard,non-Stem,2.0,20133.0,64.96
140525185757008,2024-09-30,LAW401,Harvard,non-Stem,2.0,15587.0,54.72
140525185761104,2024-11-01,LAW501,Harvard,non-Stem,4.0,20845.0,46.78
140525185749392,2024-11-17,LAW401,Harvard,non-Stem,4.0,16613.0,53.2
140525185754320,2024-06-26,LAW501,Harvard,non-Stem,4.0,21523.0,60.58
140525185747024,2024-10-14,LAW401,Harvard,non-Stem,3.0,15374.0,50.05
140525185747664,2024-06-11,LAW501,Harvard,non-Stem,4.0,19109.874457308248,69.93520170043416
140525185760464,2024-06-03,LAW401,Harvard,non-Stem,5.0,15413.0,48.88
140525185759632,2024-11-04,LAW501,Harvard,non-Stem,2.0,22763.0,42.67
140525185759568,2024-12-19,LAW501,Harvard,non-Stem,3.0,22907.0,65.49
140525185745616,2024-07-28,LAW401,Harvard,non-Stem,3.0,15381.0,43.79
140525185754512,2024-11-21,LAW601,Harvard,non-Stem,2.0,25728.0,63.32
140525185749776,2024-05-31,LAW501,Harvard,non-Stem,2.0,23868.0,48.27
140525185749136,2024-03-25,LAW401,Harvard,non-Stem,2.0,15639.0,71.22
140525185757328,2024-11-01,LAW401,Harvard,non-Stem,1.0,17105.0,49.75
140525185754000,2024-11-26,LAW401,Harvard,non-Stem,3.0,15089.0,40.98
140525185751888,2024-10-20,LAW501,Harvard,non-Stem,1.0,21419.0,63.3
140525185751120,2024-05-31,LAW401,Harvard,non-Stem,2.0,15605.0,47.94
140525185753296,2024-12-06,LAW501,Harvard,non-Stem,2.0,20688.0,40.32
140525185746704,2024-12-02,LAW501,Harvard,non-Stem,5.0,21364.0,44.22
140525185747088,2024-11-16,LAW401,Harvard,non-Stem,3.5576437831723657,16069.0,62.93
140525185755920,2024-08-20,LAW601,Harvard,non-Stem,2.0,28492.0,48.72
140525185753552,2024-12-25,LAW601,Harvard,non-Stem,4.0,26113.0,57.22
140525185754960,2024-03-23,LAW501,Harvard,non-Stem,4.0,22215.0,52.04
140525185755984,2024-10-15,LAW501,Harvard,non-Stem,2.0,22307.0,63.23
140525185756368,2024-11-22,LAW501,Harvard,non-Stem,5.0,21549.0,51.53
140525185747280,2024-07-08,LAW601,Harvard,non-Stem,3.0,25230.0,65.55
140525185757904,2024-10-04,LAW501,Harvard,non-Stem,2.0,20243.0,41.01
140525185753744,2024-11-12,LAW501,Harvard,non-Stem,3.0,19109.874457308248,69.93520170043416
140525185746192,2024-08-30,LAW401,Harvard,non-Stem,1.0,16853.0,49.97
140525185745168,2024-09-03,LAW401,Harvard,non-Stem,4.0,16516.0,45.94
140525185751312,2024-05-01,LAW401,Harvard,non-Stem,3.0,15701.0,60.94
140525185756816,2024-08-16,LAW501,Harvard,non-Stem,4.0,20175.0,59.83
140525185754384,2024-12-01,LAW401,Harvard,non-Stem,3.0,16553.0,57.64
140525185747472,2024-12-02,LAW601,Harvard,non-Stem,2.0,27439.0,43.27
140525185755088,2024-08-02,LAW501,Harvard,non-Stem,4.0,22085.0,66.51
140525185751760,2024-11-03,LAW401,Harvard,non-Stem,1.0,15336.0,61.65
140525185754128,2024-10-11,LAW501,Harvard,non-Stem,2.0,21951.0,47.47
140525185750160,2024-07-31,LAW401,Harvard,non-Stem,3.0,15141.0,56.11
140525185751376,2024-12-21,LAW501,Harvard,non-Stem,4.0,19109.874457308248,69.93520170043416
140525185746128,2024-08-27,LAW501,Harvard,non-Stem,3.0,20457.0,70.92
140525185749328,2024-06-06,LAW401,Harvard,non-Stem,4.0,15928.0,42.35
140525185755728,2024-11-02,LAW401,Harvard,non-Stem,4.0,15192.0,52.03
140525185760848,2024-12-28,LAW401,Harvard,non-Stem,4.0,19109.874457308248,69.93520170043416
140525185749264,2024-09-09,LAW501,Harvard,non-Stem,3.0,20273.0,48.52
140525185748816,2024-11-22,LAW501,Harvard,non-Stem,2.0,20149.0,71.29
140525185754832,2024-11-28,LAW401,Harvard,non-Stem,2.0,18854.0,58.64
140525185749072,2024-07-26,LAW401,Harvard,non-Stem,3.0,17946.0,50.82
140525185750544,2024-10-01,LAW401,Harvard,non-Stem,4.0,16549.0,45.2
140525185750096,2024-11-01,LAW501,Harvard,non-Stem,3.5576437831723657,20757.0,70.26
140525185759888,2024-12-28,LAW401,Harvard,non-Stem,4.0,17679.0,75.64
140525185753040,2024-12-24,LAW401,Harvard,non-Stem,3.5576437831723657,15675.0,52.48
140525185752080,2024-12-03,LAW501,Harvard,non-Stem,4.0,20584.0,55.12
140525185750800,2024-09-01,LAW401,Harvard,non-Stem,3.0,18056.0,51.99
140525185758928,2024-12-23,LAW501,Harvard,non-Stem,3.0,20714.0,48.47
140525185749968,2024-05-18,LAW501,Harvard,non-Stem,4.0,21640.0,76.81
140525185756880,2024-09-07,LAW501,Harvard,non-Stem,3.0,21109.0,48.87
140525185746768,2024-11-27,LAW501,Harvard,non-Stem,2.0,21603.0,70.29
140525185755408,2024-12-23,LAW401,Harvard,non-Stem,3.0,15579.0,42.1
140525185747408,2024-10-20,LAW401,Harvard,non-Stem,2.0,15687.0,56.67
140525185752592,2024-12-28,LAW401,Harvard,non-Stem,4.0,16402.0,49.1
140525185750864,2024-11-11,LAW501,Harvard,non-Stem,2.0,22912.0,80.62
140525185756304,2024-07-19,LAW501,Harvard,non-Stem,1.0,20680.0,77.76
140525185758992,2024-10-17,LAW501,Harvard,non-Stem,4.0,20975.0,47.36
140525185759760,2024-06-22,LAW501,Harvard,non-Stem,3.5576437831723657,23423.0,55.45
140525185758352,2024-10-15,LAW401,Harvard,non-Stem,3.0,15235.0,59.91
140525185757136,2024-03-15,LAW401,Harvard,non-Stem,4.0,15161.0,76.82
140525185748560,2024-12-28,LAW401,Harvard,non-Stem,4.0,15452.0,42.73
140525185745488,2024-12-06,LAW401,Harvard,non-Stem,2.0,16001.0,73.67
140525185746064,2024-12-28,LAW401,Harvard,non-Stem,4.0,16301.0,44.5
140525185749584,2024-12-29,LAW501,Harvard,non-Stem,2.0,20045.0,75.7
140525185746256,2024-08-10,LAW401,Harvard,non-Stem,1.0,18417.0,57.38
140525185745104,2024-12-21,LAW401,Harvard,non-Stem,3.0,19109.874457308248,69.93520170043416
140525185760016,2024-11-29,LAW501,Harvard,non-Stem,2.0,22253.0,74.02
140525185752400,2024-08-26,LAW501,Harvard,non-Stem,3.0,20784.0,62.46
140525185754064,2024-08-22,LAW401,Harvard,non-Stem,3.0,16044.0,44.38
140525185749712,2024-07-30,LAW501,Harvard,non-Stem,2.0,20245.0,44.01
140525185754896,2024-12-03,LAW501,Harvard,non-Stem,3.0,22067.0,51.41
140525185755664,2024-10-06,LAW401,Harvard,non-Stem,4.0,15969.0,40.79
140525185750352,2024-12-24,LAW401,Harvard,non-Stem,4.0,17076.0,47.28
140525185756432,2024-12-27,LAW401,Harvard,non-Stem,3.0,16132.0,53.05
140525185753808,2024-11-18,LAW501,Harvard,non-Stem,5.0,20025.0,49.66
140525185752208,2024-07-18,LAW401,Harvard,non-Stem,5.0,17882.0,40.44
140525185747152,2024-07-28,LAW401,Harvard,non-Stem,1.0,17034.0,52.67
140525185755472,2024-10-23,LAW501,Harvard,non-Stem,4.0,19109.874457308248,69.93520170043416
140525185748048,2024-12-28,LAW501,Harvard,non-Stem,2.0,20477.0,57.04
140525185747216,2024-07-08,LAW401,Harvard,non-Stem,2.0,15183.0,59.32
140525185754256,2024-08-10,LAW501,Harvard,non-Stem,3.5576437831723657,19109.874457308248,69.93520170043416
140525185753104,2024-10-08,LAW401,Harvard,non-Stem,5.0,15604.0,45.44
140525185750224,2024-08-30,LAW601,Harvard,non-Stem,3.0,25847.0,47.03
140525185756560,2024-10-07,LAW401,Harvard,non-Stem,3.0,15260.0,44.71
140525185755024,2024-09-03,LAW401,Harvard,non-Stem,3.5576437831723657,16029.0,42.08
140525185753424,2024-08-29,LAW401,Harvard,non-Stem,4.0,15979.0,40.34
140525185747792,2024-12-28,LAW401,Harvard,non-Stem,3.0,15036.0,82.69
140525185747728,2024-09-02,LAW501,Harvard,non-Stem,3.0,21018.0,61.74
140525185758864,2024-10-18,LAW501,Harvard,non-Stem,4.0,21361.0,78.33
140525185756112,2024-12-06,LAW501,Harvard,non-Stem,4.0,20074.0,59.75
140525185752016,2024-12-21,LAW501,Harvard,non-Stem,5.0,20614.0,48.24
140525185749520,2024-10-01,LAW401,Harvard,non-Stem,2.0,19109.874457308248,69.93520170043416
140525185750032,2024-08-14,LAW501,Harvard,non-Stem,3.0,20427.0,55.89
140525185759952,2024-11-04,LAW501,Harvard,non-Stem,2.0,20771.0,40.47
140525185753168,2024-07-10,LAW401,Harvard,non-Stem,4.0,17952.0,57.04
140525184063056,2024-11-19,LAW501,Harvard,non-Stem,4.0,20509.0,52.31
140525184062928,2024-07-13,LAW401,Harvard,non-Stem,3.0,15423.0,47.7
140525184072720,2024-08-30,LAW501,Harvard,non-Stem,2.0,20248.0,43.68
140525184064528,2024-12-28,LAW501,Harvard,non-Stem,1.0,21198.0,43.32
140525184064336,2024-06-13,LAW401,Harvard,non-Stem,3.0,15994.0,51.41
140525184061392,2024-12-14,LAW401,Harvard,non-Stem,3.0,15140.0,51.53
140525184071888,2024-08-30,LAW401,Harvard,non-Stem,4.0,16593.0,41.41
140525184069392,2024-12-16,LAW401,Harvard,non-Stem,3.0,19109.874457308248,69.93520170043416
140525184068432,2024-11-14,LAW501,Harvard,non-Stem,3.0,21138.0,44.8
140525184073488,2024-10-11,LAW501,Harvard,non-Stem,2.0,20303.0,53.66
140525184065104,2024-11-17,LAW601,Harvard,non-Stem,3.0,25464.0,70.61
140525184058832,2024-10-18,LAW401,Harvard,non-Stem,3.0,15022.0,62.38
140525184071376,2024-12-04,LAW501,Harvard,non-Stem,1.0,23879.0,48.51
140525184071440,2024-10-29,LAW501,Harvard,non-Stem,1.0,20050.0,60.54
140525184060752,2024-11-29,LAW501,Harvard,non-Stem,2.0,21620.0,79.49
140525184061712,2024-12-15,LAW501,Harvard,non-Stem,4.0,20574.0,64.83
140525184073232,2024-12-23,LAW501,Harvard,non-Stem,2.0,19109.874457308248,69.93520170043416
140525184063568,2024-08-01,LAW401,Harvard,non-Stem,4.0,15305.0,65.1
140525184064592,2024-09-12,LAW501,Harvard,non-Stem,2.0,22054.0,68.42
140525184072336,2024-06-14,LAW401,Harvard,non-Stem,2.0,15330.0,84.98
140525184069584,2024-12-20,LAW501,Harvard,non-Stem,3.0,20425.0,56.09
140525184058576,2024-08-11,LAW501,Harvard,non-Stem,2.0,22447.0,54.74
140525184063248,2024-12-17,LAW401,Harvard,non-Stem,3.0,15134.0,61.11
140525184064272,2024-11-12,LAW501,Harvard,non-Stem,2.0,20889.0,61.13
140525184072656,2024-08-31,LAW401,Harvard,non-Stem,5.0,15183.0,42.65
140525184068112,2024-12-15,LAW501,Harvard,non-Stem,5.0,21682.0,46.16
140525184067344,2024-09-27,LAW501,Harvard,non-Stem,3.0,21284.0,47.48
140525184070416,2024-12-09,LAW401,Harvard,non-Stem,3.0,15836.0,41.48
140525184068176,2024-11-20,LAW601,Harvard,non-Stem,3.5576437831723657,26554.0,58.88
140525184070608,2024-09-12,LAW501,Harvard,non-Stem,3.0,23464.0,42.6
140525184058960,2024-12-25,LAW501,Harvard,non-Stem,1.0,21126.0,66.08
140525184060944,2024-11-29,LAW501,Harvard,non-Stem,2.0,19109.874457308248,69.93520170043416
140525184063824,2024-06-13,LAW501,Harvard,non-Stem,4.0,20346.0,57.97
140525184068624,2024-10-03,LAW501,Harvard,non-Stem,1.0,20031.0,55.83
140525184069456,2024-04-21,LAW501,Harvard,non-Stem,4.0,21960.0,43.52
140525184064016,2024-12-26,LAW501,Harvard,non-Stem,4.0,20289.0,50.79
140525184066256,2024-11-21,LAW501,Harvard,non-Stem,4.0,19109.874457308248,69.93520170043416
140525184064784,2024-08-13,LAW501,Harvard,non-Stem,3.0,20764.0,44.7
140525184060688,2024-09-01,LAW401,Harvard,non-Stem,1.0,15286.0,48.14
140525184058896,2024-12-28,LAW601,Harvard,non-Stem,1.0,27213.0,40.91
140525184068048,2024-10-16,LAW501,Harvard,non-Stem,3.0,22319.0,52.13
140525184070160,2024-09-14,LAW601,Harvard,non-Stem,2.0,26463.0,48.58
140525184065488,2024-09-30,LAW401,Harvard,non-Stem,3.0,17862.0,51.65
140525184068944,2024-09-19,LAW501,Harvard,non-Stem,1.0,21302.0,56.43
140525184064976,2024-12-28,LAW501,Harvard,non-Stem,4.0,19109.874457308248,69.93520170043416
140525184061776,2024-12-28,LAW601,Harvard,non-Stem,4.0,26330.0,64.12
140525184062160,2024-05-26,LAW401,Harvard,non-Stem,4.0,15210.0,40.98
140525184067792,2024-10-01,LAW401,Harvard,non-Stem,3.0,15261.0,45.13
140525184066064,2024-12-25,LAW501,Harvard,non-Stem,3.0,21663.0,50.89
140525184066576,2024-12-02,LAW501,Harvard,non-Stem,3.0,23160.0,40.12
140525184060624,2024-12-25,LAW501,Harvard,non-Stem,3.0,20230.0,55.04
140525184059344,2024-08-19,LAW501,Harvard,non-Stem,2.0,20442.0,52.31
140525184067280,2024-09-07,LAW501,Harvard,non-Stem,5.0,23136.0,55.16
140525184057616,2024-10-18,LAW501,Harvard,non-Stem,4.0,23030.0,71.81
140525184060240,2024-12-11,LAW501,Harvard,non-Stem,3.0,21090.0,49.59
140525184068688,2024-08-11,LAW601,Harvard,non-Stem,5.0,25341.0,41.3
140525184067600,2024-07-18,LAW501,Harvard,non-Stem,4.0,20271.0,51.53
140525184069904,2024-12-07,LAW501,Harvard,non-Stem,3.0,20540.0,43.1
140525184070352,2024-10-28,LAW501,Harvard,non-Stem,5.0,21500.0,41.8
140525184064720,2024-10-14,LAW501,Harvard,non-Stem,5.0,20935.0,60.65
140525184057424,2024-07-26,LAW401,Harvard,non-Stem,3.0,16889.0,49.47
140525184059408,2024-12-12,LAW501,Harvard,non-Stem,2.0,20599.0,52.83
140525184063952,2024-11-17,LAW501,Harvard,non-Stem,3.0,20587.0,70.33
140525184068560,2024-12-01,LAW501,Harvard,non-Stem,3.0,23207.0,41.4
140525184069200,2024-04-17,LAW401,Harvard,non-Stem,3.5576437831723657,16342.0,42.28
140525184064464,2024-12-04,LAW401,Harvard,non-Stem,4.0,15269.0,66.35
140525184062672,2024-05-29,LAW401,Harvard,non-Stem,3.5576437831723657,15506.0,83.2
140525184072464,2024-06-07,LAW401,Harvard,non-Stem,2.0,16989.0,81.2
140525184072976,2024-11-29,LAW401,Harvard,non-Stem,3.0,16582.0,61.04
140525184067856,2024-12-25,LAW501,Harvard,non-Stem,4.0,20406.0,45.33
140525184059600,2024-12-28,LAW401,Harvard,non-Stem,2.0,15126.0,47.72
140525184073680,2024-11-23,LAW401,Harvard,non-Stem,1.0,16561.0,43.17
140525184065296,2024-07-20,LAW501,Harvard,non-Stem,2.0,19109.874457308248,69.93520170043416
140525184073168,2024-12-21,LAW401,Harvard,non-Stem,3.0,15551.0,47.42
140525184066384,2024-11-17,LAW401,Harvard,non-Stem,3.0,17083.0,44.33
140525184060432,2024-11-12,LAW601,Harvard,non-Stem,3.0,27646.0,50.64
140525184068304,2024-09-04,LAW401,Harvard,non-Stem,2.0,19310.0,57.71
140525184064208,2024-07-31,LAW401,Harvard,non-Stem,4.0,18505.0,58.69
140525184067920,2024-12-27,LAW401,Harvard,non-Stem,3.0,19109.874457308248,69.93520170043416
140525184059920,2024-08-01,LAW401,Harvard,non-Stem,3.0,16509.0,67.3
140525184071248,2024-12-12,LAW401,Harvard,non-Stem,2.0,16887.0,44.97
140525184070864,2024-08-07,LAW401,Harvard,non-Stem,4.0,15428.0,63.37
140525184061456,2024-12-21,LAW401,Harvard,non-Stem,2.0,16421.0,44.36
140525184060880,2024-08-27,LAW501,Harvard,non-Stem,4.0,21132.0,64.71
140525184073104,2024-12-15,LAW401,Harvard,non-Stem,5.0,16087.0,42.42
140525184069712,2024-10-17,LAW401,Harvard,non-Stem,3.0,16969.0,63.14
140525184069328,2024-12-12,LAW601,Harvard,non-Stem,2.0,25486.0,48.02
140525184066832,2024-10-27,LAW401,Harvard,non-Stem,4.0,15581.0,47.39
140525184073424,2024-12-31,LAW401,Harvard,non-Stem,4.0,15432.0,62.63
140525184068368,2024-05-04,LAW401,Harvard,non-Stem,4.0,19109.874457308248,69.93520170043416
140525184070928,2024-12-28,LAW601,Harvard,non-Stem,2.0,25121.0,40.32
140525184071632,2024-12-21,LAW401,Harvard,non-Stem,2.0,17347.0,42.61
140525184071120,2024-05-26,LAW401,Harvard,non-Stem,4.0,16851.0,45.41
140525184066320,2024-07-05,LAW401,Harvard,non-Stem,2.0,16381.0,63.79
140525184065616,2024-12-27,LAW501,Harvard,non-Stem,4.0,21222.0,58.76
140525184062288,2024-11-02,LAW401,Harvard,non-Stem,2.0,17204.0,47.69
140525184065232,2024-07-29,LAW501,Harvard,non-Stem,2.0,20029.0,70.93
140525184060176,2024-08-30,LAW501,Harvard,non-Stem,2.0,19109.874457308248,69.93520170043416
140525184061648,2024-11-22,LAW501,Harvard,non-Stem,2.0,21125.0,46.05
140525184057680,2024-07-21,LAW401,Harvard,non-Stem,2.0,16746.0,47.24
140525185257232,2024-06-21,LAW401,Harvard,non-Stem,5.0,15248.0,49.9
140525185258512,2024-12-19,LAW501,Harvard,non-Stem,4.0,21433.0,68.07
140525185258256,2024-08-20,LAW501,Harvard,non-Stem,4.0,20648.0,41.22
140525185262736,2024-09-18,LAW501,Harvard,non-Stem,2.0,20021.0,49.77
140525185267472,2024-12-26,LAW501,Harvard,non-Stem,3.0,21202.0,44.96
140525185261712,2024-09-17,LAW501,Harvard,non-Stem,1.0,22312.0,48.49
140525185259024,2024-11-19,LAW401,Harvard,non-Stem,2.0,19109.874457308248,69.93520170043416
140525185259984,2024-04-23,LAW501,Harvard,non-Stem,2.0,22017.0,58.09
140525185254544,2024-09-21,LAW501,Harvard,non-Stem,3.0,20013.0,44.08
140525185259152,2024-12-29,LAW501,Harvard,non-Stem,3.0,20930.0,90.84
140525185256336,2024-11-01,LAW401,Harvard,non-Stem,3.0,16240.0,81.58
140525185257488,2024-06-02,LAW501,Harvard,non-Stem,2.0,20082.0,85.46
140525185262480,2024-12-13,LAW501,Harvard,non-Stem,4.0,21165.0,63.05
140525185258640,2024-12-16,LAW401,Harvard,non-Stem,4.0,18173.0,57.28
140525185254672,2024-09-12,LAW401,Harvard,non-Stem,2.0,15096.0,44.86
140525185264016,2024-09-05,LAW501,Harvard,non-Stem,2.0,21867.0,58.13
140525185264720,2024-12-06,LAW501,Harvard,non-Stem,3.5576437831723657,20443.0,55.41
140525185268688,2024-11-26,LAW501,Harvard,non-Stem,3.0,22372.0,47.44
140525185267728,2024-10-23,LAW501,Harvard,non-Stem,2.0,21774.0,46.27
140525185268304,2024-11-08,LAW401,Harvard,non-Stem,2.0,15373.0,67.38
140525185264464,2024-06-14,LAW501,Harvard,non-Stem,4.0,20646.0,66.95
140525185266704,2024-11-30,LAW401,Harvard,non-Stem,3.0,17389.0,47.17
140525185263184,2024-06-07,LAW401,Harvard,non-Stem,3.0,17710.0,42.15
140525185261520,2024-11-18,LAW501,Harvard,non-Stem,2.0,20701.0,46.46
140525185263952,2024-03-30,LAW501,Harvard,non-Stem,4.0,21978.0,83.92
140525185259536,2024-12-02,LAW501,Harvard,non-Stem,3.0,20160.0,52.44
140525185263760,2024-11-29,LAW501,Harvard,non-Stem,2.0,20038.0,54.6
140525185267600,2024-12-20,LAW501,Harvard,non-Stem,3.0,20334.0,61.39
140525185266192,2024-11-01,LAW501,Harvard,non-Stem,3.0,22272.0,42.14
140525185256208,2024-12-28,LAW501,Harvard,non-Stem,4.0,20547.0,44.64
140525185263248,2024-04-06,LAW501,Harvard,non-Stem,2.0,22494.0,45.23
140525185255376,2024-07-16,LAW401,Harvard,non-Stem,3.0,15634.0,50.81
140525185262224,2024-08-30,LAW401,Harvard,non-Stem,4.0,17667.0,60.75
140525185269264,2024-12-09,LAW401,Harvard,non-Stem,2.0,19109.874457308248,69.93520170043416
140525185254096,2024-12-26,LAW501,Harvard,non-Stem,2.0,20038.0,54.36
140525185255120,2024-12-27,LAW401,Harvard,non-Stem,3.0,15450.0,69.51
140525185265104,2024-04-17,LAW401,Harvard,non-Stem,3.5576437831723657,19109.874457308248,69.93520170043416
140525185266512,2024-04-20,LAW501,Harvard,non-Stem,2.0,19109.874457308248,69.93520170043416
140525185256144,2024-12-17,LAW401,Harvard,non-Stem,4.0,15990.0,47.1
140525185256976,2024-10-09,LAW401,Harvard,non-Stem,4.0,15998.0,40.28
140525185264080,2024-09-20,LAW501,Harvard,non-Stem,3.0,20002.0,58.23
140525185264592,2024-08-15,LAW401,Harvard,non-Stem,3.0,15803.0,50.46
140525185256400,2024-11-27,LAW401,Harvard,non-Stem,2.0,15199.0,78.87
140525185264976,2024-09-25,LAW401,Harvard,non-Stem,2.0,15346.0,59.18
140525185258768,2024-11-12,LAW501,Harvard,non-Stem,3.0,22954.0,63.3
140525185261456,2024-09-02,LAW401,Harvard,non-Stem,3.0,15412.0,49.6
140525185269200,2024-06-05,LAW401,Harvard,non-Stem,4.0,15643.0,43.1
140525185266256,2024-07-29,LAW501,Harvard,non-Stem,3.0,20055.0,45.96
140525185263696,2024-10-12,LAW501,Harvard,non-Stem,3.0,20692.0,48.47
140525185260048,2024-12-13,LAW501,Harvard,non-Stem,1.0,21141.0,43.11
140525185259408,2024-12-04,LAW401,Harvard,non-Stem,2.0,17179.0,67.27
140525185268368,2024-10-01,LAW501,Harvard,non-Stem,2.0,21282.0,53.13
140525185256720,2024-12-28,LAW401,Harvard,non-Stem,2.0,19109.874457308248,69.93520170043416
140525185264336,2024-10-17,LAW501,Harvard,non-Stem,2.0,21930.0,86.28
140525185269328,2024-10-13,LAW501,Harvard,non-Stem,3.0,20131.0,42.81
140525185256912,2024-05-24,LAW401,Harvard,non-Stem,2.0,15862.0,54.32
140525185267280,2024-11-06,LAW401,Harvard,non-Stem,3.0,15205.0,42.18
140525185268240,2024-10-14,LAW401,Harvard,non-Stem,4.0,15446.0,59.07
140525185263312,2024-05-16,LAW401,Harvard,non-Stem,5.0,15792.0,41.61
140525185267088,2024-11-13,LAW501,Harvard,non-Stem,3.0,20910.0,60.82
140525185253584,2024-06-13,LAW501,Harvard,non-Stem,4.0,20541.0,51.4
140525185265808,2024-09-29,LAW501,Harvard,non-Stem,4.0,22228.0,48.99
140525185261200,2024-09-07,LAW501,Harvard,non-Stem,3.0,20896.0,52.44
140525185258384,2024-12-16,LAW401,Harvard,non-Stem,4.0,17820.0,44.81
140525185259472,2024-11-18,LAW401,Harvard,non-Stem,2.0,15303.0,43.65
140525185253904,2024-08-27,LAW401,Harvard,non-Stem,3.0,18816.0,69.86
140525185253520,2024-10-30,LAW401,Harvard,non-Stem,3.0,15801.0,42.94
140526243972304,2024-08-28,LAW501,Harvard,non-Stem,3.0,20176.0,45.74
140525139322256,2024-10-04,LAW401,Harvard,non-Stem,3.5576437831723657,17649.0,73.61
140525139313936,2024-08-07,LAW501,Harvard,non-Stem,2.0,21508.0,42.27
140525139314448,2024-06-26,LAW401,Harvard,non-Stem,3.0,17595.0,72.66
140525139326096,2024-05-07,LAW501,Harvard,non-Stem,4.0,22479.0,47.4
140525139317520,2024-12-20,LAW501,Harvard,non-Stem,3.0,20235.0,43.13
140525139319312,2024-11-18,LAW501,Harvard,non-Stem,3.0,22163.0,49.3
140525139327376,2024-12-27,LAW401,Harvard,non-Stem,3.0,19109.874457308248,69.93520170043416
140525139321040,2024-05-17,LAW401,Harvard,non-Stem,2.0,17186.0,60.16
140525139313232,2024-12-10,LAW501,Harvard,non-Stem,4.0,23134.0,49.79
140525139328912,2024-11-06,LAW501,Harvard,non-Stem,1.0,20273.0,73.52
140525139320784,2024-11-13,LAW401,Harvard,non-Stem,2.0,15254.0,59.48
140525139321552,2024-12-15,LAW401,Harvard,non-Stem,2.0,15997.0,70.52
140525139316752,2024-07-12,LAW601,Harvard,non-Stem,4.0,26158.0,43.61
140525139312976,2024-09-04,LAW501,Harvard,non-Stem,4.0,20766.0,42.25
140525139314960,2024-06-07,LAW501,Harvard,non-Stem,4.0,21251.0,43.92
140525139313488,2024-11-10,LAW401,Harvard,non-Stem,2.0,15293.0,47.57
140525139327632,2024-12-28,LAW401,Harvard,non-Stem,4.0,16551.0,49.35
140525139315984,2024-09-27,LAW401,Harvard,non-Stem,2.0,15831.0,82.59
140525139325072,2024-10-22,LAW501,Harvard,non-Stem,3.0,20023.0,54.48
140525139315472,2024-12-21,LAW401,Harvard,non-Stem,3.0,15078.0,54.33
140525139312720,2024-12-27,LAW401,Harvard,non-Stem,2.0,15225.0,71.96
140525139323536,2024-12-23,LAW401,Harvard,non-Stem,2.0,15113.0,47.38
140525139322768,2024-12-28,LAW401,Harvard,non-Stem,4.0,15109.0,41.22
140525139319760,2024-06-26,LAW401,Harvard,non-Stem,3.0,16287.0,49.83
140525139323024,2024-11-28,LAW501,Harvard,non-Stem,4.0,20239.0,50.08
140525139317776,2024-12-19,LAW401,Harvard,non-Stem,3.0,17250.0,74.41
140525139319568,2024-11-12,LAW501,Harvard,non-Stem,4.0,21224.0,41.37
140525139328400,2024-10-28,LAW501,Harvard,non-Stem,2.0,20619.0,43.68
140525139322512,2024-08-07,LAW401,Harvard,non-Stem,4.0,17224.0,58.98
140525139321296,2024-11-27,LAW501,Harvard,non-Stem,2.0,21715.0,58.17
140525139324816,2024-07-18,LAW401,Harvard,non-Stem,3.0,16437.0,46.77
140525139327120,2024-12-28,LAW501,Harvard,non-Stem,2.0,20710.0,46.63
140525139323280,2024-12-29,LAW401,Harvard,non-Stem,3.0,19109.874457308248,69.93520170043416
140525134638672,2024-07-20,LAW501,Harvard,non-Stem,3.0,20917.0,42.61
140525134628624,2024-11-12,LAW401,Harvard,non-Stem,4.0,18669.0,48.23
140525134638416,2024-08-27,LAW501,Harvard,non-Stem,5.0,20648.0,45.54
140525134641488,2024-12-20,LAW501,Harvard,non-Stem,3.0,19109.874457308248,69.93520170043416
140525134627152,2024-12-06,LAW501,Harvard,non-Stem,3.0,20452.0,43.53
140525134631184,2024-11-15,LAW401,Harvard,non-Stem,2.0,15390.0,47.6
140525134627600,2024-09-06,LAW501,Harvard,non-Stem,3.0,20652.0,57.48
140525134635856,2024-10-04,LAW401,Harvard,non-Stem,3.0,15297.0,42.63
140525134631888,2024-12-20,LAW401,Harvard,non-Stem,3.0,15176.0,68.88
140525134634384,2024-12-24,LAW501,Harvard,non-Stem,4.0,21817.0,60.72
140525134632400,2024-12-06,LAW401,Harvard,non-Stem,2.0,17292.0,42.75
140525134635600,2024-07-18,LAW501,Harvard,non-Stem,2.0,20779.0,42.05
140525134633360,2024-12-14,LAW401,Harvard,non-Stem,4.0,17188.0,63.74
140525134630416,2024-12-09,LAW501,Harvard,non-Stem,3.0,21193.0,43.7
140525134629904,2024-08-26,LAW401,Harvard,non-Stem,3.0,15507.0,40.03
140525134630672,2024-12-26,LAW501,Harvard,non-Stem,4.0,20131.0,58.46
140525134633872,2024-05-04,LAW501,Harvard,non-Stem,5.0,21824.0,85.56
140525134636112,2024-11-12,LAW601,Harvard,non-Stem,4.0,25973.0,53.31
140525134642000,2024-11-18,LAW501,Harvard,non-Stem,3.0,22990.0,41.15
140525134629136,2024-07-25,LAW501,Harvard,non-Stem,3.5576437831723657,19109.874457308248,69.93520170043416
140525134630928,2024-11-28,LAW501,Harvard,non-Stem,2.0,19109.874457308248,69.93520170043416
140525134639952,2024-11-05,LAW401,Harvard,non-Stem,4.0,15590.0,61.53
140525134640464,2024-12-28,LAW501,Harvard,non-Stem,2.0,21792.0,58.25
140525134631440,2024-09-30,LAW401,Harvard,non-Stem,4.0,15451.0,53.81
140525134632656,2024-10-27,LAW401,Harvard,non-Stem,3.0,19109.874457308248,69.93520170043416
140525134642256,2024-11-20,LAW401,Harvard,non-Stem,4.0,15468.0,42.97
140525134634128,2024-05-30,LAW501,Harvard,non-Stem,3.0,20296.0,46.57
140525134633104,2024-12-28,LAW501,Harvard,non-Stem,4.0,20194.0,40.37
140525134641232,2024-12-28,LAW501,Harvard,non-Stem,3.0,21207.0,72.7
140525134639440,2024-11-12,LAW401,Harvard,non-Stem,3.0,15128.0,55.95
140525134632848,2024-12-10,LAW501,Harvard,non-Stem,3.0,20193.0,47.16
140525134639696,2024-12-28,LAW401,Harvard,non-Stem,5.0,16903.0,48.92
140525134634832,2024-08-14,LAW401,Harvard,non-Stem,2.0,17448.0,45.72
140525179679760,2024-12-30,LAW501,Harvard,non-Stem,4.0,21332.0,47.29
140525179671312,2024-12-11,LAW401,Harvard,non-Stem,2.0,17444.0,42.93
140525179670736,2024-09-20,LAW501,Harvard,non-Stem,1.0,21215.0,61.98
140525179669008,2024-10-10,LAW501,Harvard,non-Stem,2.0,20620.0,41.89
140525179667664,2024-09-22,LAW501,Harvard,non-Stem,4.0,19109.874457308248,69.93520170043416
140525179669456,2024-11-18,LAW401,Harvard,non-Stem,1.0,15409.0,43.89
140525179675280,2024-06-28,LAW401,Harvard,non-Stem,4.0,16820.0,50.23
140525179671056,2024-12-08,LAW401,Harvard,non-Stem,3.0,16629.0,44.58
140525179674448,2024-11-13,LAW501,Harvard,non-Stem,2.0,24262.0,60.36
140525179682704,2024-12-25,LAW501,Harvard,non-Stem,3.0,21031.0,44.68
140525179669520,2024-10-13,LAW401,Harvard,non-Stem,4.0,16381.0,46.4
140525179679824,2024-12-13,LAW501,Harvard,non-Stem,4.0,20898.0,42.11
140525179682640,2024-11-20,LAW501,Harvard,non-Stem,2.0,21158.0,40.15
140525179676048,2024-05-31,LAW401,Harvard,non-Stem,5.0,16719.0,45.96
140525179673040,2024-11-20,LAW401,Harvard,non-Stem,3.0,15540.0,58.18
140525179674192,2024-06-22,LAW501,Harvard,non-Stem,3.0,23023.0,44.57
140525179674320,2024-10-30,LAW401,Harvard,non-Stem,2.0,18538.0,45.66
140525179677008,2024-11-24,LAW601,Harvard,non-Stem,4.0,25102.0,40.69
140525179680400,2024-12-28,LAW501,Harvard,non-Stem,2.0,20576.0,46.41
140525179679632,2024-02-22,LAW401,Harvard,non-Stem,1.0,15637.0,69.66
140525179671888,2024-08-04,LAW501,Harvard,non-Stem,2.0,22801.0,52.02
140525179677904,2024-12-28,LAW401,Harvard,non-Stem,2.0,15424.0,41.19
140525179680144,2024-12-16,LAW501,Harvard,non-Stem,4.0,21121.0,64.13
140525179672528,2024-10-19,LAW401,Harvard,non-Stem,3.0,15600.0,49.46
140525179677776,2024-10-12,LAW501,Harvard,non-Stem,4.0,21332.0,49.75
140525179666832,2024-11-26,LAW501,Harvard,non-Stem,2.0,21061.0,44.09
140525179676304,2024-10-24,LAW501,Harvard,non-Stem,3.0,20778.0,48.61
140525179669968,2024-12-13,LAW501,Harvard,non-Stem,1.0,19109.874457308248,69.93520170043416
140525179682320,2024-09-29,LAW601,Harvard,non-Stem,4.0,27115.0,40.12
140525179673296,2024-12-07,LAW501,Harvard,non-Stem,2.0,21216.0,40.41
140525179676752,2024-12-07,LAW401,Harvard,non-Stem,3.0,15688.0,48.57
140525179666960,2024-10-07,LAW401,Harvard,non-Stem,5.0,19109.874457308248,69.93520170043416
140525179680080,2024-10-09,LAW401,Harvard,non-Stem,2.0,15228.0,51.42
140525179666896,2024-10-14,LAW401,Harvard,non-Stem,3.0,17731.0,50.66
140525179673936,2024-05-09,LAW501,Harvard,non-Stem,3.0,21346.0,87.56
140525179669264,2024-11-07,LAW401,Harvard,non-Stem,4.0,15598.0,69.24
140525179667600,2024-10-24,LAW401,Harvard,non-Stem,3.0,18147.0,57.49
140525179667792,2024-10-12,LAW501,Harvard,non-Stem,4.0,21291.0,53.39
140525179675024,2024-11-21,LAW401,Harvard,non-Stem,3.0,19109.874457308248,69.93520170043416
140525179667216,2024-09-24,LAW401,Harvard,non-Stem,2.0,19109.874457308248,69.93520170043416
140525179678160,2024-10-05,LAW401,Harvard,non-Stem,2.0,16158.0,62.82
140525179672912,2024-10-21,LAW401,Harvard,non-Stem,2.0,15116.0,48.71
140525179672784,2024-11-02,LAW501,Harvard,non-Stem,1.0,21113.0,40.42
140525179673872,2024-12-31,LAW401,Harvard,non-Stem,2.0,16072.0,43.64
140525179673744,2024-11-19,LAW501,Harvard,non-Stem,1.0,20358.0,40.25
140525179674512,2024-11-25,LAW401,Harvard,non-Stem,4.0,15325.0,51.2
140525179674768,2024-12-29,LAW501,Harvard,non-Stem,3.0,21066.0,51.02
140525179671760,2024-10-29,LAW601,Harvard,non-Stem,4.0,29520.0,49.74
140525179678544,2024-12-27,LAW401,Harvard,non-Stem,2.0,15136.0,67.84
140525179679312,2024-12-31,LAW401,Harvard,non-Stem,3.0,17929.0,44.96
140525179681296,2024-10-27,LAW401,Harvard,non-Stem,1.0,15978.0,42.33
140525179678608,2024-08-04,LAW401,Harvard,non-Stem,3.0,15484.0,66.54
140525179667088,2024-12-17,LAW501,Harvard,non-Stem,4.0,21575.0,40.76
140525179677520,2024-11-18,LAW401,Harvard,non-Stem,2.0,16462.0,61.99
140525179670992,2024-10-08,LAW501,Harvard,non-Stem,4.0,20015.0,40.4
140525179680336,2024-03-26,LAW401,Harvard,non-Stem,2.0,15905.0,50.89
140525179681040,2024-08-21,LAW501,Harvard,non-Stem,5.0,19109.874457308248,69.93520170043416
140525179679376,2024-07-20,LAW501,Harvard,non-Stem,3.0,22188.0,44.51
140525179680976,2024-03-26,LAW601,Harvard,non-Stem,4.0,26154.0,59.19
140525179682128,2024-10-22,LAW501,Harvard,non-Stem,3.0,20163.0,41.03
140525179672848,2024-09-07,LAW501,Harvard,non-Stem,4.0,21236.0,47.12
140525179677840,2024-10-30,LAW401,Harvard,non-Stem,3.0,19155.0,46.99
140525179675088,2024-09-18,LAW501,Harvard,non-Stem,3.0,22006.0,51.01
140525179671952,2024-12-17,LAW501,Harvard,non-Stem,2.0,20554.0,52.07
140525179671440,2024-08-05,LAW401,Harvard,non-Stem,4.0,15531.0,57.01
140525179673232,2024-09-21,LAW501,Harvard,non-Stem,4.0,22508.0,62.01
140525179679248,2024-12-28,LAW501,Harvard,non-Stem,1.0,20021.0,53.82
140525179678736,2024-12-29,LAW501,Harvard,non-Stem,3.0,20027.0,59.32
140525179668240,2024-08-31,LAW401,Harvard,non-Stem,2.0,15081.0,60.24
140525179666640,2024-06-04,LAW601,Harvard,non-Stem,1.0,25468.0,50.68
140525179669136,2024-11-23,LAW601,Harvard,non-Stem,1.0,26937.0,57.59
140525179666576,2024-08-29,LAW401,Harvard,non-Stem,2.0,17081.0,50.32
140525179681552,2024-11-05,LAW401,Harvard,non-Stem,2.0,15435.0,66.88
140525179682192,2024-11-18,LAW501,Harvard,non-Stem,4.0,20049.0,53.21
140525179676944,2024-07-23,LAW401,Harvard,non-Stem,3.0,16320.0,49.82
140525179668880,2024-06-18,LAW501,Harvard,non-Stem,5.0,19109.874457308248,69.93520170043416
140525179677264,2024-11-13,LAW501,Harvard,non-Stem,2.0,21124.0,44.04
140525179681616,2024-07-26,LAW401,Harvard,non-Stem,3.0,19109.874457308248,69.93520170043416
140525179668624,2024-11-04,LAW401,Harvard,non-Stem,3.0,16787.0,50.64
140525179670288,2024-12-02,LAW501,Harvard,non-Stem,3.0,21100.0,43.16
140525179678352,2024-07-27,LAW501,Harvard,non-Stem,4.0,23981.0,49.06
140525179670928,2024-10-25,LAW401,Harvard,non-Stem,4.0,19195.0,75.98
140525179675600,2024-10-21,LAW401,Harvard,non-Stem,5.0,15203.0,41.6
140525179672336,2024-09-17,LAW401,Harvard,non-Stem,4.0,19109.874457308248,69.93520170043416
140525179680592,2024-11-04,LAW501,Harvard,non-Stem,5.0,20258.0,56.95
140525179675472,2024-11-20,LAW501,Harvard,non-Stem,2.0,20526.0,76.23
140525179667920,2024-12-07,LAW501,Harvard,non-Stem,1.0,20223.0,71.13
140525179668432,2024-09-01,LAW501,Harvard,non-Stem,3.5576437831723657,22955.0,64.27
140525179674896,2024-05-06,LAW501,Harvard,non-Stem,2.0,22754.0,74.47
140525179671824,2024-07-13,LAW501,Harvard,non-Stem,4.0,20104.0,60.07
140525179673104,2024-12-07,LAW401,Harvard,non-Stem,3.0,17338.0,62.33
140525179674064,2024-11-02,LAW501,Harvard,non-Stem,2.0,20221.0,40.31
140525179680848,2024-07-19,LAW401,Harvard,non-Stem,3.0,15077.0,54.81
140525179682064,2024-12-28,LAW401,Harvard,non-Stem,4.0,19109.874457308248,69.93520170043416
140525179671568,2024-09-04,LAW401,Harvard,non-Stem,4.0,15492.0,51.42
140525182863504,2024-08-30,LAW401,Harvard,non-Stem,2.0,15972.0,50.19
140525182868560,2024-09-25,LAW501,Harvard,non-Stem,3.0,21280.0,52.74
140525182864080,2024-08-05,LAW501,Harvard,non-Stem,3.0,21359.0,46.01
140525182871632,2024-09-25,LAW401,Harvard,non-Stem,2.0,19109.874457308248,69.93520170043416
140525182864016,2024-10-13,LAW401,Harvard,non-Stem,4.0,15520.0,58.42
140525182873168,2024-12-11,LAW401,Harvard,non-Stem,4.0,15979.0,42.53
140525182869456,2024-12-03,LAW501,Harvard,non-Stem,3.0,22167.0,64.14
140525182865424,2024-12-21,LAW401,Harvard,non-Stem,4.0,17089.0,57.52
140525182874128,2024-12-08,LAW401,Harvard,non-Stem,4.0,15417.0,61.6
140525182877072,2024-05-26,LAW501,Harvard,non-Stem,4.0,19109.874457308248,69.93520170043416
140525182868880,2024-12-21,LAW501,Harvard,non-Stem,1.0,19109.874457308248,69.93520170043416
140525182871248,2024-09-07,LAW401,Harvard,non-Stem,1.0,17480.0,74.14
140525182867216,2024-12-28,LAW401,Harvard,non-Stem,3.0,16209.0,68.5
140525182865104,2024-12-10,LAW401,Harvard,non-Stem,4.0,17543.0,63.41
140525182874000,2024-11-06,LAW501,Harvard,non-Stem,3.0,21882.0,51.22
140525182865680,2024-06-02,LAW501,Harvard,non-Stem,4.0,22437.0,56.33
140525182875344,2024-12-28,LAW501,Harvard,non-Stem,3.0,20441.0,52.84
140525182873424,2024-08-04,LAW401,Harvard,non-Stem,2.0,18240.0,41.95
140525182866960,2024-12-11,LAW401,Harvard,non-Stem,4.0,19109.874457308248,69.93520170043416
140525182870800,2024-09-18,LAW401,Harvard,non-Stem,2.0,19109.874457308248,69.93520170043416
140525182870352,2024-05-26,LAW501,Harvard,non-Stem,1.0,20448.0,65.04
140525182866448,2024-11-22,LAW401,Harvard,non-Stem,2.0,15127.0,76.65
140525182866768,2024-11-17,LAW401,Harvard,non-Stem,4.0,16443.0,40.73
140525182877136,2024-08-02,LAW401,Harvard,non-Stem,4.0,15147.0,45.26
140525182874320,2024-11-15,LAW501,Harvard,non-Stem,4.0,20482.0,45.41
140525182865232,2024-09-16,LAW501,Harvard,non-Stem,4.0,20650.0,40.23
140525182877200,2024-10-05,LAW601,Harvard,non-Stem,3.0,19109.874457308248,69.93520170043416
140525182875984,2024-08-07,LAW501,Harvard,non-Stem,3.0,21235.0,82.49
140525182872080,2024-03-27,LAW401,Harvard,non-Stem,3.5576437831723657,17132.0,59.59
140525182871120,2024-06-12,LAW401,Harvard,non-Stem,3.0,16006.0,43.96
140525182863696,2024-12-28,LAW501,Harvard,non-Stem,3.0,20761.0,71.42
140525182864656,2024-11-26,LAW601,Harvard,non-Stem,1.0,19109.874457308248,69.93520170043416
140525182869328,2024-07-02,LAW501,Harvard,non-Stem,3.0,22088.0,51.44
140525182870672,2024-08-01,LAW401,Harvard,non-Stem,3.0,19109.874457308248,69.93520170043416
140525182862992,2024-08-27,LAW401,Harvard,non-Stem,2.0,17554.0,56.6
140525182877328,2024-09-08,LAW401,Harvard,non-Stem,3.5576437831723657,17266.0,43.4
140525182868240,2024-06-13,LAW401,Harvard,non-Stem,2.0,19436.0,44.01
140525182869584,2024-10-27,LAW401,Harvard,non-Stem,4.0,16055.0,81.25
140525182864464,2024-05-21,LAW401,Harvard,non-Stem,4.0,16630.0,40.92
140525182872592,2024-09-05,LAW501,Harvard,non-Stem,3.0,21258.0,40.52
140525182870288,2024-12-06,LAW501,Harvard,non-Stem,4.0,21373.0,52.68
140525182863248,2024-12-13,LAW501,Harvard,non-Stem,4.0,20231.0,49.31
140525182867152,2024-10-04,LAW401,Harvard,non-Stem,3.0,15261.0,63.47
140525182862352,2024-11-26,LAW501,Harvard,non-Stem,5.0,20662.0,44.08
140525182871568,2024-11-07,LAW401,Harvard,non-Stem,2.0,16120.0,40.8
140525182868048,2024-10-06,LAW401,Harvard,non-Stem,3.5576437831723657,16126.0,48.11
140525182865168,2024-12-28,LAW501,Harvard,non-Stem,2.0,21602.0,44.23
140525182863760,2024-11-02,LAW401,Harvard,non-Stem,3.0,16953.0,81.47
140525182869264,2024-11-22,LAW401,Harvard,non-Stem,2.0,16064.0,56.83
140525182871504,2024-12-20,LAW401,Harvard,non-Stem,4.0,15212.0,90.69
140525182866704,2024-12-28,LAW501,Harvard,non-Stem,4.0,22134.0,58.43
140525182865808,2024-12-12,LAW501,Harvard,non-Stem,3.0,21591.0,63.09
140525182877584,2024-05-18,LAW601,Harvard,non-Stem,3.0,27203.0,40.33
140525182865360,2024-12-18,LAW401,Harvard,non-Stem,4.0,17074.0,60.29
140525182875280,2024-06-05,LAW401,Harvard,non-Stem,2.0,15307.0,72.88
140525182866320,2024-12-26,LAW401,Harvard,non-Stem,3.5576437831723657,15848.0,66.18
140525182862736,2024-06-08,LAW401,Harvard,non-Stem,2.0,16829.0,45.56
140525182873616,2024-09-09,LAW501,Harvard,non-Stem,3.0,20644.0,59.33
140525182875024,2024-12-31,LAW601,Harvard,non-Stem,2.0,25468.0,63.13
140525182872656,2024-12-22,LAW501,Harvard,non-Stem,3.5576437831723657,21282.0,48.89
140525182864976,2024-12-28,LAW401,Harvard,non-Stem,1.0,15530.0,49.21
140525182864912,2024-05-31,LAW401,Harvard,non-Stem,5.0,15776.0,46.12
140525182869136,2024-07-02,LAW401,Harvard,non-Stem,2.0,17953.0,61.6
140525182864528,2024-07-02,LAW501,Harvard,non-Stem,2.0,20600.0,57.25
140525182873232,2024-07-22,LAW401,Harvard,non-Stem,4.0,17302.0,40.85
140525182865296,2024-10-01,LAW401,Harvard,non-Stem,2.0,19109.874457308248,69.93520170043416
140525182874256,2024-08-24,LAW501,Harvard,non-Stem,3.0,20178.0,43.85
140525182870480,2024-11-01,LAW401,Harvard,non-Stem,3.0,16150.0,53.3
140525182861776,2024-12-28,LAW501,Harvard,non-Stem,4.0,21363.0,63.72
140525182870096,2024-11-08,LAW501,Harvard,non-Stem,2.0,21080.0,44.77
140525182874512,2024-12-10,LAW601,Harvard,non-Stem,2.0,19109.874457308248,69.93520170043416
140525182865552,2024-10-29,LAW501,Harvard,non-Stem,4.0,20598.0,51.61
140525182864592,2024-12-19,LAW501,Harvard,non-Stem,2.0,21950.0,57.36
140525182869840,2024-12-11,LAW401,Harvard,non-Stem,4.0,15100.0,45.64
140525182867408,2024-04-15,LAW501,Harvard,non-Stem,1.0,22055.0,55.52
140525182876688,2024-10-04,LAW401,Harvard,non-Stem,2.0,15894.0,44.63
140525182865744,2024-09-20,LAW401,Harvard,non-Stem,3.0,17044.0,42.37
140525182875792,2024-12-28,LAW501,Harvard,non-Stem,4.0,21370.0,44.13
140525182865040,2024-08-22,LAW401,Harvard,non-Stem,3.0,17746.0,55.21
140525182865616,2024-12-07,LAW501,Harvard,non-Stem,4.0,20069.0,58.56
140525182869520,2024-08-31,LAW501,Harvard,non-Stem,3.0,20036.0,55.97
140525182867728,2024-09-05,LAW401,Harvard,non-Stem,2.0,17206.0,41.89
140525182867984,2024-11-23,LAW501,Harvard,non-Stem,2.0,23745.0,49.0
140525182876560,2024-04-21,LAW601,Harvard,non-Stem,3.0,27331.0,64.35
140525182868944,2024-12-28,LAW501,Harvard,non-Stem,3.0,20266.0,76.99
140525182873744,2024-11-08,LAW501,Harvard,non-Stem,3.0,20245.0,60.85
140525182874384,2024-07-02,LAW401,Harvard,non-Stem,2.0,18846.0,48.76
140525182872400,2024-07-23,LAW401,Harvard,non-Stem,3.0,15981.0,56.37
140525182863184,2024-09-13,LAW401,Harvard,non-Stem,4.0,15124.0,67.48
140525182874832,2024-11-18,LAW501,Harvard,non-Stem,4.0,22274.0,64.61
140525182871376,2024-04-08,LAW401,Harvard,non-Stem,3.0,15911.0,45.83
140525182861712,2024-12-19,LAW501,Harvard,non-Stem,3.5576437831723657,20014.0,61.39
140525182873296,2024-11-04,LAW501,Harvard,non-Stem,1.0,21951.0,57.04
140525182866896,2024-12-15,LAW601,Harvard,non-Stem,3.0,19109.874457308248,69.93520170043416
140525182877648,2024-09-16,LAW501,Harvard,non-Stem,4.0,23085.0,49.85
140525182871824,2024-06-01,LAW401,Harvard,non-Stem,3.0,17035.0,47.93
140525182868176,2024-12-17,LAW501,Harvard,non-Stem,3.0,20671.0,40.02
140525182864144,2024-07-20,LAW501,Harvard,non-Stem,2.0,21857.0,54.79
140525182874064,2024-10-06,LAW501,Harvard,non-Stem,1.0,21511.0,62.6
140525182872144,2024-07-30,LAW501,Harvard,non-Stem,4.0,20200.0,65.21
140525182872720,2024-12-28,LAW501,Harvard,non-Stem,4.0,20977.0,40.64
140525182875536,2024-09-24,LAW401,Harvard,non-Stem,3.0,16751.0,44.13
140525182862160,2024-04-08,LAW501,Harvard,non-Stem,4.0,19109.874457308248,69.93520170043416
140525182876496,2024-06-21,LAW401,Harvard,non-Stem,4.0,17060.0,42.91
140525182866512,2024-12-30,LAW501,Harvard,non-Stem,1.0,21636.0,44.96
140525182862672,2024-11-04,LAW501,Harvard,non-Stem,3.0,20894.0,41.35
140525182865488,2024-11-14,LAW501,Harvard,non-Stem,5.0,21372.0,56.59
140525182864336,2024-07-20,LAW501,Harvard,non-Stem,3.0,23232.0,42.48
140525182862096,2024-12-10,LAW401,Harvard,non-Stem,2.0,15377.0,46.89
140525182873680,2024-07-17,LAW401,Harvard,non-Stem,4.0,15885.0,51.9
140525182869392,2024-11-02,LAW401,Harvard,non-Stem,3.0,16947.0,40.77
140525182868624,2024-11-30,LAW401,Harvard,non-Stem,3.0,15019.0,42.64
140525182862224,2024-12-01,LAW501,Harvard,non-Stem,1.0,21698.0,40.42
140525182862608,2024-09-26,LAW501,Harvard,non-Stem,3.0,20010.0,41.21
140525182864208,2024-07-04,LAW401,Harvard,non-Stem,2.0,16822.0,53.86
140525182876240,2024-12-28,LAW401,Harvard,non-Stem,1.0,16267.0,40.4
140525182869904,2024-12-25,LAW501,Harvard,non-Stem,2.0,21567.0,45.48
140525182871440,2024-12-26,LAW401,Harvard,non-Stem,3.0,17273.0,52.29
140525182876304,2024-09-24,LAW401,Harvard,non-Stem,4.0,17282.0,69.45
140525182871312,2024-07-10,LAW501,Harvard,non-Stem,2.0,20147.0,40.69
140525182876048,2024-11-26,LAW401,Harvard,non-Stem,2.0,16677.0,69.38
140525182862416,2024-05-25,LAW401,Harvard,non-Stem,5.0,15230.0,58.27
140525182866192,2024-05-10,LAW401,Harvard,non-Stem,1.0,15475.0,61.96
140525182874896,2024-10-07,LAW401,Harvard,non-Stem,4.0,17115.0,54.67
140525120430224,2024-09-17,LAW401,Harvard,non-Stem,5.0,15907.0,45.29
140525120435792,2024-12-08,LAW501,Harvard,non-Stem,3.0,20202.0,62.26
140525120422480,2024-12-26,LAW401,Harvard,non-Stem,3.0,17883.0,45.12
140525120422224,2024-10-27,LAW501,Harvard,non-Stem,3.0,21883.0,54.31
140525120422672,2024-11-08,LAW601,Harvard,non-Stem,1.0,25602.0,51.99
140525120423760,2024-06-29,LAW501,Harvard,non-Stem,3.0,19109.874457308248,69.93520170043416
140525120424080,2024-12-16,LAW501,Harvard,non-Stem,3.0,19109.874457308248,69.93520170043416
140525120424528,2024-10-29,LAW401,Harvard,non-Stem,3.0,19109.874457308248,69.93520170043416
140525120425488,2024-08-22,LAW401,Harvard,non-Stem,4.0,15213.0,66.53
140525120426064,2024-06-15,LAW501,Harvard,non-Stem,3.0,20371.0,61.03
140525120426000,2024-10-29,LAW401,Harvard,non-Stem,3.0,15046.0,48.16
140525120427280,2024-07-29,LAW401,Harvard,non-Stem,1.0,15316.0,62.48
140525120427408,2024-11-18,LAW401,Harvard,non-Stem,2.0,19109.874457308248,69.93520170043416
140525120427536,2024-12-26,LAW401,Harvard,non-Stem,2.0,16239.0,43.97
140525120428880,2024-12-28,LAW401,Harvard,non-Stem,3.0,15023.0,53.26
140525120428944,2024-02-06,LAW401,Harvard,non-Stem,2.0,16501.0,47.42
140525120429456,2024-10-29,LAW501,Harvard,non-Stem,1.0,20192.0,59.47
140525120430736,2024-11-23,LAW501,Harvard,non-Stem,3.0,22127.0,68.45
140525120430928,2024-07-25,LAW501,Harvard,non-Stem,4.0,20567.0,65.86
140525120431376,2024-11-10,LAW401,Harvard,non-Stem,4.0,19109.874457308248,69.93520170043416
140525120432464,2024-09-18,LAW501,Harvard,non-Stem,1.0,21041.0,61.98
140525120432848,2024-09-10,LAW501,Harvard,non-Stem,3.0,21035.0,64.83
140525120432976,2024-07-09,LAW601,Harvard,non-Stem,2.0,25547.0,47.16
140525120434256,2024-12-23,LAW501,Harvard,non-Stem,2.0,21410.0,67.86
140525120434384,2024-08-25,LAW601,Harvard,non-Stem,3.0,26471.0,47.01
140525120434640,2024-09-20,LAW401,Harvard,non-Stem,4.0,17244.0,52.05
140525120435152,2024-08-15,LAW401,Harvard,non-Stem,3.0,15454.0,55.95
140525120436368,2024-10-17,LAW501,Harvard,non-Stem,1.0,20843.0,77.26
140525120436304,2024-08-28,LAW401,Harvard,non-Stem,5.0,17042.0,56.7
140525120436560,2024-08-20,LAW501,Harvard,non-Stem,4.0,20528.0,41.76
140525120437712,2024-11-02,LAW401,Harvard,non-Stem,4.0,15061.0,50.47
140525120437904,2024-10-13,LAW401,Harvard,non-Stem,4.0,16722.0,92.89
140525120422096,2024-10-13,LAW501,Harvard,non-Stem,3.0,21513.0,68.54
140525120426448,2024-06-04,LAW401,Harvard,non-Stem,3.0,15074.0,53.95
140525120425680,2024-09-25,LAW401,Harvard,non-Stem,4.0,16132.0,40.45
140525120427472,2024-10-25,LAW501,Harvard,non-Stem,2.0,21356.0,69.82
140525120430288,2024-11-23,LAW501,Harvard,non-Stem,4.0,20044.0,52.48
140525120431568,2024-12-16,LAW501,Harvard,non-Stem,3.0,20541.0,43.47
140525120432336,2024-09-24,LAW501,Harvard,non-Stem,2.0,20907.0,41.73
140525120436496,2024-07-23,LAW501,Harvard,non-Stem,3.0,22333.0,44.25
140525120436752,2024-12-08,LAW401,Harvard,non-Stem,2.0,15051.0,55.57
140525120422160,2024-12-17,LAW601,Harvard,non-Stem,2.0,25097.0,42.28
140525120423568,2024-10-28,LAW401,Harvard,non-Stem,3.0,15153.0,82.17
140525120426768,2024-10-18,LAW601,Harvard,non-Stem,3.0,26132.0,49.47
140525120427600,2024-10-23,LAW401,Harvard,non-Stem,5.0,15891.0,62.05
140525120428816,2024-10-25,LAW401,Harvard,non-Stem,2.0,15283.0,40.89
140525120431248,2024-11-19,LAW401,Harvard,non-Stem,3.5576437831723657,15696.0,48.16
140525120431888,2024-10-28,LAW401,Harvard,non-Stem,4.0,15966.0,60.41
140525120433744,2024-10-23,LAW401,Harvard,non-Stem,5.0,16681.0,60.61
140525120436624,2024-12-25,LAW501,Harvard,non-Stem,4.0,20708.0,67.62
140525120437200,2024-12-28,LAW501,Harvard,non-Stem,3.0,20804.0,46.45
140525120422864,2024-04-15,LAW401,Harvard,non-Stem,3.0,15178.0,54.43
140525120433232,2024-10-31,LAW401,Harvard,non-Stem,3.0,17786.0,65.75
140525120435024,2024-08-26,LAW401,Harvard,non-Stem,1.0,17669.0,57.55
140525120422416,2024-09-18,LAW501,Harvard,non-Stem,4.0,21485.0,40.73
140525120423056,2024-11-03,LAW401,Harvard,non-Stem,2.0,17504.0,62.98
140525120423312,2024-06-27,LAW501,Harvard,non-Stem,5.0,21601.0,41.64
140525120423824,2024-07-14,LAW601,Harvard,non-Stem,3.0,25027.0,50.95
140525120424336,2024-11-01,LAW401,Harvard,non-Stem,4.0,15476.0,52.44
140525120424720,2024-11-30,LAW401,Harvard,non-Stem,2.0,18222.0,53.22
140525120425232,2024-11-21,LAW401,Harvard,non-Stem,2.0,19109.874457308248,69.93520170043416
140525120425808,2024-11-20,LAW401,Harvard,non-Stem,5.0,17215.0,66.17
140525120426384,2024-10-02,LAW401,Harvard,non-Stem,4.0,15655.0,46.27
140525120427088,2024-12-20,LAW501,Harvard,non-Stem,4.0,23075.0,45.55
140525120427344,2024-12-10,LAW501,Harvard,non-Stem,1.0,20019.0,57.34
140525120427920,2024-09-21,LAW401,Harvard,non-Stem,3.0,15701.0,61.51
140525120428432,2024-11-17,LAW401,Harvard,non-Stem,3.0,15374.0,63.96
140525120429136,2024-12-04,LAW401,Harvard,non-Stem,4.0,15341.0,58.36
140525120429392,2024-11-20,LAW601,Harvard,non-Stem,1.0,26253.0,99.0
140525120429904,2024-12-12,LAW401,Harvard,non-Stem,3.5576437831723657,16717.0,46.1
140525120430352,2024-12-17,LAW601,Harvard,non-Stem,5.0,26535.0,46.46
140525120430608,2024-11-18,LAW501,Harvard,non-Stem,3.0,19109.874457308248,69.93520170043416
140525120431120,2024-06-08,LAW401,Harvard,non-Stem,3.0,17510.0,44.99
140525120431760,2024-05-16,LAW501,Harvard,non-Stem,2.0,21235.0,62.09
140525120432016,2024-11-23,LAW401,Harvard,non-Stem,3.0,16536.0,62.14
140525120432528,2024-07-17,LAW401,Harvard,non-Stem,2.0,15242.0,40.05
140525120433168,2024-12-28,LAW401,Harvard,non-Stem,2.0,16185.0,65.2
140525120433488,2024-12-25,LAW501,Harvard,non-Stem,2.0,23480.0,45.07
140525120434000,2024-09-12,LAW501,Harvard,non-Stem,4.0,24656.0,72.84
140525120434704,2024-11-04,LAW401,Harvard,non-Stem,2.0,15040.0,60.1
140525120434576,2024-11-04,LAW401,Harvard,non-Stem,1.0,15004.0,40.98
140525120434832,2024-11-14,LAW501,Harvard,non-Stem,2.0,20020.0,43.81
140525120435344,2024-08-13,LAW501,Harvard,non-Stem,3.0,20097.0,73.0
140525120436112,2024-12-22,LAW501,Harvard,non-Stem,2.0,21145.0,46.1
140525120436688,2024-04-12,LAW601,Harvard,non-Stem,1.0,25016.0,81.35
140525120437328,2024-09-18,LAW401,Harvard,non-Stem,5.0,15026.0,43.15
140525120437968,2024-11-30,LAW501,Harvard,non-Stem,3.0,20990.0,67.88
140525120437584,2024-11-04,LAW501,Harvard,non-Stem,3.5576437831723657,19109.874457308248,69.93520170043416
140525120422352,2024-05-15,LAW501,Harvard,non-Stem,3.0,20960.0,52.39
140525120423120,2024-12-28,LAW501,Harvard,non-Stem,2.0,24260.0,49.64
140525120424656,2024-12-28,LAW401,Harvard,non-Stem,4.0,15757.0,60.51
140525120426704,2024-11-30,LAW501,Harvard,non-Stem,1.0,20373.0,59.79
140525120428496,2024-05-23,LAW501,Harvard,non-Stem,4.0,20699.0,43.59
140525120429264,2024-07-28,LAW401,Harvard,non-Stem,4.0,15722.0,50.2
140525120430800,2024-11-03,LAW401,Harvard,non-Stem,4.0,15560.0,42.75
140525120432592,2024-09-18,LAW401,Harvard,non-Stem,1.0,15465.0,73.93
140525120433552,2024-08-30,LAW501,Harvard,non-Stem,5.0,20013.0,65.11
140525120435536,2024-07-10,LAW501,Harvard,non-Stem,5.0,20284.0,50.66
140525120436240,2024-06-30,LAW401,Harvard,non-Stem,5.0,16501.0,41.83
140525120437776,2024-12-17,LAW501,Harvard,non-Stem,2.0,20337.0,53.25
140525120422544,2024-10-03,LAW401,Harvard,non-Stem,4.0,16436.0,77.75
140525120424016,2024-05-03,LAW501,Harvard,non-Stem,2.0,20864.0,74.79
140525120425296,2024-11-02,LAW501,Harvard,non-Stem,1.0,21308.0,61.11
140525120426576,2024-10-14,LAW401,Harvard,non-Stem,3.0,17070.0,72.81
140525120427792,2024-12-04,LAW501,Harvard,non-Stem,3.0,20394.0,50.46
140525120429200,2024-11-22,LAW401,Harvard,non-Stem,1.0,17912.0,43.07
140525120432272,2024-08-04,LAW401,Harvard,non-Stem,2.0,16017.0,50.56
140525120433040,2024-12-28,LAW401,Harvard,non-Stem,3.0,15310.0,40.51
140525120434192,2024-12-29,LAW401,Harvard,non-Stem,4.0,15138.0,40.02
140525120435472,2024-10-03,LAW501,Harvard,non-Stem,2.0,20876.0,72.04
140525120437648,2024-11-12,LAW401,Harvard,non-Stem,2.0,15790.0,46.83
140525120423888,2024-08-05,LAW501,Harvard,non-Stem,2.0,20851.0,59.73
140525120427984,2024-06-08,MAN501,Yale,non-Stem,3.0,20108.0,81.59
140526259974160,2024-04-27,MAN401,Yale,non-Stem,5.0,15890.0,58.37
140525183854544,2024-02-21,MAN401,Yale,non-Stem,5.0,15121.0,75.51
140525184427216,2024-04-05,MAN601,Yale,non-Stem,5.0,25554.0,60.97
140525120432080,2024-03-25,MAN401,Yale,non-Stem,5.0,17138.0,80.51
140525120435984,2024-06-06,MAN501,Yale,non-Stem,3.0,20996.0,86.23
140525183982544,2024-01-04,MAN401,Yale,non-Stem,5.0,15259.0,52.37
140525183977936,2024-06-19,MAN401,Yale,non-Stem,3.5576437831723657,16090.0,59.27
140525183982608,2024-04-06,MAN501,Yale,non-Stem,5.0,21006.0,45.22
140525183980944,2024-01-28,MAN401,Yale,non-Stem,5.0,17474.0,64.35
140525183980688,2024-07-10,MAN501,Yale,non-Stem,4.0,21467.0,51.24
140525183978896,2024-05-27,MAN401,Yale,non-Stem,3.0,16025.0,61.17
140525183979152,2024-03-03,MAN501,Yale,non-Stem,5.0,21358.0,63.75
140525183988176,2024-02-24,MAN601,Yale,non-Stem,3.0,25773.0,63.24
140525183977424,2024-08-22,MAN501,Yale,non-Stem,4.0,20300.0,61.05
140525183977616,2024-01-07,MAN401,Yale,non-Stem,3.5576437831723657,15726.0,80.07
140525183991184,2024-05-08,MAN501,Yale,non-Stem,4.0,20372.0,45.99
140525183977744,2024-06-12,MAN401,Yale,non-Stem,4.0,16129.0,58.0
140525183981328,2024-03-19,MAN501,Yale,non-Stem,4.0,20188.0,55.04
140525183983504,2024-06-06,MAN401,Yale,non-Stem,4.0,16821.0,78.34
140525183978768,2024-01-04,MAN601,Yale,non-Stem,4.0,25303.0,82.26
140525183979024,2024-04-23,MAN401,Yale,non-Stem,3.0,18680.0,49.52
140525183980816,2024-02-16,MAN501,Yale,non-Stem,4.0,20812.0,83.89
140525183979728,2024-02-25,MAN501,Yale,non-Stem,5.0,19109.874457308248,69.93520170043416
140525183989008,2024-12-28,MAN501,Yale,non-Stem,3.0,21787.0,91.58
140525183985680,2024-02-25,MAN401,Yale,non-Stem,5.0,18767.0,77.05
140525183985168,2024-02-05,MAN401,Yale,non-Stem,3.5576437831723657,16494.0,82.14
140525183986064,2024-06-09,MAN501,Yale,non-Stem,3.0,21537.0,61.3
140525183982800,2024-10-19,MAN401,Yale,non-Stem,4.0,17476.0,42.41
140525183986320,2024-01-16,MAN501,Yale,non-Stem,4.0,20606.0,40.1
140525183986704,2024-09-17,MAN401,Yale,non-Stem,4.0,15349.0,90.88
140525183990928,2024-01-30,MAN601,Yale,non-Stem,4.0,27709.0,75.0
140525183980496,2024-05-14,MAN401,Yale,non-Stem,3.5576437831723657,15614.0,79.71
140525183990544,2024-04-25,MAN501,Yale,non-Stem,4.0,21360.0,45.92
140525183977680,2024-03-18,MAN501,Yale,non-Stem,5.0,20187.0,52.1
140525183982032,2024-08-19,MAN501,Yale,non-Stem,5.0,20745.0,74.35
140525183981968,2024-12-28,MAN601,Yale,non-Stem,4.0,27941.0,55.33
140525183984400,2024-01-09,MAN401,Yale,non-Stem,5.0,15780.0,83.1
140525183979536,2024-02-05,MAN401,Yale,non-Stem,5.0,16121.0,56.65
140525183991504,2024-04-05,MAN401,Yale,non-Stem,5.0,17379.0,51.25
140525183984272,2024-01-28,MAN501,Yale,non-Stem,4.0,22375.0,71.17
140525183976656,2024-02-24,MAN501,Yale,non-Stem,5.0,19109.874457308248,69.93520170043416
140525183982096,2024-03-15,MAN401,Yale,non-Stem,5.0,16645.0,89.92
140525183990800,2024-02-12,MAN401,Yale,non-Stem,3.0,15377.0,62.17
140525183989904,2024-01-28,MAN401,Yale,non-Stem,2.0,15441.0,93.52
140525183976976,2024-06-28,MAN501,Yale,non-Stem,4.0,20553.0,89.35
140525183988240,2024-01-17,MAN401,Yale,non-Stem,3.0,15386.0,89.76
140525183985808,2024-10-30,MAN401,Yale,non-Stem,5.0,16990.0,89.63
140525183990992,2024-03-10,MAN401,Yale,non-Stem,5.0,15286.0,83.88
140525183983376,2024-06-10,MAN501,Yale,non-Stem,5.0,20990.0,67.72
140525183979664,2024-08-21,MAN501,Yale,non-Stem,4.0,20781.0,55.34
140525183975632,2024-12-28,MAN501,Yale,non-Stem,4.0,20231.0,58.59
140525183987344,2024-03-05,MAN501,Yale,non-Stem,4.0,20817.0,56.49
140525183989968,2024-05-26,MAN501,Yale,non-Stem,4.0,20212.0,81.51
140525183985872,2024-01-21,MAN401,Yale,non-Stem,5.0,17557.0,63.47
140525183989456,2024-05-12,MAN501,Yale,non-Stem,4.0,21654.0,77.77
140525183987408,2024-05-28,MAN501,Yale,non-Stem,4.0,21858.0,81.63
140525183977488,2024-03-27,MAN501,Yale,non-Stem,3.0,22229.0,72.63
140525183978256,2024-01-23,MAN601,Yale,non-Stem,2.0,27427.0,43.4
140525183984656,2024-01-05,MAN501,Yale,non-Stem,4.0,21148.0,61.67
140525183979984,2024-03-19,MAN401,Yale,non-Stem,4.0,15016.0,62.14
140525183977360,2024-03-26,MAN401,Yale,non-Stem,3.0,15467.0,45.72
140525183990672,2024-01-21,MAN501,Yale,non-Stem,4.0,21224.0,57.95
140525183979280,2024-05-05,MAN401,Yale,non-Stem,5.0,19109.874457308248,69.93520170043416
140525183987472,2024-07-21,MAN501,Yale,non-Stem,5.0,20401.0,58.3
140525183989648,2024-07-03,MAN501,Yale,non-Stem,4.0,20844.0,77.66
140525183980560,2024-06-24,MAN401,Yale,non-Stem,5.0,17759.0,48.63
140525183976912,2024-04-23,MAN401,Yale,non-Stem,4.0,19109.874457308248,69.93520170043416
140525183975888,2024-03-21,MAN401,Yale,non-Stem,5.0,15249.0,67.59
140525183986448,2024-01-23,MAN401,Yale,non-Stem,3.0,15870.0,80.82
140525183988368,2024-01-28,MAN401,Yale,non-Stem,5.0,15415.0,70.06
140525183989520,2024-01-31,MAN401,Yale,non-Stem,4.0,15124.0,69.79
140525183980304,2024-02-04,MAN401,Yale,non-Stem,5.0,16933.0,66.79
140525183981008,2024-01-14,MAN401,Yale,non-Stem,4.0,15295.0,48.52
140525183975696,2024-04-08,MAN401,Yale,non-Stem,5.0,15709.0,45.49
140525183978384,2024-04-05,MAN401,Yale,non-Stem,3.0,15035.0,70.93
140525183988688,2024-10-29,MAN401,Yale,non-Stem,4.0,16263.0,46.38
140525183989776,2024-01-03,MAN501,Yale,non-Stem,5.0,21426.0,68.88
140525183988752,2024-01-17,MAN501,Yale,non-Stem,5.0,21345.0,97.61
140525183976400,2024-03-11,MAN501,Yale,non-Stem,2.0,20024.0,63.09
140525183987152,2024-01-20,MAN501,Yale,non-Stem,4.0,20412.0,69.63
140525183975824,2024-08-07,MAN501,Yale,non-Stem,3.5576437831723657,23544.0,73.59
140525183983888,2024-12-28,MAN501,Yale,non-Stem,4.0,20184.0,76.81
140525183983760,2024-04-08,MAN401,Yale,non-Stem,5.0,19109.874457308248,69.93520170043416
140525183990224,2024-03-27,MAN501,Yale,non-Stem,4.0,20879.0,88.0
140525183988880,2024-01-11,MAN401,Yale,non-Stem,3.5576437831723657,15371.0,62.18
140525183984016,2024-02-05,MAN501,Yale,non-Stem,5.0,23517.0,83.99
140525183986192,2024-12-28,MAN401,Yale,non-Stem,5.0,15220.0,75.87
140525183984848,2024-01-30,MAN401,Yale,non-Stem,4.0,19558.0,72.08
140525183988944,2024-01-02,MAN401,Yale,non-Stem,5.0,15202.0,70.69
140525183978192,2024-01-15,MAN501,Yale,non-Stem,5.0,20316.0,70.18
140525183985296,2024-02-06,MAN501,Yale,non-Stem,5.0,22002.0,79.96
140525183980432,2024-10-28,MAN501,Yale,non-Stem,5.0,20116.0,59.16
140525962406352,2024-05-27,MAN501,Yale,non-Stem,4.0,20392.0,72.59
140525962403728,2024-04-26,MAN401,Yale,non-Stem,2.0,16716.0,40.73
140525962405648,2024-06-13,MAN501,Yale,non-Stem,4.0,21313.0,61.09
140526253025232,2024-01-10,MAN501,Yale,non-Stem,4.0,21205.0,88.01
140526253019728,2024-07-09,MAN401,Yale,non-Stem,4.0,16541.0,66.53
140525238858128,2024-01-09,MAN501,Yale,non-Stem,3.0,20152.0,44.69
140525178904848,2024-07-24,MAN501,Yale,non-Stem,4.0,20088.0,84.73
140525178910544,2024-03-31,MAN401,Yale,non-Stem,5.0,15083.0,60.0
140525178905360,2024-03-22,MAN401,Yale,non-Stem,5.0,16806.0,74.39
140525178899280,2024-03-03,MAN501,Yale,non-Stem,4.0,22158.0,81.97
140525178905296,2024-04-25,MAN401,Yale,non-Stem,3.5576437831723657,16109.0,51.6
140525178905040,2024-01-14,MAN401,Yale,non-Stem,5.0,16517.0,40.61
140525178904912,2024-05-29,MAN401,Yale,non-Stem,4.0,15101.0,78.43
140525178907664,2024-02-08,MAN501,Yale,non-Stem,3.0,20196.0,69.69
140525178902736,2024-01-06,MAN401,Yale,non-Stem,3.0,15991.0,54.04
140525178910480,2024-03-30,MAN401,Yale,non-Stem,4.0,16127.0,72.3
140525178903696,2024-03-13,MAN501,Yale,non-Stem,4.0,21934.0,57.34
140525178903568,2024-01-11,MAN501,Yale,non-Stem,5.0,21754.0,45.88
140525178903312,2024-02-07,MAN501,Yale,non-Stem,5.0,22048.0,55.7
140525178912528,2024-03-22,MAN501,Yale,non-Stem,5.0,20087.0,83.74
140525178911760,2024-06-04,MAN401,Yale,non-Stem,4.0,19109.874457308248,69.93520170043416
140525178905872,2024-03-24,MAN501,Yale,non-Stem,5.0,20434.0,73.94
140525178912720,2024-01-24,MAN501,Yale,non-Stem,4.0,22416.0,49.19
140525178900368,2024-09-07,MAN401,Yale,non-Stem,5.0,18444.0,58.99
140525178911312,2024-03-10,MAN401,Yale,non-Stem,5.0,17666.0,75.74
140525178907984,2024-04-22,MAN501,Yale,non-Stem,3.0,21347.0,68.82
140525178898448,2024-01-04,MAN401,Yale,non-Stem,3.0,19321.0,95.29
140525178906064,2024-09-26,MAN601,Yale,non-Stem,3.0,25039.0,40.73
140525178910736,2024-01-24,MAN401,Yale,non-Stem,3.5576437831723657,16834.0,41.96
140525178898576,2024-04-14,MAN501,Yale,non-Stem,4.0,20565.0,93.17
140525178902864,2024-02-01,MAN401,Yale,non-Stem,4.0,15823.0,88.89
140525178899472,2024-06-12,MAN501,Yale,non-Stem,4.0,21720.0,82.21
140525178906960,2024-01-30,MAN601,Yale,non-Stem,3.0,27725.0,43.83
140525178909264,2024-02-14,MAN401,Yale,non-Stem,4.0,19109.874457308248,69.93520170043416
140525178898832,2024-07-26,MAN501,Yale,non-Stem,3.0,20658.0,47.86
140525178901776,2024-01-05,MAN501,Yale,non-Stem,4.0,20063.0,69.06
140525178897296,2024-04-02,MAN401,Yale,non-Stem,5.0,17146.0,53.25
140525178909456,2024-03-25,MAN501,Yale,non-Stem,5.0,22395.0,50.7
140525178908368,2024-02-15,MAN401,Yale,non-Stem,3.5576437831723657,16856.0,69.73
140525178908432,2024-02-18,MAN501,Yale,non-Stem,4.0,20325.0,79.37
140525178907728,2024-05-06,MAN501,Yale,non-Stem,4.0,20357.0,65.39
140525178908880,2024-03-16,MAN401,Yale,non-Stem,4.0,15624.0,98.01
140525178910672,2024-05-17,MAN401,Yale,non-Stem,5.0,16693.0,83.3
140525178898768,2024-01-07,MAN501,Yale,non-Stem,4.0,22546.0,70.46
140525178897808,2024-01-05,MAN501,Yale,non-Stem,4.0,20801.0,71.99
140525178896976,2024-02-25,MAN501,Yale,non-Stem,3.0,20827.0,79.63
140525178909776,2024-03-26,MAN501,Yale,non-Stem,4.0,20355.0,61.98
140525178906640,2024-02-13,MAN501,Yale,non-Stem,4.0,21455.0,42.17
140525178897680,2024-07-07,MAN501,Yale,non-Stem,5.0,19109.874457308248,69.93520170043416
140525178909520,2024-04-22,MAN401,Yale,non-Stem,4.0,18536.0,61.92
140525178907216,2024-03-01,MAN401,Yale,non-Stem,3.5576437831723657,18366.0,78.09
140525178910864,2024-09-03,MAN401,Yale,non-Stem,5.0,19366.0,72.57
140525178904784,2024-02-27,MAN501,Yale,non-Stem,4.0,21469.0,78.63
140525178897552,2024-01-18,MAN501,Yale,non-Stem,4.0,21102.0,81.93
140525178909008,2024-05-08,MAN401,Yale,non-Stem,5.0,19109.874457308248,69.93520170043416
140525178901584,2024-05-07,MAN401,Yale,non-Stem,3.0,17323.0,76.33
140525178902160,2024-03-20,MAN401,Yale,non-Stem,4.0,16110.0,83.33
140525178908240,2024-01-25,MAN501,Yale,non-Stem,5.0,20004.0,63.93
140525178909200,2024-05-31,MAN501,Yale,non-Stem,4.0,20263.0,71.94
140525178910928,2024-01-06,MAN401,Yale,non-Stem,5.0,15812.0,49.77
140525178907344,2024-01-06,MAN401,Yale,non-Stem,5.0,15527.0,44.93
140525178901712,2024-02-06,MAN601,Yale,non-Stem,4.0,25272.0,62.82
140525178910032,2024-04-09,MAN501,Yale,non-Stem,4.0,21822.0,60.45
140525178899216,2024-04-11,MAN501,Yale,non-Stem,3.0,20677.0,57.82
140525178901264,2024-12-28,MAN501,Yale,non-Stem,4.0,20319.0,72.47
140525178901904,2024-03-30,MAN401,Yale,non-Stem,5.0,17055.0,88.22
140525178907408,2024-09-02,MAN501,Yale,non-Stem,3.0,19109.874457308248,69.93520170043416
140525178908112,2024-01-19,MAN401,Yale,non-Stem,5.0,15548.0,75.59
140525178911888,2024-02-20,MAN401,Yale,non-Stem,3.0,15375.0,65.17
140525178902800,2024-02-05,MAN501,Yale,non-Stem,3.0,22050.0,63.88
140525178900112,2024-03-11,MAN401,Yale,non-Stem,5.0,17031.0,60.36
140525178911568,2024-03-13,MAN401,Yale,non-Stem,4.0,15466.0,57.75
140525178906384,2024-02-08,MAN401,Yale,non-Stem,5.0,19109.874457308248,69.93520170043416
140525178896592,2024-09-27,MAN401,Yale,non-Stem,4.0,15399.0,53.07
140525178902416,2024-04-22,MAN401,Yale,non-Stem,4.0,17528.0,50.09
140525178900624,2024-02-04,MAN501,Yale,non-Stem,5.0,21077.0,75.37
140525178903120,2024-01-03,MAN401,Yale,non-Stem,5.0,15788.0,71.28
140525178910224,2024-01-06,MAN401,Yale,non-Stem,3.0,18054.0,72.82
140525178896528,2024-03-28,MAN401,Yale,non-Stem,5.0,15183.0,43.02
140525178904080,2024-04-26,MAN501,Yale,non-Stem,4.0,20354.0,59.56
140525178905744,2024-07-02,MAN401,Yale,non-Stem,2.0,15131.0,76.37
140525178906896,2024-02-25,MAN401,Yale,non-Stem,2.0,16864.0,48.97
140525178898000,2024-02-13,MAN401,Yale,non-Stem,3.0,16933.0,75.34
140525178908688,2024-02-01,MAN501,Yale,non-Stem,3.0,20111.0,55.39
140525178901008,2024-01-04,MAN501,Yale,non-Stem,2.0,23548.0,90.37
140525178905424,2024-03-09,MAN501,Yale,non-Stem,5.0,19109.874457308248,69.93520170043416
140525178910992,2024-05-03,MAN501,Yale,non-Stem,4.0,21429.0,50.46
140525178896464,2024-07-25,MAN601,Yale,non-Stem,4.0,25050.0,56.84
140525178909648,2024-02-10,MAN501,Yale,non-Stem,4.0,19109.874457308248,69.93520170043416
140525178910288,2024-03-11,MAN501,Yale,non-Stem,3.0,19109.874457308248,69.93520170043416
140525178902608,2024-05-21,MAN501,Yale,non-Stem,2.0,21861.0,61.6
140525178898320,2024-12-28,MAN401,Yale,non-Stem,5.0,15139.0,87.53
140525178898256,2024-01-23,MAN501,Yale,non-Stem,3.0,20743.0,51.64
140525178904464,2024-06-04,MAN501,Yale,non-Stem,4.0,20213.0,65.15
140525178905936,2024-02-21,MAN401,Yale,non-Stem,4.0,16070.0,47.05
140525178906320,2024-04-01,MAN401,Yale,non-Stem,3.0,19067.0,49.64
140525178896720,2024-04-09,MAN401,Yale,non-Stem,3.0,16826.0,52.31
140525178902288,2024-01-10,MAN401,Yale,non-Stem,3.0,15925.0,64.93
140525178905808,2024-05-22,MAN401,Yale,non-Stem,3.0,15172.0,86.89
140525178899088,2024-01-24,MAN401,Yale,non-Stem,4.0,15193.0,75.97
140525178900240,2024-01-13,MAN401,Yale,non-Stem,3.0,16229.0,77.44
140525178911056,2024-08-29,MAN601,Yale,non-Stem,3.0,27686.0,98.13
140525178908816,2024-01-24,MAN501,Yale,non-Stem,3.0,19109.874457308248,69.93520170043416
140525178902928,2024-02-12,MAN501,Yale,non-Stem,5.0,20455.0,54.86
140525178912272,2024-03-05,MAN401,Yale,non-Stem,4.0,15805.0,77.88
140525178909840,2024-05-20,MAN501,Yale,non-Stem,4.0,20634.0,62.45
140525178909968,2024-07-01,MAN401,Yale,non-Stem,2.0,16221.0,49.58
140525178900880,2024-04-15,MAN401,Yale,non-Stem,5.0,16778.0,89.29
140525178906448,2024-02-06,MAN501,Yale,non-Stem,4.0,23148.0,76.08
140525178910160,2024-02-23,MAN601,Yale,non-Stem,3.0,25688.0,40.62
140525178901072,2024-10-18,MAN401,Yale,non-Stem,4.0,15524.0,91.6
140525178901392,2024-04-02,MAN401,Yale,non-Stem,5.0,18000.0,45.19
140525178899984,2024-02-23,MAN501,Yale,non-Stem,3.0,23076.0,64.84
140525178897616,2024-03-25,MAN501,Yale,non-Stem,5.0,21564.0,64.64
140525178909392,2024-08-22,MAN401,Yale,non-Stem,4.0,16413.0,77.95
140525178911440,2024-04-16,MAN401,Yale,non-Stem,4.0,17520.0,72.58
140525181375184,2024-04-16,MAN401,Yale,non-Stem,5.0,19109.874457308248,69.93520170043416
140525181384400,2024-01-25,MAN401,Yale,non-Stem,4.0,15981.0,78.62
140525181371408,2024-02-14,MAN401,Yale,non-Stem,5.0,17131.0,71.0
140525181386064,2024-01-17,MAN501,Yale,non-Stem,3.0,19109.874457308248,69.93520170043416
140525181382864,2024-05-19,MAN501,Yale,non-Stem,5.0,20347.0,61.17
140525181372496,2024-02-03,MAN501,Yale,non-Stem,3.0,20817.0,85.36
140525181376656,2024-04-06,MAN501,Yale,non-Stem,5.0,23232.0,66.46
140525181377488,2024-01-03,MAN401,Yale,non-Stem,4.0,16316.0,75.15
140525181378448,2024-02-22,MAN401,Yale,non-Stem,3.0,15241.0,65.14
140525181380304,2024-04-12,MAN601,Yale,non-Stem,4.0,25585.0,83.74
140525181383632,2024-05-27,MAN501,Yale,non-Stem,4.0,20924.0,81.74
140525181378000,2024-03-26,MAN401,Yale,non-Stem,2.0,17096.0,58.82
140525181371600,2024-06-24,MAN401,Yale,non-Stem,4.0,15095.0,70.53
140525181384272,2024-02-06,MAN401,Yale,non-Stem,5.0,15834.0,80.15
140525181372752,2024-01-03,MAN501,Yale,non-Stem,3.0,21631.0,76.73
140525181383760,2024-05-31,MAN401,Yale,non-Stem,4.0,15323.0,64.85
140525181384976,2024-03-30,MAN401,Yale,non-Stem,5.0,15580.0,66.03
140525181378192,2024-04-22,MAN401,Yale,non-Stem,3.0,15559.0,94.9
140525181377168,2024-01-26,MAN401,Yale,non-Stem,5.0,15426.0,69.01
140525181373200,2024-05-24,MAN401,Yale,non-Stem,5.0,15606.0,67.42
140525181380944,2024-02-27,MAN501,Yale,non-Stem,4.0,20934.0,72.38
140525181373264,2024-01-23,MAN501,Yale,non-Stem,5.0,21742.0,77.06
140525181386448,2024-02-08,MAN401,Yale,non-Stem,5.0,15446.0,72.29
140525181376400,2024-03-15,MAN401,Yale,non-Stem,5.0,15403.0,73.5
140525181373008,2024-03-07,MAN501,Yale,non-Stem,2.0,20199.0,50.09
140525181371472,2024-03-03,MAN401,Yale,non-Stem,5.0,18105.0,63.26
140525181381328,2024-04-16,MAN501,Yale,non-Stem,2.0,22894.0,91.46
140525181384144,2024-03-03,MAN501,Yale,non-Stem,4.0,19109.874457308248,69.93520170043416
140525181372688,2024-04-08,MAN501,Yale,non-Stem,5.0,21160.0,64.37
140525181378704,2024-08-16,MAN401,Yale,non-Stem,5.0,18276.0,76.95
140525181374288,2024-01-21,MAN401,Yale,non-Stem,4.0,15470.0,92.49
140525181381456,2024-01-23,MAN401,Yale,non-Stem,5.0,17075.0,55.93
140525181378064,2024-02-19,MAN501,Yale,non-Stem,4.0,21258.0,78.7
140525181385360,2024-02-03,MAN401,Yale,non-Stem,4.0,15644.0,41.44
140525181370576,2024-08-04,MAN501,Yale,non-Stem,5.0,19109.874457308248,69.93520170043416
140525181384016,2024-06-30,MAN501,Yale,non-Stem,4.0,21890.0,55.19
140525181374224,2024-01-22,MAN501,Yale,non-Stem,4.0,20230.0,56.03
140525181386384,2024-10-05,MAN401,Yale,non-Stem,3.0,16758.0,56.58
140525181383504,2024-02-05,MAN401,Yale,non-Stem,3.0,15953.0,43.19
140525181374608,2024-03-08,MAN501,Yale,non-Stem,5.0,19109.874457308248,69.93520170043416
140525181385040,2024-04-05,MAN501,Yale,non-Stem,3.0,22726.0,81.8
140525181380368,2024-05-22,MAN501,Yale,non-Stem,4.0,21270.0,52.24
140525181377296,2024-03-07,MAN501,Yale,non-Stem,4.0,21066.0,40.0
140525181386256,2024-04-06,MAN501,Yale,non-Stem,5.0,21454.0,70.84
140525181385232,2024-01-12,MAN501,Yale,non-Stem,4.0,20948.0,52.09
140525181383312,2024-01-09,MAN401,Yale,non-Stem,3.0,16512.0,56.42
140525181377104,2024-03-22,MAN401,Yale,non-Stem,3.0,16879.0,57.82
140525181371856,2024-05-30,MAN401,Yale,non-Stem,4.0,15499.0,84.05
140525181378576,2024-12-28,MAN401,Yale,non-Stem,3.0,15152.0,68.66
140525181382096,2024-04-19,MAN401,Yale,non-Stem,3.0,16675.0,49.54
140525181382800,2024-03-13,MAN501,Yale,non-Stem,5.0,21640.0,51.14
140525181380432,2024-12-28,MAN501,Yale,non-Stem,4.0,21338.0,55.79
140525181381200,2024-10-29,MAN401,Yale,non-Stem,4.0,15208.0,64.12
140525181376080,2024-02-10,MAN401,Yale,non-Stem,5.0,15555.0,65.71
140525181384080,2024-02-18,MAN401,Yale,non-Stem,3.0,19109.874457308248,69.93520170043416
140525181374160,2024-01-16,MAN401,Yale,non-Stem,5.0,16383.0,48.22
140525181380752,2024-12-20,MAN601,Yale,non-Stem,5.0,19109.874457308248,69.93520170043416
140525181378256,2024-07-13,MAN501,Yale,non-Stem,4.0,20407.0,77.22
140525181386128,2024-01-04,MAN501,Yale,non-Stem,5.0,21838.0,41.17
140525181378960,2024-02-04,MAN501,Yale,non-Stem,4.0,20258.0,78.88
140525181384464,2024-05-26,MAN401,Yale,non-Stem,4.0,15080.0,59.66
140525181371920,2024-01-28,MAN501,Yale,non-Stem,4.0,21893.0,68.79
140525181377680,2024-01-24,MAN501,Yale,non-Stem,3.0,22574.0,75.07
140525181383248,2024-02-05,MAN401,Yale,non-Stem,3.0,15177.0,61.28
140525181376912,2024-06-14,MAN501,Yale,non-Stem,4.0,20907.0,95.24
140525181383568,2024-03-25,MAN501,Yale,non-Stem,3.0,20853.0,53.68
140525181380240,2024-02-26,MAN401,Yale,non-Stem,4.0,16540.0,72.19
140525181381712,2024-02-21,MAN401,Yale,non-Stem,5.0,16384.0,46.85
140525181379280,2024-02-22,MAN501,Yale,non-Stem,3.0,19109.874457308248,69.93520170043416
140525181382352,2024-04-24,MAN501,Yale,non-Stem,2.0,20257.0,56.45
140525181384336,2024-02-03,MAN501,Yale,non-Stem,4.0,21562.0,87.04
140525181384784,2024-06-13,MAN401,Yale,non-Stem,5.0,15457.0,75.06
140525181370704,2024-04-01,MAN401,Yale,non-Stem,5.0,16605.0,60.5
140525181370896,2024-12-28,MAN401,Yale,non-Stem,5.0,16419.0,68.37
140525181373968,2024-03-05,MAN401,Yale,non-Stem,4.0,15702.0,63.7
140525181371984,2024-03-03,MAN401,Yale,non-Stem,3.5576437831723657,16898.0,69.48
140525181375760,2024-01-02,MAN401,Yale,non-Stem,3.5576437831723657,15793.0,63.56
140525181378320,2024-06-22,MAN501,Yale,non-Stem,3.5576437831723657,20876.0,48.97
140525181374480,2024-02-21,MAN501,Yale,non-Stem,4.0,23088.0,61.1
140525181383888,2024-07-21,MAN501,Yale,non-Stem,5.0,21267.0,66.89
140525181381584,2024-01-18,MAN401,Yale,non-Stem,4.0,17574.0,67.67
140525181381776,2024-01-16,MAN401,Yale,non-Stem,4.0,15197.0,62.23
140525181379024,2024-01-19,MAN501,Yale,non-Stem,4.0,20131.0,58.27
140525181380176,2024-05-19,MAN401,Yale,non-Stem,5.0,19109.874457308248,69.93520170043416
140525181385488,2024-04-23,MAN401,Yale,non-Stem,4.0,17966.0,72.65
140525181370960,2024-01-11,MAN601,Yale,non-Stem,5.0,25342.0,90.02
140525181385808,2024-03-20,MAN501,Yale,non-Stem,5.0,20839.0,85.87
140525181372944,2024-03-24,MAN401,Yale,non-Stem,4.0,19109.874457308248,69.93520170043416
140525181374928,2024-04-30,MAN501,Yale,non-Stem,4.0,23885.0,62.02
140525181382416,2024-03-20,MAN401,Yale,non-Stem,5.0,15549.0,44.24
140525181374416,2024-05-01,MAN501,Yale,non-Stem,3.0,20554.0,70.42
140525181386000,2024-04-03,MAN401,Yale,non-Stem,3.0,15268.0,74.18
140525181377744,2024-06-25,MAN601,Yale,non-Stem,3.0,27835.0,51.02
140525181381008,2024-02-03,MAN501,Yale,non-Stem,2.0,22103.0,69.96
140525181384656,2024-03-14,MAN501,Yale,non-Stem,4.0,23818.0,87.88
140525181381840,2024-04-04,MAN501,Yale,non-Stem,5.0,22529.0,79.14
140525181382992,2024-03-14,MAN401,Yale,non-Stem,4.0,17416.0,62.77
140525181378512,2024-08-23,MAN501,Yale,non-Stem,3.0,21804.0,72.1
140525181384592,2024-04-06,MAN401,Yale,non-Stem,3.0,15088.0,70.11
140525181378128,2024-10-07,MAN401,Yale,non-Stem,5.0,15630.0,70.04
140525181379728,2024-03-01,MAN501,Yale,non-Stem,5.0,20329.0,46.0
140525181380624,2024-07-24,MAN501,Yale,non-Stem,5.0,21824.0,64.34
140525179063312,2024-02-19,MAN501,Yale,non-Stem,5.0,20405.0,85.41
140525179061008,2024-06-08,MAN401,Yale,non-Stem,4.0,15103.0,80.19
140525179073872,2024-01-08,MAN601,Yale,non-Stem,3.0,25395.0,78.72
140525179072656,2024-03-14,MAN401,Yale,non-Stem,4.0,18204.0,55.86
140525179067984,2024-04-15,MAN501,Yale,non-Stem,5.0,22339.0,71.3
140525179072720,2024-03-08,MAN401,Yale,non-Stem,3.0,15330.0,54.2
140525179068752,2024-12-28,MAN501,Yale,non-Stem,3.0,22479.0,64.62
140525179067024,2024-10-11,MAN501,Yale,non-Stem,4.0,20536.0,82.42
140525179069840,2024-01-24,MAN501,Yale,non-Stem,5.0,21345.0,64.11
140525179060560,2024-01-03,MAN401,Yale,non-Stem,5.0,16037.0,55.68
140525179061200,2024-02-25,MAN401,Yale,non-Stem,3.0,17418.0,72.24
140525179067216,2024-02-28,MAN501,Yale,non-Stem,4.0,21281.0,71.7
140525179069712,2024-03-15,MAN501,Yale,non-Stem,5.0,19109.874457308248,69.93520170043416
140525179068880,2024-03-18,MAN401,Yale,non-Stem,3.0,16623.0,76.71
140525179066192,2024-03-07,MAN401,Yale,non-Stem,5.0,16377.0,69.99
140525179067152,2024-01-18,MAN401,Yale,non-Stem,4.0,15349.0,50.58
140525179073680,2024-03-07,MAN401,Yale,non-Stem,4.0,19109.874457308248,69.93520170043416
140525179067600,2024-08-20,MAN501,Yale,non-Stem,3.0,20767.0,59.54
140525179073104,2024-04-16,MAN501,Yale,non-Stem,5.0,23163.0,44.44
140525179062288,2024-08-24,MAN401,Yale,non-Stem,5.0,15562.0,77.99
140525179064976,2024-05-13,MAN401,Yale,non-Stem,4.0,19109.874457308248,69.93520170043416
140525179062224,2024-03-07,MAN501,Yale,non-Stem,4.0,20212.0,84.8
140525179066384,2024-05-12,MAN401,Yale,non-Stem,4.0,15405.0,92.8
140525179065808,2024-05-26,MAN501,Yale,non-Stem,5.0,21408.0,50.36
140525179061392,2024-01-31,MAN401,Yale,non-Stem,4.0,15315.0,69.45
140525179072976,2024-10-09,MAN501,Yale,non-Stem,4.0,21899.0,56.29
140525179068944,2024-04-22,MAN601,Yale,non-Stem,4.0,25610.0,64.65
140525179062480,2024-04-17,MAN401,Yale,non-Stem,4.0,16287.0,98.57
140525179066704,2024-05-02,MAN501,Yale,non-Stem,3.0,20189.0,80.84
140525179074576,2024-01-17,MAN501,Yale,non-Stem,5.0,21679.0,61.3
140525179075472,2024-06-14,MAN401,Yale,non-Stem,4.0,16667.0,43.99
140525179074256,2024-02-14,MAN501,Yale,non-Stem,4.0,20467.0,43.29
140525179061904,2024-02-05,MAN501,Yale,non-Stem,5.0,20203.0,47.96
140525179062352,2024-06-12,MAN401,Yale,non-Stem,5.0,16153.0,82.81
140525179071504,2024-04-14,MAN401,Yale,non-Stem,3.0,15042.0,92.63
140525179074832,2024-02-13,MAN501,Yale,non-Stem,5.0,21680.0,96.02
140525179073040,2024-07-08,MAN501,Yale,non-Stem,4.0,21616.0,85.68
140525179074960,2024-02-04,MAN501,Yale,non-Stem,5.0,19109.874457308248,69.93520170043416
140525179064336,2024-02-25,MAN501,Yale,non-Stem,5.0,20446.0,59.11
140525179068176,2024-01-19,MAN601,Yale,non-Stem,5.0,26528.0,75.54
140525179064464,2024-02-09,MAN401,Yale,non-Stem,5.0,17227.0,56.07
140525179071056,2024-03-07,MAN501,Yale,non-Stem,3.0,19109.874457308248,69.93520170043416
140525179075856,2024-05-22,MAN501,Yale,non-Stem,2.0,21191.0,67.96
140525179062160,2024-03-05,MAN501,Yale,non-Stem,5.0,21245.0,56.83
140525179065552,2024-02-24,MAN501,Yale,non-Stem,4.0,20002.0,72.53
140525179070032,2024-07-28,MAN401,Yale,non-Stem,5.0,15845.0,63.65
140525179074320,2024-01-05,MAN401,Yale,non-Stem,3.5576437831723657,16116.0,56.58
140525179073296,2024-03-29,MAN501,Yale,non-Stem,4.0,21872.0,53.27
140525179074000,2024-04-11,MAN501,Yale,non-Stem,4.0,19109.874457308248,69.93520170043416
140525179070736,2024-01-05,MAN501,Yale,non-Stem,3.0,19109.874457308248,69.93520170043416
140525179070992,2024-01-12,MAN501,Yale,non-Stem,4.0,19109.874457308248,69.93520170043416
140525179063248,2024-05-04,MAN501,Yale,non-Stem,5.0,21377.0,58.66
140525179060432,2024-02-03,MAN501,Yale,non-Stem,4.0,20306.0,66.13
140525179075536,2024-05-22,MAN401,Yale,non-Stem,3.0,15233.0,71.15
140525179068112,2024-03-30,MAN401,Yale,non-Stem,3.0,17034.0,76.93
140525179072784,2024-02-25,MAN501,Yale,non-Stem,5.0,20455.0,76.25
140525179070864,2024-02-15,MAN501,Yale,non-Stem,3.0,20935.0,78.51
140525179067280,2024-08-13,MAN501,Yale,non-Stem,5.0,21899.0,66.25
140525179073808,2024-04-30,MAN501,Yale,non-Stem,5.0,21432.0,49.22
140525179062992,2024-02-28,MAN501,Yale,non-Stem,5.0,20795.0,80.4
140525179063696,2024-01-24,MAN501,Yale,non-Stem,5.0,22027.0,72.88
140525179062800,2024-01-10,MAN401,Yale,non-Stem,5.0,15214.0,77.35
140525179075088,2024-02-24,MAN401,Yale,non-Stem,3.0,15142.0,44.75
140525179074896,2024-04-29,MAN501,Yale,non-Stem,5.0,20866.0,76.08
140525179064848,2024-05-07,MAN401,Yale,non-Stem,4.0,15674.0,84.72
140525179060880,2024-02-14,MAN501,Yale,non-Stem,4.0,19109.874457308248,69.93520170043416
140525179076112,2024-03-31,MAN401,Yale,non-Stem,4.0,16666.0,60.98
140525179070608,2024-06-27,MAN401,Yale,non-Stem,3.0,17273.0,61.36
140525179074448,2024-01-24,MAN401,Yale,non-Stem,4.0,15851.0,41.46
140525179073232,2024-01-27,MAN401,Yale,non-Stem,5.0,18598.0,65.58
140525179067344,2024-05-05,MAN501,Yale,non-Stem,4.0,21933.0,79.69
140525179064208,2024-02-19,MAN501,Yale,non-Stem,4.0,22450.0,68.9
140525179072912,2024-03-11,MAN501,Yale,non-Stem,5.0,22840.0,57.95
140525179075216,2024-06-27,MAN501,Yale,non-Stem,4.0,21978.0,48.59
140525179063056,2024-05-01,MAN501,Yale,non-Stem,4.0,20513.0,73.04
140525179071888,2024-03-03,MAN401,Yale,non-Stem,3.5576437831723657,15471.0,82.08
140525179069968,2024-02-16,MAN501,Yale,non-Stem,4.0,20749.0,92.16
140525179062736,2024-05-10,MAN401,Yale,non-Stem,4.0,15414.0,87.41
140525179062416,2024-04-26,MAN501,Yale,non-Stem,5.0,21906.0,54.59
140525179065744,2024-05-16,MAN401,Yale,non-Stem,3.0,15796.0,52.14
140525179066896,2024-05-23,MAN501,Yale,non-Stem,3.5576437831723657,20010.0,85.32
140525179075920,2024-01-19,MAN501,Yale,non-Stem,5.0,20069.0,82.18
140525179067728,2024-04-28,MAN401,Yale,non-Stem,3.5576437831723657,17711.0,59.27
140525179069648,2024-01-29,MAN401,Yale,non-Stem,4.0,16768.0,81.91
140525179072400,2024-08-25,MAN601,Yale,non-Stem,4.0,19109.874457308248,69.93520170043416
140525179072080,2024-04-21,MAN501,Yale,non-Stem,2.0,20495.0,79.92
140525179072144,2024-02-19,MAN401,Yale,non-Stem,5.0,18487.0,47.21
140525179063504,2024-04-07,MAN501,Yale,non-Stem,5.0,20078.0,52.16
140525179066320,2024-02-06,MAN401,Yale,non-Stem,4.0,16421.0,67.0
140525179073552,2024-12-28,MAN401,Yale,non-Stem,3.0,15413.0,72.1
140525179070416,2024-02-09,MAN401,Yale,non-Stem,4.0,16357.0,76.34
140525179069008,2024-09-22,MAN401,Yale,non-Stem,4.0,16790.0,82.72
140525179073424,2024-05-07,MAN401,Yale,non-Stem,4.0,18365.0,62.29
140525179073488,2024-04-24,MAN501,Yale,non-Stem,3.0,20371.0,95.49
140525179076496,2024-04-19,MAN501,Yale,non-Stem,5.0,24040.0,89.56
140525179076240,2024-02-05,MAN401,Yale,non-Stem,5.0,16668.0,47.87
140525185280848,2024-03-30,MAN501,Yale,non-Stem,4.0,21714.0,57.74
140525185284880,2024-02-01,MAN401,Yale,non-Stem,4.0,18085.0,66.58
140525185282128,2024-03-01,MAN401,Yale,non-Stem,4.0,18469.0,40.0
140525185285008,2024-01-30,MAN501,Yale,non-Stem,5.0,21535.0,63.69
140525185285392,2024-03-26,MAN501,Yale,non-Stem,4.0,22609.0,48.3
140525185284560,2024-04-22,MAN401,Yale,non-Stem,4.0,16611.0,59.75
140525185286032,2024-02-16,MAN501,Yale,non-Stem,4.0,20766.0,80.3
140525185285136,2024-01-19,MAN401,Yale,non-Stem,3.0,17363.0,70.38
140525185280784,2024-02-15,MAN501,Yale,non-Stem,5.0,23258.0,90.41
140525184389264,2024-01-16,MAN601,Yale,non-Stem,5.0,28012.0,91.69
140525184399888,2024-01-02,MAN501,Yale,non-Stem,3.0,19109.874457308248,69.93520170043416
140525184399248,2024-01-09,MAN601,Yale,non-Stem,3.0,28917.0,85.93
140525184399376,2024-06-14,MAN401,Yale,non-Stem,4.0,16887.0,74.82
140525184399632,2024-01-28,MAN501,Yale,non-Stem,4.0,21499.0,46.38
140525184385488,2024-02-01,MAN401,Yale,non-Stem,4.0,15780.0,67.56
140525184385104,2024-02-07,MAN401,Yale,non-Stem,5.0,15352.0,70.22
140525184393808,2024-01-27,MAN401,Yale,non-Stem,4.0,15434.0,67.95
140525184391312,2024-01-23,MAN501,Yale,non-Stem,3.0,20967.0,98.34
140525184393744,2024-01-08,MAN501,Yale,non-Stem,4.0,20692.0,46.68
140525184395344,2024-02-09,MAN501,Yale,non-Stem,5.0,22465.0,83.67
140525184401360,2024-11-07,MAN401,Yale,non-Stem,3.5576437831723657,15757.0,75.08
140525184389456,2024-05-17,MAN401,Yale,non-Stem,4.0,15559.0,48.16
140525184396496,2024-09-29,MAN401,Yale,non-Stem,2.0,15370.0,89.27
140525184389072,2024-02-06,MAN401,Yale,non-Stem,4.0,15981.0,74.54
140525184392464,2024-02-21,MAN401,Yale,non-Stem,4.0,15390.0,63.8
140525184396112,2024-08-05,MAN501,Yale,non-Stem,5.0,20885.0,53.49
140525184394576,2024-08-27,MAN401,Yale,non-Stem,4.0,15096.0,61.68
140525184400080,2024-03-21,MAN401,Yale,non-Stem,5.0,16946.0,47.43
140525184387472,2024-06-12,MAN401,Yale,non-Stem,3.0,15254.0,61.68
140525184400400,2024-12-28,MAN401,Yale,non-Stem,4.0,15291.0,64.28
140525184394960,2024-02-07,MAN401,Yale,non-Stem,5.0,15856.0,65.53
140525184386384,2024-01-08,MAN401,Yale,non-Stem,4.0,18498.0,65.25
140525184395792,2024-01-23,MAN601,Yale,non-Stem,3.5576437831723657,27930.0,94.24
140525184386768,2024-01-22,MAN501,Yale,non-Stem,5.0,20100.0,76.66
140525184393040,2024-01-13,MAN501,Yale,non-Stem,5.0,20186.0,48.75
140525184391760,2024-04-17,MAN501,Yale,non-Stem,4.0,19109.874457308248,69.93520170043416
140525184400912,2024-03-15,MAN501,Yale,non-Stem,4.0,20124.0,65.85
140525184400592,2024-03-28,MAN501,Yale,non-Stem,3.0,22273.0,66.33
140525184392272,2024-01-08,MAN501,Yale,non-Stem,3.5576437831723657,20267.0,84.3
140525184398544,2024-03-19,MAN501,Yale,non-Stem,4.0,20420.0,76.07
140525184397008,2024-01-06,MAN401,Yale,non-Stem,4.0,17359.0,54.9
140525184396560,2024-01-25,MAN601,Yale,non-Stem,4.0,27339.0,51.81
140525184401168,2024-02-11,MAN501,Yale,non-Stem,4.0,20765.0,63.07
140525184392208,2024-04-29,MAN401,Yale,non-Stem,5.0,15315.0,63.84
140525184390480,2024-03-12,MAN401,Yale,non-Stem,3.5576437831723657,15429.0,89.22
140525184387216,2024-12-28,MAN401,Yale,non-Stem,4.0,19109.874457308248,69.93520170043416
140525184392080,2024-04-30,MAN401,Yale,non-Stem,3.0,16873.0,61.53
140525184397520,2024-03-18,MAN501,Yale,non-Stem,5.0,21241.0,55.14
140525184391184,2024-01-27,MAN501,Yale,non-Stem,4.0,22225.0,60.2
140525184391824,2024-04-02,MAN401,Yale,non-Stem,5.0,17306.0,53.91
140525184385936,2024-02-12,MAN401,Yale,non-Stem,4.0,17676.0,66.05
140525184389904,2024-04-23,MAN401,Yale,non-Stem,5.0,16248.0,47.9
140525184386960,2024-01-30,MAN401,Yale,non-Stem,4.0,16223.0,91.34
140525184385232,2024-03-10,MAN401,Yale,non-Stem,4.0,16200.0,78.07
140525184392592,2024-06-29,MAN401,Yale,non-Stem,4.0,15295.0,55.06
140525184394064,2024-01-06,MAN601,Yale,non-Stem,5.0,27253.0,71.91
140525184390736,2024-02-22,MAN401,Yale,non-Stem,3.0,19109.874457308248,69.93520170043416
140525184392528,2024-06-08,MAN501,Yale,non-Stem,4.0,20059.0,76.07
140525184389712,2024-05-23,MAN401,Yale,non-Stem,3.0,16141.0,63.21
140525184394448,2024-07-06,MAN601,Yale,non-Stem,3.5576437831723657,25335.0,80.43
140525184387536,2024-03-06,MAN401,Yale,non-Stem,3.0,17045.0,78.9
140525184392784,2024-04-15,MAN401,Yale,non-Stem,5.0,15661.0,42.27
140525184397712,2024-08-15,MAN501,Yale,non-Stem,5.0,19109.874457308248,69.93520170043416
140525184385424,2024-01-14,MAN501,Yale,non-Stem,5.0,20568.0,71.5
140525184385680,2024-08-06,MAN401,Yale,non-Stem,5.0,16988.0,76.17
140525184400272,2024-04-22,MAN501,Yale,non-Stem,3.0,19109.874457308248,69.93520170043416
140525184388688,2024-01-06,MAN401,Yale,non-Stem,4.0,17198.0,81.34
140525184391952,2024-02-22,MAN601,Yale,non-Stem,5.0,25447.0,55.08
140525184397584,2024-01-29,MAN401,Yale,non-Stem,4.0,15464.0,49.44
140525184400016,2024-02-28,MAN401,Yale,non-Stem,4.0,15563.0,71.83
140525184393488,2024-03-12,MAN401,Yale,non-Stem,3.0,15534.0,51.09
140525184394320,2024-03-06,MAN501,Yale,non-Stem,5.0,20161.0,77.06
140525184392336,2024-02-17,MAN501,Yale,non-Stem,4.0,22119.0,82.52
140525184400656,2024-04-05,MAN601,Yale,non-Stem,4.0,25746.0,79.46
140525184390672,2024-08-27,MAN601,Yale,non-Stem,5.0,26014.0,52.07
140525184400784,2024-01-22,MAN501,Yale,non-Stem,3.0,23118.0,61.23
140525184401040,2024-01-22,MAN401,Yale,non-Stem,4.0,15673.0,54.45
140525184393232,2024-01-16,MAN501,Yale,non-Stem,4.0,20735.0,66.13
140525184391248,2024-09-10,MAN501,Yale,non-Stem,4.0,19109.874457308248,69.93520170043416
140525184394512,2024-03-09,MAN401,Yale,non-Stem,5.0,16839.0,67.84
140525184394000,2024-02-18,MAN401,Yale,non-Stem,4.0,17030.0,55.66
140525184398224,2024-02-06,MAN401,Yale,non-Stem,3.0,18063.0,67.79
140525184397776,2024-07-25,MAN401,Yale,non-Stem,5.0,15455.0,81.06
140525184398736,2024-04-21,MAN401,Yale,non-Stem,3.5576437831723657,16171.0,76.75
140525184389968,2024-05-11,MAN401,Yale,non-Stem,4.0,16170.0,86.21
140525184390288,2024-01-20,MAN501,Yale,non-Stem,4.0,21096.0,63.65
140525184389520,2024-02-01,MAN501,Yale,non-Stem,3.0,20159.0,41.19
140525184387408,2024-01-13,MAN401,Yale,non-Stem,4.0,16183.0,54.61
140525184390928,2024-04-08,MAN401,Yale,non-Stem,5.0,19109.874457308248,69.93520170043416
140525184388240,2024-01-27,MAN401,Yale,non-Stem,5.0,19109.874457308248,69.93520170043416
140525184395024,2024-06-08,MAN401,Yale,non-Stem,4.0,18544.0,64.32
140525184386448,2024-02-23,MAN501,Yale,non-Stem,4.0,20844.0,82.52
140525184388816,2024-01-07,MAN601,Yale,non-Stem,4.0,25891.0,71.39
140525184396368,2024-04-08,MAN401,Yale,non-Stem,3.5576437831723657,16067.0,59.3
140525184395216,2024-05-11,MAN401,Yale,non-Stem,4.0,15280.0,74.84
140525184395600,2024-04-14,MAN401,Yale,non-Stem,4.0,18068.0,44.81
140525184396304,2024-04-13,MAN401,Yale,non-Stem,3.0,15732.0,97.46
140525184399568,2024-06-01,MAN401,Yale,non-Stem,3.0,16874.0,98.29
140525184395088,2024-02-03,MAN401,Yale,non-Stem,4.0,15181.0,69.25
140525184393552,2024-06-29,MAN401,Yale,non-Stem,3.0,16365.0,71.34
140525184398992,2024-01-31,MAN401,Yale,non-Stem,3.0,15381.0,98.56
140525184388560,2024-02-07,MAN601,Yale,non-Stem,3.0,26209.0,57.0
140525184386128,2024-05-13,MAN501,Yale,non-Stem,4.0,20574.0,85.5
140525184399824,2024-02-03,MAN501,Yale,non-Stem,4.0,20289.0,85.64
140525184392976,2024-06-10,MAN401,Yale,non-Stem,5.0,15200.0,81.54
140525184400144,2024-09-06,MAN501,Yale,non-Stem,4.0,23991.0,42.79
140525184386512,2024-02-17,MAN401,Yale,non-Stem,5.0,16802.0,76.33
140525184398032,2024-05-19,MAN401,Yale,non-Stem,2.0,15307.0,53.67
140525141864016,2024-06-17,MAN401,Yale,non-Stem,4.0,16185.0,53.73
140525141866192,2024-01-16,MAN501,Yale,non-Stem,4.0,20320.0,43.65
140525141857680,2024-02-05,MAN401,Yale,non-Stem,3.0,16207.0,54.49
140525141859728,2024-10-19,MAN501,Yale,non-Stem,5.0,20174.0,97.83
140525141856912,2024-04-11,MAN401,Yale,non-Stem,4.0,17712.0,61.02
140525141861712,2024-02-29,MAN401,Yale,non-Stem,5.0,17920.0,79.66
140525141867152,2024-04-23,MAN401,Yale,non-Stem,4.0,16685.0,93.82
140525141860752,2024-09-07,MAN401,Yale,non-Stem,4.0,16438.0,74.4
140525141860496,2024-02-07,MAN601,Yale,non-Stem,5.0,27756.0,89.34
140525141868176,2024-02-07,MAN401,Yale,non-Stem,4.0,15538.0,40.07
140525141858704,2024-01-13,MAN501,Yale,non-Stem,5.0,15000.0,68.23
140525141861008,2024-02-03,MAN401,Yale,non-Stem,4.0,15126.0,55.68
140525141857936,2024-03-13,MAN501,Yale,non-Stem,3.0,20788.0,58.94
140525141858960,2024-05-30,MAN401,Yale,non-Stem,4.0,19109.874457308248,69.93520170043416
140525141854416,2024-12-28,MAN601,Yale,non-Stem,4.0,25578.0,77.3
140525141857168,2024-01-09,MAN401,Yale,non-Stem,4.0,15233.0,96.9
140525141852624,2024-05-27,MAN401,Yale,non-Stem,4.0,15744.0,47.8
140525141856208,2024-01-28,MAN401,Yale,non-Stem,5.0,15327.0,73.8
140525141852368,2024-01-04,MAN501,Yale,non-Stem,5.0,20034.0,91.0
140525141863248,2024-03-02,MAN501,Yale,non-Stem,3.0,19109.874457308248,69.93520170043416
140525141855184,2024-02-26,MAN501,Yale,non-Stem,4.0,21938.0,75.44
140525141859216,2024-03-23,MAN501,Yale,non-Stem,5.0,21865.0,82.04
140525141855440,2024-07-30,MAN401,Yale,non-Stem,4.0,18299.0,70.44
140525141859472,2024-02-21,MAN501,Yale,non-Stem,5.0,20218.0,74.95
140525141855696,2024-02-25,MAN501,Yale,non-Stem,5.0,21321.0,76.69
140525141862480,2024-04-30,MAN501,Yale,non-Stem,4.0,22175.0,92.9
140525141862224,2024-03-16,MAN401,Yale,non-Stem,2.0,17277.0,76.85
140525141861456,2024-03-29,MAN501,Yale,non-Stem,3.0,20086.0,74.67
140525141853136,2024-04-10,MAN401,Yale,non-Stem,5.0,15258.0,85.41
140525141854160,2024-01-04,MAN501,Yale,non-Stem,5.0,20665.0,66.32
140525141865232,2024-02-03,MAN501,Yale,non-Stem,4.0,20295.0,58.89
140525138063760,2024-02-06,MAN401,Yale,non-Stem,5.0,15086.0,69.33
140525138053776,2024-03-16,MAN401,Yale,non-Stem,3.0,19109.874457308248,69.93520170043416
140525138054800,2024-04-29,MAN401,Yale,non-Stem,5.0,15251.0,70.13
140525138055824,2024-01-25,MAN501,Yale,non-Stem,4.0,20292.0,77.5
140525138066512,2024-04-07,MAN401,Yale,non-Stem,4.0,19109.874457308248,69.93520170043416
140525138062992,2024-01-10,MAN501,Yale,non-Stem,3.0,23493.0,71.43
140525138065040,2024-05-03,MAN501,Yale,non-Stem,3.0,20871.0,53.59
140525138056336,2024-05-15,MAN401,Yale,non-Stem,5.0,15267.0,58.9
140525138065296,2024-02-23,MAN501,Yale,non-Stem,4.0,21412.0,55.01
140525138056592,2024-06-01,MAN401,Yale,non-Stem,5.0,17170.0,57.8
140525138061456,2024-02-25,MAN401,Yale,non-Stem,2.0,15279.0,69.92
140525138052496,2024-02-25,MAN501,Yale,non-Stem,4.0,20687.0,63.29
140525138056848,2024-08-02,MAN501,Yale,non-Stem,3.0,20668.0,90.11
140525138055568,2024-01-11,MAN401,Yale,non-Stem,4.0,15569.0,62.06
140525138058384,2024-06-08,MAN501,Yale,non-Stem,5.0,20542.0,62.81
140525138065744,2024-02-07,MAN501,Yale,non-Stem,3.0,20367.0,81.54
140525138060944,2024-05-30,MAN401,Yale,non-Stem,4.0,16540.0,60.4
140525138051984,2024-01-29,MAN401,Yale,non-Stem,4.0,15631.0,59.0
140525138062480,2024-03-05,MAN501,Yale,non-Stem,5.0,20989.0,77.82
140525138062736,2024-04-25,MAN501,Yale,non-Stem,4.0,22125.0,64.49
140525138066768,2024-08-03,MAN501,Yale,non-Stem,5.0,20312.0,58.58
140525138052752,2024-04-30,MAN401,Yale,non-Stem,3.5576437831723657,17419.0,57.71
140525138057872,2024-01-13,MAN501,Yale,non-Stem,3.0,20054.0,65.46
140525138057616,2024-03-31,MAN401,Yale,non-Stem,5.0,16413.0,75.95
140525138064016,2024-03-25,MAN501,Yale,non-Stem,3.5576437831723657,21111.0,60.91
140525138051472,2024-01-05,MAN401,Yale,non-Stem,3.5576437831723657,15952.0,73.46
140525138063504,2024-06-08,MAN501,Yale,non-Stem,4.0,19109.874457308248,69.93520170043416
140525138061968,2024-01-19,MAN401,Yale,non-Stem,4.0,15182.0,77.0
140525138053520,2024-04-21,MAN501,Yale,non-Stem,5.0,20055.0,65.16
140525138059920,2024-03-21,MAN501,Yale,non-Stem,2.0,22588.0,68.49
140525138059152,2024-01-28,MAN501,Yale,non-Stem,5.0,21317.0,59.11
140525138053264,2024-01-19,MAN401,Yale,non-Stem,5.0,17674.0,73.56
140525138058640,2024-01-05,MAN501,Yale,non-Stem,3.0,19109.874457308248,69.93520170043416
140525182304336,2024-02-06,MAN401,Yale,non-Stem,4.0,15590.0,87.04
140525182309008,2024-03-23,MAN401,Yale,non-Stem,3.0,15324.0,96.73
140525182311632,2024-01-22,MAN501,Yale,non-Stem,4.0,20643.0,51.86
140525182317968,2024-05-05,MAN401,Yale,non-Stem,3.0,15208.0,50.69
140525182304848,2024-03-09,MAN401,Yale,non-Stem,5.0,15033.0,69.46
140525182320016,2024-02-14,MAN501,Yale,non-Stem,3.0,20916.0,80.86
140525182312592,2024-07-25,MAN501,Yale,non-Stem,3.5576437831723657,23145.0,88.12
140525182320400,2024-07-07,MAN601,Yale,non-Stem,4.0,27901.0,57.93
140525182305552,2024-05-19,MAN401,Yale,non-Stem,5.0,19109.874457308248,69.93520170043416
140525182305936,2024-12-28,MAN401,Yale,non-Stem,5.0,15578.0,64.5
140525182307856,2024-03-05,MAN501,Yale,non-Stem,3.0,21423.0,70.73
140525182320144,2024-01-16,MAN401,Yale,non-Stem,3.0,17336.0,79.85
140525182319120,2024-04-18,MAN401,Yale,non-Stem,3.0,16891.0,47.63
140525182307344,2024-01-04,MAN501,Yale,non-Stem,3.0,21384.0,76.92
140525182307408,2024-05-22,MAN601,Yale,non-Stem,5.0,26371.0,61.6
140525182306960,2024-01-29,MAN401,Yale,non-Stem,4.0,17825.0,79.12
140525182317456,2024-01-27,MAN401,Yale,non-Stem,4.0,15201.0,60.95
140525182319184,2024-06-26,MAN501,Yale,non-Stem,4.0,20557.0,83.3
140525182314448,2024-08-27,MAN501,Yale,non-Stem,5.0,22285.0,72.48
140525182315984,2024-01-03,MAN501,Yale,non-Stem,4.0,20252.0,56.94
140525182314128,2024-07-31,MAN601,Yale,non-Stem,4.0,25509.0,88.77
140525182316624,2024-06-29,MAN601,Yale,non-Stem,5.0,27714.0,87.39
140525182306128,2024-03-04,MAN501,Yale,non-Stem,3.0,19109.874457308248,69.93520170043416
140525182318416,2024-11-26,MAN601,Yale,non-Stem,4.0,25476.0,77.79
140525182306768,2024-01-26,MAN501,Yale,non-Stem,5.0,19109.874457308248,69.93520170043416
140525182313040,2024-01-12,MAN401,Yale,non-Stem,4.0,15776.0,80.23
140525182307600,2024-05-26,MAN401,Yale,non-Stem,3.0,15772.0,76.95
140525182315856,2024-12-28,MAN401,Yale,non-Stem,4.0,15774.0,65.47
140525182314640,2024-10-29,MAN401,Yale,non-Stem,4.0,16639.0,68.28
140525182312336,2024-03-04,MAN501,Yale,non-Stem,5.0,20631.0,62.32
140525182306896,2024-05-23,MAN401,Yale,non-Stem,4.0,15310.0,81.47
140525182318992,2024-02-05,MAN501,Yale,non-Stem,4.0,20522.0,70.25
140525182311056,2024-12-28,MAN401,Yale,non-Stem,5.0,19109.874457308248,69.93520170043416
140525182308048,2024-01-26,MAN401,Yale,non-Stem,4.0,16725.0,75.84
140525182304784,2024-05-31,MAN401,Yale,non-Stem,4.0,15914.0,50.92
140525182316496,2024-06-10,MAN401,Yale,non-Stem,5.0,15512.0,75.22
140525182306256,2024-12-28,MAN501,Yale,non-Stem,3.0,20006.0,52.83
140525182311696,2024-08-13,MAN401,Yale,non-Stem,4.0,15967.0,88.69
140525182309072,2024-02-19,MAN401,Yale,non-Stem,5.0,15445.0,66.4
140525182309328,2024-12-28,MAN501,Yale,non-Stem,4.0,22154.0,71.51
140525182316176,2024-01-12,MAN401,Yale,non-Stem,3.0,16781.0,64.02
140525182304592,2024-01-28,MAN501,Yale,non-Stem,4.0,22158.0,74.3
140525182305040,2024-03-24,MAN401,Yale,non-Stem,3.0,16393.0,55.07
140525182305488,2024-06-29,MAN401,Yale,non-Stem,5.0,16582.0,69.49
140525182307792,2024-01-16,MAN401,Yale,non-Stem,5.0,15398.0,58.15
140525182310288,2024-12-28,MAN501,Yale,non-Stem,4.0,22188.0,75.68
140525182316112,2024-03-06,MAN401,Yale,non-Stem,4.0,15753.0,43.22
140525182309776,2024-06-06,MAN401,Yale,non-Stem,3.0,18344.0,42.44
140525182314896,2024-06-29,MAN501,Yale,non-Stem,3.0,22781.0,70.38
140525182308944,2024-01-23,MAN401,Yale,non-Stem,3.0,19109.874457308248,69.93520170043416
140525182314064,2024-01-08,MAN501,Yale,non-Stem,3.5576437831723657,19109.874457308248,69.93520170043416
140525182313296,2024-02-29,MAN601,Yale,non-Stem,3.0,19109.874457308248,69.93520170043416
140525182307728,2024-03-28,MAN501,Yale,non-Stem,4.0,20619.0,76.73
140525182319760,2024-07-15,MAN601,Yale,non-Stem,5.0,26486.0,81.35
140525182320528,2024-02-19,MAN501,Yale,non-Stem,3.0,20924.0,42.49
140525182311376,2024-06-09,MAN501,Yale,non-Stem,3.0,20007.0,84.03
140525182320464,2024-05-07,MAN501,Yale,non-Stem,4.0,20554.0,71.33
140525182311888,2024-03-05,MAN401,Yale,non-Stem,5.0,15037.0,57.48
140525182313680,2024-06-27,MAN401,Yale,non-Stem,5.0,15975.0,58.26
140525182315472,2024-04-21,MAN401,Yale,non-Stem,3.0,15798.0,64.64
140525182307024,2024-03-10,MAN501,Yale,non-Stem,4.0,21634.0,70.39
140525182308624,2024-01-06,MAN501,Yale,non-Stem,5.0,23268.0,88.79
140525182315344,2024-05-13,MAN501,Yale,non-Stem,5.0,20064.0,75.65
140525182307472,2024-02-13,MAN501,Yale,non-Stem,4.0,21450.0,84.5
140525182306512,2024-01-02,MAN401,Yale,non-Stem,4.0,17541.0,60.83
140525182304464,2024-03-24,MAN401,Yale,non-Stem,3.0,16545.0,62.62
140525182306064,2024-04-27,MAN401,Yale,non-Stem,4.0,16861.0,69.94
140525182307216,2024-06-10,MAN401,Yale,non-Stem,4.0,15966.0,70.75
140525182311120,2024-08-22,MAN401,Yale,non-Stem,3.0,18572.0,71.01
140525182314832,2024-01-16,MAN501,Yale,non-Stem,5.0,22531.0,51.16
140525182319632,2024-08-01,MAN501,Yale,non-Stem,5.0,21120.0,49.83
140525182316880,2024-01-22,MAN401,Yale,non-Stem,5.0,16347.0,63.77
140525182315600,2024-06-18,MAN401,Yale,non-Stem,2.0,15420.0,51.95
140525182314960,2024-04-28,MAN401,Yale,non-Stem,3.0,15469.0,80.96
140525182311440,2024-06-12,MAN601,Yale,non-Stem,4.0,27697.0,50.72
140525182313936,2024-03-23,MAN401,Yale,non-Stem,4.0,15334.0,87.81
140525182312656,2024-07-10,MAN401,Yale,non-Stem,5.0,16889.0,82.91
140525182317200,2024-02-04,MAN401,Yale,non-Stem,4.0,19109.874457308248,69.93520170043416
140525182305360,2024-03-27,MAN401,Yale,non-Stem,4.0,15206.0,56.4
140525182314000,2024-01-12,MAN501,Yale,non-Stem,4.0,20932.0,60.56
140525182306576,2024-01-11,MAN501,Yale,non-Stem,5.0,20135.0,65.37
140525182317392,2024-01-26,MAN501,Yale,non-Stem,5.0,20519.0,88.92
140525182313616,2024-05-31,MAN501,Yale,non-Stem,5.0,21816.0,92.65
140525182308432,2024-01-09,MAN401,Yale,non-Stem,5.0,17591.0,87.86
140525182309904,2024-04-02,MAN501,Yale,non-Stem,4.0,22842.0,68.34
140525182313808,2024-03-02,MAN501,Yale,non-Stem,5.0,21065.0,71.39
140525182307280,2024-04-17,MAN401,Yale,non-Stem,3.0,17559.0,97.65
140525182306000,2024-02-06,MAN501,Yale,non-Stem,5.0,23920.0,68.38
140525182318160,2024-01-23,MAN401,Yale,non-Stem,2.0,16179.0,72.81
140525182318224,2024-06-27,MAN501,Yale,non-Stem,2.0,20304.0,45.14
140525182309584,2024-02-26,MAN401,Yale,non-Stem,4.0,16087.0,86.64
140525182320272,2024-03-03,MAN501,Yale,non-Stem,5.0,23804.0,76.26
140525182312208,2024-05-31,MAN601,Yale,non-Stem,4.0,26601.0,67.84
140525182318864,2024-01-03,MAN401,Yale,non-Stem,5.0,18555.0,80.14
140525182308560,2024-08-09,MAN401,Yale,non-Stem,4.0,15298.0,79.22
140525182305296,2024-01-25,MAN401,Yale,non-Stem,5.0,15135.0,79.65
140525182317712,2024-05-08,MAN501,Yale,non-Stem,3.0,20017.0,52.6
140525182315728,2024-05-15,MAN401,Yale,non-Stem,4.0,16124.0,71.23
140525182315408,2024-01-30,MAN401,Yale,non-Stem,3.0,16086.0,50.73
140525182306704,2024-04-17,MAN401,Yale,non-Stem,2.0,16441.0,84.41
140525141912784,2024-07-21,MAN501,Yale,non-Stem,4.0,19109.874457308248,69.93520170043416
140525141904592,2024-01-05,MAN501,Yale,non-Stem,4.0,20636.0,80.83
140525141914576,2024-08-04,MAN501,Yale,non-Stem,4.0,21210.0,77.13
140525141907408,2024-02-29,MAN501,Yale,non-Stem,4.0,20827.0,74.74
140525141916368,2024-06-16,MAN401,Yale,non-Stem,5.0,17720.0,68.55
140525141904848,2024-06-11,MAN401,Yale,non-Stem,5.0,16254.0,67.83
140525141915600,2024-02-08,MAN501,Yale,non-Stem,5.0,22353.0,91.37
140525141906128,2024-04-02,MAN501,Yale,non-Stem,4.0,19109.874457308248,69.93520170043416
140525141912272,2024-06-15,MAN401,Yale,non-Stem,4.0,15128.0,83.6
140525141901520,2024-06-07,MAN501,Yale,non-Stem,4.0,23799.0,89.22
140525141915856,2024-03-16,MAN501,Yale,non-Stem,4.0,20487.0,83.57
140525141902544,2024-02-14,MAN401,Yale,non-Stem,3.0,15644.0,64.16
140525141905104,2024-08-05,MAN601,Yale,non-Stem,4.0,25024.0,47.17
140525141916112,2024-04-06,MAN501,Yale,non-Stem,5.0,20979.0,75.69
140525141903568,2024-02-04,MAN601,Yale,non-Stem,3.0,26197.0,51.12
140525141903056,2024-12-28,MAN501,Yale,non-Stem,4.0,20278.0,97.67
140525141913296,2024-02-22,MAN501,Yale,non-Stem,4.0,23312.0,41.02
140525141916624,2024-02-23,MAN501,Yale,non-Stem,3.0,20733.0,77.19
140525141916880,2024-04-24,MAN401,Yale,non-Stem,4.0,16527.0,56.02
140525141905872,2024-05-21,MAN401,Yale,non-Stem,4.0,16659.0,44.09
140525141904080,2024-03-24,MAN501,Yale,non-Stem,4.0,20002.0,81.54
140525141915344,2024-01-17,MAN501,Yale,non-Stem,2.0,20847.0,89.03
140525141910736,2024-03-20,MAN501,Yale,non-Stem,3.0,22006.0,80.32
140525141917136,2024-03-13,MAN501,Yale,non-Stem,5.0,20368.0,51.5
140525141909968,2024-01-23,MAN401,Yale,non-Stem,5.0,16224.0,92.15
140525141913040,2024-11-20,MAN401,Yale,non-Stem,5.0,16082.0,70.8
140525141902032,2024-02-18,MAN401,Yale,non-Stem,5.0,15227.0,94.18
140525141902800,2024-12-28,MAN401,Yale,non-Stem,5.0,19109.874457308248,69.93520170043416
140525141917648,2024-03-24,MAN401,Yale,non-Stem,3.0,16264.0,47.41
140525141903312,2024-12-28,MAN601,Yale,non-Stem,4.0,25895.0,92.68
140525141908432,2024-09-08,MAN501,Yale,non-Stem,3.0,19109.874457308248,69.93520170043416
140525141915088,2024-01-18,MAN401,Yale,non-Stem,4.0,15699.0,66.99
140525141914832,2024-06-08,MAN401,Yale,non-Stem,4.0,15209.0,78.03
140525133395280,2024-06-11,MAN601,Yale,non-Stem,3.0,25866.0,73.33
140525133396112,2024-07-07,MAN401,Yale,non-Stem,4.0,15899.0,68.37
140525133397776,2024-01-14,MAN401,Yale,non-Stem,3.0,17697.0,45.24
140525133397712,2024-02-19,MAN401,Yale,non-Stem,4.0,16173.0,63.81
140525133393296,2024-02-03,MAN401,Yale,non-Stem,2.0,17194.0,87.97
140525133393104,2024-08-21,MAN401,Yale,non-Stem,4.0,16473.0,77.08
140525133393360,2024-02-23,MAN401,Yale,non-Stem,4.0,15170.0,73.72
140525133393040,2024-04-11,MAN601,Yale,non-Stem,4.0,27017.0,64.4
140525133391568,2024-04-01,MAN401,Yale,non-Stem,5.0,19109.874457308248,69.93520170043416
140525133390736,2024-02-02,MAN501,Yale,non-Stem,4.0,20914.0,73.01
140525133397520,2024-01-14,MAN401,Yale,non-Stem,4.0,15271.0,81.72
140525133383824,2024-01-28,MAN501,Yale,non-Stem,5.0,23031.0,88.51
140525133390288,2024-05-04,MAN401,Yale,non-Stem,4.0,18157.0,61.57
140525133396176,2024-01-25,MAN401,Yale,non-Stem,5.0,15389.0,50.32
140525133396880,2024-07-06,MAN601,Yale,non-Stem,4.0,25545.0,74.52
140525133393616,2024-01-03,MAN401,Yale,non-Stem,5.0,16817.0,69.93
140525133391760,2024-03-03,MAN401,Yale,non-Stem,5.0,15256.0,69.65
140525133394320,2024-04-27,MAN501,Yale,non-Stem,5.0,21727.0,67.06
140525133393168,2024-08-03,MAN501,Yale,non-Stem,3.0,20764.0,77.5
140525133392464,2024-01-09,MAN401,Yale,non-Stem,5.0,16728.0,68.36
140525133390416,2024-01-04,MAN401,Yale,non-Stem,5.0,16604.0,66.7
140525133397840,2024-01-15,MAN401,Yale,non-Stem,5.0,16123.0,85.26
140525133396816,2024-03-11,MAN501,Yale,non-Stem,5.0,19109.874457308248,69.93520170043416
140525133392400,2024-03-12,MAN401,Yale,non-Stem,2.0,15186.0,71.0
140525133393744,2024-02-26,MAN501,Yale,non-Stem,4.0,21494.0,62.58
140525133392848,2024-04-22,MAN401,Yale,non-Stem,4.0,16318.0,68.7
140525133390864,2024-09-24,MAN401,Yale,non-Stem,3.0,15397.0,59.71
140525133391120,2024-05-11,MAN401,Yale,non-Stem,4.0,16625.0,52.4
140525133391312,2024-04-16,MAN401,Yale,non-Stem,5.0,16411.0,73.23
140525133392272,2024-06-24,MAN501,Yale,non-Stem,4.0,22033.0,74.49
140525133397328,2024-03-26,MAN401,Yale,non-Stem,4.0,16409.0,64.06
140525133393936,2024-01-16,MAN501,Yale,non-Stem,4.0,22921.0,59.65
140525133397392,2024-01-16,MAN401,Yale,non-Stem,5.0,15683.0,70.62
140525133386896,2024-02-06,MAN401,Yale,non-Stem,5.0,17575.0,51.24
140525133391696,2024-12-28,MAN501,Yale,non-Stem,3.0,19109.874457308248,69.93520170043416
140525133395600,2024-02-08,MAN501,Yale,non-Stem,4.0,21327.0,66.18
140525133394960,2024-12-28,MAN401,Yale,non-Stem,3.0,15882.0,72.6
140525133393424,2024-06-19,MAN401,Yale,non-Stem,4.0,16010.0,74.12
140525133396368,2024-04-07,MAN601,Yale,non-Stem,2.0,25364.0,77.23
140525133397904,2024-01-27,MAN401,Yale,non-Stem,3.0,15452.0,75.23
140525133392208,2024-02-08,MAN501,Yale,non-Stem,4.0,20984.0,90.13
140525133393488,2024-03-18,MAN401,Yale,non-Stem,4.0,15228.0,73.29
140525133397264,2024-02-09,MAN401,Yale,non-Stem,5.0,17749.0,97.91
140525133393552,2024-01-04,MAN401,Yale,non-Stem,4.0,17648.0,68.11
140525133393680,2024-01-16,MAN501,Yale,non-Stem,3.0,20553.0,57.17
